Protein IDs,comparison,normalized_ratio_mean,normalized_ratio_rep1,normalized_ratio_rep2
sp|O14455|RL36B_YEAST,ProtoWT_H_vs_AuxoWT_H,9.7173,NA,10.315
sp|O14467|MBF1_YEAST,ProtoWT_H_vs_AuxoWT_H,NA,NA,NA
sp|O94742|SEM1_YEAST,ProtoWT_H_vs_AuxoWT_H,0.15347,NA,NA
sp|P00127|QCR6_YEAST,ProtoWT_H_vs_AuxoWT_H,NA,NA,NA
sp|P00330|ADH1_YEAST;sp|P00331|ADH2_YEAST;sp|P38113|ADH5_YEAST,ProtoWT_H_vs_AuxoWT_H,1.3125,1.3125,64.706
sp|P00358|G3P2_YEAST,ProtoWT_H_vs_AuxoWT_H,0.40721,0.40721,NA
sp|P00359|G3P3_YEAST,ProtoWT_H_vs_AuxoWT_H,19.285,1.6922,88.212
sp|P00360|G3P1_YEAST,ProtoWT_H_vs_AuxoWT_H,NA,NA,NA
sp|P00445|SODC_YEAST,ProtoWT_H_vs_AuxoWT_H,7.1605,NA,NA
sp|P00447|SODM_YEAST,ProtoWT_H_vs_AuxoWT_H,0.17685,NA,NA
sp|P00498|HIS1_YEAST,ProtoWT_H_vs_AuxoWT_H,NA,NA,NA
sp|P00549|KPYK1_YEAST;sp|P52489|KPYK2_YEAST,ProtoWT_H_vs_AuxoWT_H,342.97,22.557,235.76
sp|P00560|PGK_YEAST,ProtoWT_H_vs_AuxoWT_H,1.4029,1.4029,305.68
sp|P00729|CBPY_YEAST,ProtoWT_H_vs_AuxoWT_H,NA,NA,NA
sp|P00815|HIS2_YEAST,ProtoWT_H_vs_AuxoWT_H,2.0606,NA,2.0606
sp|P00817|IPYR_YEAST,ProtoWT_H_vs_AuxoWT_H,4.4467,4.4878,4.4467
sp|P00830|ATPB_YEAST,ProtoWT_H_vs_AuxoWT_H,0.53541,0.5163,NA
sp|P00890|CISY1_YEAST,ProtoWT_H_vs_AuxoWT_H,NA,NA,NA
sp|P00899|TRPE_YEAST,ProtoWT_H_vs_AuxoWT_H,NA,NA,NA
sp|P00924|ENO1_YEAST,ProtoWT_H_vs_AuxoWT_H,2.8136,NA,NA
sp|P00925|ENO2_YEAST,ProtoWT_H_vs_AuxoWT_H,1.6322,1.4892,452.53
sp|P00927|THDH_YEAST,ProtoWT_H_vs_AuxoWT_H,NA,NA,NA
sp|P00931|TRP_YEAST,ProtoWT_H_vs_AuxoWT_H,NA,NA,NA
sp|P00937|TRPG_YEAST,ProtoWT_H_vs_AuxoWT_H,NA,NA,NA
sp|P00942|TPIS_YEAST,ProtoWT_H_vs_AuxoWT_H,6.3985,2.6081,7.9252
sp|P00950|PMG1_YEAST,ProtoWT_H_vs_AuxoWT_H,9.6111,1.3058,19.926
sp|P00958|SYMC_YEAST,ProtoWT_H_vs_AuxoWT_H,NA,NA,NA
sp|P01120|RAS2_YEAST,ProtoWT_H_vs_AuxoWT_H,NA,NA,NA
sp|P01123|YPT1_YEAST,ProtoWT_H_vs_AuxoWT_H,NA,NA,NA
sp|P02293|H2B1_YEAST,ProtoWT_H_vs_AuxoWT_H,NA,NA,NA
sp|P02294|H2B2_YEAST,ProtoWT_H_vs_AuxoWT_H,161.79,NA,16.415
sp|P02309|H4_YEAST,ProtoWT_H_vs_AuxoWT_H,NA,NA,NA
sp|P02400|RLA4_YEAST,ProtoWT_H_vs_AuxoWT_H,8.8567,2.862,20.304
sp|P02406|RL28_YEAST,ProtoWT_H_vs_AuxoWT_H,3.7313,1.123,28.55
sp|P02557|TBB_YEAST,ProtoWT_H_vs_AuxoWT_H,NA,NA,NA
sp|P02829|HSP82_YEAST,ProtoWT_H_vs_AuxoWT_H,NA,NA,NA
sp|P02992|EFTU_YEAST,ProtoWT_H_vs_AuxoWT_H,NA,NA,NA
sp|P02994|EF1A_YEAST,ProtoWT_H_vs_AuxoWT_H,10.592,2.3612,13.258
sp|P03962|PYRF_YEAST,ProtoWT_H_vs_AuxoWT_H,NA,NA,NA
sp|P03965|CARB_YEAST,ProtoWT_H_vs_AuxoWT_H,5.5835,NA,4.3895
sp|P04046|PUR1_YEAST,ProtoWT_H_vs_AuxoWT_H,NA,NA,NA
sp|P04050|RPB1_YEAST,ProtoWT_H_vs_AuxoWT_H,NA,NA,NA
sp|P04076|ARLY_YEAST,ProtoWT_H_vs_AuxoWT_H,NA,NA,NA
sp|P04147|PABP_YEAST,ProtoWT_H_vs_AuxoWT_H,4.1341,1.3041,9.0528
sp|P04449|RL24A_YEAST,ProtoWT_H_vs_AuxoWT_H,19.734,NA,21.444
sp|P04456|RL25_YEAST,ProtoWT_H_vs_AuxoWT_H,2.4519,0.31044,3.9229
sp|P04650|RL39_YEAST,ProtoWT_H_vs_AuxoWT_H,NA,NA,NA
sp|P04801|SYTC_YEAST,ProtoWT_H_vs_AuxoWT_H,4.0275,3.9164,NA
sp|P04802|SYDC_YEAST,ProtoWT_H_vs_AuxoWT_H,14.377,19.256,2.5685
sp|P04806|HXKA_YEAST,ProtoWT_H_vs_AuxoWT_H,NA,NA,NA
sp|P04807|HXKB_YEAST,ProtoWT_H_vs_AuxoWT_H,1.4638,NA,3.8762
sp|P04840|VDAC1_YEAST,ProtoWT_H_vs_AuxoWT_H,NA,NA,NA
sp|P04912|H2A2_YEAST;sp|P04911|H2A1_YEAST,ProtoWT_H_vs_AuxoWT_H,NA,NA,NA
sp|P05030|PMA1_YEAST;sp|P19657|PMA2_YEAST,ProtoWT_H_vs_AuxoWT_H,2.4207,2.3099,4.2823
sp|P05317|RLA0_YEAST,ProtoWT_H_vs_AuxoWT_H,32.497,NA,17.826
sp|P05318|RLA1_YEAST,ProtoWT_H_vs_AuxoWT_H,12.557,NA,NA
sp|P05319|RLA2_YEAST,ProtoWT_H_vs_AuxoWT_H,15.978,5.3539,15.978
sp|P05373|HEM2_YEAST,ProtoWT_H_vs_AuxoWT_H,NA,NA,NA
sp|P05453|ERF3_YEAST,ProtoWT_H_vs_AuxoWT_H,NA,NA,NA
sp|P05626|ATPF_YEAST,ProtoWT_H_vs_AuxoWT_H,NA,NA,NA
sp|P05694|METE_YEAST,ProtoWT_H_vs_AuxoWT_H,4.8201,7.1993,4.8201
sp|P05737|RL7A_YEAST;sp|Q12213|RL7B_YEAST,ProtoWT_H_vs_AuxoWT_H,4.9511,1.9004,10.012
sp|P05738|RL9A_YEAST,ProtoWT_H_vs_AuxoWT_H,6.7076,10.03,5.4509
sp|P05739|RL6B_YEAST,ProtoWT_H_vs_AuxoWT_H,3.049,NA,30.105
sp|P05740|RL17A_YEAST,ProtoWT_H_vs_AuxoWT_H,15.433,NA,15.433
sp|P05743|RL26A_YEAST,ProtoWT_H_vs_AuxoWT_H,57.309,NA,57.309
sp|P05745|RL36A_YEAST,ProtoWT_H_vs_AuxoWT_H,74.776,NA,NA
sp|P05748|RL15A_YEAST;sp|P54780|RL15B_YEAST,ProtoWT_H_vs_AuxoWT_H,28.334,7.5893,240.51
sp|P05749|RL22A_YEAST;sp|P56628|RL22B_YEAST,ProtoWT_H_vs_AuxoWT_H,22.728,NA,21.032
sp|P05750|RS3_YEAST,ProtoWT_H_vs_AuxoWT_H,13.494,NA,13.494
sp|P05755|RS9B_YEAST;sp|O13516|RS9A_YEAST,ProtoWT_H_vs_AuxoWT_H,9.1183,9.4773,9.1183
sp|P05756|RS13_YEAST,ProtoWT_H_vs_AuxoWT_H,1.3897,0.36679,1.3897
sp|P05759|RS31_YEAST,ProtoWT_H_vs_AuxoWT_H,4.6117,4.3306,4.6117
sp|P06103|EIF3B_YEAST,ProtoWT_H_vs_AuxoWT_H,NA,NA,NA
sp|P06105|SC160_YEAST,ProtoWT_H_vs_AuxoWT_H,13.453,NA,13.453
sp|P06106|CYSD_YEAST,ProtoWT_H_vs_AuxoWT_H,NA,NA,NA
sp|P06168|ILV5_YEAST,ProtoWT_H_vs_AuxoWT_H,2.7308,17.995,2.3637
sp|P06169|PDC1_YEAST;sp|P26263|PDC6_YEAST;sp|P16467|PDC5_YEAST,ProtoWT_H_vs_AuxoWT_H,22.321,22.158,26.24
sp|P06208|LEU1_YEAST,ProtoWT_H_vs_AuxoWT_H,NA,NA,NA
sp|P06367|RS14A_YEAST,ProtoWT_H_vs_AuxoWT_H,9.7879,NA,59.825
sp|P06634|DED1_YEAST,ProtoWT_H_vs_AuxoWT_H,14.847,14.847,NA
sp|P06780|RHO1_YEAST,ProtoWT_H_vs_AuxoWT_H,NA,NA,NA
sp|P06786|TOP2_YEAST,ProtoWT_H_vs_AuxoWT_H,NA,NA,NA
sp|P07149|FAS1_YEAST,ProtoWT_H_vs_AuxoWT_H,4.0691,0.046011,4.2913
sp|P07170|KAD2_YEAST,ProtoWT_H_vs_AuxoWT_H,12.2,13.418,90.036
sp|P07213|TOM70_YEAST,ProtoWT_H_vs_AuxoWT_H,12.823,12.541,NA
sp|P07244|PUR2_YEAST,ProtoWT_H_vs_AuxoWT_H,NA,NA,NA
sp|P07245|C1TC_YEAST,ProtoWT_H_vs_AuxoWT_H,NA,NA,NA
sp|P07246|ADH3_YEAST,ProtoWT_H_vs_AuxoWT_H,4.3116,NA,4.3116
sp|P07251|ATPA_YEAST,ProtoWT_H_vs_AuxoWT_H,NA,NA,NA
sp|P07253|CBP6_YEAST,ProtoWT_H_vs_AuxoWT_H,NA,NA,NA
sp|P07256|QCR1_YEAST,ProtoWT_H_vs_AuxoWT_H,NA,NA,NA
sp|P07257|QCR2_YEAST,ProtoWT_H_vs_AuxoWT_H,NA,NA,NA
sp|P07258|CARA_YEAST,ProtoWT_H_vs_AuxoWT_H,0.24653,NA,NA
sp|P07259|PYR1_YEAST,ProtoWT_H_vs_AuxoWT_H,1.3993,0.34348,1.3993
sp|P07260|IF4E_YEAST,ProtoWT_H_vs_AuxoWT_H,NA,NA,NA
sp|P07262|DHE4_YEAST;sp|P39708|DHE5_YEAST,ProtoWT_H_vs_AuxoWT_H,NA,NA,NA
sp|P07263|SYH_YEAST,ProtoWT_H_vs_AuxoWT_H,NA,NA,NA
sp|P07267|CARP_YEAST,ProtoWT_H_vs_AuxoWT_H,NA,NA,NA
sp|P07274|PROF_YEAST,ProtoWT_H_vs_AuxoWT_H,NA,NA,NA
sp|P07278|KAPR_YEAST,ProtoWT_H_vs_AuxoWT_H,NA,NA,NA
sp|P07280|RS19A_YEAST,ProtoWT_H_vs_AuxoWT_H,2.0033,2.0172,9.5065
sp|P07281|RS19B_YEAST,ProtoWT_H_vs_AuxoWT_H,NA,NA,NA
sp|P07283|PMM_YEAST,ProtoWT_H_vs_AuxoWT_H,NA,NA,NA
sp|P07284|SYSC_YEAST,ProtoWT_H_vs_AuxoWT_H,NA,NA,NA
sp|P07342|ILVB_YEAST,ProtoWT_H_vs_AuxoWT_H,NA,NA,NA
sp|P07347|ARD1_YEAST,ProtoWT_H_vs_AuxoWT_H,NA,NA,NA
sp|P07560|SEC4_YEAST,ProtoWT_H_vs_AuxoWT_H,NA,NA,NA
sp|P07703|RPAC1_YEAST,ProtoWT_H_vs_AuxoWT_H,NA,NA,NA
sp|P07806|SYV_YEAST,ProtoWT_H_vs_AuxoWT_H,0.51994,0.094528,4.0321
sp|P08417|FUMH_YEAST,ProtoWT_H_vs_AuxoWT_H,NA,NA,NA
sp|P08518|RPB2_YEAST,ProtoWT_H_vs_AuxoWT_H,NA,NA,NA
sp|P08524|FPPS_YEAST,ProtoWT_H_vs_AuxoWT_H,0.15175,0.14946,NA
sp|P08566|ARO1_YEAST,ProtoWT_H_vs_AuxoWT_H,NA,NA,NA
sp|P09064|IF2B_YEAST,ProtoWT_H_vs_AuxoWT_H,NA,NA,NA
sp|P09232|PRTB_YEAST,ProtoWT_H_vs_AuxoWT_H,NA,NA,NA
sp|P09436|SYIC_YEAST,ProtoWT_H_vs_AuxoWT_H,13.788,NA,3.5409
sp|P09440|C1TM_YEAST,ProtoWT_H_vs_AuxoWT_H,NA,NA,NA
sp|P09457|ATPO_YEAST,ProtoWT_H_vs_AuxoWT_H,NA,NA,NA
sp|P09624|DLDH_YEAST,ProtoWT_H_vs_AuxoWT_H,NA,NA,NA
sp|P09938|RIR2_YEAST,ProtoWT_H_vs_AuxoWT_H,NA,NA,NA
sp|P0C0T4|RS25B_YEAST,ProtoWT_H_vs_AuxoWT_H,NA,NA,NA
sp|P0C0V8|RS21A_YEAST,ProtoWT_H_vs_AuxoWT_H,NA,NA,NA
sp|P0C0W9|RL11A_YEAST,ProtoWT_H_vs_AuxoWT_H,NA,NA,NA
sp|P0C0X0|RS28B_YEAST,ProtoWT_H_vs_AuxoWT_H,NA,NA,NA
sp|P0C2H6|RL27A_YEAST;sp|P0C2H7|RL27B_YEAST,ProtoWT_H_vs_AuxoWT_H,30.711,30.249,NA
sp|P0C2H8|RL31A_YEAST,ProtoWT_H_vs_AuxoWT_H,NA,NA,NA
sp|P0C2H9|RL31B_YEAST,ProtoWT_H_vs_AuxoWT_H,6.5971,NA,4.0659
sp|P0CH09|RL40B_YEAST;sp|P0CH08|RL40A_YEAST;sp|P0CG63|UBI4P_YEAST,ProtoWT_H_vs_AuxoWT_H,3.9744,NA,3.9744
sp|P0CS90|HSP77_YEAST;sp|P39987|HSP7E_YEAST,ProtoWT_H_vs_AuxoWT_H,5.1385,3.8116,6.5237
sp|P0CX24|RL20B_YEAST;sp|P0CX23|RL20A_YEAST,ProtoWT_H_vs_AuxoWT_H,259.98,27.416,14.933
sp|P0CX26|RL43B_YEAST;sp|P0CX25|RL43A_YEAST,ProtoWT_H_vs_AuxoWT_H,4.5892,NA,8.7121
sp|P0CX28|RL44B_YEAST;sp|P0CX27|RL44A_YEAST,ProtoWT_H_vs_AuxoWT_H,15.421,NA,35.247
sp|P0CX30|RS23B_YEAST;sp|P0CX29|RS23A_YEAST,ProtoWT_H_vs_AuxoWT_H,4.6621,NA,3.2561
sp|P0CX32|RS24B_YEAST;sp|P0CX31|RS24A_YEAST,ProtoWT_H_vs_AuxoWT_H,13.98,NA,13.98
sp|P0CX34|RS30B_YEAST;sp|P0CX33|RS30A_YEAST,ProtoWT_H_vs_AuxoWT_H,NA,NA,NA
sp|P0CX36|RS4B_YEAST;sp|P0CX35|RS4A_YEAST,ProtoWT_H_vs_AuxoWT_H,3.5655,NA,6.1969
sp|P0CX38|RS6B_YEAST;sp|P0CX37|RS6A_YEAST,ProtoWT_H_vs_AuxoWT_H,4.9148,1.1575,7.4215
sp|P0CX40|RS8B_YEAST;sp|P0CX39|RS8A_YEAST,ProtoWT_H_vs_AuxoWT_H,NA,NA,NA
sp|P0CX42|RL23B_YEAST;sp|P0CX41|RL23A_YEAST,ProtoWT_H_vs_AuxoWT_H,6.8052,NA,6.8052
sp|P0CX44|RL1B_YEAST;sp|P0CX43|RL1A_YEAST,ProtoWT_H_vs_AuxoWT_H,5.1582,2.0499,14.949
sp|P0CX46|RL2B_YEAST;sp|P0CX45|RL2A_YEAST,ProtoWT_H_vs_AuxoWT_H,10.02,NA,10.02
sp|P0CX48|RS11B_YEAST;sp|P0CX47|RS11A_YEAST,ProtoWT_H_vs_AuxoWT_H,1.5676,0.59621,39.82
sp|P0CX50|RL18B_YEAST;sp|P0CX49|RL18A_YEAST,ProtoWT_H_vs_AuxoWT_H,1.4065,NA,0.58575
sp|P0CX52|RS16B_YEAST;sp|P0CX51|RS16A_YEAST,ProtoWT_H_vs_AuxoWT_H,22.554,NA,22.554
sp|P0CX54|RL12B_YEAST;sp|P0CX53|RL12A_YEAST,ProtoWT_H_vs_AuxoWT_H,21.722,NA,21.722
sp|P0CX56|RS18B_YEAST;sp|P0CX55|RS18A_YEAST,ProtoWT_H_vs_AuxoWT_H,NA,NA,NA
sp|P0CX58|YP12A_YEAST;sp|P0CX57|YA11A_YEAST;sp|O74302|YD13A_YEAST;sp|Q12470|YN12A_YEAST;sp|Q04706|YM11A_YEAST,ProtoWT_H_vs_AuxoWT_H,NA,NA,NA
sp|P0CX73|YP11A_YEAST;sp|P0CX72|YL12A_YEAST;sp|P0CX71|YE11A_YEAST;sp|P0CX70|YD15A_YEAST;sp|Q6Q5H1|YP14A_YEAST;sp|P0C2I8|YL14A_YEAST;sp|Q92392|YO11A_YEAST,ProtoWT_H_vs_AuxoWT_H,NA,NA,NA
sp|P0CX83|RL19B_YEAST;sp|P0CX82|RL19A_YEAST,ProtoWT_H_vs_AuxoWT_H,61.212,NA,61.212
sp|P0CX85|RL35B_YEAST;sp|P0CX84|RL35A_YEAST,ProtoWT_H_vs_AuxoWT_H,7.9797,4.3919,8.4142
sp|P10080|SSBP1_YEAST,ProtoWT_H_vs_AuxoWT_H,NA,NA,NA
sp|P10081|IF4A_YEAST,ProtoWT_H_vs_AuxoWT_H,8.163,NA,7.2901
sp|P10363|PRI1_YEAST,ProtoWT_H_vs_AuxoWT_H,6.5292,NA,NA
sp|P10591|HSP71_YEAST;sp|P22202|HSP74_YEAST;sp|P09435|HSP73_YEAST,ProtoWT_H_vs_AuxoWT_H,NA,NA,NA
sp|P10592|HSP72_YEAST,ProtoWT_H_vs_AuxoWT_H,18.181,18.769,15.199
sp|P10614|CP51_YEAST,ProtoWT_H_vs_AuxoWT_H,NA,NA,NA
sp|P10622|RLA3_YEAST,ProtoWT_H_vs_AuxoWT_H,NA,NA,NA
sp|P10659|METK1_YEAST,ProtoWT_H_vs_AuxoWT_H,2.2211,0.82094,5.2948
sp|P10664|RL4A_YEAST,ProtoWT_H_vs_AuxoWT_H,293.42,5.0206,45.68
sp|P10964|RPA1_YEAST,ProtoWT_H_vs_AuxoWT_H,NA,NA,NA
sp|P11154|PYC1_YEAST;sp|P32327|PYC2_YEAST,ProtoWT_H_vs_AuxoWT_H,6.5981,NA,2.3123
sp|P11412|G6PD_YEAST,ProtoWT_H_vs_AuxoWT_H,NA,NA,NA
sp|P11632|NHP6A_YEAST,ProtoWT_H_vs_AuxoWT_H,NA,NA,NA
sp|P11633|NHP6B_YEAST,ProtoWT_H_vs_AuxoWT_H,NA,NA,NA
sp|P11745|RNA1_YEAST,ProtoWT_H_vs_AuxoWT_H,NA,NA,NA
sp|P12385|ERF1_YEAST,ProtoWT_H_vs_AuxoWT_H,NA,NA,NA
sp|P12612|TCPA_YEAST,ProtoWT_H_vs_AuxoWT_H,NA,NA,NA
sp|P12683|HMDH1_YEAST;sp|P12684|HMDH2_YEAST,ProtoWT_H_vs_AuxoWT_H,NA,NA,NA
sp|P12695|ODP2_YEAST,ProtoWT_H_vs_AuxoWT_H,NA,NA,NA
sp|P12709|G6PI_YEAST,ProtoWT_H_vs_AuxoWT_H,8.7577,0.59034,9.9185
sp|P12754|EI2BD_YEAST,ProtoWT_H_vs_AuxoWT_H,NA,NA,NA
sp|P13188|SYQ_YEAST,ProtoWT_H_vs_AuxoWT_H,NA,NA,NA
sp|P13298|PYRE_YEAST,ProtoWT_H_vs_AuxoWT_H,NA,NA,NA
sp|P13382|DPOA_YEAST,ProtoWT_H_vs_AuxoWT_H,NA,NA,NA
sp|P13517|CAPZB_YEAST,ProtoWT_H_vs_AuxoWT_H,NA,NA,NA
sp|P13663|DHAS_YEAST,ProtoWT_H_vs_AuxoWT_H,NA,NA,NA
sp|P14020|DPM1_YEAST,ProtoWT_H_vs_AuxoWT_H,0.69544,0.69544,NA
sp|P14065|GCY1_YEAST,ProtoWT_H_vs_AuxoWT_H,NA,NA,NA
sp|P14120|RL30_YEAST,ProtoWT_H_vs_AuxoWT_H,169.09,NA,112.64
sp|P14126|RL3_YEAST,ProtoWT_H_vs_AuxoWT_H,14.581,8.9513,178.52
sp|P14127|RS17B_YEAST;sp|P02407|RS17A_YEAST,ProtoWT_H_vs_AuxoWT_H,4.9009,2.5179,NA
sp|P14540|ALF_YEAST,ProtoWT_H_vs_AuxoWT_H,14.921,2.4204,68.868
sp|P14742|GFA1_YEAST,ProtoWT_H_vs_AuxoWT_H,NA,NA,NA
sp|P14743|NMT_YEAST,ProtoWT_H_vs_AuxoWT_H,NA,NA,NA
sp|P14747|PP2B2_YEAST,ProtoWT_H_vs_AuxoWT_H,NA,NA,NA
sp|P14832|CYPH_YEAST,ProtoWT_H_vs_AuxoWT_H,6.6059,2.1397,8.309
sp|P14843|AROF_YEAST,ProtoWT_H_vs_AuxoWT_H,NA,NA,NA
sp|P14904|AMPL_YEAST,ProtoWT_H_vs_AuxoWT_H,NA,NA,NA
sp|P14907|NSP1_YEAST,ProtoWT_H_vs_AuxoWT_H,NA,NA,NA
sp|P15019|TAL1_YEAST,ProtoWT_H_vs_AuxoWT_H,19.268,4.2072,19.53
sp|P15108|HSC82_YEAST,ProtoWT_H_vs_AuxoWT_H,7.9469,0.97025,10.928
sp|P15180|SYKC_YEAST,ProtoWT_H_vs_AuxoWT_H,60.139,NA,NA
sp|P15303|SEC23_YEAST,ProtoWT_H_vs_AuxoWT_H,NA,NA,NA
sp|P15454|KGUA_YEAST,ProtoWT_H_vs_AuxoWT_H,0.22945,NA,NA
sp|P15496|IDI1_YEAST,ProtoWT_H_vs_AuxoWT_H,NA,NA,NA
sp|P15565|TRM1_YEAST,ProtoWT_H_vs_AuxoWT_H,NA,NA,NA
sp|P15624|SYFB_YEAST,ProtoWT_H_vs_AuxoWT_H,0.71307,NA,NA
sp|P15625|SYFA_YEAST,ProtoWT_H_vs_AuxoWT_H,NA,NA,NA
sp|P15646|FBRL_YEAST,ProtoWT_H_vs_AuxoWT_H,NA,NA,NA
sp|P15705|STI1_YEAST,ProtoWT_H_vs_AuxoWT_H,6.9555,15.462,6.6828
sp|P15731|UBC4_YEAST;sp|P15732|UBC5_YEAST,ProtoWT_H_vs_AuxoWT_H,NA,NA,NA
sp|P15873|PCNA_YEAST,ProtoWT_H_vs_AuxoWT_H,27.824,NA,NA
sp|P15891|ABP1_YEAST,ProtoWT_H_vs_AuxoWT_H,NA,NA,NA
sp|P16120|THRC_YEAST,ProtoWT_H_vs_AuxoWT_H,0.75981,NA,0.63101
sp|P16140|VATB_YEAST,ProtoWT_H_vs_AuxoWT_H,7.9995,NA,11.215
sp|P16387|ODPA_YEAST,ProtoWT_H_vs_AuxoWT_H,NA,NA,NA
sp|P16451|ODPX_YEAST,ProtoWT_H_vs_AuxoWT_H,NA,NA,NA
sp|P16474|GRP78_YEAST,ProtoWT_H_vs_AuxoWT_H,1.1359,0.12344,NA
sp|P16521|EF3A_YEAST;sp|P53978|EF3B_YEAST,ProtoWT_H_vs_AuxoWT_H,2.4904,1.1956,3.0538
sp|P16550|APA1_YEAST,ProtoWT_H_vs_AuxoWT_H,NA,NA,NA
sp|P16603|NCPR_YEAST,ProtoWT_H_vs_AuxoWT_H,NA,NA,NA
sp|P16861|PFKA1_YEAST,ProtoWT_H_vs_AuxoWT_H,2.1432,0.29465,2.1432
sp|P16862|PFKA2_YEAST,ProtoWT_H_vs_AuxoWT_H,6.1564,NA,7.6833
sp|P17076|RL8A_YEAST,ProtoWT_H_vs_AuxoWT_H,6.8847,2.5699,6.8847
sp|P17106|CBF1_YEAST,ProtoWT_H_vs_AuxoWT_H,NA,NA,NA
sp|P17157|PHO85_YEAST,ProtoWT_H_vs_AuxoWT_H,NA,NA,NA
sp|P17255|VATA_YEAST,ProtoWT_H_vs_AuxoWT_H,5.3587,2.9194,5.6596
sp|P17423|KHSE_YEAST,ProtoWT_H_vs_AuxoWT_H,NA,NA,NA
sp|P17505|MDHM_YEAST,ProtoWT_H_vs_AuxoWT_H,NA,NA,NA
sp|P17536|TPM1_YEAST,ProtoWT_H_vs_AuxoWT_H,0.65981,NA,NA
sp|P17555|CAP_YEAST,ProtoWT_H_vs_AuxoWT_H,NA,NA,NA
sp|P17695|GLRX2_YEAST,ProtoWT_H_vs_AuxoWT_H,NA,NA,NA
sp|P17709|HXKG_YEAST,ProtoWT_H_vs_AuxoWT_H,NA,NA,NA
sp|P17967|PDI_YEAST,ProtoWT_H_vs_AuxoWT_H,0.66169,0.66169,NA
sp|P18239|ADT2_YEAST;sp|P18238|ADT3_YEAST,ProtoWT_H_vs_AuxoWT_H,0.13584,0.11103,NA
sp|P18562|UPP_YEAST,ProtoWT_H_vs_AuxoWT_H,NA,NA,NA
sp|P18899|DDR48_YEAST,ProtoWT_H_vs_AuxoWT_H,NA,NA,NA
sp|P19097|FAS2_YEAST,ProtoWT_H_vs_AuxoWT_H,4.1248,0.17729,4.479
sp|P19146|ARF2_YEAST;sp|P11076|ARF1_YEAST,ProtoWT_H_vs_AuxoWT_H,NA,NA,NA
sp|P19262|ODO2_YEAST,ProtoWT_H_vs_AuxoWT_H,NA,NA,NA
sp|P19358|METK2_YEAST,ProtoWT_H_vs_AuxoWT_H,NA,NA,NA
sp|P19414|ACON_YEAST,ProtoWT_H_vs_AuxoWT_H,0.58575,NA,NA
sp|P19882|HSP60_YEAST,ProtoWT_H_vs_AuxoWT_H,2.1811,14.174,6.3561
sp|P20081|FKBP_YEAST,ProtoWT_H_vs_AuxoWT_H,NA,NA,NA
sp|P20434|RPAB1_YEAST,ProtoWT_H_vs_AuxoWT_H,NA,NA,NA
sp|P20436|RPAB3_YEAST,ProtoWT_H_vs_AuxoWT_H,NA,NA,NA
sp|P20447|DBP3_YEAST,ProtoWT_H_vs_AuxoWT_H,NA,NA,NA
sp|P20449|DBP5_YEAST,ProtoWT_H_vs_AuxoWT_H,NA,NA,NA
sp|P20459|IF2A_YEAST,ProtoWT_H_vs_AuxoWT_H,NA,NA,NA
sp|P20606|SAR1_YEAST,ProtoWT_H_vs_AuxoWT_H,NA,NA,NA
sp|P21147|ACO1_YEAST,ProtoWT_H_vs_AuxoWT_H,NA,NA,NA
sp|P21242|PSA7_YEAST,ProtoWT_H_vs_AuxoWT_H,NA,NA,NA
sp|P21243|PSA1_YEAST,ProtoWT_H_vs_AuxoWT_H,NA,NA,NA
sp|P21304|PWP1_YEAST,ProtoWT_H_vs_AuxoWT_H,NA,NA,NA
sp|P21306|ATP5E_YEAST,ProtoWT_H_vs_AuxoWT_H,NA,NA,NA
sp|P21576|VPS1_YEAST,ProtoWT_H_vs_AuxoWT_H,NA,NA,NA
sp|P21827|RCC1_YEAST,ProtoWT_H_vs_AuxoWT_H,NA,NA,NA
sp|P21954|IDHP_YEAST,ProtoWT_H_vs_AuxoWT_H,0.049353,NA,0.20968
sp|P22137|CLH_YEAST,ProtoWT_H_vs_AuxoWT_H,0.091465,0.054951,NA
sp|P22146|GAS1_YEAST,ProtoWT_H_vs_AuxoWT_H,NA,NA,NA
sp|P22147|XRN1_YEAST,ProtoWT_H_vs_AuxoWT_H,NA,NA,NA
sp|P22203|VATE_YEAST,ProtoWT_H_vs_AuxoWT_H,13.492,16.237,NA
sp|P22217|TRX1_YEAST,ProtoWT_H_vs_AuxoWT_H,NA,NA,NA
sp|P22515|UBA1_YEAST,ProtoWT_H_vs_AuxoWT_H,1.1724,NA,NA
sp|P22768|ASSY_YEAST,ProtoWT_H_vs_AuxoWT_H,0.17397,0.17397,NA
sp|P22803|TRX2_YEAST,ProtoWT_H_vs_AuxoWT_H,4.25,NA,4.25
sp|P22943|HSP12_YEAST,ProtoWT_H_vs_AuxoWT_H,NA,NA,NA
sp|P23201|SPA2_YEAST,ProtoWT_H_vs_AuxoWT_H,NA,NA,NA
sp|P23248|RS3A2_YEAST,ProtoWT_H_vs_AuxoWT_H,NA,NA,NA
sp|P23254|TKT1_YEAST,ProtoWT_H_vs_AuxoWT_H,4.4542,6.4115,1.7739
sp|P23301|IF5A1_YEAST,ProtoWT_H_vs_AuxoWT_H,0.39122,0.39122,0.52693
sp|P23542|AATC_YEAST,ProtoWT_H_vs_AuxoWT_H,4.4512,5.0527,NA
sp|P23638|PSA3_YEAST,ProtoWT_H_vs_AuxoWT_H,NA,NA,NA
sp|P23639|PSA2_YEAST,ProtoWT_H_vs_AuxoWT_H,NA,NA,NA
sp|P23641|MPCP_YEAST,ProtoWT_H_vs_AuxoWT_H,NA,NA,NA
sp|P23644|TOM40_YEAST,ProtoWT_H_vs_AuxoWT_H,NA,NA,NA
sp|P24000|RL24B_YEAST,ProtoWT_H_vs_AuxoWT_H,NA,NA,NA
sp|P24031|PPA3_YEAST;sp|P38693|PPAC_YEAST;sp|P35842|PPAB_YEAST;sp|P00635|PPA5_YEAST,ProtoWT_H_vs_AuxoWT_H,2.5869,NA,NA
sp|P24280|SEC14_YEAST,ProtoWT_H_vs_AuxoWT_H,NA,NA,NA
sp|P24783|DBP2_YEAST,ProtoWT_H_vs_AuxoWT_H,NA,NA,NA
sp|P25043|PSB2_YEAST,ProtoWT_H_vs_AuxoWT_H,NA,NA,NA
sp|P25045|LCB1_YEAST,ProtoWT_H_vs_AuxoWT_H,NA,NA,NA
sp|P25087|ERG6_YEAST,ProtoWT_H_vs_AuxoWT_H,0.62537,0.97484,NA
sp|P25293|NAP1_YEAST,ProtoWT_H_vs_AuxoWT_H,NA,NA,NA
sp|P25294|SIS1_YEAST,ProtoWT_H_vs_AuxoWT_H,NA,NA,NA
sp|P25296|CANB_YEAST,ProtoWT_H_vs_AuxoWT_H,NA,NA,NA
sp|P25340|ERG4_YEAST,ProtoWT_H_vs_AuxoWT_H,0.38118,NA,NA
sp|P25343|RV161_YEAST,ProtoWT_H_vs_AuxoWT_H,NA,NA,NA
sp|P25349|YCP4_YEAST,ProtoWT_H_vs_AuxoWT_H,NA,NA,NA
sp|P25367|RNQ1_YEAST,ProtoWT_H_vs_AuxoWT_H,NA,NA,NA
sp|P25375|PRTD_YEAST,ProtoWT_H_vs_AuxoWT_H,NA,NA,NA
sp|P25443|RS2_YEAST,ProtoWT_H_vs_AuxoWT_H,15.618,NA,15.618
sp|P25491|MAS5_YEAST,ProtoWT_H_vs_AuxoWT_H,32.761,NA,8.4849
sp|P25567|SRO9_YEAST,ProtoWT_H_vs_AuxoWT_H,NA,NA,NA
sp|P25574|EMC1_YEAST,ProtoWT_H_vs_AuxoWT_H,NA,NA,NA
sp|P25605|ILV6_YEAST,ProtoWT_H_vs_AuxoWT_H,NA,NA,NA
sp|P25644|PAT1_YEAST,ProtoWT_H_vs_AuxoWT_H,NA,NA,NA
sp|P25694|CDC48_YEAST,ProtoWT_H_vs_AuxoWT_H,22.975,1.2086,22.975
sp|P25719|CYPC_YEAST,ProtoWT_H_vs_AuxoWT_H,NA,NA,NA
sp|P26321|RL5_YEAST,ProtoWT_H_vs_AuxoWT_H,NA,NA,NA
sp|P26637|SYLC_YEAST,ProtoWT_H_vs_AuxoWT_H,5.6058,0.12346,9.3472
sp|P26783|RS5_YEAST,ProtoWT_H_vs_AuxoWT_H,1.5182,0.90085,8.7969
sp|P26784|RL16A_YEAST,ProtoWT_H_vs_AuxoWT_H,16.273,NA,9.2893
sp|P26785|RL16B_YEAST,ProtoWT_H_vs_AuxoWT_H,10.556,0.12593,15.474
sp|P26786|RS7A_YEAST,ProtoWT_H_vs_AuxoWT_H,3.628,2.4472,9.957
sp|P27351|AP2B_YEAST,ProtoWT_H_vs_AuxoWT_H,NA,NA,NA
sp|P27476|NSR1_YEAST,ProtoWT_H_vs_AuxoWT_H,9.746,NA,6.1589
sp|P27514|PHO91_YEAST,ProtoWT_H_vs_AuxoWT_H,NA,NA,NA
sp|P27810|KTR1_YEAST,ProtoWT_H_vs_AuxoWT_H,NA,NA,NA
sp|P28007|GAR1_YEAST,ProtoWT_H_vs_AuxoWT_H,NA,NA,NA
sp|P28241|IDH2_YEAST,ProtoWT_H_vs_AuxoWT_H,NA,NA,NA
sp|P28272|PYRD_YEAST,ProtoWT_H_vs_AuxoWT_H,NA,NA,NA
sp|P28274|URA7_YEAST,ProtoWT_H_vs_AuxoWT_H,NA,NA,NA
sp|P28496|LAC1_YEAST,ProtoWT_H_vs_AuxoWT_H,NA,NA,NA
sp|P28707|SBA1_YEAST,ProtoWT_H_vs_AuxoWT_H,NA,NA,NA
sp|P28777|AROC_YEAST,ProtoWT_H_vs_AuxoWT_H,NA,NA,NA
sp|P28834|IDH1_YEAST,ProtoWT_H_vs_AuxoWT_H,NA,NA,NA
sp|P29311|BMH1_YEAST,ProtoWT_H_vs_AuxoWT_H,8.7239,1.529,13.173
sp|P29453|RL8B_YEAST,ProtoWT_H_vs_AuxoWT_H,9.0044,1.3229,20.172
sp|P29509|TRXB1_YEAST;sp|P38816|TRXB2_YEAST,ProtoWT_H_vs_AuxoWT_H,6.9843,NA,NA
sp|P29547|EF1G1_YEAST,ProtoWT_H_vs_AuxoWT_H,NA,NA,NA
sp|P29952|MPI_YEAST,ProtoWT_H_vs_AuxoWT_H,NA,NA,NA
sp|P30605|ITR1_YEAST,ProtoWT_H_vs_AuxoWT_H,NA,NA,NA
sp|P30624|LCF1_YEAST,ProtoWT_H_vs_AuxoWT_H,NA,NA,NA
sp|P30657|PSB7_YEAST,ProtoWT_H_vs_AuxoWT_H,NA,NA,NA
sp|P30822|XPO1_YEAST,ProtoWT_H_vs_AuxoWT_H,NA,NA,NA
sp|P31116|DHOM_YEAST,ProtoWT_H_vs_AuxoWT_H,3.3485,5.8429,3.3485
sp|P31373|CYS3_YEAST,ProtoWT_H_vs_AuxoWT_H,12.611,12.44,15.839
sp|P31382|PMT2_YEAST,ProtoWT_H_vs_AuxoWT_H,NA,NA,NA
sp|P31412|VATC_YEAST,ProtoWT_H_vs_AuxoWT_H,NA,NA,NA
sp|P31539|HS104_YEAST,ProtoWT_H_vs_AuxoWT_H,16.005,NA,NA
sp|P31688|TPS2_YEAST,ProtoWT_H_vs_AuxoWT_H,NA,NA,NA
sp|P31787|ACBP_YEAST,ProtoWT_H_vs_AuxoWT_H,NA,NA,NA
sp|P32047|MLF3_YEAST,ProtoWT_H_vs_AuxoWT_H,NA,NA,NA
sp|P32074|COPG_YEAST,ProtoWT_H_vs_AuxoWT_H,NA,NA,NA
sp|P32288|GLNA_YEAST,ProtoWT_H_vs_AuxoWT_H,NA,NA,NA
sp|P32324|EF2_YEAST,ProtoWT_H_vs_AuxoWT_H,192.85,2.1554,145.96
sp|P32337|IMB3_YEAST,ProtoWT_H_vs_AuxoWT_H,NA,NA,NA
sp|P32353|ERG3_YEAST,ProtoWT_H_vs_AuxoWT_H,NA,NA,NA
sp|P32366|VA0D_YEAST,ProtoWT_H_vs_AuxoWT_H,NA,NA,NA
sp|P32377|MVD1_YEAST,ProtoWT_H_vs_AuxoWT_H,NA,NA,NA
sp|P32379|PSA5_YEAST,ProtoWT_H_vs_AuxoWT_H,NA,NA,NA
sp|P32419|MDHP_YEAST,ProtoWT_H_vs_AuxoWT_H,NA,NA,NA
sp|P32445|RIM1_YEAST,ProtoWT_H_vs_AuxoWT_H,NA,NA,NA
sp|P32449|AROG_YEAST,ProtoWT_H_vs_AuxoWT_H,NA,NA,NA
sp|P32454|APE2_YEAST,ProtoWT_H_vs_AuxoWT_H,NA,NA,NA
sp|P32457|CDC3_YEAST,ProtoWT_H_vs_AuxoWT_H,NA,NA,NA
sp|P32463|ACPM_YEAST,ProtoWT_H_vs_AuxoWT_H,NA,NA,NA
sp|P32468|CDC12_YEAST,ProtoWT_H_vs_AuxoWT_H,NA,NA,NA
sp|P32471|EF1B_YEAST,ProtoWT_H_vs_AuxoWT_H,18.557,23.771,16.38
sp|P32472|FKBP2_YEAST,ProtoWT_H_vs_AuxoWT_H,NA,NA,NA
sp|P32473|ODPB_YEAST,ProtoWT_H_vs_AuxoWT_H,NA,NA,NA
sp|P32474|EUG1_YEAST,ProtoWT_H_vs_AuxoWT_H,NA,NA,NA
sp|P32481|IF2G_YEAST,ProtoWT_H_vs_AuxoWT_H,NA,NA,NA
sp|P32495|NHP2_YEAST,ProtoWT_H_vs_AuxoWT_H,NA,NA,NA
sp|P32496|RPN12_YEAST,ProtoWT_H_vs_AuxoWT_H,NA,NA,NA
sp|P32497|EIF3C_YEAST,ProtoWT_H_vs_AuxoWT_H,2.3876,2.132,2.6946
sp|P32521|PAN1_YEAST,ProtoWT_H_vs_AuxoWT_H,NA,NA,NA
sp|P32527|ZUO1_YEAST,ProtoWT_H_vs_AuxoWT_H,29.24,NA,2.1252
sp|P32558|SPT16_YEAST,ProtoWT_H_vs_AuxoWT_H,1.2138,NA,NA
sp|P32565|RPN2_YEAST,ProtoWT_H_vs_AuxoWT_H,NA,NA,NA
sp|P32566|SMI1_YEAST,ProtoWT_H_vs_AuxoWT_H,NA,NA,NA
sp|P32582|CBS_YEAST,ProtoWT_H_vs_AuxoWT_H,4.1034,4.9981,NA
sp|P32589|HSP7F_YEAST;sp|P32590|HSP79_YEAST,ProtoWT_H_vs_AuxoWT_H,6.9317,4.6173,9.8215
sp|P32599|FIMB_YEAST,ProtoWT_H_vs_AuxoWT_H,NA,NA,NA
sp|P32602|SEC17_YEAST,ProtoWT_H_vs_AuxoWT_H,NA,NA,NA
sp|P32610|VATD_YEAST,ProtoWT_H_vs_AuxoWT_H,NA,NA,NA
sp|P32623|CRH2_YEAST,ProtoWT_H_vs_AuxoWT_H,NA,NA,NA
sp|P32628|RAD23_YEAST,ProtoWT_H_vs_AuxoWT_H,NA,NA,NA
sp|P32771|FADH_YEAST,ProtoWT_H_vs_AuxoWT_H,NA,NA,NA
sp|P32774|T2AG_YEAST,ProtoWT_H_vs_AuxoWT_H,NA,NA,NA
sp|P32790|SLA1_YEAST,ProtoWT_H_vs_AuxoWT_H,NA,NA,NA
sp|P32835|GSP1_YEAST;sp|P32836|GSP2_YEAST,ProtoWT_H_vs_AuxoWT_H,65.528,8.1254,65.528
sp|P32861|UGPA1_YEAST,ProtoWT_H_vs_AuxoWT_H,NA,NA,NA
sp|P32867|SSO1_YEAST;sp|P39926|SSO2_YEAST,ProtoWT_H_vs_AuxoWT_H,NA,NA,NA
sp|P32895|KPR1_YEAST,ProtoWT_H_vs_AuxoWT_H,NA,NA,NA
sp|P32897|TIM23_YEAST,ProtoWT_H_vs_AuxoWT_H,NA,NA,NA
sp|P32905|RSSA1_YEAST,ProtoWT_H_vs_AuxoWT_H,63.891,NA,26.065
sp|P32911|SUI1_YEAST,ProtoWT_H_vs_AuxoWT_H,NA,NA,NA
sp|P32939|YPT7_YEAST,ProtoWT_H_vs_AuxoWT_H,NA,NA,NA
sp|P33201|MRT4_YEAST,ProtoWT_H_vs_AuxoWT_H,NA,NA,NA
sp|P33297|PRS6A_YEAST,ProtoWT_H_vs_AuxoWT_H,NA,NA,NA
sp|P33299|PRS7_YEAST,ProtoWT_H_vs_AuxoWT_H,NA,NA,NA
sp|P33302|PDR5_YEAST,ProtoWT_H_vs_AuxoWT_H,NA,NA,NA
sp|P33313|CNS1_YEAST,ProtoWT_H_vs_AuxoWT_H,NA,NA,NA
sp|P33317|DUT_YEAST,ProtoWT_H_vs_AuxoWT_H,NA,NA,NA
sp|P33322|CBF5_YEAST,ProtoWT_H_vs_AuxoWT_H,8.1398,NA,NA
sp|P33330|SERC_YEAST,ProtoWT_H_vs_AuxoWT_H,3.6177,1.0131,3.6177
sp|P33331|NTF2_YEAST,ProtoWT_H_vs_AuxoWT_H,NA,NA,NA
sp|P33338|SLA2_YEAST,ProtoWT_H_vs_AuxoWT_H,NA,NA,NA
sp|P33401|PGM1_YEAST,ProtoWT_H_vs_AuxoWT_H,NA,NA,NA
sp|P33442|RS3A1_YEAST,ProtoWT_H_vs_AuxoWT_H,25.781,NA,28.143
sp|P33734|HIS5_YEAST,ProtoWT_H_vs_AuxoWT_H,NA,NA,NA
sp|P33754|SEC66_YEAST,ProtoWT_H_vs_AuxoWT_H,NA,NA,NA
sp|P33892|GCN1_YEAST,ProtoWT_H_vs_AuxoWT_H,NA,NA,NA
sp|P34167|IF4B_YEAST,ProtoWT_H_vs_AuxoWT_H,24.227,NA,NA
sp|P34216|EDE1_YEAST,ProtoWT_H_vs_AuxoWT_H,NA,NA,NA
sp|P34223|UBX1_YEAST,ProtoWT_H_vs_AuxoWT_H,NA,NA,NA
sp|P34730|BMH2_YEAST,ProtoWT_H_vs_AuxoWT_H,NA,NA,NA
sp|P34758|SCD5_YEAST,ProtoWT_H_vs_AuxoWT_H,NA,NA,NA
sp|P34760|TSA1_YEAST,ProtoWT_H_vs_AuxoWT_H,NA,NA,NA
sp|P35176|CYPD_YEAST,ProtoWT_H_vs_AuxoWT_H,NA,NA,NA
sp|P35179|SC61G_YEAST,ProtoWT_H_vs_AuxoWT_H,NA,NA,NA
sp|P35187|SGS1_YEAST,ProtoWT_H_vs_AuxoWT_H,NA,NA,NA
sp|P35189|TAF14_YEAST,ProtoWT_H_vs_AuxoWT_H,NA,NA,NA
sp|P35691|TCTP_YEAST,ProtoWT_H_vs_AuxoWT_H,10.964,7.8352,50.588
sp|P35719|MRP8_YEAST,ProtoWT_H_vs_AuxoWT_H,NA,NA,NA
sp|P35723|YET1_YEAST,ProtoWT_H_vs_AuxoWT_H,NA,NA,NA
sp|P35732|DEF1_YEAST,ProtoWT_H_vs_AuxoWT_H,NA,NA,NA
sp|P35736|YKF0_YEAST,ProtoWT_H_vs_AuxoWT_H,NA,NA,NA
sp|P35817|BDF1_YEAST,ProtoWT_H_vs_AuxoWT_H,NA,NA,NA
sp|P35844|KES1_YEAST,ProtoWT_H_vs_AuxoWT_H,NA,NA,NA
sp|P36008|EF1G2_YEAST,ProtoWT_H_vs_AuxoWT_H,5.2396,0.36712,140.47
sp|P36010|NDK_YEAST,ProtoWT_H_vs_AuxoWT_H,NA,NA,NA
sp|P36015|YKT6_YEAST,ProtoWT_H_vs_AuxoWT_H,NA,NA,NA
sp|P36018|YPT52_YEAST,ProtoWT_H_vs_AuxoWT_H,NA,NA,NA
sp|P36046|MIA40_YEAST,ProtoWT_H_vs_AuxoWT_H,NA,NA,NA
sp|P36049|EBP2_YEAST,ProtoWT_H_vs_AuxoWT_H,NA,NA,NA
sp|P36069|PMU1_YEAST,ProtoWT_H_vs_AuxoWT_H,NA,NA,NA
sp|P36105|RL14A_YEAST,ProtoWT_H_vs_AuxoWT_H,NA,NA,NA
sp|P36135|UTH1_YEAST,ProtoWT_H_vs_AuxoWT_H,NA,NA,NA
sp|P36136|SHB17_YEAST,ProtoWT_H_vs_AuxoWT_H,NA,NA,NA
sp|P36421|SYYC_YEAST,ProtoWT_H_vs_AuxoWT_H,5.147,NA,5.147
sp|P37291|GLYC_YEAST,ProtoWT_H_vs_AuxoWT_H,0.90059,0.08625,6.8127
sp|P37292|GLYM_YEAST,ProtoWT_H_vs_AuxoWT_H,0.98869,NA,0.98869
sp|P37302|APE3_YEAST,ProtoWT_H_vs_AuxoWT_H,5.3309,0.70613,7.631
sp|P37303|GLY1_YEAST,ProtoWT_H_vs_AuxoWT_H,9.3382,2.5291,NA
sp|P37370|VRP1_YEAST,ProtoWT_H_vs_AuxoWT_H,NA,NA,NA
sp|P38009|PUR92_YEAST,ProtoWT_H_vs_AuxoWT_H,1.3403,1.3403,NA
sp|P38011|GBLP_YEAST,ProtoWT_H_vs_AuxoWT_H,5.5577,0.92953,7.7685
sp|P38013|AHP1_YEAST,ProtoWT_H_vs_AuxoWT_H,140.84,NA,286.97
sp|P38061|RL32_YEAST,ProtoWT_H_vs_AuxoWT_H,16.281,0.96426,20.902
sp|P38063|KPR4_YEAST,ProtoWT_H_vs_AuxoWT_H,NA,NA,NA
sp|P38077|ATPG_YEAST,ProtoWT_H_vs_AuxoWT_H,NA,NA,NA
sp|P38088|SYG_YEAST,ProtoWT_H_vs_AuxoWT_H,NA,NA,NA
sp|P38143|GPX2_YEAST,ProtoWT_H_vs_AuxoWT_H,NA,NA,NA
sp|P38174|MAP2_YEAST,ProtoWT_H_vs_AuxoWT_H,NA,NA,NA
sp|P38197|PLPHP_YEAST,ProtoWT_H_vs_AuxoWT_H,NA,NA,NA
sp|P38199|HEK2_YEAST,ProtoWT_H_vs_AuxoWT_H,NA,NA,NA
sp|P38205|NCL1_YEAST,ProtoWT_H_vs_AuxoWT_H,NA,NA,NA
sp|P38218|POA1_YEAST,ProtoWT_H_vs_AuxoWT_H,NA,NA,NA
sp|P38219|OLA1_YEAST,ProtoWT_H_vs_AuxoWT_H,2.3789,NA,NA
sp|P38221|CDS1_YEAST,ProtoWT_H_vs_AuxoWT_H,NA,NA,NA
sp|P38248|ECM33_YEAST,ProtoWT_H_vs_AuxoWT_H,NA,NA,NA
sp|P38249|EIF3A_YEAST,ProtoWT_H_vs_AuxoWT_H,0.49732,0.037132,7.2816
sp|P38250|IST2_YEAST,ProtoWT_H_vs_AuxoWT_H,NA,NA,NA
sp|P38264|PHO88_YEAST,ProtoWT_H_vs_AuxoWT_H,NA,NA,NA
sp|P38286|MKAR_YEAST,ProtoWT_H_vs_AuxoWT_H,NA,NA,NA
sp|P38295|MCFS2_YEAST,ProtoWT_H_vs_AuxoWT_H,NA,NA,NA
sp|P38328|ARPC1_YEAST,ProtoWT_H_vs_AuxoWT_H,NA,NA,NA
sp|P38333|ENP1_YEAST,ProtoWT_H_vs_AuxoWT_H,NA,NA,NA
sp|P38431|IF5_YEAST,ProtoWT_H_vs_AuxoWT_H,NA,NA,NA
sp|P38523|GRPE_YEAST,ProtoWT_H_vs_AuxoWT_H,NA,NA,NA
sp|P38555|YPT31_YEAST,ProtoWT_H_vs_AuxoWT_H,NA,NA,NA
sp|P38616|YGP1_YEAST,ProtoWT_H_vs_AuxoWT_H,NA,NA,NA
sp|P38624|PSB1_YEAST,ProtoWT_H_vs_AuxoWT_H,NA,NA,NA
sp|P38625|GUAA_YEAST,ProtoWT_H_vs_AuxoWT_H,NA,NA,NA
sp|P38626|NCB5R_YEAST,ProtoWT_H_vs_AuxoWT_H,NA,NA,NA
sp|P38631|FKS1_YEAST;sp|P40989|FKS2_YEAST,ProtoWT_H_vs_AuxoWT_H,NA,NA,NA
sp|P38682|GLO3_YEAST,ProtoWT_H_vs_AuxoWT_H,NA,NA,NA
sp|P38687|SRP68_YEAST,ProtoWT_H_vs_AuxoWT_H,NA,NA,NA
sp|P38689|KPR3_YEAST,ProtoWT_H_vs_AuxoWT_H,NA,NA,NA
sp|P38697|IMDH2_YEAST;sp|O42831|YA075_YEAST;sp|P39567|IMDH1_YEAST,ProtoWT_H_vs_AuxoWT_H,NA,NA,NA
sp|P38701|RS20_YEAST,ProtoWT_H_vs_AuxoWT_H,6.6368,NA,4.0844
sp|P38707|SYNC_YEAST,ProtoWT_H_vs_AuxoWT_H,NA,NA,NA
sp|P38708|YHI0_YEAST,ProtoWT_H_vs_AuxoWT_H,2.5161,0.3517,21.995
sp|P38711|RS27B_YEAST;sp|P35997|RS27A_YEAST,ProtoWT_H_vs_AuxoWT_H,12.518,NA,12.518
sp|P38712|RRP3_YEAST,ProtoWT_H_vs_AuxoWT_H,NA,NA,NA
sp|P38715|GRE3_YEAST,ProtoWT_H_vs_AuxoWT_H,NA,NA,NA
sp|P38720|6PGD1_YEAST,ProtoWT_H_vs_AuxoWT_H,NA,NA,NA
sp|P38754|RL14B_YEAST,ProtoWT_H_vs_AuxoWT_H,70.737,5.4638,NA
sp|P38764|RPN1_YEAST,ProtoWT_H_vs_AuxoWT_H,NA,NA,NA
sp|P38765|YHI9_YEAST,ProtoWT_H_vs_AuxoWT_H,NA,NA,NA
sp|P38777|FSH1_YEAST,ProtoWT_H_vs_AuxoWT_H,NA,NA,NA
sp|P38779|CIC1_YEAST,ProtoWT_H_vs_AuxoWT_H,NA,NA,NA
sp|P38788|SSZ1_YEAST,ProtoWT_H_vs_AuxoWT_H,NA,NA,NA
sp|P38791|DHYS_YEAST,ProtoWT_H_vs_AuxoWT_H,NA,NA,NA
sp|P38810|SFB3_YEAST,ProtoWT_H_vs_AuxoWT_H,NA,NA,NA
sp|P38817|GGA2_YEAST,ProtoWT_H_vs_AuxoWT_H,NA,NA,NA
sp|P38825|TOM71_YEAST,ProtoWT_H_vs_AuxoWT_H,NA,NA,NA
sp|P38845|CRP1_YEAST,ProtoWT_H_vs_AuxoWT_H,NA,NA,NA
sp|P38870|YHY2_YEAST,ProtoWT_H_vs_AuxoWT_H,NA,NA,NA
sp|P38879|NACA_YEAST,ProtoWT_H_vs_AuxoWT_H,NA,NA,NA
sp|P38891|BCA1_YEAST,ProtoWT_H_vs_AuxoWT_H,NA,NA,NA
sp|P38902|RPB11_YEAST,ProtoWT_H_vs_AuxoWT_H,NA,NA,NA
sp|P38910|CH10_YEAST,ProtoWT_H_vs_AuxoWT_H,NA,NA,NA
sp|P38911|FKBP3_YEAST,ProtoWT_H_vs_AuxoWT_H,NA,NA,NA
sp|P38912|IF1A_YEAST,ProtoWT_H_vs_AuxoWT_H,1.0194,NA,NA
sp|P38934|BFR1_YEAST,ProtoWT_H_vs_AuxoWT_H,NA,NA,NA
sp|P38968|SEC31_YEAST,ProtoWT_H_vs_AuxoWT_H,11.229,NA,11.229
sp|P38972|PUR4_YEAST,ProtoWT_H_vs_AuxoWT_H,4.0619,NA,4.9178
sp|P38986|ASPG1_YEAST,ProtoWT_H_vs_AuxoWT_H,NA,NA,NA
sp|P39005|KRE9_YEAST,ProtoWT_H_vs_AuxoWT_H,NA,NA,NA
sp|P39015|STM1_YEAST,ProtoWT_H_vs_AuxoWT_H,12.824,12.148,13.537
sp|P39076|TCPB_YEAST,ProtoWT_H_vs_AuxoWT_H,5.3628,NA,2.4183
sp|P39077|TCPG_YEAST,ProtoWT_H_vs_AuxoWT_H,NA,NA,NA
sp|P39078|TCPD_YEAST,ProtoWT_H_vs_AuxoWT_H,NA,NA,NA
sp|P39079|TCPZ_YEAST,ProtoWT_H_vs_AuxoWT_H,NA,NA,NA
sp|P39101|CAJ1_YEAST,ProtoWT_H_vs_AuxoWT_H,NA,NA,NA
sp|P39103|COX14_YEAST,ProtoWT_H_vs_AuxoWT_H,NA,NA,NA
sp|P39107|MNN9_YEAST,ProtoWT_H_vs_AuxoWT_H,NA,NA,NA
sp|P39516|RS14B_YEAST,ProtoWT_H_vs_AuxoWT_H,NA,NA,NA
sp|P39517|DHH1_YEAST,ProtoWT_H_vs_AuxoWT_H,NA,NA,NA
sp|P39522|ILV3_YEAST,ProtoWT_H_vs_AuxoWT_H,NA,NA,NA
sp|P39533|ACON2_YEAST,ProtoWT_H_vs_AuxoWT_H,NA,NA,NA
sp|P39676|FHP_YEAST,ProtoWT_H_vs_AuxoWT_H,3.7271,NA,NA
sp|P39683|NPT1_YEAST,ProtoWT_H_vs_AuxoWT_H,NA,NA,NA
sp|P39715|ECM1_YEAST,ProtoWT_H_vs_AuxoWT_H,NA,NA,NA
sp|P39730|IF2P_YEAST,ProtoWT_H_vs_AuxoWT_H,NA,NA,NA
sp|P39742|SEC72_YEAST,ProtoWT_H_vs_AuxoWT_H,NA,NA,NA
sp|P39743|RV167_YEAST,ProtoWT_H_vs_AuxoWT_H,3.1239,NA,NA
sp|P39744|NOC2_YEAST,ProtoWT_H_vs_AuxoWT_H,NA,NA,NA
sp|P39935|IF4F1_YEAST,ProtoWT_H_vs_AuxoWT_H,NA,NA,NA
sp|P39939|RS26B_YEAST;sp|P39938|RS26A_YEAST,ProtoWT_H_vs_AuxoWT_H,NA,NA,NA
sp|P39940|RSP5_YEAST,ProtoWT_H_vs_AuxoWT_H,0.20524,NA,NA
sp|P39954|SAHH_YEAST,ProtoWT_H_vs_AuxoWT_H,10.736,1.6682,19.048
sp|P39958|GDI1_YEAST,ProtoWT_H_vs_AuxoWT_H,NA,NA,NA
sp|P39960|BEM2_YEAST,ProtoWT_H_vs_AuxoWT_H,NA,NA,NA
sp|P39966|PP2C2_YEAST,ProtoWT_H_vs_AuxoWT_H,NA,NA,NA
sp|P39968|VAC8_YEAST,ProtoWT_H_vs_AuxoWT_H,NA,NA,NA
sp|P39976|DLD3_YEAST,ProtoWT_H_vs_AuxoWT_H,NA,NA,NA
sp|P39986|ATC6_YEAST,ProtoWT_H_vs_AuxoWT_H,NA,NA,NA
sp|P39990|SNU13_YEAST,ProtoWT_H_vs_AuxoWT_H,NA,NA,NA
sp|P40008|FMP52_YEAST,ProtoWT_H_vs_AuxoWT_H,NA,NA,NA
sp|P40010|NUG1_YEAST,ProtoWT_H_vs_AuxoWT_H,NA,NA,NA
sp|P40016|RPN3_YEAST,ProtoWT_H_vs_AuxoWT_H,NA,NA,NA
sp|P40024|ARB1_YEAST,ProtoWT_H_vs_AuxoWT_H,1.2991,1.2991,NA
sp|P40032|TPA1_YEAST,ProtoWT_H_vs_AuxoWT_H,NA,NA,NA
sp|P40037|HMF1_YEAST,ProtoWT_H_vs_AuxoWT_H,NA,NA,NA
sp|P40046|VTC1_YEAST,ProtoWT_H_vs_AuxoWT_H,NA,NA,NA
sp|P40048|PTP3_YEAST,ProtoWT_H_vs_AuxoWT_H,NA,NA,NA
sp|P40053|AIM9_YEAST,ProtoWT_H_vs_AuxoWT_H,NA,NA,NA
sp|P40056|GET2_YEAST,ProtoWT_H_vs_AuxoWT_H,NA,NA,NA
sp|P40069|IMB4_YEAST,ProtoWT_H_vs_AuxoWT_H,11.448,NA,11.448
sp|P40075|SCS2_YEAST,ProtoWT_H_vs_AuxoWT_H,NA,NA,NA
sp|P40089|LSM5_YEAST,ProtoWT_H_vs_AuxoWT_H,NA,NA,NA
sp|P40093|YEY6_YEAST,ProtoWT_H_vs_AuxoWT_H,NA,NA,NA
sp|P40106|GPP2_YEAST,ProtoWT_H_vs_AuxoWT_H,NA,NA,NA
sp|P40150|SSB2_YEAST;sp|P11484|SSB1_YEAST,ProtoWT_H_vs_AuxoWT_H,10.342,3.1282,11.245
sp|P40159|YNU8_YEAST,ProtoWT_H_vs_AuxoWT_H,NA,NA,NA
sp|P40185|MMF1_YEAST,ProtoWT_H_vs_AuxoWT_H,0.88382,0.046861,2.0658
sp|P40202|CCS1_YEAST,ProtoWT_H_vs_AuxoWT_H,NA,NA,NA
sp|P40217|EIF3I_YEAST,ProtoWT_H_vs_AuxoWT_H,NA,NA,NA
sp|P40302|PSA6_YEAST,ProtoWT_H_vs_AuxoWT_H,NA,NA,NA
sp|P40303|PSA4_YEAST,ProtoWT_H_vs_AuxoWT_H,NA,NA,NA
sp|P40319|ELO3_YEAST,ProtoWT_H_vs_AuxoWT_H,NA,NA,NA
sp|P40326|YG5N_YEAST,ProtoWT_H_vs_AuxoWT_H,NA,NA,NA
sp|P40327|PRS4_YEAST,ProtoWT_H_vs_AuxoWT_H,NA,NA,NA
sp|P40413|TCPE_YEAST,ProtoWT_H_vs_AuxoWT_H,NA,NA,NA
sp|P40414|TPM2_YEAST,ProtoWT_H_vs_AuxoWT_H,NA,NA,NA
sp|P40422|RPAB4_YEAST,ProtoWT_H_vs_AuxoWT_H,NA,NA,NA
sp|P40462|TM108_YEAST,ProtoWT_H_vs_AuxoWT_H,NA,NA,NA
sp|P40472|SIM1_YEAST,ProtoWT_H_vs_AuxoWT_H,NA,NA,NA
sp|P40482|SEC24_YEAST,ProtoWT_H_vs_AuxoWT_H,NA,NA,NA
sp|P40495|LYS12_YEAST,ProtoWT_H_vs_AuxoWT_H,NA,NA,NA
sp|P40518|ARPC5_YEAST,ProtoWT_H_vs_AuxoWT_H,NA,NA,NA
sp|P40525|RL34B_YEAST,ProtoWT_H_vs_AuxoWT_H,24.098,NA,22.698
sp|P40529|AGE2_YEAST,ProtoWT_H_vs_AuxoWT_H,NA,NA,NA
sp|P40531|GVP36_YEAST,ProtoWT_H_vs_AuxoWT_H,NA,NA,NA
sp|P40579|YIV5_YEAST,ProtoWT_H_vs_AuxoWT_H,NA,NA,NA
sp|P40581|GPX3_YEAST,ProtoWT_H_vs_AuxoWT_H,NA,NA,NA
sp|P40693|RLP7_YEAST,ProtoWT_H_vs_AuxoWT_H,NA,NA,NA
sp|P40825|SYA_YEAST,ProtoWT_H_vs_AuxoWT_H,3.2706,NA,NA
sp|P40991|NOP2_YEAST,ProtoWT_H_vs_AuxoWT_H,NA,NA,NA
sp|P41056|RL33B_YEAST;sp|P05744|RL33A_YEAST,ProtoWT_H_vs_AuxoWT_H,3.3504,0.37372,4.4191
sp|P41057|RS29A_YEAST,ProtoWT_H_vs_AuxoWT_H,NA,NA,NA
sp|P41058|RS29B_YEAST,ProtoWT_H_vs_AuxoWT_H,NA,NA,NA
sp|P41277|GPP1_YEAST,ProtoWT_H_vs_AuxoWT_H,15.42,18.186,11.904
sp|P41338|THIL_YEAST,ProtoWT_H_vs_AuxoWT_H,NA,NA,NA
sp|P41805|RL10_YEAST,ProtoWT_H_vs_AuxoWT_H,6.9952,NA,6.9952
sp|P41807|VATH_YEAST,ProtoWT_H_vs_AuxoWT_H,NA,NA,NA
sp|P41810|COPB_YEAST,ProtoWT_H_vs_AuxoWT_H,NA,NA,NA
sp|P41811|COPB2_YEAST,ProtoWT_H_vs_AuxoWT_H,NA,NA,NA
sp|P41818|GLC8_YEAST,ProtoWT_H_vs_AuxoWT_H,NA,NA,NA
sp|P41911|GPD2_YEAST,ProtoWT_H_vs_AuxoWT_H,NA,NA,NA
sp|P41920|YRB1_YEAST,ProtoWT_H_vs_AuxoWT_H,7.0564,7.0564,4.6235
sp|P41921|GSHR_YEAST,ProtoWT_H_vs_AuxoWT_H,NA,NA,NA
sp|P41940|MPG1_YEAST,ProtoWT_H_vs_AuxoWT_H,3.4903,3.6407,NA
sp|P42846|KRI1_YEAST,ProtoWT_H_vs_AuxoWT_H,NA,NA,NA
sp|P42943|TCPH_YEAST,ProtoWT_H_vs_AuxoWT_H,NA,NA,NA
sp|P42949|TIM16_YEAST,ProtoWT_H_vs_AuxoWT_H,NA,NA,NA
sp|P43123|UAP1_YEAST,ProtoWT_H_vs_AuxoWT_H,NA,NA,NA
sp|P43535|GCN20_YEAST,ProtoWT_H_vs_AuxoWT_H,NA,NA,NA
sp|P43588|RPN11_YEAST,ProtoWT_H_vs_AuxoWT_H,NA,NA,NA
sp|P43593|UBP6_YEAST,ProtoWT_H_vs_AuxoWT_H,NA,NA,NA
sp|P43616|DUG1_YEAST,ProtoWT_H_vs_AuxoWT_H,0.40128,0.077198,3.4069
sp|P43621|COPD_YEAST,ProtoWT_H_vs_AuxoWT_H,NA,NA,NA
sp|P46367|ALDH4_YEAST,ProtoWT_H_vs_AuxoWT_H,NA,NA,NA
sp|P46654|RSSA2_YEAST,ProtoWT_H_vs_AuxoWT_H,NA,NA,NA
sp|P46655|SYEC_YEAST,ProtoWT_H_vs_AuxoWT_H,2.6919,2.6919,3.6691
sp|P46672|ARC1_YEAST,ProtoWT_H_vs_AuxoWT_H,4.0727,4.3554,NA
sp|P46682|AP3B_YEAST,ProtoWT_H_vs_AuxoWT_H,NA,NA,NA
sp|P46969|RPE_YEAST,ProtoWT_H_vs_AuxoWT_H,4.907,NA,NA
sp|P46990|RL17B_YEAST,ProtoWT_H_vs_AuxoWT_H,13.895,2.8473,14.012
sp|P47018|MTC1_YEAST,ProtoWT_H_vs_AuxoWT_H,NA,NA,NA
sp|P47019|ALB1_YEAST,ProtoWT_H_vs_AuxoWT_H,NA,NA,NA
sp|P47035|NET1_YEAST,ProtoWT_H_vs_AuxoWT_H,NA,NA,NA
sp|P47044|YJF5_YEAST,ProtoWT_H_vs_AuxoWT_H,NA,NA,NA
sp|P47047|MTR4_YEAST,ProtoWT_H_vs_AuxoWT_H,NA,NA,NA
sp|P47079|TCPQ_YEAST,ProtoWT_H_vs_AuxoWT_H,NA,NA,NA
sp|P47089|DENR_YEAST,ProtoWT_H_vs_AuxoWT_H,NA,NA,NA
sp|P47117|ARP3_YEAST,ProtoWT_H_vs_AuxoWT_H,NA,NA,NA
sp|P47120|DOHH_YEAST,ProtoWT_H_vs_AuxoWT_H,NA,NA,NA
sp|P47122|GPN1_YEAST,ProtoWT_H_vs_AuxoWT_H,NA,NA,NA
sp|P47143|ADK_YEAST,ProtoWT_H_vs_AuxoWT_H,25.876,28.142,7.2929
sp|P47160|ENT3_YEAST,ProtoWT_H_vs_AuxoWT_H,NA,NA,NA
sp|P47912|LCF4_YEAST;sp|P39002|LCF3_YEAST,ProtoWT_H_vs_AuxoWT_H,NA,NA,NA
sp|P48164|RS7B_YEAST,ProtoWT_H_vs_AuxoWT_H,3.7959,1.3094,16.254
sp|P48363|PFD3_YEAST,ProtoWT_H_vs_AuxoWT_H,NA,NA,NA
sp|P48510|DSK2_YEAST,ProtoWT_H_vs_AuxoWT_H,NA,NA,NA
sp|P48570|HOSC_YEAST,ProtoWT_H_vs_AuxoWT_H,NA,NA,NA
sp|P48589|RS12_YEAST,ProtoWT_H_vs_AuxoWT_H,19.216,6.2879,25.773
sp|P48836|VATG_YEAST,ProtoWT_H_vs_AuxoWT_H,NA,NA,NA
sp|P48837|NUP57_YEAST,ProtoWT_H_vs_AuxoWT_H,NA,NA,NA
sp|P49089|ASNS1_YEAST,ProtoWT_H_vs_AuxoWT_H,0.57126,NA,NA
sp|P49090|ASNS2_YEAST,ProtoWT_H_vs_AuxoWT_H,NA,NA,NA
sp|P49166|RL37A_YEAST,ProtoWT_H_vs_AuxoWT_H,9.0683,15.848,NA
sp|P49167|RL38_YEAST,ProtoWT_H_vs_AuxoWT_H,7.2514,0.8683,8.2547
sp|P49435|APT1_YEAST,ProtoWT_H_vs_AuxoWT_H,NA,NA,NA
sp|P49626|RL4B_YEAST,ProtoWT_H_vs_AuxoWT_H,NA,NA,NA
sp|P49723|RIR4_YEAST,ProtoWT_H_vs_AuxoWT_H,NA,NA,NA
sp|P49954|NIT3_YEAST,ProtoWT_H_vs_AuxoWT_H,NA,NA,NA
sp|P49956|CTF18_YEAST,ProtoWT_H_vs_AuxoWT_H,NA,NA,NA
sp|P50094|IMDH4_YEAST,ProtoWT_H_vs_AuxoWT_H,11.962,NA,NA
sp|P50095|IMDH3_YEAST,ProtoWT_H_vs_AuxoWT_H,NA,NA,NA
sp|P50107|LGUL_YEAST,ProtoWT_H_vs_AuxoWT_H,NA,NA,NA
sp|P50623|UBC9_YEAST,ProtoWT_H_vs_AuxoWT_H,NA,NA,NA
sp|P50947|PHO23_YEAST,ProtoWT_H_vs_AuxoWT_H,NA,NA,NA
sp|P51401|RL9B_YEAST,ProtoWT_H_vs_AuxoWT_H,NA,NA,NA
sp|P51402|RL37B_YEAST,ProtoWT_H_vs_AuxoWT_H,NA,NA,NA
sp|P52286|SKP1_YEAST,ProtoWT_H_vs_AuxoWT_H,NA,NA,NA
sp|P52488|UBA2_YEAST,ProtoWT_H_vs_AuxoWT_H,NA,NA,NA
sp|P52553|PFD6_YEAST,ProtoWT_H_vs_AuxoWT_H,NA,NA,NA
sp|P52870|SC6B1_YEAST,ProtoWT_H_vs_AuxoWT_H,NA,NA,NA
sp|P52871|SC6B2_YEAST,ProtoWT_H_vs_AuxoWT_H,NA,NA,NA
sp|P52910|ACS2_YEAST,ProtoWT_H_vs_AuxoWT_H,1.2801,NA,1.2801
sp|P53011|SEH1_YEAST,ProtoWT_H_vs_AuxoWT_H,NA,NA,NA
sp|P53066|YGZ2_YEAST,ProtoWT_H_vs_AuxoWT_H,NA,NA,NA
sp|P53073|EMC4_YEAST,ProtoWT_H_vs_AuxoWT_H,NA,NA,NA
sp|P53075|SHE10_YEAST,ProtoWT_H_vs_AuxoWT_H,NA,NA,NA
sp|P53081|NIF3_YEAST,ProtoWT_H_vs_AuxoWT_H,NA,NA,NA
sp|P53090|ARO8_YEAST,ProtoWT_H_vs_AuxoWT_H,NA,NA,NA
sp|P53111|ARI1_YEAST,ProtoWT_H_vs_AuxoWT_H,0.71255,NA,NA
sp|P53131|PRP43_YEAST,ProtoWT_H_vs_AuxoWT_H,NA,NA,NA
sp|P53141|MLC1_YEAST,ProtoWT_H_vs_AuxoWT_H,NA,NA,NA
sp|P53183|YGD9_YEAST,ProtoWT_H_vs_AuxoWT_H,NA,NA,NA
sp|P53184|PNC1_YEAST,ProtoWT_H_vs_AuxoWT_H,NA,NA,NA
sp|P53221|RL26B_YEAST,ProtoWT_H_vs_AuxoWT_H,43.191,1.3271,61.022
sp|P53235|EIF2A_YEAST,ProtoWT_H_vs_AuxoWT_H,NA,NA,NA
sp|P53252|PIL1_YEAST,ProtoWT_H_vs_AuxoWT_H,4.1578,NA,4.1578
sp|P53261|PESC_YEAST,ProtoWT_H_vs_AuxoWT_H,NA,NA,NA
sp|P53278|YG3A_YEAST,ProtoWT_H_vs_AuxoWT_H,NA,NA,NA
sp|P53281|LSB1_YEAST,ProtoWT_H_vs_AuxoWT_H,NA,NA,NA
sp|P53295|RBG2_YEAST,ProtoWT_H_vs_AuxoWT_H,NA,NA,NA
sp|P53297|PBP1_YEAST,ProtoWT_H_vs_AuxoWT_H,NA,NA,NA
sp|P53303|ZPR1_YEAST,ProtoWT_H_vs_AuxoWT_H,NA,NA,NA
sp|P53313|SDA1_YEAST,ProtoWT_H_vs_AuxoWT_H,NA,NA,NA
sp|P53551|H1_YEAST,ProtoWT_H_vs_AuxoWT_H,NA,NA,NA
sp|P53598|SUCA_YEAST,ProtoWT_H_vs_AuxoWT_H,NA,NA,NA
sp|P53622|COPA_YEAST,ProtoWT_H_vs_AuxoWT_H,NA,NA,NA
sp|P53633|PRA1_YEAST,ProtoWT_H_vs_AuxoWT_H,NA,NA,NA
sp|P53691|PPID_YEAST,ProtoWT_H_vs_AuxoWT_H,NA,NA,NA
sp|P53723|YN8B_YEAST,ProtoWT_H_vs_AuxoWT_H,NA,NA,NA
sp|P53731|ARPC2_YEAST,ProtoWT_H_vs_AuxoWT_H,NA,NA,NA
sp|P53742|NOG2_YEAST,ProtoWT_H_vs_AuxoWT_H,NA,NA,NA
sp|P53834|HCH1_YEAST,ProtoWT_H_vs_AuxoWT_H,NA,NA,NA
sp|P53852|SYC_YEAST,ProtoWT_H_vs_AuxoWT_H,NA,NA,NA
sp|P53900|PFD4_YEAST,ProtoWT_H_vs_AuxoWT_H,0.3881,NA,NA
sp|P53909|ADE_YEAST,ProtoWT_H_vs_AuxoWT_H,NA,NA,NA
sp|P53912|YNN4_YEAST;sp|P25608|YCZ2_YEAST;sp|P54007|YL460_YEAST,ProtoWT_H_vs_AuxoWT_H,NA,NA,NA
sp|P53920|NM111_YEAST,ProtoWT_H_vs_AuxoWT_H,NA,NA,NA
sp|P53927|NOP15_YEAST,ProtoWT_H_vs_AuxoWT_H,NA,NA,NA
sp|P53941|IMP4_YEAST,ProtoWT_H_vs_AuxoWT_H,NA,NA,NA
sp|P53981|YNB0_YEAST,ProtoWT_H_vs_AuxoWT_H,NA,NA,NA
sp|P54113|PUR91_YEAST,ProtoWT_H_vs_AuxoWT_H,NA,NA,NA
sp|P54115|ALDH6_YEAST,ProtoWT_H_vs_AuxoWT_H,135.57,NA,154.28
sp|P54838|DAK1_YEAST,ProtoWT_H_vs_AuxoWT_H,NA,NA,NA
sp|P54839|HMCS_YEAST,ProtoWT_H_vs_AuxoWT_H,6.3394,6.3394,NA
sp|P54885|PROA_YEAST,ProtoWT_H_vs_AuxoWT_H,NA,NA,NA
sp|P60010|ACT_YEAST,ProtoWT_H_vs_AuxoWT_H,16.715,0.49817,19.951
sp|P61830|H3_YEAST,ProtoWT_H_vs_AuxoWT_H,NA,NA,NA
sp|P80210|PURA_YEAST,ProtoWT_H_vs_AuxoWT_H,NA,NA,NA
sp|P80967|TOM5_YEAST,ProtoWT_H_vs_AuxoWT_H,NA,NA,NA
sp|P87108|TIM10_YEAST,ProtoWT_H_vs_AuxoWT_H,NA,NA,NA
sp|P87262|RL34A_YEAST,ProtoWT_H_vs_AuxoWT_H,NA,NA,NA
sp|Q00055|GPD1_YEAST,ProtoWT_H_vs_AuxoWT_H,0.084047,0.40112,NA
sp|Q00245|RHO3_YEAST,ProtoWT_H_vs_AuxoWT_H,NA,NA,NA
sp|Q00402|NUM1_YEAST,ProtoWT_H_vs_AuxoWT_H,NA,NA,NA
sp|Q00764|TPS1_YEAST,ProtoWT_H_vs_AuxoWT_H,NA,NA,NA
sp|Q00955|ACAC_YEAST,ProtoWT_H_vs_AuxoWT_H,5.1847,1.5106,10.973
sp|Q01080|RPA49_YEAST,ProtoWT_H_vs_AuxoWT_H,NA,NA,NA
sp|Q01532|BLH1_YEAST,ProtoWT_H_vs_AuxoWT_H,NA,NA,NA
sp|Q01560|NOP3_YEAST,ProtoWT_H_vs_AuxoWT_H,NA,NA,NA
sp|Q01662|MAP1_YEAST,ProtoWT_H_vs_AuxoWT_H,NA,NA,NA
sp|Q01852|TIM44_YEAST,ProtoWT_H_vs_AuxoWT_H,NA,NA,NA
sp|Q01855|RS15_YEAST,ProtoWT_H_vs_AuxoWT_H,32.16,NA,32.812
sp|Q01939|PRS8_YEAST,ProtoWT_H_vs_AuxoWT_H,NA,NA,NA
sp|Q02326|RL6A_YEAST,ProtoWT_H_vs_AuxoWT_H,17.556,NA,87.928
sp|Q02486|ABF2_YEAST,ProtoWT_H_vs_AuxoWT_H,0.63727,NA,NA
sp|Q02642|NACB1_YEAST,ProtoWT_H_vs_AuxoWT_H,2.6776,5.6884,NA
sp|Q02725|VTC3_YEAST,ProtoWT_H_vs_AuxoWT_H,NA,NA,NA
sp|Q02753|RL21A_YEAST,ProtoWT_H_vs_AuxoWT_H,6.2819,1.9112,70.99
sp|Q02795|OSTD_YEAST,ProtoWT_H_vs_AuxoWT_H,NA,NA,NA
sp|Q02821|IMA1_YEAST,ProtoWT_H_vs_AuxoWT_H,NA,NA,NA
sp|Q02892|NOG1_YEAST,ProtoWT_H_vs_AuxoWT_H,NA,NA,NA
sp|Q02931|UTP17_YEAST,ProtoWT_H_vs_AuxoWT_H,NA,NA,NA
sp|Q03048|COFI_YEAST,ProtoWT_H_vs_AuxoWT_H,0.56226,NA,NA
sp|Q03161|YMY9_YEAST,ProtoWT_H_vs_AuxoWT_H,NA,NA,NA
sp|Q03195|RLI1_YEAST,ProtoWT_H_vs_AuxoWT_H,3.7248,NA,NA
sp|Q03220|CTL1_YEAST,ProtoWT_H_vs_AuxoWT_H,NA,NA,NA
sp|Q03532|HAS1_YEAST,ProtoWT_H_vs_AuxoWT_H,1.8777,NA,NA
sp|Q03558|OYE2_YEAST,ProtoWT_H_vs_AuxoWT_H,13.272,NA,2.3437
sp|Q03640|TCB3_YEAST,ProtoWT_H_vs_AuxoWT_H,NA,NA,NA
sp|Q03667|MIX17_YEAST,ProtoWT_H_vs_AuxoWT_H,NA,NA,NA
sp|Q03690|CLU_YEAST,ProtoWT_H_vs_AuxoWT_H,NA,NA,NA
sp|Q03771|ACL4_YEAST,ProtoWT_H_vs_AuxoWT_H,NA,NA,NA
sp|Q03855|YD11B_YEAST;sp|P0C2I2|YD14B_YEAST;sp|P0C2J0|YP13B_YEAST;sp|Q92393|YO12B_YEAST;sp|Q04670|YM14B_YEAST;sp|O13535|YH11B_YEAST;sp|Q99231|YD12B_YEAST;sp|Q12316|YG13B_YEAST;sp|Q12088|YL11B_YEAST;sp|Q03619|YE12B_YEAST;sp|Q04711|YM11B_YEAST;sp|P0C2J1|YP14B_YEAST;sp|P0C2I7|YL14B_YEAST;sp|Q12193|YB12B_YEAST;sp|Q12273|YO11B_YEAST;sp|O13527|YA11B_YEAST;sp|Q12501|YO22B_YEAST;sp|Q12491|YB21B_YEAST;sp|Q12472|YD21B_YEAST;sp|Q12337|YG21B_YEAST;sp|Q03494|YD22B_YEAST;sp|P25384|YC21B_YEAST;sp|P0CX64|YG22B_YEAST;sp|P0CX63|YF21B_YEAST;sp|P0C2J3|YL21B_YEAST;sp|P0C2J5|YL22B_YEAST;sp|Q12113|YO21B_YEAST,ProtoWT_H_vs_AuxoWT_H,NA,NA,NA
sp|Q03940|RUVB1_YEAST,ProtoWT_H_vs_AuxoWT_H,NA,NA,NA
sp|Q03973|HMO1_YEAST,ProtoWT_H_vs_AuxoWT_H,NA,NA,NA
sp|Q04062|RPN9_YEAST,ProtoWT_H_vs_AuxoWT_H,NA,NA,NA
sp|Q04067|EIF3G_YEAST,ProtoWT_H_vs_AuxoWT_H,NA,NA,NA
sp|Q04178|HPRT_YEAST,ProtoWT_H_vs_AuxoWT_H,NA,NA,NA
sp|Q04225|RRB1_YEAST,ProtoWT_H_vs_AuxoWT_H,NA,NA,NA
sp|Q04305|UTP15_YEAST,ProtoWT_H_vs_AuxoWT_H,NA,NA,NA
sp|Q04344|HNT1_YEAST,ProtoWT_H_vs_AuxoWT_H,NA,NA,NA
sp|Q04373|PUF6_YEAST,ProtoWT_H_vs_AuxoWT_H,NA,NA,NA
sp|Q04432|HSP31_YEAST,ProtoWT_H_vs_AuxoWT_H,NA,NA,NA
sp|Q04491|SEC13_YEAST,ProtoWT_H_vs_AuxoWT_H,NA,NA,NA
sp|Q04636|POB3_YEAST,ProtoWT_H_vs_AuxoWT_H,NA,NA,NA
sp|Q04660|ERB1_YEAST,ProtoWT_H_vs_AuxoWT_H,NA,NA,NA
sp|Q04697|GSF2_YEAST,ProtoWT_H_vs_AuxoWT_H,7.9322,NA,NA
sp|Q04728|ARGJ_YEAST,ProtoWT_H_vs_AuxoWT_H,NA,NA,NA
sp|Q04869|YM94_YEAST,ProtoWT_H_vs_AuxoWT_H,NA,NA,NA
sp|Q04894|ADH6_YEAST,ProtoWT_H_vs_AuxoWT_H,NA,NA,NA
sp|Q04947|RTN1_YEAST,ProtoWT_H_vs_AuxoWT_H,NA,NA,NA
sp|Q04951|SCW10_YEAST,ProtoWT_H_vs_AuxoWT_H,NA,NA,NA
sp|Q05016|YM71_YEAST,ProtoWT_H_vs_AuxoWT_H,NA,NA,NA
sp|Q05022|RRP5_YEAST,ProtoWT_H_vs_AuxoWT_H,NA,NA,NA
sp|Q05050|EIS1_YEAST,ProtoWT_H_vs_AuxoWT_H,NA,NA,NA
sp|Q05359|ERP1_YEAST,ProtoWT_H_vs_AuxoWT_H,NA,NA,NA
sp|Q05506|SYRC_YEAST,ProtoWT_H_vs_AuxoWT_H,NA,NA,NA
sp|Q05515|SVF1_YEAST,ProtoWT_H_vs_AuxoWT_H,NA,NA,NA
sp|Q05584|GLO2_YEAST,ProtoWT_H_vs_AuxoWT_H,NA,NA,NA
sp|Q05672|RBS1_YEAST,ProtoWT_H_vs_AuxoWT_H,NA,NA,NA
sp|Q05775|EIF3J_YEAST,ProtoWT_H_vs_AuxoWT_H,NA,NA,NA
sp|Q05788|PNPH_YEAST,ProtoWT_H_vs_AuxoWT_H,NA,NA,NA
sp|Q05905|HRI1_YEAST,ProtoWT_H_vs_AuxoWT_H,NA,NA,NA
sp|Q05911|PUR8_YEAST,ProtoWT_H_vs_AuxoWT_H,3.0296,NA,0.58187
sp|Q06089|YP098_YEAST,ProtoWT_H_vs_AuxoWT_H,NA,NA,NA
sp|Q06103|RPN7_YEAST,ProtoWT_H_vs_AuxoWT_H,NA,NA,NA
sp|Q06142|IMB1_YEAST,ProtoWT_H_vs_AuxoWT_H,NA,NA,NA
sp|Q06252|YL179_YEAST,ProtoWT_H_vs_AuxoWT_H,NA,NA,NA
sp|Q06440|CORO_YEAST,ProtoWT_H_vs_AuxoWT_H,NA,NA,NA
sp|Q06489|MTNA_YEAST,ProtoWT_H_vs_AuxoWT_H,NA,NA,NA
sp|Q06511|RRP15_YEAST,ProtoWT_H_vs_AuxoWT_H,NA,NA,NA
sp|Q06543|GPN3_YEAST,ProtoWT_H_vs_AuxoWT_H,NA,NA,NA
sp|Q06706|ELP1_YEAST,ProtoWT_H_vs_AuxoWT_H,NA,NA,NA
sp|Q07362|PBP4_YEAST,ProtoWT_H_vs_AuxoWT_H,NA,NA,NA
sp|Q07451|YET3_YEAST,ProtoWT_H_vs_AuxoWT_H,NA,NA,NA
sp|Q07478|SUB2_YEAST,ProtoWT_H_vs_AuxoWT_H,4.6602,NA,4.6602
sp|Q07541|YD121_YEAST,ProtoWT_H_vs_AuxoWT_H,NA,NA,NA
sp|Q07551|KAR_YEAST,ProtoWT_H_vs_AuxoWT_H,NA,NA,NA
sp|Q07807|PUF3_YEAST,ProtoWT_H_vs_AuxoWT_H,NA,NA,NA
sp|Q07915|RLP24_YEAST,ProtoWT_H_vs_AuxoWT_H,4.3592,NA,NA
sp|Q07938|MTAP_YEAST,ProtoWT_H_vs_AuxoWT_H,NA,NA,NA
sp|Q07953|SDO1_YEAST,ProtoWT_H_vs_AuxoWT_H,NA,NA,NA
sp|Q08208|NOP12_YEAST,ProtoWT_H_vs_AuxoWT_H,0.19607,NA,NA
sp|Q08245|ZEO1_YEAST,ProtoWT_H_vs_AuxoWT_H,NA,NA,NA
sp|Q08421|ETT1_YEAST,ProtoWT_H_vs_AuxoWT_H,NA,NA,NA
sp|Q08601|MCA1_YEAST,ProtoWT_H_vs_AuxoWT_H,NA,NA,NA
sp|Q08647|PUS7_YEAST,ProtoWT_H_vs_AuxoWT_H,2.3739,NA,NA
sp|Q08723|RPN8_YEAST,ProtoWT_H_vs_AuxoWT_H,NA,NA,NA
sp|Q08745|RS10A_YEAST;sp|P46784|RS10B_YEAST,ProtoWT_H_vs_AuxoWT_H,2.7746,2.7746,NA
sp|Q08965|BMS1_YEAST,ProtoWT_H_vs_AuxoWT_H,NA,NA,NA
sp|Q08971|YP225_YEAST,ProtoWT_H_vs_AuxoWT_H,NA,NA,NA
sp|Q08972|NEW1_YEAST,ProtoWT_H_vs_AuxoWT_H,5.1285,7.666,3.476
sp|Q08977|YP260_YEAST,ProtoWT_H_vs_AuxoWT_H,NA,NA,NA
sp|Q12019|MDN1_YEAST,ProtoWT_H_vs_AuxoWT_H,NA,NA,NA
sp|Q12024|YTM1_YEAST,ProtoWT_H_vs_AuxoWT_H,NA,NA,NA
sp|Q12060|HFI1_YEAST,ProtoWT_H_vs_AuxoWT_H,NA,NA,NA
sp|Q12074|SPEE_YEAST,ProtoWT_H_vs_AuxoWT_H,9.6041,NA,9.6041
sp|Q12109|SYWC_YEAST,ProtoWT_H_vs_AuxoWT_H,NA,NA,NA
sp|Q12112|YN11B_YEAST;sp|Q12391|YN11A_YEAST,ProtoWT_H_vs_AuxoWT_H,NA,NA,NA
sp|Q12117|MRH1_YEAST,ProtoWT_H_vs_AuxoWT_H,NA,NA,NA
sp|Q12118|SGT2_YEAST,ProtoWT_H_vs_AuxoWT_H,5.2394,5.3056,NA
sp|Q12122|HOSM_YEAST,ProtoWT_H_vs_AuxoWT_H,4.8908,0.25796,NA
sp|Q12125|GET4_YEAST,ProtoWT_H_vs_AuxoWT_H,NA,NA,NA
sp|Q12154|GET3_YEAST,ProtoWT_H_vs_AuxoWT_H,NA,NA,NA
sp|Q12159|YRA1_YEAST,ProtoWT_H_vs_AuxoWT_H,NA,NA,NA
sp|Q12166|LEU9_YEAST,ProtoWT_H_vs_AuxoWT_H,NA,NA,NA
sp|Q12176|MAK21_YEAST,ProtoWT_H_vs_AuxoWT_H,NA,NA,NA
sp|Q12178|FCY1_YEAST,ProtoWT_H_vs_AuxoWT_H,NA,NA,NA
sp|Q12189|RPIA_YEAST,ProtoWT_H_vs_AuxoWT_H,NA,NA,NA
sp|Q12211|PUS1_YEAST,ProtoWT_H_vs_AuxoWT_H,NA,NA,NA
sp|Q12230|LSP1_YEAST,ProtoWT_H_vs_AuxoWT_H,6.1244,NA,6.1244
sp|Q12250|RPN5_YEAST,ProtoWT_H_vs_AuxoWT_H,NA,NA,NA
sp|Q12265|KPR5_YEAST,ProtoWT_H_vs_AuxoWT_H,NA,NA,NA
sp|Q12269|YG12B_YEAST;sp|Q03434|YM12B_YEAST;sp|P47098|YJ11B_YEAST;sp|P0C2I6|YL13B_YEAST;sp|Q12141|YG11B_YEAST;sp|P47100|YJ12B_YEAST,ProtoWT_H_vs_AuxoWT_H,NA,NA,NA
sp|Q12285|MDY2_YEAST,ProtoWT_H_vs_AuxoWT_H,NA,NA,NA
sp|Q12306|SMT3_YEAST,ProtoWT_H_vs_AuxoWT_H,NA,NA,NA
sp|Q12314|SFM1_YEAST,ProtoWT_H_vs_AuxoWT_H,NA,NA,NA
sp|Q12335|PST2_YEAST,ProtoWT_H_vs_AuxoWT_H,NA,NA,NA
sp|Q12363|WTM1_YEAST,ProtoWT_H_vs_AuxoWT_H,NA,NA,NA
sp|Q12377|RPN6_YEAST,ProtoWT_H_vs_AuxoWT_H,4.5287,NA,4.5287
sp|Q12402|YOP1_YEAST,ProtoWT_H_vs_AuxoWT_H,NA,NA,NA
sp|Q12414|YP11B_YEAST;sp|Q03612|YE11B_YEAST;sp|P0C2I9|YP12B_YEAST;sp|P0C2I5|YL12B_YEAST;sp|P0C2I3|YD15B_YEAST;sp|Q07793|YD13B_YEAST;sp|Q99337|YN12B_YEAST,ProtoWT_H_vs_AuxoWT_H,3.4392,2.7285,3.4392
sp|Q12447|PAA1_YEAST,ProtoWT_H_vs_AuxoWT_H,NA,NA,NA
sp|Q12458|YPR1_YEAST,ProtoWT_H_vs_AuxoWT_H,NA,NA,NA
sp|Q12460|NOP56_YEAST,ProtoWT_H_vs_AuxoWT_H,1.2116,NA,NA
sp|Q12464|RUVB2_YEAST,ProtoWT_H_vs_AuxoWT_H,NA,NA,NA
sp|Q12499|NOP58_YEAST,ProtoWT_H_vs_AuxoWT_H,10.507,6.6339,10.507
sp|Q12515|PAR32_YEAST,ProtoWT_H_vs_AuxoWT_H,NA,NA,NA
sp|Q12522|IF6_YEAST,ProtoWT_H_vs_AuxoWT_H,NA,NA,NA
sp|Q12672|RL21B_YEAST,ProtoWT_H_vs_AuxoWT_H,2.1029,NA,NA
sp|Q12680|GLT1_YEAST,ProtoWT_H_vs_AuxoWT_H,NA,NA,NA
sp|Q12690|RL13A_YEAST;sp|P40212|RL13B_YEAST,ProtoWT_H_vs_AuxoWT_H,5.8816,NA,4.3967
sp|Q3E747|YL363_YEAST,ProtoWT_H_vs_AuxoWT_H,NA,NA,NA
sp|Q3E754|RS21B_YEAST,ProtoWT_H_vs_AuxoWT_H,10.945,4.5822,13.668
sp|Q3E757|RL11B_YEAST,ProtoWT_H_vs_AuxoWT_H,12.347,12.143,25.892
sp|Q3E764|TMA7_YEAST,ProtoWT_H_vs_AuxoWT_H,NA,NA,NA
sp|Q3E772|YG169_YEAST,ProtoWT_H_vs_AuxoWT_H,NA,NA,NA
sp|Q3E792|RS25A_YEAST,ProtoWT_H_vs_AuxoWT_H,16.406,NA,14.925
sp|Q3E7X9|RS28A_YEAST,ProtoWT_H_vs_AuxoWT_H,94.479,NA,8.0098
sp|Q3E7Y3|RS22B_YEAST;sp|P0C0W1|RS22A_YEAST,ProtoWT_H_vs_AuxoWT_H,8.8518,2.2957,11.902
sp|Q6Q547|NOP10_YEAST,ProtoWT_H_vs_AuxoWT_H,NA,NA,NA
sp|Q99207|NOP14_YEAST,ProtoWT_H_vs_AuxoWT_H,NA,NA,NA
sp|Q99216|PNO1_YEAST,ProtoWT_H_vs_AuxoWT_H,NA,NA,NA
sp|Q99297|ODC2_YEAST,ProtoWT_H_vs_AuxoWT_H,NA,NA,NA
sp|Q99383|HRP1_YEAST,ProtoWT_H_vs_AuxoWT_H,NA,NA,NA
sp|A5Z2X5|YP010_YEAST,ProtoWT_H_vs_rim15_M,NA,NA,NA
sp|O13563|RPN13_YEAST,ProtoWT_H_vs_rim15_M,NA,NA,NA
sp|O14455|RL36B_YEAST,ProtoWT_H_vs_rim15_M,NA,NA,NA
sp|O14467|MBF1_YEAST,ProtoWT_H_vs_rim15_M,NA,NA,NA
sp|O43137|YB085_YEAST,ProtoWT_H_vs_rim15_M,NA,NA,NA
sp|O74700|TIM9_YEAST,ProtoWT_H_vs_rim15_M,NA,NA,NA
sp|O94742|SEM1_YEAST,ProtoWT_H_vs_rim15_M,NA,NA,NA
sp|P00044|CYC1_YEAST,ProtoWT_H_vs_rim15_M,NA,NA,NA
sp|P00128|QCR7_YEAST,ProtoWT_H_vs_rim15_M,NA,NA,NA
sp|P00330|ADH1_YEAST;sp|P00331|ADH2_YEAST,ProtoWT_H_vs_rim15_M,NA,NA,NA
sp|P00358|G3P2_YEAST,ProtoWT_H_vs_rim15_M,NA,NA,NA
sp|P00359|G3P3_YEAST,ProtoWT_H_vs_rim15_M,NA,NA,NA
sp|P00360|G3P1_YEAST,ProtoWT_H_vs_rim15_M,NA,NA,NA
sp|P00410|COX2_YEAST,ProtoWT_H_vs_rim15_M,NA,NA,NA
sp|P00425|COX5B_YEAST;sp|P00424|COX5A_YEAST,ProtoWT_H_vs_rim15_M,NA,NA,NA
sp|P00427|COX6_YEAST,ProtoWT_H_vs_rim15_M,NA,NA,NA
sp|P00431|CCPR_YEAST,ProtoWT_H_vs_rim15_M,NA,NA,NA
sp|P00445|SODC_YEAST,ProtoWT_H_vs_rim15_M,NA,NA,NA
sp|P00447|SODM_YEAST,ProtoWT_H_vs_rim15_M,NA,NA,NA
sp|P00498|HIS1_YEAST,ProtoWT_H_vs_rim15_M,NA,NA,NA
sp|P00546|CDK1_YEAST,ProtoWT_H_vs_rim15_M,NA,NA,NA
sp|P00549|KPYK1_YEAST,ProtoWT_H_vs_rim15_M,NA,NA,NA
sp|P00560|PGK_YEAST,ProtoWT_H_vs_rim15_M,NA,NA,NA
sp|P00635|PPA5_YEAST,ProtoWT_H_vs_rim15_M,NA,NA,NA
sp|P00724|INV2_YEAST,ProtoWT_H_vs_rim15_M,NA,NA,NA
sp|P00729|CBPY_YEAST,ProtoWT_H_vs_rim15_M,NA,NA,NA
sp|P00812|ARGI_YEAST,ProtoWT_H_vs_rim15_M,NA,NA,NA
sp|P00815|HIS2_YEAST,ProtoWT_H_vs_rim15_M,NA,NA,NA
sp|P00817|IPYR_YEAST,ProtoWT_H_vs_rim15_M,NA,NA,NA
sp|P00830|ATPB_YEAST,ProtoWT_H_vs_rim15_M,NA,NA,NA
sp|P00890|CISY1_YEAST,ProtoWT_H_vs_rim15_M,NA,NA,NA
sp|P00899|TRPE_YEAST,ProtoWT_H_vs_rim15_M,NA,NA,NA
sp|P00924|ENO1_YEAST,ProtoWT_H_vs_rim15_M,NA,NA,NA
sp|P00925|ENO2_YEAST,ProtoWT_H_vs_rim15_M,NA,NA,NA
sp|P00927|THDH_YEAST,ProtoWT_H_vs_rim15_M,NA,NA,NA
sp|P00931|TRP_YEAST,ProtoWT_H_vs_rim15_M,NA,NA,NA
sp|P00937|TRPG_YEAST,ProtoWT_H_vs_rim15_M,NA,NA,NA
sp|P00942|TPIS_YEAST,ProtoWT_H_vs_rim15_M,NA,NA,NA
sp|P00950|PMG1_YEAST,ProtoWT_H_vs_rim15_M,NA,NA,NA
sp|P00958|SYMC_YEAST,ProtoWT_H_vs_rim15_M,NA,NA,NA
sp|P01097|ATIF_YEAST,ProtoWT_H_vs_rim15_M,NA,NA,NA
sp|P01119|RAS1_YEAST,ProtoWT_H_vs_rim15_M,NA,NA,NA
sp|P01120|RAS2_YEAST,ProtoWT_H_vs_rim15_M,NA,NA,NA
sp|P01123|YPT1_YEAST,ProtoWT_H_vs_rim15_M,NA,NA,NA
sp|P02294|H2B2_YEAST;sp|P02293|H2B1_YEAST,ProtoWT_H_vs_rim15_M,NA,NA,NA
sp|P02309|H4_YEAST,ProtoWT_H_vs_rim15_M,NA,NA,NA
sp|P02400|RLA4_YEAST,ProtoWT_H_vs_rim15_M,NA,NA,NA
sp|P02406|RL28_YEAST,ProtoWT_H_vs_rim15_M,NA,NA,NA
sp|P02557|TBB_YEAST,ProtoWT_H_vs_rim15_M,NA,NA,NA
sp|P02829|HSP82_YEAST,ProtoWT_H_vs_rim15_M,NA,NA,NA
sp|P02992|EFTU_YEAST,ProtoWT_H_vs_rim15_M,NA,NA,NA
sp|P02994|EF1A_YEAST,ProtoWT_H_vs_rim15_M,NA,NA,NA
sp|P03872|REP2_YEAST,ProtoWT_H_vs_rim15_M,NA,NA,NA
sp|P03962|PYRF_YEAST,ProtoWT_H_vs_rim15_M,NA,NA,NA
sp|P03965|CARB_YEAST,ProtoWT_H_vs_rim15_M,NA,NA,NA
sp|P04037|COX4_YEAST,ProtoWT_H_vs_rim15_M,NA,NA,NA
sp|P04046|PUR1_YEAST,ProtoWT_H_vs_rim15_M,NA,NA,NA
sp|P04050|RPB1_YEAST,ProtoWT_H_vs_rim15_M,NA,NA,NA
sp|P04051|RPC1_YEAST,ProtoWT_H_vs_rim15_M,NA,NA,NA
sp|P04076|ARLY_YEAST,ProtoWT_H_vs_rim15_M,NA,NA,NA
sp|P04147|PABP_YEAST,ProtoWT_H_vs_rim15_M,NA,NA,NA
sp|P04161|PUR3_YEAST,ProtoWT_H_vs_rim15_M,NA,NA,NA
sp|P04173|LEU3_YEAST,ProtoWT_H_vs_rim15_M,NA,NA,NA
sp|P04449|RL24A_YEAST,ProtoWT_H_vs_rim15_M,NA,NA,NA
sp|P04456|RL25_YEAST,ProtoWT_H_vs_rim15_M,NA,NA,NA
sp|P04710|ADT1_YEAST,ProtoWT_H_vs_rim15_M,NA,NA,NA
sp|P04786|TOP1_YEAST,ProtoWT_H_vs_rim15_M,NA,NA,NA
sp|P04801|SYTC_YEAST,ProtoWT_H_vs_rim15_M,NA,NA,NA
sp|P04802|SYDC_YEAST,ProtoWT_H_vs_rim15_M,NA,NA,NA
sp|P04806|HXKA_YEAST,ProtoWT_H_vs_rim15_M,NA,NA,NA
sp|P04807|HXKB_YEAST,ProtoWT_H_vs_rim15_M,NA,NA,NA
sp|P04840|VDAC1_YEAST,ProtoWT_H_vs_rim15_M,NA,NA,NA
sp|P04912|H2A2_YEAST;sp|P04911|H2A1_YEAST,ProtoWT_H_vs_rim15_M,NA,NA,NA
sp|P05030|PMA1_YEAST;sp|P19657|PMA2_YEAST,ProtoWT_H_vs_rim15_M,NA,NA,NA
sp|P05150|OTC_YEAST,ProtoWT_H_vs_rim15_M,NA,NA,NA
sp|P05317|RLA0_YEAST,ProtoWT_H_vs_rim15_M,NA,NA,NA
sp|P05318|RLA1_YEAST,ProtoWT_H_vs_rim15_M,NA,NA,NA
sp|P05319|RLA2_YEAST,ProtoWT_H_vs_rim15_M,NA,NA,NA
sp|P05373|HEM2_YEAST,ProtoWT_H_vs_rim15_M,NA,NA,NA
sp|P05374|CHO2_YEAST,ProtoWT_H_vs_rim15_M,NA,NA,NA
sp|P05375|PLMT_YEAST,ProtoWT_H_vs_rim15_M,NA,NA,NA
sp|P05453|ERF3_YEAST,ProtoWT_H_vs_rim15_M,NA,NA,NA
sp|P05626|ATPF_YEAST,ProtoWT_H_vs_rim15_M,NA,NA,NA
sp|P05694|METE_YEAST,ProtoWT_H_vs_rim15_M,NA,NA,NA
sp|P05737|RL7A_YEAST;sp|Q12213|RL7B_YEAST,ProtoWT_H_vs_rim15_M,NA,NA,NA
sp|P05738|RL9A_YEAST,ProtoWT_H_vs_rim15_M,NA,NA,NA
sp|P05739|RL6B_YEAST,ProtoWT_H_vs_rim15_M,NA,NA,NA
sp|P05740|RL17A_YEAST,ProtoWT_H_vs_rim15_M,NA,NA,NA
sp|P05743|RL26A_YEAST,ProtoWT_H_vs_rim15_M,NA,NA,NA
sp|P05744|RL33A_YEAST,ProtoWT_H_vs_rim15_M,NA,NA,NA
sp|P05745|RL36A_YEAST,ProtoWT_H_vs_rim15_M,NA,NA,NA
sp|P05748|RL15A_YEAST;sp|P54780|RL15B_YEAST,ProtoWT_H_vs_rim15_M,NA,NA,NA
sp|P05749|RL22A_YEAST,ProtoWT_H_vs_rim15_M,NA,NA,NA
sp|P05750|RS3_YEAST,ProtoWT_H_vs_rim15_M,NA,NA,NA
sp|P05755|RS9B_YEAST;sp|O13516|RS9A_YEAST,ProtoWT_H_vs_rim15_M,NA,NA,NA
sp|P05756|RS13_YEAST,ProtoWT_H_vs_rim15_M,NA,NA,NA
sp|P05759|RS31_YEAST;sp|P0CH09|RL40B_YEAST;sp|P0CH08|RL40A_YEAST;sp|P0CG63|UBI4P_YEAST,ProtoWT_H_vs_rim15_M,NA,NA,NA
sp|P06101|CDC37_YEAST,ProtoWT_H_vs_rim15_M,NA,NA,NA
sp|P06102|NOT3_YEAST,ProtoWT_H_vs_rim15_M,NA,NA,NA
sp|P06103|EIF3B_YEAST,ProtoWT_H_vs_rim15_M,NA,NA,NA
sp|P06105|SC160_YEAST,ProtoWT_H_vs_rim15_M,NA,NA,NA
sp|P06106|CYSD_YEAST,ProtoWT_H_vs_rim15_M,NA,NA,NA
sp|P06168|ILV5_YEAST,ProtoWT_H_vs_rim15_M,NA,NA,NA
sp|P06169|PDC1_YEAST;sp|P16467|PDC5_YEAST;sp|P26263|PDC6_YEAST,ProtoWT_H_vs_rim15_M,NA,NA,NA
sp|P06208|LEU1_YEAST,ProtoWT_H_vs_rim15_M,NA,NA,NA
sp|P06367|RS14A_YEAST,ProtoWT_H_vs_rim15_M,NA,NA,NA
sp|P06633|HIS7_YEAST,ProtoWT_H_vs_rim15_M,NA,NA,NA
sp|P06634|DED1_YEAST;sp|P24784|DBP1_YEAST,ProtoWT_H_vs_rim15_M,NA,NA,NA
sp|P06704|CDC31_YEAST,ProtoWT_H_vs_rim15_M,NA,NA,NA
sp|P06738|PHSG_YEAST,ProtoWT_H_vs_rim15_M,NA,NA,NA
sp|P06773|DCTD_YEAST,ProtoWT_H_vs_rim15_M,NA,NA,NA
sp|P06780|RHO1_YEAST,ProtoWT_H_vs_rim15_M,NA,NA,NA
sp|P06781|RHO2_YEAST,ProtoWT_H_vs_rim15_M,NA,NA,NA
sp|P06782|SNF1_YEAST,ProtoWT_H_vs_rim15_M,NA,NA,NA
sp|P06785|TYSY_YEAST,ProtoWT_H_vs_rim15_M,NA,NA,NA
sp|P06786|TOP2_YEAST,ProtoWT_H_vs_rim15_M,NA,NA,NA
sp|P06787|CALM_YEAST,ProtoWT_H_vs_rim15_M,NA,NA,NA
sp|P07143|CY1_YEAST,ProtoWT_H_vs_rim15_M,NA,NA,NA
sp|P07149|FAS1_YEAST,ProtoWT_H_vs_rim15_M,NA,NA,NA
sp|P07170|KAD2_YEAST,ProtoWT_H_vs_rim15_M,NA,NA,NA
sp|P07213|TOM70_YEAST,ProtoWT_H_vs_rim15_M,NA,NA,NA
sp|P07244|PUR2_YEAST,ProtoWT_H_vs_rim15_M,NA,NA,NA
sp|P07245|C1TC_YEAST,ProtoWT_H_vs_rim15_M,NA,NA,NA
sp|P07246|ADH3_YEAST,ProtoWT_H_vs_rim15_M,NA,NA,NA
sp|P07248|ADR1_YEAST,ProtoWT_H_vs_rim15_M,NA,NA,NA
sp|P07251|ATPA_YEAST,ProtoWT_H_vs_rim15_M,NA,NA,NA
sp|P07255|COX9_YEAST,ProtoWT_H_vs_rim15_M,NA,NA,NA
sp|P07256|QCR1_YEAST,ProtoWT_H_vs_rim15_M,NA,NA,NA
sp|P07257|QCR2_YEAST,ProtoWT_H_vs_rim15_M,NA,NA,NA
sp|P07258|CARA_YEAST,ProtoWT_H_vs_rim15_M,NA,NA,NA
sp|P07259|PYR1_YEAST,ProtoWT_H_vs_rim15_M,NA,NA,NA
sp|P07260|IF4E_YEAST,ProtoWT_H_vs_rim15_M,NA,NA,NA
sp|P07262|DHE4_YEAST;sp|P39708|DHE5_YEAST,ProtoWT_H_vs_rim15_M,NA,NA,NA
sp|P07263|SYH_YEAST,ProtoWT_H_vs_rim15_M,NA,NA,NA
sp|P07264|LEUC_YEAST,ProtoWT_H_vs_rim15_M,NA,NA,NA
sp|P07267|CARP_YEAST,ProtoWT_H_vs_rim15_M,NA,NA,NA
sp|P07273|TFS2_YEAST,ProtoWT_H_vs_rim15_M,NA,NA,NA
sp|P07274|PROF_YEAST,ProtoWT_H_vs_rim15_M,NA,NA,NA
sp|P07275|PUT2_YEAST,ProtoWT_H_vs_rim15_M,NA,NA,NA
sp|P07277|KIME_YEAST,ProtoWT_H_vs_rim15_M,NA,NA,NA
sp|P07278|KAPR_YEAST,ProtoWT_H_vs_rim15_M,NA,NA,NA
sp|P07281|RS19B_YEAST;sp|P07280|RS19A_YEAST,ProtoWT_H_vs_rim15_M,NA,NA,NA
sp|P07283|PMM_YEAST,ProtoWT_H_vs_rim15_M,NA,NA,NA
sp|P07284|SYSC_YEAST,ProtoWT_H_vs_rim15_M,NA,NA,NA
sp|P07285|TRPD_YEAST,ProtoWT_H_vs_rim15_M,NA,NA,NA
sp|P07342|ILVB_YEAST,ProtoWT_H_vs_rim15_M,NA,NA,NA
sp|P07347|ARD1_YEAST,ProtoWT_H_vs_rim15_M,NA,NA,NA
sp|P07560|SEC4_YEAST,ProtoWT_H_vs_rim15_M,NA,NA,NA
sp|P07702|LYS2_YEAST,ProtoWT_H_vs_rim15_M,NA,NA,NA
sp|P07703|RPAC1_YEAST,ProtoWT_H_vs_rim15_M,NA,NA,NA
sp|P07806|SYV_YEAST,ProtoWT_H_vs_rim15_M,NA,NA,NA
sp|P07866|LTE1_YEAST,ProtoWT_H_vs_rim15_M,NA,NA,NA
sp|P07991|OAT_YEAST,ProtoWT_H_vs_rim15_M,NA,NA,NA
sp|P08018|PBS2_YEAST,ProtoWT_H_vs_rim15_M,NA,NA,NA
sp|P08067|UCRI_YEAST,ProtoWT_H_vs_rim15_M,NA,NA,NA
sp|P08417|FUMH_YEAST,ProtoWT_H_vs_rim15_M,NA,NA,NA
sp|P08432|DCOR_YEAST,ProtoWT_H_vs_rim15_M,NA,NA,NA
sp|P08466|NUC1_YEAST,ProtoWT_H_vs_rim15_M,NA,NA,NA
sp|P08518|RPB2_YEAST,ProtoWT_H_vs_rim15_M,NA,NA,NA
sp|P08524|FPPS_YEAST,ProtoWT_H_vs_rim15_M,NA,NA,NA
sp|P08539|GPA1_YEAST,ProtoWT_H_vs_rim15_M,NA,NA,NA
sp|P08566|ARO1_YEAST,ProtoWT_H_vs_rim15_M,NA,NA,NA
sp|P08679|CISY2_YEAST,ProtoWT_H_vs_rim15_M,NA,NA,NA
sp|P09032|EI2BG_YEAST,ProtoWT_H_vs_rim15_M,NA,NA,NA
sp|P09064|IF2B_YEAST,ProtoWT_H_vs_rim15_M,NA,NA,NA
sp|P09232|PRTB_YEAST,ProtoWT_H_vs_rim15_M,NA,NA,NA
sp|P09436|SYIC_YEAST,ProtoWT_H_vs_rim15_M,NA,NA,NA
sp|P09440|C1TM_YEAST,ProtoWT_H_vs_rim15_M,NA,NA,NA
sp|P09457|ATPO_YEAST,ProtoWT_H_vs_rim15_M,NA,NA,NA
sp|P09620|KEX1_YEAST,ProtoWT_H_vs_rim15_M,NA,NA,NA
sp|P09624|DLDH_YEAST,ProtoWT_H_vs_rim15_M,NA,NA,NA
sp|P09733|TBA1_YEAST,ProtoWT_H_vs_rim15_M,NA,NA,NA
sp|P09880|TRNL_YEAST,ProtoWT_H_vs_rim15_M,NA,NA,NA
sp|P09938|RIR2_YEAST,ProtoWT_H_vs_rim15_M,NA,NA,NA
sp|P09950|HEM1_YEAST,ProtoWT_H_vs_rim15_M,NA,NA,NA
sp|P0C2H7|RL27B_YEAST;sp|P0C2H6|RL27A_YEAST,ProtoWT_H_vs_rim15_M,NA,NA,NA
sp|P0C2H9|RL31B_YEAST;sp|P0C2H8|RL31A_YEAST,ProtoWT_H_vs_rim15_M,NA,NA,NA
sp|P0CS90|HSP77_YEAST;sp|P39987|HSP7E_YEAST,ProtoWT_H_vs_rim15_M,NA,NA,NA
sp|P0CT04|IPB2_YEAST,ProtoWT_H_vs_rim15_M,NA,NA,NA
sp|P0CX24|RL20B_YEAST;sp|P0CX23|RL20A_YEAST,ProtoWT_H_vs_rim15_M,NA,NA,NA
sp|P0CX26|RL43B_YEAST;sp|P0CX25|RL43A_YEAST,ProtoWT_H_vs_rim15_M,NA,NA,NA
sp|P0CX30|RS23B_YEAST;sp|P0CX29|RS23A_YEAST,ProtoWT_H_vs_rim15_M,NA,NA,NA
sp|P0CX32|RS24B_YEAST;sp|P0CX31|RS24A_YEAST,ProtoWT_H_vs_rim15_M,NA,NA,NA
sp|P0CX34|RS30B_YEAST;sp|P0CX33|RS30A_YEAST,ProtoWT_H_vs_rim15_M,NA,NA,NA
sp|P0CX36|RS4B_YEAST;sp|P0CX35|RS4A_YEAST,ProtoWT_H_vs_rim15_M,NA,NA,NA
sp|P0CX38|RS6B_YEAST;sp|P0CX37|RS6A_YEAST,ProtoWT_H_vs_rim15_M,NA,NA,NA
sp|P0CX40|RS8B_YEAST;sp|P0CX39|RS8A_YEAST,ProtoWT_H_vs_rim15_M,NA,NA,NA
sp|P0CX42|RL23B_YEAST;sp|P0CX41|RL23A_YEAST,ProtoWT_H_vs_rim15_M,NA,NA,NA
sp|P0CX44|RL1B_YEAST;sp|P0CX43|RL1A_YEAST,ProtoWT_H_vs_rim15_M,NA,NA,NA
sp|P0CX46|RL2B_YEAST;sp|P0CX45|RL2A_YEAST,ProtoWT_H_vs_rim15_M,NA,NA,NA
sp|P0CX48|RS11B_YEAST;sp|P0CX47|RS11A_YEAST,ProtoWT_H_vs_rim15_M,NA,NA,NA
sp|P0CX50|RL18B_YEAST;sp|P0CX49|RL18A_YEAST,ProtoWT_H_vs_rim15_M,NA,NA,NA
sp|P0CX52|RS16B_YEAST;sp|P0CX51|RS16A_YEAST,ProtoWT_H_vs_rim15_M,NA,NA,NA
sp|P0CX54|RL12B_YEAST;sp|P0CX53|RL12A_YEAST,ProtoWT_H_vs_rim15_M,NA,NA,NA
sp|P0CX56|RS18B_YEAST;sp|P0CX55|RS18A_YEAST,ProtoWT_H_vs_rim15_M,NA,NA,NA
sp|P0CX81|MTCU2_YEAST;sp|P0CX80|MTCU1_YEAST,ProtoWT_H_vs_rim15_M,NA,NA,NA
sp|P0CX83|RL19B_YEAST;sp|P0CX82|RL19A_YEAST,ProtoWT_H_vs_rim15_M,NA,NA,NA
sp|P0CX85|RL35B_YEAST;sp|P0CX84|RL35A_YEAST,ProtoWT_H_vs_rim15_M,NA,NA,NA
sp|P10080|SSBP1_YEAST,ProtoWT_H_vs_rim15_M,NA,NA,NA
sp|P10081|IF4A_YEAST,ProtoWT_H_vs_rim15_M,NA,NA,NA
sp|P10356|YEY2_YEAST,ProtoWT_H_vs_rim15_M,NA,NA,NA
sp|P10507|MPPB_YEAST,ProtoWT_H_vs_rim15_M,NA,NA,NA
sp|P10591|HSP71_YEAST;sp|P22202|HSP74_YEAST,ProtoWT_H_vs_rim15_M,NA,NA,NA
sp|P10592|HSP72_YEAST;sp|P09435|HSP73_YEAST,ProtoWT_H_vs_rim15_M,NA,NA,NA
sp|P10614|CP51_YEAST,ProtoWT_H_vs_rim15_M,NA,NA,NA
sp|P10622|RLA3_YEAST,ProtoWT_H_vs_rim15_M,NA,NA,NA
sp|P10659|METK1_YEAST,ProtoWT_H_vs_rim15_M,NA,NA,NA
sp|P10662|RT01_YEAST,ProtoWT_H_vs_rim15_M,NA,NA,NA
sp|P10664|RL4A_YEAST,ProtoWT_H_vs_rim15_M,NA,NA,NA
sp|P10869|AK_YEAST,ProtoWT_H_vs_rim15_M,NA,NA,NA
sp|P10964|RPA1_YEAST,ProtoWT_H_vs_rim15_M,NA,NA,NA
sp|P11075|SEC7_YEAST,ProtoWT_H_vs_rim15_M,NA,NA,NA
sp|P11076|ARF1_YEAST,ProtoWT_H_vs_rim15_M,NA,NA,NA
sp|P11154|PYC1_YEAST,ProtoWT_H_vs_rim15_M,NA,NA,NA
sp|P11353|HEM6_YEAST,ProtoWT_H_vs_rim15_M,NA,NA,NA
sp|P11412|G6PD_YEAST,ProtoWT_H_vs_rim15_M,NA,NA,NA
sp|P11484|SSB1_YEAST,ProtoWT_H_vs_rim15_M,NA,NA,NA
sp|P11491|PPB_YEAST,ProtoWT_H_vs_rim15_M,NA,NA,NA
sp|P11632|NHP6A_YEAST,ProtoWT_H_vs_rim15_M,NA,NA,NA
sp|P11745|RNA1_YEAST,ProtoWT_H_vs_rim15_M,NA,NA,NA
sp|P11938|RAP1_YEAST,ProtoWT_H_vs_rim15_M,NA,NA,NA
sp|P11972|SST2_YEAST,ProtoWT_H_vs_rim15_M,NA,NA,NA
sp|P11986|INO1_YEAST,ProtoWT_H_vs_rim15_M,NA,NA,NA
sp|P12385|ERF1_YEAST,ProtoWT_H_vs_rim15_M,NA,NA,NA
sp|P12612|TCPA_YEAST,ProtoWT_H_vs_rim15_M,NA,NA,NA
sp|P12630|BAR1_YEAST,ProtoWT_H_vs_rim15_M,NA,NA,NA
sp|P12683|HMDH1_YEAST,ProtoWT_H_vs_rim15_M,NA,NA,NA
sp|P12684|HMDH2_YEAST,ProtoWT_H_vs_rim15_M,NA,NA,NA
sp|P12688|YPK1_YEAST,ProtoWT_H_vs_rim15_M,NA,NA,NA
sp|P12695|ODP2_YEAST,ProtoWT_H_vs_rim15_M,NA,NA,NA
sp|P12709|G6PI_YEAST,ProtoWT_H_vs_rim15_M,NA,NA,NA
sp|P12754|EI2BD_YEAST,ProtoWT_H_vs_rim15_M,NA,NA,NA
sp|P12868|PEP5_YEAST,ProtoWT_H_vs_rim15_M,NA,NA,NA
sp|P12904|AAKG_YEAST,ProtoWT_H_vs_rim15_M,NA,NA,NA
sp|P12945|NAT1_YEAST,ProtoWT_H_vs_rim15_M,NA,NA,NA
sp|P12962|CAF20_YEAST,ProtoWT_H_vs_rim15_M,NA,NA,NA
sp|P13188|SYQ_YEAST,ProtoWT_H_vs_rim15_M,NA,NA,NA
sp|P13259|PCY1_YEAST,ProtoWT_H_vs_rim15_M,NA,NA,NA
sp|P13298|PYRE_YEAST;sp|P30402|PYRX_YEAST,ProtoWT_H_vs_rim15_M,NA,NA,NA
sp|P13382|DPOA_YEAST,ProtoWT_H_vs_rim15_M,NA,NA,NA
sp|P13517|CAPZB_YEAST,ProtoWT_H_vs_rim15_M,NA,NA,NA
sp|P13574|STE12_YEAST,ProtoWT_H_vs_rim15_M,NA,NA,NA
sp|P13586|ATC1_YEAST,ProtoWT_H_vs_rim15_M,NA,NA,NA
sp|P13587|ATN1_YEAST;sp|Q01896|ATN2_YEAST;sp|Q12691|ATN5_YEAST,ProtoWT_H_vs_rim15_M,NA,NA,NA
sp|P13663|DHAS_YEAST,ProtoWT_H_vs_rim15_M,NA,NA,NA
sp|P14020|DPM1_YEAST,ProtoWT_H_vs_rim15_M,NA,NA,NA
sp|P14065|GCY1_YEAST,ProtoWT_H_vs_rim15_M,NA,NA,NA
sp|P14120|RL30_YEAST,ProtoWT_H_vs_rim15_M,NA,NA,NA
sp|P14126|RL3_YEAST,ProtoWT_H_vs_rim15_M,NA,NA,NA
sp|P14127|RS17B_YEAST;sp|P02407|RS17A_YEAST,ProtoWT_H_vs_rim15_M,NA,NA,NA
sp|P14540|ALF_YEAST,ProtoWT_H_vs_rim15_M,0.9242,NA,0.9242
sp|P14680|YAK1_YEAST,ProtoWT_H_vs_rim15_M,NA,NA,NA
sp|P14681|KSS1_YEAST;sp|P16892|FUS3_YEAST,ProtoWT_H_vs_rim15_M,NA,NA,NA
sp|P14741|EI2BA_YEAST,ProtoWT_H_vs_rim15_M,NA,NA,NA
sp|P14742|GFA1_YEAST,ProtoWT_H_vs_rim15_M,NA,NA,NA
sp|P14743|NMT_YEAST,ProtoWT_H_vs_rim15_M,NA,NA,NA
sp|P14747|PP2B2_YEAST,ProtoWT_H_vs_rim15_M,NA,NA,NA
sp|P14832|CYPH_YEAST,ProtoWT_H_vs_rim15_M,NA,NA,NA
sp|P14843|AROF_YEAST,ProtoWT_H_vs_rim15_M,NA,NA,NA
sp|P14904|AMPL_YEAST,ProtoWT_H_vs_rim15_M,NA,NA,NA
sp|P14906|SEC63_YEAST,ProtoWT_H_vs_rim15_M,NA,NA,NA
sp|P14907|NSP1_YEAST,ProtoWT_H_vs_rim15_M,NA,NA,NA
sp|P15019|TAL1_YEAST;sp|P53228|TAL2_YEAST,ProtoWT_H_vs_rim15_M,NA,NA,NA
sp|P15108|HSC82_YEAST,ProtoWT_H_vs_rim15_M,NA,NA,NA
sp|P15180|SYKC_YEAST,ProtoWT_H_vs_rim15_M,NA,NA,NA
sp|P15274|AMPD_YEAST,ProtoWT_H_vs_rim15_M,NA,NA,NA
sp|P15303|SEC23_YEAST,ProtoWT_H_vs_rim15_M,NA,NA,NA
sp|P15424|MS116_YEAST,ProtoWT_H_vs_rim15_M,NA,NA,NA
sp|P15454|KGUA_YEAST,ProtoWT_H_vs_rim15_M,NA,NA,NA
sp|P15496|IDI1_YEAST,ProtoWT_H_vs_rim15_M,NA,NA,NA
sp|P15565|TRM1_YEAST,ProtoWT_H_vs_rim15_M,NA,NA,NA
sp|P15624|SYFB_YEAST,ProtoWT_H_vs_rim15_M,NA,NA,NA
sp|P15625|SYFA_YEAST,ProtoWT_H_vs_rim15_M,NA,NA,NA
sp|P15646|FBRL_YEAST,ProtoWT_H_vs_rim15_M,NA,NA,NA
sp|P15700|KCY_YEAST,ProtoWT_H_vs_rim15_M,NA,NA,NA
sp|P15703|BGL2_YEAST,ProtoWT_H_vs_rim15_M,NA,NA,NA
sp|P15705|STI1_YEAST,ProtoWT_H_vs_rim15_M,NA,NA,NA
sp|P15732|UBC5_YEAST;sp|P15731|UBC4_YEAST,ProtoWT_H_vs_rim15_M,NA,NA,NA
sp|P15790|CSK21_YEAST,ProtoWT_H_vs_rim15_M,NA,NA,NA
sp|P15873|PCNA_YEAST,ProtoWT_H_vs_rim15_M,NA,NA,NA
sp|P15891|ABP1_YEAST,ProtoWT_H_vs_rim15_M,NA,NA,NA
sp|P16120|THRC_YEAST,ProtoWT_H_vs_rim15_M,NA,NA,NA
sp|P16140|VATB_YEAST,ProtoWT_H_vs_rim15_M,NA,NA,NA
sp|P16387|ODPA_YEAST,ProtoWT_H_vs_rim15_M,NA,NA,NA
sp|P16451|ODPX_YEAST,ProtoWT_H_vs_rim15_M,NA,NA,NA
sp|P16474|GRP78_YEAST,ProtoWT_H_vs_rim15_M,NA,NA,NA
sp|P16521|EF3A_YEAST;sp|P53978|EF3B_YEAST,ProtoWT_H_vs_rim15_M,NA,NA,NA
sp|P16547|OM45_YEAST,ProtoWT_H_vs_rim15_M,NA,NA,NA
sp|P16550|APA1_YEAST,ProtoWT_H_vs_rim15_M,NA,NA,NA
sp|P16603|NCPR_YEAST,ProtoWT_H_vs_rim15_M,NA,NA,NA
sp|P16622|HEMH_YEAST,ProtoWT_H_vs_rim15_M,NA,NA,NA
sp|P16649|TUP1_YEAST,ProtoWT_H_vs_rim15_M,NA,NA,NA
sp|P16861|PFKA1_YEAST,ProtoWT_H_vs_rim15_M,NA,NA,NA
sp|P16862|PFKA2_YEAST,ProtoWT_H_vs_rim15_M,NA,NA,NA
sp|P16965|STF2_YEAST,ProtoWT_H_vs_rim15_M,NA,NA,NA
sp|P17076|RL8A_YEAST,ProtoWT_H_vs_rim15_M,NA,NA,NA
sp|P17106|CBF1_YEAST,ProtoWT_H_vs_rim15_M,NA,NA,NA
sp|P17255|VATA_YEAST,ProtoWT_H_vs_rim15_M,NA,NA,NA
sp|P17423|KHSE_YEAST,ProtoWT_H_vs_rim15_M,NA,NA,NA
sp|P17442|PHO81_YEAST,ProtoWT_H_vs_rim15_M,NA,NA,NA
sp|P17505|MDHM_YEAST,ProtoWT_H_vs_rim15_M,NA,NA,NA
sp|P17536|TPM1_YEAST,ProtoWT_H_vs_rim15_M,NA,NA,NA
sp|P17555|CAP_YEAST,ProtoWT_H_vs_rim15_M,NA,NA,NA
sp|P17695|GLRX2_YEAST,ProtoWT_H_vs_rim15_M,NA,NA,NA
sp|P17709|HXKG_YEAST,ProtoWT_H_vs_rim15_M,NA,NA,NA
sp|P17883|SKI3_YEAST,ProtoWT_H_vs_rim15_M,NA,NA,NA
sp|P17891|CLC1_YEAST,ProtoWT_H_vs_rim15_M,NA,NA,NA
sp|P17967|PDI_YEAST,ProtoWT_H_vs_rim15_M,NA,NA,NA
sp|P18239|ADT2_YEAST;sp|P18238|ADT3_YEAST,ProtoWT_H_vs_rim15_M,NA,NA,NA
sp|P18562|UPP_YEAST,ProtoWT_H_vs_rim15_M,NA,NA,NA
sp|P18759|SEC18_YEAST,ProtoWT_H_vs_rim15_M,NA,NA,NA
sp|P18851|GBB_YEAST,ProtoWT_H_vs_rim15_M,NA,NA,NA
sp|P18899|DDR48_YEAST,ProtoWT_H_vs_rim15_M,NA,NA,NA
sp|P18961|YPK2_YEAST,ProtoWT_H_vs_rim15_M,NA,NA,NA
sp|P19073|CDC42_YEAST,ProtoWT_H_vs_rim15_M,NA,NA,NA
sp|P19097|FAS2_YEAST,ProtoWT_H_vs_rim15_M,NA,NA,NA
sp|P19146|ARF2_YEAST,ProtoWT_H_vs_rim15_M,NA,NA,NA
sp|P19262|ODO2_YEAST,ProtoWT_H_vs_rim15_M,NA,NA,NA
sp|P19263|MED14_YEAST,ProtoWT_H_vs_rim15_M,NA,NA,NA
sp|P19358|METK2_YEAST,ProtoWT_H_vs_rim15_M,NA,NA,NA
sp|P19414|ACON_YEAST,ProtoWT_H_vs_rim15_M,NA,NA,NA
sp|P19454|CSK22_YEAST,ProtoWT_H_vs_rim15_M,NA,NA,NA
sp|P19524|MYO2_YEAST;sp|P32492|MYO4_YEAST,ProtoWT_H_vs_rim15_M,NA,NA,NA
sp|P19880|YAP1_YEAST,ProtoWT_H_vs_rim15_M,NA,NA,NA
sp|P19881|PNPP_YEAST,ProtoWT_H_vs_rim15_M,NA,NA,NA
sp|P19882|HSP60_YEAST,ProtoWT_H_vs_rim15_M,NA,NA,NA
sp|P20051|PYRC_YEAST,ProtoWT_H_vs_rim15_M,NA,NA,NA
sp|P20081|FKBP_YEAST,ProtoWT_H_vs_rim15_M,NA,NA,NA
sp|P20107|ZRC1_YEAST,ProtoWT_H_vs_rim15_M,NA,NA,NA
sp|P20424|SRP54_YEAST,ProtoWT_H_vs_rim15_M,NA,NA,NA
sp|P20433|RPB4_YEAST,ProtoWT_H_vs_rim15_M,NA,NA,NA
sp|P20435|RPAB2_YEAST,ProtoWT_H_vs_rim15_M,NA,NA,NA
sp|P20436|RPAB3_YEAST,ProtoWT_H_vs_rim15_M,NA,NA,NA
sp|P20447|DBP3_YEAST,ProtoWT_H_vs_rim15_M,NA,NA,NA
sp|P20448|DBP4_YEAST,ProtoWT_H_vs_rim15_M,NA,NA,NA
sp|P20449|DBP5_YEAST,ProtoWT_H_vs_rim15_M,NA,NA,NA
sp|P20459|IF2A_YEAST,ProtoWT_H_vs_rim15_M,NA,NA,NA
sp|P20484|MAK11_YEAST,ProtoWT_H_vs_rim15_M,NA,NA,NA
sp|P20485|KICH_YEAST,ProtoWT_H_vs_rim15_M,NA,NA,NA
sp|P20604|PP11_YEAST,ProtoWT_H_vs_rim15_M,NA,NA,NA
sp|P20606|SAR1_YEAST,ProtoWT_H_vs_rim15_M,NA,NA,NA
sp|P20676|NUP1_YEAST,ProtoWT_H_vs_rim15_M,NA,NA,NA
sp|P20967|ODO1_YEAST,ProtoWT_H_vs_rim15_M,NA,NA,NA
sp|P21147|ACO1_YEAST,ProtoWT_H_vs_rim15_M,NA,NA,NA
sp|P21182|DCAM_YEAST,ProtoWT_H_vs_rim15_M,NA,NA,NA
sp|P21242|PSA7_YEAST,ProtoWT_H_vs_rim15_M,NA,NA,NA
sp|P21243|PSA1_YEAST,ProtoWT_H_vs_rim15_M,NA,NA,NA
sp|P21264|PUR6_YEAST,ProtoWT_H_vs_rim15_M,NA,NA,NA
sp|P21304|PWP1_YEAST,ProtoWT_H_vs_rim15_M,NA,NA,NA
sp|P21306|ATP5E_YEAST,ProtoWT_H_vs_rim15_M,NA,NA,NA
sp|P21375|OSM1_YEAST,ProtoWT_H_vs_rim15_M,NA,NA,NA
sp|P21524|RIR1_YEAST;sp|P21672|RIR3_YEAST,ProtoWT_H_vs_rim15_M,NA,NA,NA
sp|P21538|REB1_YEAST,ProtoWT_H_vs_rim15_M,NA,NA,NA
sp|P21560|CBP3_YEAST,ProtoWT_H_vs_rim15_M,NA,NA,NA
sp|P21576|VPS1_YEAST,ProtoWT_H_vs_rim15_M,NA,NA,NA
sp|P21657|DAL81_YEAST,ProtoWT_H_vs_rim15_M,NA,NA,NA
sp|P21734|UBC1_YEAST,ProtoWT_H_vs_rim15_M,NA,NA,NA
sp|P21801|SDHB_YEAST,ProtoWT_H_vs_rim15_M,NA,NA,NA
sp|P21827|RCC1_YEAST,ProtoWT_H_vs_rim15_M,NA,NA,NA
sp|P21954|IDHP_YEAST;sp|P41939|IDHC_YEAST;sp|P53982|IDHH_YEAST,ProtoWT_H_vs_rim15_M,NA,NA,NA
sp|P21965|MCK1_YEAST,ProtoWT_H_vs_rim15_M,NA,NA,NA
sp|P22023|KRE5_YEAST,ProtoWT_H_vs_rim15_M,NA,NA,NA
sp|P22135|ATP12_YEAST,ProtoWT_H_vs_rim15_M,NA,NA,NA
sp|P22137|CLH_YEAST,ProtoWT_H_vs_rim15_M,NA,NA,NA
sp|P22138|RPA2_YEAST,ProtoWT_H_vs_rim15_M,NA,NA,NA
sp|P22146|GAS1_YEAST,ProtoWT_H_vs_rim15_M,NA,NA,NA
sp|P22147|XRN1_YEAST,ProtoWT_H_vs_rim15_M,NA,NA,NA
sp|P22203|VATE_YEAST,ProtoWT_H_vs_rim15_M,NA,NA,NA
sp|P22211|NPR1_YEAST,ProtoWT_H_vs_rim15_M,NA,NA,NA
sp|P22213|SLY1_YEAST,ProtoWT_H_vs_rim15_M,NA,NA,NA
sp|P22214|SEC22_YEAST,ProtoWT_H_vs_rim15_M,NA,NA,NA
sp|P22217|TRX1_YEAST,ProtoWT_H_vs_rim15_M,NA,NA,NA
sp|P22336|RFA1_YEAST,ProtoWT_H_vs_rim15_M,NA,NA,NA
sp|P22515|UBA1_YEAST,ProtoWT_H_vs_rim15_M,NA,NA,NA
sp|P22517|KCC2_YEAST,ProtoWT_H_vs_rim15_M,NA,NA,NA
sp|P22579|SIN3_YEAST,ProtoWT_H_vs_rim15_M,NA,NA,NA
sp|P22696|ESS1_YEAST,ProtoWT_H_vs_rim15_M,NA,NA,NA
sp|P22768|ASSY_YEAST,ProtoWT_H_vs_rim15_M,NA,NA,NA
sp|P22803|TRX2_YEAST,ProtoWT_H_vs_rim15_M,NA,NA,NA
sp|P22804|BET1_YEAST,ProtoWT_H_vs_rim15_M,NA,NA,NA
sp|P22855|MAN1_YEAST,ProtoWT_H_vs_rim15_M,NA,NA,NA
sp|P22936|APN1_YEAST,ProtoWT_H_vs_rim15_M,NA,NA,NA
sp|P23180|AIM17_YEAST,ProtoWT_H_vs_rim15_M,NA,NA,NA
sp|P23201|SPA2_YEAST,ProtoWT_H_vs_rim15_M,NA,NA,NA
sp|P23202|URE2_YEAST,ProtoWT_H_vs_rim15_M,NA,NA,NA
sp|P23248|RS3A2_YEAST,ProtoWT_H_vs_rim15_M,NA,NA,NA
sp|P23250|RPI1_YEAST,ProtoWT_H_vs_rim15_M,NA,NA,NA
sp|P23254|TKT1_YEAST,ProtoWT_H_vs_rim15_M,NA,NA,NA
sp|P23292|KC12_YEAST;sp|P23291|KC11_YEAST,ProtoWT_H_vs_rim15_M,NA,NA,NA
sp|P23301|IF5A1_YEAST;sp|P19211|IF5A2_YEAST,ProtoWT_H_vs_rim15_M,NA,NA,NA
sp|P23337|GYS1_YEAST,ProtoWT_H_vs_rim15_M,NA,NA,NA
sp|P23542|AATC_YEAST,ProtoWT_H_vs_rim15_M,NA,NA,NA
sp|P23561|STE11_YEAST,ProtoWT_H_vs_rim15_M,NA,NA,NA
sp|P23585|HXT2_YEAST,ProtoWT_H_vs_rim15_M,NA,NA,NA
sp|P23615|SPT6_YEAST,ProtoWT_H_vs_rim15_M,NA,NA,NA
sp|P23638|PSA3_YEAST,ProtoWT_H_vs_rim15_M,NA,NA,NA
sp|P23639|PSA2_YEAST,ProtoWT_H_vs_rim15_M,NA,NA,NA
sp|P23641|MPCP_YEAST,ProtoWT_H_vs_rim15_M,NA,NA,NA
sp|P23642|VAN1_YEAST,ProtoWT_H_vs_rim15_M,NA,NA,NA
sp|P23644|TOM40_YEAST,ProtoWT_H_vs_rim15_M,NA,NA,NA
sp|P23724|PSB6_YEAST,ProtoWT_H_vs_rim15_M,NA,NA,NA
sp|P23776|EXG1_YEAST,ProtoWT_H_vs_rim15_M,NA,NA,NA
sp|P24000|RL24B_YEAST,ProtoWT_H_vs_rim15_M,NA,NA,NA
sp|P24031|PPA3_YEAST,ProtoWT_H_vs_rim15_M,NA,NA,NA
sp|P24276|SSD1_YEAST,ProtoWT_H_vs_rim15_M,NA,NA,NA
sp|P24279|MCM3_YEAST,ProtoWT_H_vs_rim15_M,NA,NA,NA
sp|P24280|SEC14_YEAST;sp|P33324|YKJ1_YEAST,ProtoWT_H_vs_rim15_M,NA,NA,NA
sp|P24521|ERG8_YEAST,ProtoWT_H_vs_rim15_M,NA,NA,NA
sp|P24783|DBP2_YEAST,ProtoWT_H_vs_rim15_M,NA,NA,NA
sp|P25039|EFGM_YEAST,ProtoWT_H_vs_rim15_M,NA,NA,NA
sp|P25040|TSR4_YEAST,ProtoWT_H_vs_rim15_M,NA,NA,NA
sp|P25043|PSB2_YEAST,ProtoWT_H_vs_rim15_M,NA,NA,NA
sp|P25045|LCB1_YEAST,ProtoWT_H_vs_rim15_M,NA,NA,NA
sp|P25087|ERG6_YEAST,ProtoWT_H_vs_rim15_M,NA,NA,NA
sp|P25293|NAP1_YEAST,ProtoWT_H_vs_rim15_M,NA,NA,NA
sp|P25294|SIS1_YEAST,ProtoWT_H_vs_rim15_M,NA,NA,NA
sp|P25296|CANB_YEAST,ProtoWT_H_vs_rim15_M,NA,NA,NA
sp|P25297|PHO84_YEAST,ProtoWT_H_vs_rim15_M,NA,NA,NA
sp|P25303|SCJ1_YEAST,ProtoWT_H_vs_rim15_M,NA,NA,NA
sp|P25332|RBSK_YEAST,ProtoWT_H_vs_rim15_M,NA,NA,NA
sp|P25340|ERG4_YEAST,ProtoWT_H_vs_rim15_M,NA,NA,NA
sp|P25342|CDC10_YEAST,ProtoWT_H_vs_rim15_M,NA,NA,NA
sp|P25343|RV161_YEAST,ProtoWT_H_vs_rim15_M,NA,NA,NA
sp|P25349|YCP4_YEAST,ProtoWT_H_vs_rim15_M,NA,NA,NA
sp|P25358|ELO2_YEAST,ProtoWT_H_vs_rim15_M,NA,NA,NA
sp|P25365|SED4_YEAST,ProtoWT_H_vs_rim15_M,NA,NA,NA
sp|P25367|RNQ1_YEAST,ProtoWT_H_vs_rim15_M,NA,NA,NA
sp|P25369|LSB5_YEAST,ProtoWT_H_vs_rim15_M,NA,NA,NA
sp|P25372|TRX3_YEAST,ProtoWT_H_vs_rim15_M,NA,NA,NA
sp|P25373|GLRX1_YEAST,ProtoWT_H_vs_rim15_M,NA,NA,NA
sp|P25374|NFS1_YEAST,ProtoWT_H_vs_rim15_M,NA,NA,NA
sp|P25375|PRTD_YEAST,ProtoWT_H_vs_rim15_M,NA,NA,NA
sp|P25386|USO1_YEAST,ProtoWT_H_vs_rim15_M,NA,NA,NA
sp|P25441|RPC4_YEAST,ProtoWT_H_vs_rim15_M,NA,NA,NA
sp|P25443|RS2_YEAST,ProtoWT_H_vs_rim15_M,NA,NA,NA
sp|P25451|PSB3_YEAST,ProtoWT_H_vs_rim15_M,NA,NA,NA
sp|P25491|MAS5_YEAST,ProtoWT_H_vs_rim15_M,NA,NA,NA
sp|P25555|GBP2_YEAST,ProtoWT_H_vs_rim15_M,NA,NA,NA
sp|P25566|MXR2_YEAST,ProtoWT_H_vs_rim15_M,NA,NA,NA
sp|P25567|SRO9_YEAST,ProtoWT_H_vs_rim15_M,NA,NA,NA
sp|P25574|EMC1_YEAST,ProtoWT_H_vs_rim15_M,NA,NA,NA
sp|P25582|SPB1_YEAST,ProtoWT_H_vs_rim15_M,NA,NA,NA
sp|P25605|ILV6_YEAST,ProtoWT_H_vs_rim15_M,NA,NA,NA
sp|P25617|YCQ6_YEAST,ProtoWT_H_vs_rim15_M,NA,NA,NA
sp|P25623|SYP1_YEAST,ProtoWT_H_vs_rim15_M,NA,NA,NA
sp|P25626|IMG1_YEAST,ProtoWT_H_vs_rim15_M,NA,NA,NA
sp|P25627|BUD23_YEAST,ProtoWT_H_vs_rim15_M,NA,NA,NA
sp|P25631|YCU1_YEAST,ProtoWT_H_vs_rim15_M,NA,NA,NA
sp|P25632|RSC6_YEAST,ProtoWT_H_vs_rim15_M,NA,NA,NA
sp|P25635|PWP2_YEAST,ProtoWT_H_vs_rim15_M,NA,NA,NA
sp|P25644|PAT1_YEAST,ProtoWT_H_vs_rim15_M,NA,NA,NA
sp|P25654|YCY0_YEAST,ProtoWT_H_vs_rim15_M,NA,NA,NA
sp|P25655|NOT1_YEAST,ProtoWT_H_vs_rim15_M,NA,NA,NA
sp|P25694|CDC48_YEAST,ProtoWT_H_vs_rim15_M,NA,NA,NA
sp|P25719|CYPC_YEAST,ProtoWT_H_vs_rim15_M,NA,NA,NA
sp|P25847|MSH2_YEAST,ProtoWT_H_vs_rim15_M,NA,NA,NA
sp|P26321|RL5_YEAST,ProtoWT_H_vs_rim15_M,NA,NA,NA
sp|P26637|SYLC_YEAST,ProtoWT_H_vs_rim15_M,NA,NA,NA
sp|P26754|RFA2_YEAST,ProtoWT_H_vs_rim15_M,NA,NA,NA
sp|P26755|RFA3_YEAST,ProtoWT_H_vs_rim15_M,NA,NA,NA
sp|P26783|RS5_YEAST,ProtoWT_H_vs_rim15_M,NA,NA,NA
sp|P26784|RL16A_YEAST,ProtoWT_H_vs_rim15_M,NA,NA,NA
sp|P26785|RL16B_YEAST,ProtoWT_H_vs_rim15_M,NA,NA,NA
sp|P26786|RS7A_YEAST,ProtoWT_H_vs_rim15_M,NA,NA,NA
sp|P27351|AP2B_YEAST,ProtoWT_H_vs_rim15_M,NA,NA,NA
sp|P27466|KCC1_YEAST,ProtoWT_H_vs_rim15_M,NA,NA,NA
sp|P27472|GYS2_YEAST,ProtoWT_H_vs_rim15_M,NA,NA,NA
sp|P27476|NSR1_YEAST,ProtoWT_H_vs_rim15_M,NA,NA,NA
sp|P27614|CBPS_YEAST,ProtoWT_H_vs_rim15_M,NA,NA,NA
sp|P27616|PUR7_YEAST,ProtoWT_H_vs_rim15_M,NA,NA,NA
sp|P27692|SPT5_YEAST,ProtoWT_H_vs_rim15_M,NA,NA,NA
sp|P27809|KRE2_YEAST,ProtoWT_H_vs_rim15_M,NA,NA,NA
sp|P27810|KTR1_YEAST,ProtoWT_H_vs_rim15_M,NA,NA,NA
sp|P27929|NAM9_YEAST,ProtoWT_H_vs_rim15_M,NA,NA,NA
sp|P27999|RPB9_YEAST,ProtoWT_H_vs_rim15_M,NA,NA,NA
sp|P28000|RPAC2_YEAST,ProtoWT_H_vs_rim15_M,NA,NA,NA
sp|P28007|GAR1_YEAST,ProtoWT_H_vs_rim15_M,NA,NA,NA
sp|P28240|ACEA_YEAST,ProtoWT_H_vs_rim15_M,NA,NA,NA
sp|P28241|IDH2_YEAST,ProtoWT_H_vs_rim15_M,NA,NA,NA
sp|P28274|URA7_YEAST;sp|P38627|URA8_YEAST,ProtoWT_H_vs_rim15_M,NA,NA,NA
sp|P28321|MGLL_YEAST,ProtoWT_H_vs_rim15_M,NA,NA,NA
sp|P28495|CAPZA_YEAST,ProtoWT_H_vs_rim15_M,NA,NA,NA
sp|P28625|YIM1_YEAST,ProtoWT_H_vs_rim15_M,NA,NA,NA
sp|P28707|SBA1_YEAST,ProtoWT_H_vs_rim15_M,NA,NA,NA
sp|P28708|PRR1_YEAST,ProtoWT_H_vs_rim15_M,NA,NA,NA
sp|P28777|AROC_YEAST,ProtoWT_H_vs_rim15_M,NA,NA,NA
sp|P28817|HIBCH_YEAST,ProtoWT_H_vs_rim15_M,NA,NA,NA
sp|P28834|IDH1_YEAST,ProtoWT_H_vs_rim15_M,NA,NA,NA
sp|P29055|TF2B_YEAST,ProtoWT_H_vs_rim15_M,NA,NA,NA
sp|P29295|HRR25_YEAST;sp|P39962|KC13_YEAST,ProtoWT_H_vs_rim15_M,NA,NA,NA
sp|P29311|BMH1_YEAST,ProtoWT_H_vs_rim15_M,NA,NA,NA
sp|P29366|BEM1_YEAST,ProtoWT_H_vs_rim15_M,NA,NA,NA
sp|P29453|RL8B_YEAST,ProtoWT_H_vs_rim15_M,NA,NA,NA
sp|P29465|CHS3_YEAST,ProtoWT_H_vs_rim15_M,NA,NA,NA
sp|P29469|MCM2_YEAST,ProtoWT_H_vs_rim15_M,NA,NA,NA
sp|P29496|MCM5_YEAST,ProtoWT_H_vs_rim15_M,NA,NA,NA
sp|P29509|TRXB1_YEAST,ProtoWT_H_vs_rim15_M,NA,NA,NA
sp|P29547|EF1G1_YEAST,ProtoWT_H_vs_rim15_M,NA,NA,NA
sp|P29703|FNTA_YEAST,ProtoWT_H_vs_rim15_M,NA,NA,NA
sp|P29704|FDFT_YEAST,ProtoWT_H_vs_rim15_M,NA,NA,NA
sp|P29952|MPI_YEAST,ProtoWT_H_vs_rim15_M,NA,NA,NA
sp|P30605|ITR1_YEAST,ProtoWT_H_vs_rim15_M,NA,NA,NA
sp|P30619|SEC1_YEAST,ProtoWT_H_vs_rim15_M,NA,NA,NA
sp|P30624|LCF1_YEAST,ProtoWT_H_vs_rim15_M,NA,NA,NA
sp|P30656|PSB5_YEAST,ProtoWT_H_vs_rim15_M,NA,NA,NA
sp|P30657|PSB7_YEAST,ProtoWT_H_vs_rim15_M,NA,NA,NA
sp|P30665|MCM4_YEAST,ProtoWT_H_vs_rim15_M,NA,NA,NA
sp|P30771|NAM7_YEAST,ProtoWT_H_vs_rim15_M,NA,NA,NA
sp|P30822|XPO1_YEAST,ProtoWT_H_vs_rim15_M,NA,NA,NA
sp|P30902|ATP7_YEAST,ProtoWT_H_vs_rim15_M,NA,NA,NA
sp|P31109|SNC1_YEAST,ProtoWT_H_vs_rim15_M,NA,NA,NA
sp|P31116|DHOM_YEAST,ProtoWT_H_vs_rim15_M,NA,NA,NA
sp|P31373|CYS3_YEAST,ProtoWT_H_vs_rim15_M,NA,NA,NA
sp|P31380|FUN30_YEAST,ProtoWT_H_vs_rim15_M,NA,NA,NA
sp|P31382|PMT2_YEAST,ProtoWT_H_vs_rim15_M,NA,NA,NA
sp|P31383|2AAA_YEAST,ProtoWT_H_vs_rim15_M,NA,NA,NA
sp|P31384|CCR4_YEAST,ProtoWT_H_vs_rim15_M,NA,NA,NA
sp|P31412|VATC_YEAST,ProtoWT_H_vs_rim15_M,NA,NA,NA
sp|P31539|HS104_YEAST,ProtoWT_H_vs_rim15_M,NA,NA,NA
sp|P31688|TPS2_YEAST,ProtoWT_H_vs_rim15_M,NA,NA,NA
sp|P31787|ACBP_YEAST,ProtoWT_H_vs_rim15_M,NA,NA,NA
sp|P32074|COPG_YEAST,ProtoWT_H_vs_rim15_M,NA,NA,NA
sp|P32178|CHMU_YEAST,ProtoWT_H_vs_rim15_M,NA,NA,NA
sp|P32179|MET22_YEAST,ProtoWT_H_vs_rim15_M,NA,NA,NA
sp|P32191|GPDM_YEAST,ProtoWT_H_vs_rim15_M,NA,NA,NA
sp|P32263|P5CR_YEAST,ProtoWT_H_vs_rim15_M,NA,NA,NA
sp|P32264|PROB_YEAST,ProtoWT_H_vs_rim15_M,NA,NA,NA
sp|P32266|MGM1_YEAST,ProtoWT_H_vs_rim15_M,NA,NA,NA
sp|P32288|GLNA_YEAST,ProtoWT_H_vs_rim15_M,NA,NA,NA
sp|P32319|VPS10_YEAST;sp|P53751|YN94_YEAST;sp|P40890|VTH2_YEAST;sp|P40438|VTH1_YEAST,ProtoWT_H_vs_rim15_M,NA,NA,NA
sp|P32324|EF2_YEAST,ProtoWT_H_vs_rim15_M,NA,NA,NA
sp|P32327|PYC2_YEAST,ProtoWT_H_vs_rim15_M,NA,NA,NA
sp|P32331|YMC1_YEAST,ProtoWT_H_vs_rim15_M,NA,NA,NA
sp|P32333|MOT1_YEAST,ProtoWT_H_vs_rim15_M,NA,NA,NA
sp|P32337|IMB3_YEAST,ProtoWT_H_vs_rim15_M,NA,NA,NA
sp|P32340|NDI1_YEAST,ProtoWT_H_vs_rim15_M,NA,NA,NA
sp|P32342|SRP21_YEAST,ProtoWT_H_vs_rim15_M,NA,NA,NA
sp|P32352|ERG2_YEAST,ProtoWT_H_vs_rim15_M,NA,NA,NA
sp|P32353|ERG3_YEAST,ProtoWT_H_vs_rim15_M,NA,NA,NA
sp|P32356|TREA_YEAST,ProtoWT_H_vs_rim15_M,NA,NA,NA
sp|P32364|SMY1_YEAST,ProtoWT_H_vs_rim15_M,NA,NA,NA
sp|P32366|VA0D_YEAST,ProtoWT_H_vs_rim15_M,NA,NA,NA
sp|P32368|SAC1_YEAST,ProtoWT_H_vs_rim15_M,NA,NA,NA
sp|P32377|MVD1_YEAST,ProtoWT_H_vs_rim15_M,NA,NA,NA
sp|P32378|COQ2_YEAST,ProtoWT_H_vs_rim15_M,NA,NA,NA
sp|P32379|PSA5_YEAST,ProtoWT_H_vs_rim15_M,NA,NA,NA
sp|P32381|ARP2_YEAST,ProtoWT_H_vs_rim15_M,NA,NA,NA
sp|P32386|YBT1_YEAST,ProtoWT_H_vs_rim15_M,NA,NA,NA
sp|P32419|MDHP_YEAST,ProtoWT_H_vs_rim15_M,NA,NA,NA
sp|P32445|RIM1_YEAST,ProtoWT_H_vs_rim15_M,NA,NA,NA
sp|P32447|ASF1_YEAST,ProtoWT_H_vs_rim15_M,NA,NA,NA
sp|P32449|AROG_YEAST,ProtoWT_H_vs_rim15_M,NA,NA,NA
sp|P32453|ATP11_YEAST,ProtoWT_H_vs_rim15_M,NA,NA,NA
sp|P32454|APE2_YEAST,ProtoWT_H_vs_rim15_M,NA,NA,NA
sp|P32457|CDC3_YEAST,ProtoWT_H_vs_rim15_M,NA,NA,NA
sp|P32458|CDC11_YEAST,ProtoWT_H_vs_rim15_M,NA,NA,NA
sp|P32463|ACPM_YEAST,ProtoWT_H_vs_rim15_M,NA,NA,NA
sp|P32464|HYM1_YEAST,ProtoWT_H_vs_rim15_M,NA,NA,NA
sp|P32466|HXT3_YEAST,ProtoWT_H_vs_rim15_M,NA,NA,NA
sp|P32468|CDC12_YEAST,ProtoWT_H_vs_rim15_M,NA,NA,NA
sp|P32469|DPH5_YEAST,ProtoWT_H_vs_rim15_M,NA,NA,NA
sp|P32471|EF1B_YEAST,ProtoWT_H_vs_rim15_M,NA,NA,NA
sp|P32472|FKBP2_YEAST,ProtoWT_H_vs_rim15_M,NA,NA,NA
sp|P32473|ODPB_YEAST,ProtoWT_H_vs_rim15_M,NA,NA,NA
sp|P32474|EUG1_YEAST,ProtoWT_H_vs_rim15_M,NA,NA,NA
sp|P32476|ERG1_YEAST,ProtoWT_H_vs_rim15_M,NA,NA,NA
sp|P32478|HS150_YEAST,ProtoWT_H_vs_rim15_M,NA,NA,NA
sp|P32481|IF2G_YEAST,ProtoWT_H_vs_rim15_M,NA,NA,NA
sp|P32485|HOG1_YEAST,ProtoWT_H_vs_rim15_M,NA,NA,NA
sp|P32486|KRE6_YEAST,ProtoWT_H_vs_rim15_M,NA,NA,NA
sp|P32494|NGG1_YEAST,ProtoWT_H_vs_rim15_M,NA,NA,NA
sp|P32495|NHP2_YEAST,ProtoWT_H_vs_rim15_M,NA,NA,NA
sp|P32496|RPN12_YEAST,ProtoWT_H_vs_rim15_M,NA,NA,NA
sp|P32497|EIF3C_YEAST,ProtoWT_H_vs_rim15_M,NA,NA,NA
sp|P32499|NUP2_YEAST,ProtoWT_H_vs_rim15_M,NA,NA,NA
sp|P32501|EI2BE_YEAST,ProtoWT_H_vs_rim15_M,NA,NA,NA
sp|P32502|EI2BB_YEAST,ProtoWT_H_vs_rim15_M,NA,NA,NA
sp|P32505|NAB2_YEAST,ProtoWT_H_vs_rim15_M,NA,NA,NA
sp|P32521|PAN1_YEAST,ProtoWT_H_vs_rim15_M,NA,NA,NA
sp|P32527|ZUO1_YEAST,ProtoWT_H_vs_rim15_M,NA,NA,NA
sp|P32558|SPT16_YEAST,ProtoWT_H_vs_rim15_M,NA,NA,NA
sp|P32563|VPH1_YEAST,ProtoWT_H_vs_rim15_M,NA,NA,NA
sp|P32564|SCM4_YEAST,ProtoWT_H_vs_rim15_M,NA,NA,NA
sp|P32565|RPN2_YEAST,ProtoWT_H_vs_rim15_M,NA,NA,NA
sp|P32566|SMI1_YEAST,ProtoWT_H_vs_rim15_M,NA,NA,NA
sp|P32570|MED22_YEAST,ProtoWT_H_vs_rim15_M,NA,NA,NA
sp|P32578|SIP1_YEAST,ProtoWT_H_vs_rim15_M,NA,NA,NA
sp|P32582|CBS_YEAST,ProtoWT_H_vs_rim15_M,NA,NA,NA
sp|P32583|SRP40_YEAST,ProtoWT_H_vs_rim15_M,NA,NA,NA
sp|P32588|PUB1_YEAST,ProtoWT_H_vs_rim15_M,NA,NA,NA
sp|P32589|HSP7F_YEAST,ProtoWT_H_vs_rim15_M,NA,NA,NA
sp|P32590|HSP79_YEAST,ProtoWT_H_vs_rim15_M,NA,NA,NA
sp|P32591|SWI3_YEAST,ProtoWT_H_vs_rim15_M,NA,NA,NA
sp|P32597|STH1_YEAST,ProtoWT_H_vs_rim15_M,NA,NA,NA
sp|P32598|PP12_YEAST,ProtoWT_H_vs_rim15_M,NA,NA,NA
sp|P32599|FIMB_YEAST,ProtoWT_H_vs_rim15_M,NA,NA,NA
sp|P32602|SEC17_YEAST,ProtoWT_H_vs_rim15_M,NA,NA,NA
sp|P32608|RTG2_YEAST,ProtoWT_H_vs_rim15_M,NA,NA,NA
sp|P32611|RML2_YEAST,ProtoWT_H_vs_rim15_M,NA,NA,NA
sp|P32614|FRDS_YEAST,ProtoWT_H_vs_rim15_M,NA,NA,NA
sp|P32621|GDA1_YEAST,ProtoWT_H_vs_rim15_M,NA,NA,NA
sp|P32623|CRH2_YEAST,ProtoWT_H_vs_rim15_M,NA,NA,NA
sp|P32626|ENOPH_YEAST,ProtoWT_H_vs_rim15_M,NA,NA,NA
sp|P32628|RAD23_YEAST,ProtoWT_H_vs_rim15_M,NA,NA,NA
sp|P32629|ANP1_YEAST,ProtoWT_H_vs_rim15_M,NA,NA,NA
sp|P32642|GLRX4_YEAST,ProtoWT_H_vs_rim15_M,NA,NA,NA
sp|P32657|CHD1_YEAST,ProtoWT_H_vs_rim15_M,NA,NA,NA
sp|P32767|KA122_YEAST,ProtoWT_H_vs_rim15_M,NA,NA,NA
sp|P32769|HBS1_YEAST,ProtoWT_H_vs_rim15_M,NA,NA,NA
sp|P32771|FADH_YEAST,ProtoWT_H_vs_rim15_M,NA,NA,NA
sp|P32774|T2AG_YEAST,ProtoWT_H_vs_rim15_M,NA,NA,NA
sp|P32775|GLGB_YEAST,ProtoWT_H_vs_rim15_M,NA,NA,NA
sp|P32783|MCES_YEAST,ProtoWT_H_vs_rim15_M,NA,NA,NA
sp|P32787|MG101_YEAST,ProtoWT_H_vs_rim15_M,NA,NA,NA
sp|P32790|SLA1_YEAST,ProtoWT_H_vs_rim15_M,NA,NA,NA
sp|P32795|YME1_YEAST,ProtoWT_H_vs_rim15_M,NA,NA,NA
sp|P32802|TMN1_YEAST,ProtoWT_H_vs_rim15_M,NA,NA,NA
sp|P32803|EMP24_YEAST,ProtoWT_H_vs_rim15_M,NA,NA,NA
sp|P32832|RSC7_YEAST,ProtoWT_H_vs_rim15_M,NA,NA,NA
sp|P32835|GSP1_YEAST,ProtoWT_H_vs_rim15_M,NA,NA,NA
sp|P32836|GSP2_YEAST,ProtoWT_H_vs_rim15_M,NA,NA,NA
sp|P32839|BCS1_YEAST,ProtoWT_H_vs_rim15_M,NA,NA,NA
sp|P32861|UGPA1_YEAST,ProtoWT_H_vs_rim15_M,NA,NA,NA
sp|P32864|RAEP_YEAST,ProtoWT_H_vs_rim15_M,NA,NA,NA
sp|P32891|DLD1_YEAST,ProtoWT_H_vs_rim15_M,NA,NA,NA
sp|P32892|DRS1_YEAST,ProtoWT_H_vs_rim15_M,NA,NA,NA
sp|P32895|KPR1_YEAST,ProtoWT_H_vs_rim15_M,NA,NA,NA
sp|P32897|TIM23_YEAST,ProtoWT_H_vs_rim15_M,NA,NA,NA
sp|P32898|CYM1_YEAST,ProtoWT_H_vs_rim15_M,NA,NA,NA
sp|P32901|PTR2_YEAST,ProtoWT_H_vs_rim15_M,NA,NA,NA
sp|P32905|RSSA1_YEAST,ProtoWT_H_vs_rim15_M,NA,NA,NA
sp|P32908|SMC1_YEAST,ProtoWT_H_vs_rim15_M,NA,NA,NA
sp|P32909|SMY2_YEAST,ProtoWT_H_vs_rim15_M,NA,NA,NA
sp|P32910|RPC6_YEAST,ProtoWT_H_vs_rim15_M,NA,NA,NA
sp|P32911|SUI1_YEAST,ProtoWT_H_vs_rim15_M,NA,NA,NA
sp|P32915|SC61A_YEAST,ProtoWT_H_vs_rim15_M,NA,NA,NA
sp|P32916|SRPR_YEAST,ProtoWT_H_vs_rim15_M,NA,NA,NA
sp|P32939|YPT7_YEAST,ProtoWT_H_vs_rim15_M,NA,NA,NA
sp|P33201|MRT4_YEAST,ProtoWT_H_vs_rim15_M,NA,NA,NA
sp|P33204|ARPC4_YEAST,ProtoWT_H_vs_rim15_M,NA,NA,NA
sp|P33297|PRS6A_YEAST,ProtoWT_H_vs_rim15_M,NA,NA,NA
sp|P33298|PRS6B_YEAST,ProtoWT_H_vs_rim15_M,NA,NA,NA
sp|P33299|PRS7_YEAST,ProtoWT_H_vs_rim15_M,NA,NA,NA
sp|P33302|PDR5_YEAST;sp|P51533|PDR10_YEAST,ProtoWT_H_vs_rim15_M,NA,NA,NA
sp|P33307|CSE1_YEAST,ProtoWT_H_vs_rim15_M,NA,NA,NA
sp|P33309|DOM34_YEAST,ProtoWT_H_vs_rim15_M,NA,NA,NA
sp|P33317|DUT_YEAST,ProtoWT_H_vs_rim15_M,NA,NA,NA
sp|P33322|CBF5_YEAST,ProtoWT_H_vs_rim15_M,NA,NA,NA
sp|P33328|SNC2_YEAST,ProtoWT_H_vs_rim15_M,NA,NA,NA
sp|P33330|SERC_YEAST,ProtoWT_H_vs_rim15_M,NA,NA,NA
sp|P33331|NTF2_YEAST,ProtoWT_H_vs_rim15_M,NA,NA,NA
sp|P33333|PLSC_YEAST,ProtoWT_H_vs_rim15_M,NA,NA,NA
sp|P33338|SLA2_YEAST,ProtoWT_H_vs_rim15_M,NA,NA,NA
sp|P33399|LHP1_YEAST,ProtoWT_H_vs_rim15_M,NA,NA,NA
sp|P33401|PGM1_YEAST,ProtoWT_H_vs_rim15_M,NA,NA,NA
sp|P33416|HSP78_YEAST,ProtoWT_H_vs_rim15_M,NA,NA,NA
sp|P33421|SDH3_YEAST,ProtoWT_H_vs_rim15_M,NA,NA,NA
sp|P33442|RS3A1_YEAST,ProtoWT_H_vs_rim15_M,NA,NA,NA
sp|P33734|HIS5_YEAST,ProtoWT_H_vs_rim15_M,NA,NA,NA
sp|P33754|SEC66_YEAST,ProtoWT_H_vs_rim15_M,NA,NA,NA
sp|P33767|OSTB_YEAST,ProtoWT_H_vs_rim15_M,NA,NA,NA
sp|P33775|PMT1_YEAST,ProtoWT_H_vs_rim15_M,NA,NA,NA
sp|P33891|TIP20_YEAST,ProtoWT_H_vs_rim15_M,NA,NA,NA
sp|P33892|GCN1_YEAST,ProtoWT_H_vs_rim15_M,NA,NA,NA
sp|P34072|MKS1_YEAST,ProtoWT_H_vs_rim15_M,NA,NA,NA
sp|P34077|NIC96_YEAST,ProtoWT_H_vs_rim15_M,NA,NA,NA
sp|P34078|LTV1_YEAST,ProtoWT_H_vs_rim15_M,NA,NA,NA
sp|P34087|RPB7_YEAST,ProtoWT_H_vs_rim15_M,NA,NA,NA
sp|P34110|VPS35_YEAST,ProtoWT_H_vs_rim15_M,NA,NA,NA
sp|P34160|NCBP1_YEAST,ProtoWT_H_vs_rim15_M,NA,NA,NA
sp|P34162|MED20_YEAST,ProtoWT_H_vs_rim15_M,NA,NA,NA
sp|P34167|IF4B_YEAST,ProtoWT_H_vs_rim15_M,NA,NA,NA
sp|P34216|EDE1_YEAST,ProtoWT_H_vs_rim15_M,NA,NA,NA
sp|P34217|PIN4_YEAST,ProtoWT_H_vs_rim15_M,NA,NA,NA
sp|P34221|PP2C3_YEAST,ProtoWT_H_vs_rim15_M,NA,NA,NA
sp|P34222|PTH2_YEAST,ProtoWT_H_vs_rim15_M,NA,NA,NA
sp|P34223|UBX1_YEAST,ProtoWT_H_vs_rim15_M,NA,NA,NA
sp|P34227|PRX1_YEAST,ProtoWT_H_vs_rim15_M,NA,NA,NA
sp|P34237|CASP_YEAST,ProtoWT_H_vs_rim15_M,NA,NA,NA
sp|P34240|ZRT3_YEAST,ProtoWT_H_vs_rim15_M,NA,NA,NA
sp|P34241|URB1_YEAST,ProtoWT_H_vs_rim15_M,NA,NA,NA
sp|P34244|HSL1_YEAST,ProtoWT_H_vs_rim15_M,NA,NA,NA
sp|P34248|YKK0_YEAST,ProtoWT_H_vs_rim15_M,NA,NA,NA
sp|P34253|KTI12_YEAST,ProtoWT_H_vs_rim15_M,NA,NA,NA
sp|P34730|BMH2_YEAST,ProtoWT_H_vs_rim15_M,NA,NA,NA
sp|P34760|TSA1_YEAST,ProtoWT_H_vs_rim15_M,NA,NA,NA
sp|P34761|WHI3_YEAST,ProtoWT_H_vs_rim15_M,NA,NA,NA
sp|P34909|NOT4_YEAST,ProtoWT_H_vs_rim15_M,NA,NA,NA
sp|P35176|CYPD_YEAST,ProtoWT_H_vs_rim15_M,NA,NA,NA
sp|P35178|RRP1_YEAST,ProtoWT_H_vs_rim15_M,NA,NA,NA
sp|P35180|TOM20_YEAST,ProtoWT_H_vs_rim15_M,NA,NA,NA
sp|P35181|AP1S1_YEAST,ProtoWT_H_vs_rim15_M,NA,NA,NA
sp|P35184|SQT1_YEAST,ProtoWT_H_vs_rim15_M,NA,NA,NA
sp|P35189|TAF14_YEAST,ProtoWT_H_vs_rim15_M,NA,NA,NA
sp|P35197|GCS1_YEAST,ProtoWT_H_vs_rim15_M,NA,NA,NA
sp|P35691|TCTP_YEAST,ProtoWT_H_vs_rim15_M,NA,NA,NA
sp|P35719|MRP8_YEAST,ProtoWT_H_vs_rim15_M,NA,NA,NA
sp|P35723|YET1_YEAST;CON__Q6KB66-1;CON__Q0VBK2,ProtoWT_H_vs_rim15_M,NA,NA,NA
sp|P35725|YKG3_YEAST,ProtoWT_H_vs_rim15_M,NA,NA,NA
sp|P35732|DEF1_YEAST,ProtoWT_H_vs_rim15_M,NA,NA,NA
sp|P35817|BDF1_YEAST,ProtoWT_H_vs_rim15_M,NA,NA,NA
sp|P35843|HES1_YEAST,ProtoWT_H_vs_rim15_M,NA,NA,NA
sp|P35844|KES1_YEAST,ProtoWT_H_vs_rim15_M,NA,NA,NA
sp|P35845|OSH1_YEAST,ProtoWT_H_vs_rim15_M,NA,NA,NA
sp|P36008|EF1G2_YEAST,ProtoWT_H_vs_rim15_M,NA,NA,NA
sp|P36010|NDK_YEAST,ProtoWT_H_vs_rim15_M,NA,NA,NA
sp|P36013|MAOM_YEAST,ProtoWT_H_vs_rim15_M,NA,NA,NA
sp|P36015|YKT6_YEAST,ProtoWT_H_vs_rim15_M,NA,NA,NA
sp|P36016|LHS1_YEAST,ProtoWT_H_vs_rim15_M,NA,NA,NA
sp|P36017|VPS21_YEAST;sp|P36019|YPT53_YEAST,ProtoWT_H_vs_rim15_M,NA,NA,NA
sp|P36018|YPT52_YEAST,ProtoWT_H_vs_rim15_M,NA,NA,NA
sp|P36024|SIS2_YEAST,ProtoWT_H_vs_rim15_M,NA,NA,NA
sp|P36027|MID2_YEAST,ProtoWT_H_vs_rim15_M,NA,NA,NA
sp|P36037|DOA1_YEAST,ProtoWT_H_vs_rim15_M,NA,NA,NA
sp|P36046|MIA40_YEAST,ProtoWT_H_vs_rim15_M,NA,NA,NA
sp|P36047|SDS22_YEAST,ProtoWT_H_vs_rim15_M,NA,NA,NA
sp|P36049|EBP2_YEAST,ProtoWT_H_vs_rim15_M,NA,NA,NA
sp|P36051|MCD4_YEAST,ProtoWT_H_vs_rim15_M,NA,NA,NA
sp|P36057|SRPB_YEAST,ProtoWT_H_vs_rim15_M,NA,NA,NA
sp|P36060|MCR1_YEAST,ProtoWT_H_vs_rim15_M,NA,NA,NA
sp|P36068|SHE2_YEAST,ProtoWT_H_vs_rim15_M,NA,NA,NA
sp|P36069|PMU1_YEAST,ProtoWT_H_vs_rim15_M,NA,NA,NA
sp|P36076|CAB3_YEAST,ProtoWT_H_vs_rim15_M,NA,NA,NA
sp|P36078|HOT13_YEAST,ProtoWT_H_vs_rim15_M,NA,NA,NA
sp|P36080|RRP14_YEAST,ProtoWT_H_vs_rim15_M,NA,NA,NA
sp|P36081|YKH7_YEAST,ProtoWT_H_vs_rim15_M,NA,NA,NA
sp|P36088|FRMSR_YEAST,ProtoWT_H_vs_rim15_M,NA,NA,NA
sp|P36091|DCW1_YEAST,ProtoWT_H_vs_rim15_M,NA,NA,NA
sp|P36100|T2EA_YEAST,ProtoWT_H_vs_rim15_M,NA,NA,NA
sp|P36101|TCD2_YEAST,ProtoWT_H_vs_rim15_M,NA,NA,NA
sp|P36102|PAN3_YEAST,ProtoWT_H_vs_rim15_M,NA,NA,NA
sp|P36104|SWD2_YEAST,ProtoWT_H_vs_rim15_M,NA,NA,NA
sp|P36105|RL14A_YEAST,ProtoWT_H_vs_rim15_M,NA,NA,NA
sp|P36112|MIC60_YEAST,ProtoWT_H_vs_rim15_M,NA,NA,NA
sp|P36114|YKR18_YEAST,ProtoWT_H_vs_rim15_M,NA,NA,NA
sp|P36136|SHB17_YEAST,ProtoWT_H_vs_rim15_M,NA,NA,NA
sp|P36144|RL1D1_YEAST,ProtoWT_H_vs_rim15_M,NA,NA,NA
sp|P36151|YK50_YEAST,ProtoWT_H_vs_rim15_M,NA,NA,NA
sp|P36152|DRE2_YEAST,ProtoWT_H_vs_rim15_M,NA,NA,NA
sp|P36154|AIM29_YEAST,ProtoWT_H_vs_rim15_M,NA,NA,NA
sp|P36160|RPF2_YEAST,ProtoWT_H_vs_rim15_M,NA,NA,NA
sp|P36162|DAD2_YEAST,ProtoWT_H_vs_rim15_M,NA,NA,NA
sp|P36421|SYYC_YEAST,ProtoWT_H_vs_rim15_M,NA,NA,NA
sp|P36775|LONM_YEAST,ProtoWT_H_vs_rim15_M,NA,NA,NA
sp|P37012|PGM2_YEAST,ProtoWT_H_vs_rim15_M,NA,NA,NA
sp|P37263|YC16_YEAST,ProtoWT_H_vs_rim15_M,NA,NA,NA
sp|P37291|GLYC_YEAST,ProtoWT_H_vs_rim15_M,NA,NA,NA
sp|P37292|GLYM_YEAST,ProtoWT_H_vs_rim15_M,NA,NA,NA
sp|P37296|STV1_YEAST,ProtoWT_H_vs_rim15_M,NA,NA,NA
sp|P37297|STT4_YEAST,ProtoWT_H_vs_rim15_M,NA,NA,NA
sp|P37298|DHSD_YEAST,ProtoWT_H_vs_rim15_M,NA,NA,NA
sp|P37302|APE3_YEAST,ProtoWT_H_vs_rim15_M,NA,NA,NA
sp|P37303|GLY1_YEAST,ProtoWT_H_vs_rim15_M,NA,NA,NA
sp|P37304|PAM1_YEAST,ProtoWT_H_vs_rim15_M,NA,NA,NA
sp|P37370|VRP1_YEAST,ProtoWT_H_vs_rim15_M,NA,NA,NA
sp|P37838|NOP4_YEAST,ProtoWT_H_vs_rim15_M,NA,NA,NA
sp|P37898|AAP1_YEAST,ProtoWT_H_vs_rim15_M,NA,NA,NA
sp|P38009|PUR92_YEAST,ProtoWT_H_vs_rim15_M,NA,NA,NA
sp|P38011|GBLP_YEAST,ProtoWT_H_vs_rim15_M,NA,NA,NA
sp|P38013|AHP1_YEAST,ProtoWT_H_vs_rim15_M,NA,NA,NA
sp|P38042|CDC27_YEAST,ProtoWT_H_vs_rim15_M,NA,NA,NA
sp|P38061|RL32_YEAST,ProtoWT_H_vs_rim15_M,NA,NA,NA
sp|P38063|KPR4_YEAST,ProtoWT_H_vs_rim15_M,NA,NA,NA
sp|P38066|RIB1_YEAST,ProtoWT_H_vs_rim15_M,NA,NA,NA
sp|P38068|GLRX7_YEAST,ProtoWT_H_vs_rim15_M,NA,NA,NA
sp|P38069|MNN2_YEAST,ProtoWT_H_vs_rim15_M,NA,NA,NA
sp|P38071|ETR1_YEAST,ProtoWT_H_vs_rim15_M,NA,NA,NA
sp|P38074|HMT1_YEAST,ProtoWT_H_vs_rim15_M,NA,NA,NA
sp|P38075|PDX3_YEAST,ProtoWT_H_vs_rim15_M,NA,NA,NA
sp|P38077|ATPG_YEAST,ProtoWT_H_vs_rim15_M,NA,NA,NA
sp|P38080|AKL1_YEAST,ProtoWT_H_vs_rim15_M,NA,NA,NA
sp|P38081|YBQ6_YEAST,ProtoWT_H_vs_rim15_M,NA,NA,NA
sp|P38088|SYG_YEAST,ProtoWT_H_vs_rim15_M,NA,NA,NA
sp|P38112|MAK5_YEAST,ProtoWT_H_vs_rim15_M,NA,NA,NA
sp|P38113|ADH5_YEAST,ProtoWT_H_vs_rim15_M,NA,NA,NA
sp|P38115|ARA1_YEAST,ProtoWT_H_vs_rim15_M,NA,NA,NA
sp|P38116|ARL1_YEAST,ProtoWT_H_vs_rim15_M,NA,NA,NA
sp|P38120|RT09_YEAST,ProtoWT_H_vs_rim15_M,NA,NA,NA
sp|P38129|TAF5_YEAST,ProtoWT_H_vs_rim15_M,NA,NA,NA
sp|P38130|KTR3_YEAST,ProtoWT_H_vs_rim15_M,NA,NA,NA
sp|P38131|KTR4_YEAST,ProtoWT_H_vs_rim15_M,NA,NA,NA
sp|P38137|FAT2_YEAST,ProtoWT_H_vs_rim15_M,NA,NA,NA
sp|P38143|GPX2_YEAST,ProtoWT_H_vs_rim15_M,NA,NA,NA
sp|P38144|ISW1_YEAST,ProtoWT_H_vs_rim15_M,NA,NA,NA
sp|P38145|RISA_YEAST,ProtoWT_H_vs_rim15_M,NA,NA,NA
sp|P38149|DUG2_YEAST,ProtoWT_H_vs_rim15_M,NA,NA,NA
sp|P38166|SFT2_YEAST,ProtoWT_H_vs_rim15_M,NA,NA,NA
sp|P38169|KMO_YEAST,ProtoWT_H_vs_rim15_M,NA,NA,NA
sp|P38174|MAP2_YEAST,ProtoWT_H_vs_rim15_M,NA,NA,NA
sp|P38197|PLPHP_YEAST,ProtoWT_H_vs_rim15_M,NA,NA,NA
sp|P38199|HEK2_YEAST,ProtoWT_H_vs_rim15_M,NA,NA,NA
sp|P38203|LSM2_YEAST,ProtoWT_H_vs_rim15_M,NA,NA,NA
sp|P38205|NCL1_YEAST,ProtoWT_H_vs_rim15_M,NA,NA,NA
sp|P38217|IMB2_YEAST,ProtoWT_H_vs_rim15_M,NA,NA,NA
sp|P38219|OLA1_YEAST,ProtoWT_H_vs_rim15_M,NA,NA,NA
sp|P38221|CDS1_YEAST,ProtoWT_H_vs_rim15_M,NA,NA,NA
sp|P38230|QOR_YEAST,ProtoWT_H_vs_rim15_M,NA,NA,NA
sp|P38234|RFS1_YEAST,ProtoWT_H_vs_rim15_M,NA,NA,NA
sp|P38235|YBQ3_YEAST,ProtoWT_H_vs_rim15_M,NA,NA,NA
sp|P38237|UBP14_YEAST,ProtoWT_H_vs_rim15_M,NA,NA,NA
sp|P38238|TRM7_YEAST,ProtoWT_H_vs_rim15_M,NA,NA,NA
sp|P38248|ECM33_YEAST,ProtoWT_H_vs_rim15_M,NA,NA,NA
sp|P38249|EIF3A_YEAST,ProtoWT_H_vs_rim15_M,NA,NA,NA
sp|P38250|IST2_YEAST,ProtoWT_H_vs_rim15_M,NA,NA,NA
sp|P38251|RFC5_YEAST,ProtoWT_H_vs_rim15_M,NA,NA,NA
sp|P38254|TTL_YEAST,ProtoWT_H_vs_rim15_M,NA,NA,NA
sp|P38256|YBU6_YEAST,ProtoWT_H_vs_rim15_M,NA,NA,NA
sp|P38260|FES1_YEAST,ProtoWT_H_vs_rim15_M,NA,NA,NA
sp|P38264|PHO88_YEAST,ProtoWT_H_vs_rim15_M,NA,NA,NA
sp|P38272|SHE3_YEAST,ProtoWT_H_vs_rim15_M,NA,NA,NA
sp|P38281|APD1_YEAST,ProtoWT_H_vs_rim15_M,NA,NA,NA
sp|P38286|MKAR_YEAST,ProtoWT_H_vs_rim15_M,NA,NA,NA
sp|P38288|TOS1_YEAST,ProtoWT_H_vs_rim15_M,NA,NA,NA
sp|P38295|MCFS2_YEAST,ProtoWT_H_vs_rim15_M,NA,NA,NA
sp|P38323|CLPX_YEAST,ProtoWT_H_vs_rim15_M,NA,NA,NA
sp|P38328|ARPC1_YEAST,ProtoWT_H_vs_rim15_M,NA,NA,NA
sp|P38333|ENP1_YEAST,ProtoWT_H_vs_rim15_M,NA,NA,NA
sp|P38344|REI1_YEAST,ProtoWT_H_vs_rim15_M,NA,NA,NA
sp|P38345|SDHF4_YEAST,ProtoWT_H_vs_rim15_M,NA,NA,NA
sp|P38348|HSM3_YEAST,ProtoWT_H_vs_rim15_M,NA,NA,NA
sp|P38349|UBX7_YEAST,ProtoWT_H_vs_rim15_M,NA,NA,NA
sp|P38351|PAF1_YEAST,ProtoWT_H_vs_rim15_M,NA,NA,NA
sp|P38353|SSH1_YEAST,ProtoWT_H_vs_rim15_M,NA,NA,NA
sp|P38361|PHO89_YEAST,ProtoWT_H_vs_rim15_M,NA,NA,NA
sp|P38426|TPS3_YEAST,ProtoWT_H_vs_rim15_M,NA,NA,NA
sp|P38427|TSL1_YEAST,ProtoWT_H_vs_rim15_M,NA,NA,NA
sp|P38429|SAP30_YEAST,ProtoWT_H_vs_rim15_M,NA,NA,NA
sp|P38431|IF5_YEAST,ProtoWT_H_vs_rim15_M,NA,NA,NA
sp|P38523|GRPE_YEAST,ProtoWT_H_vs_rim15_M,NA,NA,NA
sp|P38555|YPT31_YEAST,ProtoWT_H_vs_rim15_M,NA,NA,NA
sp|P38604|ERG7_YEAST,ProtoWT_H_vs_rim15_M,NA,NA,NA
sp|P38616|YGP1_YEAST,ProtoWT_H_vs_rim15_M,NA,NA,NA
sp|P38620|KPR2_YEAST,ProtoWT_H_vs_rim15_M,NA,NA,NA
sp|P38623|RCK2_YEAST,ProtoWT_H_vs_rim15_M,NA,NA,NA
sp|P38624|PSB1_YEAST,ProtoWT_H_vs_rim15_M,NA,NA,NA
sp|P38625|GUAA_YEAST,ProtoWT_H_vs_rim15_M,NA,NA,NA
sp|P38626|NCB5R_YEAST,ProtoWT_H_vs_rim15_M,NA,NA,NA
sp|P38628|AGM1_YEAST,ProtoWT_H_vs_rim15_M,NA,NA,NA
sp|P38629|RFC3_YEAST,ProtoWT_H_vs_rim15_M,NA,NA,NA
sp|P38631|FKS1_YEAST;sp|Q04952|FKS3_YEAST,ProtoWT_H_vs_rim15_M,NA,NA,NA
sp|P38682|GLO3_YEAST,ProtoWT_H_vs_rim15_M,NA,NA,NA
sp|P38687|SRP68_YEAST,ProtoWT_H_vs_rim15_M,NA,NA,NA
sp|P38688|SRP72_YEAST,ProtoWT_H_vs_rim15_M,NA,NA,NA
sp|P38689|KPR3_YEAST,ProtoWT_H_vs_rim15_M,NA,NA,NA
sp|P38693|PPAC_YEAST;sp|P35842|PPAB_YEAST,ProtoWT_H_vs_rim15_M,NA,NA,NA
sp|P38694|MSC7_YEAST,ProtoWT_H_vs_rim15_M,NA,NA,NA
sp|P38695|HXT5_YEAST;sp|P32465|HXT1_YEAST;sp|P32467|HXT4_YEAST,ProtoWT_H_vs_rim15_M,NA,NA,NA
sp|P38697|IMDH2_YEAST;sp|P39567|IMDH1_YEAST;sp|O42831|YA075_YEAST,ProtoWT_H_vs_rim15_M,NA,NA,NA
sp|P38698|PPX1_YEAST,ProtoWT_H_vs_rim15_M,NA,NA,NA
sp|P38701|RS20_YEAST,ProtoWT_H_vs_rim15_M,NA,NA,NA
sp|P38707|SYNC_YEAST,ProtoWT_H_vs_rim15_M,NA,NA,NA
sp|P38708|YHI0_YEAST,ProtoWT_H_vs_rim15_M,NA,NA,NA
sp|P38710|INM1_YEAST,ProtoWT_H_vs_rim15_M,NA,NA,NA
sp|P38711|RS27B_YEAST;sp|P35997|RS27A_YEAST,ProtoWT_H_vs_rim15_M,NA,NA,NA
sp|P38712|RRP3_YEAST,ProtoWT_H_vs_rim15_M,NA,NA,NA
sp|P38713|OSH3_YEAST,ProtoWT_H_vs_rim15_M,NA,NA,NA
sp|P38715|GRE3_YEAST,ProtoWT_H_vs_rim15_M,NA,NA,NA
sp|P38716|YHR2_YEAST,ProtoWT_H_vs_rim15_M,NA,NA,NA
sp|P38719|DBP8_YEAST,ProtoWT_H_vs_rim15_M,NA,NA,NA
sp|P38720|6PGD1_YEAST;sp|P53319|6PGD2_YEAST,ProtoWT_H_vs_rim15_M,NA,NA,NA
sp|P38736|GOSR1_YEAST,ProtoWT_H_vs_rim15_M,NA,NA,NA
sp|P38737|ECM29_YEAST,ProtoWT_H_vs_rim15_M,NA,NA,NA
sp|P38754|RL14B_YEAST,ProtoWT_H_vs_rim15_M,NA,NA,NA
sp|P38755|OSH7_YEAST,ProtoWT_H_vs_rim15_M,NA,NA,NA
sp|P38758|TDA3_YEAST,ProtoWT_H_vs_rim15_M,NA,NA,NA
sp|P38759|VPS29_YEAST,ProtoWT_H_vs_rim15_M,NA,NA,NA
sp|P38764|RPN1_YEAST,ProtoWT_H_vs_rim15_M,NA,NA,NA
sp|P38765|YHI9_YEAST,ProtoWT_H_vs_rim15_M,NA,NA,NA
sp|P38774|DOG1_YEAST;sp|P38773|DOG2_YEAST,ProtoWT_H_vs_rim15_M,NA,NA,NA
sp|P38777|FSH1_YEAST,ProtoWT_H_vs_rim15_M,NA,NA,NA
sp|P38779|CIC1_YEAST,ProtoWT_H_vs_rim15_M,NA,NA,NA
sp|P38786|RPP1_YEAST,ProtoWT_H_vs_rim15_M,NA,NA,NA
sp|P38787|PANE_YEAST,ProtoWT_H_vs_rim15_M,NA,NA,NA
sp|P38788|SSZ1_YEAST,ProtoWT_H_vs_rim15_M,NA,NA,NA
sp|P38791|DHYS_YEAST,ProtoWT_H_vs_rim15_M,NA,NA,NA
sp|P38792|RRP4_YEAST,ProtoWT_H_vs_rim15_M,NA,NA,NA
sp|P38793|TRM5_YEAST,ProtoWT_H_vs_rim15_M,NA,NA,NA
sp|P38795|NADE_YEAST,ProtoWT_H_vs_rim15_M,NA,NA,NA
sp|P38797|PP2C7_YEAST,ProtoWT_H_vs_rim15_M,NA,NA,NA
sp|P38805|RPF1_YEAST,ProtoWT_H_vs_rim15_M,NA,NA,NA
sp|P38809|YHP7_YEAST,ProtoWT_H_vs_rim15_M,NA,NA,NA
sp|P38810|SFB3_YEAST,ProtoWT_H_vs_rim15_M,NA,NA,NA
sp|P38817|GGA2_YEAST,ProtoWT_H_vs_rim15_M,NA,NA,NA
sp|P38820|UBA4_YEAST,ProtoWT_H_vs_rim15_M,NA,NA,NA
sp|P38821|DNPEP_YEAST,ProtoWT_H_vs_rim15_M,NA,NA,NA
sp|P38829|YHS2_YEAST,ProtoWT_H_vs_rim15_M,NA,NA,NA
sp|P38837|NSG1_YEAST,ProtoWT_H_vs_rim15_M,NA,NA,NA
sp|P38840|ARO9_YEAST,ProtoWT_H_vs_rim15_M,NA,NA,NA
sp|P38841|YHT8_YEAST,ProtoWT_H_vs_rim15_M,NA,NA,NA
sp|P38845|CRP1_YEAST,ProtoWT_H_vs_rim15_M,NA,NA,NA
sp|P38853|KEL1_YEAST,ProtoWT_H_vs_rim15_M,NA,NA,NA
sp|P38858|SOL3_YEAST,ProtoWT_H_vs_rim15_M,NA,NA,NA
sp|P38861|NMD3_YEAST,ProtoWT_H_vs_rim15_M,NA,NA,NA
sp|P38869|SVP26_YEAST,ProtoWT_H_vs_rim15_M,NA,NA,NA
sp|P38874|ELP5_YEAST,ProtoWT_H_vs_rim15_M,NA,NA,NA
sp|P38879|NACA_YEAST,ProtoWT_H_vs_rim15_M,NA,NA,NA
sp|P38882|UTP9_YEAST,ProtoWT_H_vs_rim15_M,NA,NA,NA
sp|P38883|RIX1_YEAST,ProtoWT_H_vs_rim15_M,NA,NA,NA
sp|P38884|AIM18_YEAST,ProtoWT_H_vs_rim15_M,NA,NA,NA
sp|P38886|RPN10_YEAST,ProtoWT_H_vs_rim15_M,NA,NA,NA
sp|P38891|BCA1_YEAST,ProtoWT_H_vs_rim15_M,NA,NA,NA
sp|P38903|2A5D_YEAST,ProtoWT_H_vs_rim15_M,NA,NA,NA
sp|P38910|CH10_YEAST,ProtoWT_H_vs_rim15_M,NA,NA,NA
sp|P38911|FKBP3_YEAST,ProtoWT_H_vs_rim15_M,NA,NA,NA
sp|P38912|IF1A_YEAST,ProtoWT_H_vs_rim15_M,NA,NA,NA
sp|P38915|SPT8_YEAST,ProtoWT_H_vs_rim15_M,NA,NA,NA
sp|P38930|CSK2C_YEAST,ProtoWT_H_vs_rim15_M,NA,NA,NA
sp|P38934|BFR1_YEAST,ProtoWT_H_vs_rim15_M,NA,NA,NA
sp|P38961|RRP8_YEAST,ProtoWT_H_vs_rim15_M,NA,NA,NA
sp|P38962|TVP23_YEAST,ProtoWT_H_vs_rim15_M,NA,NA,NA
sp|P38968|SEC31_YEAST,ProtoWT_H_vs_rim15_M,NA,NA,NA
sp|P38971|ALP1_YEAST;sp|P32487|LYP1_YEAST,ProtoWT_H_vs_rim15_M,NA,NA,NA
sp|P38972|PUR4_YEAST,ProtoWT_H_vs_rim15_M,NA,NA,NA
sp|P38985|SRP14_YEAST,ProtoWT_H_vs_rim15_M,NA,NA,NA
sp|P38986|ASPG1_YEAST,ProtoWT_H_vs_rim15_M,NA,NA,NA
sp|P38988|GGC1_YEAST,ProtoWT_H_vs_rim15_M,NA,NA,NA
sp|P38999|LYS9_YEAST,ProtoWT_H_vs_rim15_M,NA,NA,NA
sp|P39004|HXT7_YEAST;sp|P39003|HXT6_YEAST;sp|P53631|HXT17_YEAST;sp|P39924|HXT13_YEAST;sp|P54854|HXT15_YEAST;sp|P47185|HXT16_YEAST,ProtoWT_H_vs_rim15_M,NA,NA,NA
sp|P39006|PSD1_YEAST,ProtoWT_H_vs_rim15_M,NA,NA,NA
sp|P39007|STT3_YEAST,ProtoWT_H_vs_rim15_M,NA,NA,NA
sp|P39013|END3_YEAST,ProtoWT_H_vs_rim15_M,NA,NA,NA
sp|P39015|STM1_YEAST,ProtoWT_H_vs_rim15_M,NA,NA,NA
sp|P39076|TCPB_YEAST,ProtoWT_H_vs_rim15_M,NA,NA,NA
sp|P39077|TCPG_YEAST,ProtoWT_H_vs_rim15_M,NA,NA,NA
sp|P39078|TCPD_YEAST,ProtoWT_H_vs_rim15_M,NA,NA,NA
sp|P39079|TCPZ_YEAST,ProtoWT_H_vs_rim15_M,NA,NA,NA
sp|P39101|CAJ1_YEAST,ProtoWT_H_vs_rim15_M,NA,NA,NA
sp|P39103|COX14_YEAST,ProtoWT_H_vs_rim15_M,NA,NA,NA
sp|P39107|MNN9_YEAST,ProtoWT_H_vs_rim15_M,NA,NA,NA
sp|P39109|YCFI_YEAST;sp|P0CE69|YK104_YEAST;sp|P14772|BPT1_YEAST,ProtoWT_H_vs_rim15_M,NA,NA,NA
sp|P39111|VATF_YEAST,ProtoWT_H_vs_rim15_M,NA,NA,NA
sp|P39112|DSS1_YEAST,ProtoWT_H_vs_rim15_M,NA,NA,NA
sp|P39516|RS14B_YEAST,ProtoWT_H_vs_rim15_M,NA,NA,NA
sp|P39517|DHH1_YEAST,ProtoWT_H_vs_rim15_M,NA,NA,NA
sp|P39522|ILV3_YEAST,ProtoWT_H_vs_rim15_M,NA,NA,NA
sp|P39533|ACON2_YEAST,ProtoWT_H_vs_rim15_M,NA,NA,NA
sp|P39548|YAJ8_YEAST;sp|P39547|UIP3_YEAST,ProtoWT_H_vs_rim15_M,NA,NA,NA
sp|P39676|FHP_YEAST,ProtoWT_H_vs_rim15_M,NA,NA,NA
sp|P39683|NPT1_YEAST,ProtoWT_H_vs_rim15_M,NA,NA,NA
sp|P39704|ERP2_YEAST;sp|Q12450|ERP4_YEAST,ProtoWT_H_vs_rim15_M,NA,NA,NA
sp|P39705|NUP60_YEAST,ProtoWT_H_vs_rim15_M,NA,NA,NA
sp|P39714|BDH1_YEAST,ProtoWT_H_vs_rim15_M,NA,NA,NA
sp|P39715|ECM1_YEAST,ProtoWT_H_vs_rim15_M,NA,NA,NA
sp|P39719|FLC2_YEAST,ProtoWT_H_vs_rim15_M,NA,NA,NA
sp|P39721|AIM2_YEAST,ProtoWT_H_vs_rim15_M,NA,NA,NA
sp|P39727|ERV46_YEAST,ProtoWT_H_vs_rim15_M,NA,NA,NA
sp|P39729|RBG1_YEAST,ProtoWT_H_vs_rim15_M,NA,NA,NA
sp|P39730|IF2P_YEAST,ProtoWT_H_vs_rim15_M,NA,NA,NA
sp|P39742|SEC72_YEAST,ProtoWT_H_vs_rim15_M,NA,NA,NA
sp|P39743|RV167_YEAST,ProtoWT_H_vs_rim15_M,NA,NA,NA
sp|P39744|NOC2_YEAST,ProtoWT_H_vs_rim15_M,NA,NA,NA
sp|P39926|SSO2_YEAST,ProtoWT_H_vs_rim15_M,NA,NA,NA
sp|P39929|SNF7_YEAST,ProtoWT_H_vs_rim15_M,NA,NA,NA
sp|P39931|SS120_YEAST,ProtoWT_H_vs_rim15_M,NA,NA,NA
sp|P39935|IF4F1_YEAST,ProtoWT_H_vs_rim15_M,NA,NA,NA
sp|P39936|IF4F2_YEAST,ProtoWT_H_vs_rim15_M,NA,NA,NA
sp|P39939|RS26B_YEAST;sp|P39938|RS26A_YEAST,ProtoWT_H_vs_rim15_M,NA,NA,NA
sp|P39940|RSP5_YEAST,ProtoWT_H_vs_rim15_M,NA,NA,NA
sp|P39954|SAHH_YEAST,ProtoWT_H_vs_rim15_M,NA,NA,NA
sp|P39958|GDI1_YEAST,ProtoWT_H_vs_rim15_M,NA,NA,NA
sp|P39960|BEM2_YEAST,ProtoWT_H_vs_rim15_M,NA,NA,NA
sp|P39966|PP2C2_YEAST,ProtoWT_H_vs_rim15_M,NA,NA,NA
sp|P39968|VAC8_YEAST,ProtoWT_H_vs_rim15_M,NA,NA,NA
sp|P39969|BOI2_YEAST,ProtoWT_H_vs_rim15_M,NA,NA,NA
sp|P39976|DLD3_YEAST,ProtoWT_H_vs_rim15_M,NA,NA,NA
sp|P39984|HAT2_YEAST,ProtoWT_H_vs_rim15_M,NA,NA,NA
sp|P39985|DPO5_YEAST,ProtoWT_H_vs_rim15_M,NA,NA,NA
sp|P39986|ATC6_YEAST,ProtoWT_H_vs_rim15_M,NA,NA,NA
sp|P39990|SNU13_YEAST,ProtoWT_H_vs_rim15_M,NA,NA,NA
sp|P39998|EDC3_YEAST,ProtoWT_H_vs_rim15_M,NA,NA,NA
sp|P40005|PFD2_YEAST,ProtoWT_H_vs_rim15_M,NA,NA,NA
sp|P40006|IRC22_YEAST,ProtoWT_H_vs_rim15_M,NA,NA,NA
sp|P40008|FMP52_YEAST,ProtoWT_H_vs_rim15_M,NA,NA,NA
sp|P40010|NUG1_YEAST,ProtoWT_H_vs_rim15_M,NA,NA,NA
sp|P40012|PPOX_YEAST,ProtoWT_H_vs_rim15_M,NA,NA,NA
sp|P40016|RPN3_YEAST,ProtoWT_H_vs_rim15_M,NA,NA,NA
sp|P40018|RSMB_YEAST,ProtoWT_H_vs_rim15_M,NA,NA,NA
sp|P40019|CHZ1_YEAST,ProtoWT_H_vs_rim15_M,NA,NA,NA
sp|P40024|ARB1_YEAST,ProtoWT_H_vs_rim15_M,NA,NA,NA
sp|P40029|MSRA_YEAST,ProtoWT_H_vs_rim15_M,NA,NA,NA
sp|P40030|ERG28_YEAST,ProtoWT_H_vs_rim15_M,NA,NA,NA
sp|P40032|TPA1_YEAST,ProtoWT_H_vs_rim15_M,NA,NA,NA
sp|P40037|HMF1_YEAST,ProtoWT_H_vs_rim15_M,NA,NA,NA
sp|P40038|PCL6_YEAST,ProtoWT_H_vs_rim15_M,NA,NA,NA
sp|P40040|THO1_YEAST,ProtoWT_H_vs_rim15_M,NA,NA,NA
sp|P40045|TDA2_YEAST,ProtoWT_H_vs_rim15_M,NA,NA,NA
sp|P40046|VTC1_YEAST,ProtoWT_H_vs_rim15_M,NA,NA,NA
sp|P40047|ALDH5_YEAST,ProtoWT_H_vs_rim15_M,NA,NA,NA
sp|P40053|AIM9_YEAST,ProtoWT_H_vs_rim15_M,NA,NA,NA
sp|P40054|SERA_YEAST,ProtoWT_H_vs_rim15_M,NA,NA,NA
sp|P40055|UTP7_YEAST,ProtoWT_H_vs_rim15_M,NA,NA,NA
sp|P40069|IMB4_YEAST,ProtoWT_H_vs_rim15_M,NA,NA,NA
sp|P40070|LSM4_YEAST,ProtoWT_H_vs_rim15_M,NA,NA,NA
sp|P40075|SCS2_YEAST,ProtoWT_H_vs_rim15_M,NA,NA,NA
sp|P40079|LCP5_YEAST,ProtoWT_H_vs_rim15_M,NA,NA,NA
sp|P40081|MGDP1_YEAST,ProtoWT_H_vs_rim15_M,NA,NA,NA
sp|P40086|COX15_YEAST,ProtoWT_H_vs_rim15_M,NA,NA,NA
sp|P40087|DDI1_YEAST,ProtoWT_H_vs_rim15_M,NA,NA,NA
sp|P40089|LSM5_YEAST,ProtoWT_H_vs_rim15_M,NA,NA,NA
sp|P40093|YEY6_YEAST,ProtoWT_H_vs_rim15_M,NA,NA,NA
sp|P40098|FMP10_YEAST,ProtoWT_H_vs_rim15_M,NA,NA,NA
sp|P40101|YE16_YEAST,ProtoWT_H_vs_rim15_M,NA,NA,NA
sp|P40106|GPP2_YEAST,ProtoWT_H_vs_rim15_M,NA,NA,NA
sp|P40150|SSB2_YEAST,ProtoWT_H_vs_rim15_M,NA,NA,NA
sp|P40157|VID27_YEAST,ProtoWT_H_vs_rim15_M,NA,NA,NA
sp|P40159|YNU8_YEAST,ProtoWT_H_vs_rim15_M,NA,NA,NA
sp|P40160|RIO2_YEAST,ProtoWT_H_vs_rim15_M,NA,NA,NA
sp|P40161|RT106_YEAST,ProtoWT_H_vs_rim15_M,NA,NA,NA
sp|P40185|MMF1_YEAST,ProtoWT_H_vs_rim15_M,NA,NA,NA
sp|P40202|CCS1_YEAST,ProtoWT_H_vs_rim15_M,NA,NA,NA
sp|P40210|SIP5_YEAST,ProtoWT_H_vs_rim15_M,NA,NA,NA
sp|P40212|RL13B_YEAST;sp|Q12690|RL13A_YEAST,ProtoWT_H_vs_rim15_M,NA,NA,NA
sp|P40215|NDH1_YEAST,ProtoWT_H_vs_rim15_M,NA,NA,NA
sp|P40217|EIF3I_YEAST,ProtoWT_H_vs_rim15_M,NA,NA,NA
sp|P40302|PSA6_YEAST,ProtoWT_H_vs_rim15_M,NA,NA,NA
sp|P40312|CYB5_YEAST,ProtoWT_H_vs_rim15_M,NA,NA,NA
sp|P40318|DOA10_YEAST,ProtoWT_H_vs_rim15_M,NA,NA,NA
sp|P40319|ELO3_YEAST,ProtoWT_H_vs_rim15_M,NA,NA,NA
sp|P40327|PRS4_YEAST,ProtoWT_H_vs_rim15_M,NA,NA,NA
sp|P40348|RFC2_YEAST,ProtoWT_H_vs_rim15_M,NA,NA,NA
sp|P40357|SEC9_YEAST,ProtoWT_H_vs_rim15_M,NA,NA,NA
sp|P40368|NUP82_YEAST,ProtoWT_H_vs_rim15_M,NA,NA,NA
sp|P40413|TCPE_YEAST,ProtoWT_H_vs_rim15_M,NA,NA,NA
sp|P40414|TPM2_YEAST,ProtoWT_H_vs_rim15_M,NA,NA,NA
sp|P40422|RPAB4_YEAST,ProtoWT_H_vs_rim15_M,NA,NA,NA
sp|P40459|PANC_YEAST,ProtoWT_H_vs_rim15_M,NA,NA,NA
sp|P40462|TM108_YEAST,ProtoWT_H_vs_rim15_M,NA,NA,NA
sp|P40467|ASG1_YEAST,ProtoWT_H_vs_rim15_M,NA,NA,NA
sp|P40471|AYR1_YEAST,ProtoWT_H_vs_rim15_M,NA,NA,NA
sp|P40477|NU159_YEAST,ProtoWT_H_vs_rim15_M,NA,NA,NA
sp|P40480|HOS4_YEAST,ProtoWT_H_vs_rim15_M,NA,NA,NA
sp|P40482|SEC24_YEAST,ProtoWT_H_vs_rim15_M,NA,NA,NA
sp|P40483|YIK8_YEAST,ProtoWT_H_vs_rim15_M,NA,NA,NA
sp|P40484|MOB1_YEAST,ProtoWT_H_vs_rim15_M,NA,NA,NA
sp|P40485|SLM1_YEAST,ProtoWT_H_vs_rim15_M,NA,NA,NA
sp|P40495|LYS12_YEAST,ProtoWT_H_vs_rim15_M,NA,NA,NA
sp|P40506|PPCS_YEAST,ProtoWT_H_vs_rim15_M,NA,NA,NA
sp|P40509|COPE_YEAST,ProtoWT_H_vs_rim15_M,NA,NA,NA
sp|P40510|SER33_YEAST,ProtoWT_H_vs_rim15_M,NA,NA,NA
sp|P40513|MAM33_YEAST,ProtoWT_H_vs_rim15_M,NA,NA,NA
sp|P40516|EFM4_YEAST,ProtoWT_H_vs_rim15_M,NA,NA,NA
sp|P40517|YRB2_YEAST,ProtoWT_H_vs_rim15_M,NA,NA,NA
sp|P40518|ARPC5_YEAST,ProtoWT_H_vs_rim15_M,NA,NA,NA
sp|P40528|SYG1_YEAST,ProtoWT_H_vs_rim15_M,NA,NA,NA
sp|P40529|AGE2_YEAST,ProtoWT_H_vs_rim15_M,NA,NA,NA
sp|P40531|GVP36_YEAST,ProtoWT_H_vs_rim15_M,NA,NA,NA
sp|P40533|TED1_YEAST,ProtoWT_H_vs_rim15_M,NA,NA,NA
sp|P40540|EMC5_YEAST,ProtoWT_H_vs_rim15_M,NA,NA,NA
sp|P40551|YIB2_YEAST,ProtoWT_H_vs_rim15_M,NA,NA,NA
sp|P40553|DOT5_YEAST,ProtoWT_H_vs_rim15_M,NA,NA,NA
sp|P40557|EPS1_YEAST,ProtoWT_H_vs_rim15_M,NA,NA,NA
sp|P40561|SGN1_YEAST,ProtoWT_H_vs_rim15_M,NA,NA,NA
sp|P40564|DJP1_YEAST,ProtoWT_H_vs_rim15_M,NA,NA,NA
sp|P40579|YIV5_YEAST,ProtoWT_H_vs_rim15_M,NA,NA,NA
sp|P40580|BZRD_YEAST,ProtoWT_H_vs_rim15_M,NA,NA,NA
sp|P40581|GPX3_YEAST,ProtoWT_H_vs_rim15_M,NA,NA,NA
sp|P40582|GST1_YEAST,ProtoWT_H_vs_rim15_M,NA,NA,NA
sp|P40693|RLP7_YEAST,ProtoWT_H_vs_rim15_M,NA,NA,NA
sp|P40825|SYA_YEAST,ProtoWT_H_vs_rim15_M,NA,NA,NA
sp|P40850|MKT1_YEAST,ProtoWT_H_vs_rim15_M,NA,NA,NA
sp|P40957|MAD1_YEAST,ProtoWT_H_vs_rim15_M,NA,NA,NA
sp|P40958|MAD2_YEAST,ProtoWT_H_vs_rim15_M,NA,NA,NA
sp|P40961|PHB1_YEAST,ProtoWT_H_vs_rim15_M,NA,NA,NA
sp|P40970|LCB2_YEAST,ProtoWT_H_vs_rim15_M,NA,NA,NA
sp|P40986|CDC1_YEAST,ProtoWT_H_vs_rim15_M,NA,NA,NA
sp|P40991|NOP2_YEAST,ProtoWT_H_vs_rim15_M,NA,NA,NA
sp|P41056|RL33B_YEAST,ProtoWT_H_vs_rim15_M,NA,NA,NA
sp|P41057|RS29A_YEAST,ProtoWT_H_vs_rim15_M,NA,NA,NA
sp|P41058|RS29B_YEAST,ProtoWT_H_vs_rim15_M,NA,NA,NA
sp|P41277|GPP1_YEAST,ProtoWT_H_vs_rim15_M,NA,NA,NA
sp|P41338|THIL_YEAST,ProtoWT_H_vs_rim15_M,NA,NA,NA
sp|P41543|OST1_YEAST,ProtoWT_H_vs_rim15_M,NA,NA,NA
sp|P41697|BUD6_YEAST,ProtoWT_H_vs_rim15_M,NA,NA,NA
sp|P41734|IAH1_YEAST,ProtoWT_H_vs_rim15_M,NA,NA,NA
sp|P41805|RL10_YEAST,ProtoWT_H_vs_rim15_M,NA,NA,NA
sp|P41807|VATH_YEAST,ProtoWT_H_vs_rim15_M,NA,NA,NA
sp|P41810|COPB_YEAST,ProtoWT_H_vs_rim15_M,NA,NA,NA
sp|P41811|COPB2_YEAST,ProtoWT_H_vs_rim15_M,NA,NA,NA
sp|P41818|GLC8_YEAST,ProtoWT_H_vs_rim15_M,NA,NA,NA
sp|P41819|DIM1_YEAST,ProtoWT_H_vs_rim15_M,NA,NA,NA
sp|P41835|THI6_YEAST,ProtoWT_H_vs_rim15_M,NA,NA,NA
sp|P41895|T2FA_YEAST,ProtoWT_H_vs_rim15_M,NA,NA,NA
sp|P41911|GPD2_YEAST,ProtoWT_H_vs_rim15_M,NA,NA,NA
sp|P41920|YRB1_YEAST,ProtoWT_H_vs_rim15_M,NA,NA,NA
sp|P41921|GSHR_YEAST,ProtoWT_H_vs_rim15_M,NA,NA,NA
sp|P41940|MPG1_YEAST,ProtoWT_H_vs_rim15_M,NA,NA,NA
sp|P42842|EMW1_YEAST,ProtoWT_H_vs_rim15_M,NA,NA,NA
sp|P42846|KRI1_YEAST,ProtoWT_H_vs_rim15_M,NA,NA,NA
sp|P42935|ELP2_YEAST,ProtoWT_H_vs_rim15_M,NA,NA,NA
sp|P42940|ETFB_YEAST,ProtoWT_H_vs_rim15_M,NA,NA,NA
sp|P42941|SERB_YEAST,ProtoWT_H_vs_rim15_M,NA,NA,NA
sp|P42942|YG4I_YEAST,ProtoWT_H_vs_rim15_M,NA,NA,NA
sp|P42943|TCPH_YEAST,ProtoWT_H_vs_rim15_M,NA,NA,NA
sp|P42945|UTP10_YEAST,ProtoWT_H_vs_rim15_M,NA,NA,NA
sp|P42949|TIM16_YEAST,ProtoWT_H_vs_rim15_M,NA,NA,NA
sp|P43123|UAP1_YEAST,ProtoWT_H_vs_rim15_M,NA,NA,NA
sp|P43535|GCN20_YEAST,ProtoWT_H_vs_rim15_M,NA,NA,NA
sp|P43555|EMP47_YEAST,ProtoWT_H_vs_rim15_M,NA,NA,NA
sp|P43558|OTU1_YEAST,ProtoWT_H_vs_rim15_M,NA,NA,NA
sp|P43561|FET5_YEAST,ProtoWT_H_vs_rim15_M,NA,NA,NA
sp|P43569|CAF16_YEAST,ProtoWT_H_vs_rim15_M,NA,NA,NA
sp|P43582|WWM1_YEAST,ProtoWT_H_vs_rim15_M,NA,NA,NA
sp|P43585|VTC2_YEAST,ProtoWT_H_vs_rim15_M,NA,NA,NA
sp|P43586|LOC1_YEAST,ProtoWT_H_vs_rim15_M,NA,NA,NA
sp|P43587|YPI1_YEAST,ProtoWT_H_vs_rim15_M,NA,NA,NA
sp|P43588|RPN11_YEAST,ProtoWT_H_vs_rim15_M,NA,NA,NA
sp|P43589|SAD1_YEAST,ProtoWT_H_vs_rim15_M,NA,NA,NA
sp|P43590|YFH6_YEAST,ProtoWT_H_vs_rim15_M,NA,NA,NA
sp|P43593|UBP6_YEAST,ProtoWT_H_vs_rim15_M,NA,NA,NA
sp|P43594|MIC19_YEAST,ProtoWT_H_vs_rim15_M,NA,NA,NA
sp|P43597|YFI6_YEAST,ProtoWT_H_vs_rim15_M,NA,NA,NA
sp|P43603|LSB3_YEAST;sp|P32793|YSC84_YEAST,ProtoWT_H_vs_rim15_M,NA,NA,NA
sp|P43609|RSC8_YEAST,ProtoWT_H_vs_rim15_M,NA,NA,NA
sp|P43612|SA155_YEAST,ProtoWT_H_vs_rim15_M,NA,NA,NA
sp|P43613|ERJ5_YEAST,ProtoWT_H_vs_rim15_M,NA,NA,NA
sp|P43616|DUG1_YEAST,ProtoWT_H_vs_rim15_M,NA,NA,NA
sp|P43619|NADC_YEAST,ProtoWT_H_vs_rim15_M,NA,NA,NA
sp|P43621|COPD_YEAST,ProtoWT_H_vs_rim15_M,NA,NA,NA
sp|P43625|YFM7_YEAST,ProtoWT_H_vs_rim15_M,NA,NA,NA
sp|P43638|MHP1_YEAST,ProtoWT_H_vs_rim15_M,NA,NA,NA
sp|P43639|CSK2B_YEAST,ProtoWT_H_vs_rim15_M,NA,NA,NA
sp|P45818|ROK1_YEAST,ProtoWT_H_vs_rim15_M,NA,NA,NA
sp|P45976|FIP1_YEAST,ProtoWT_H_vs_rim15_M,NA,NA,NA
sp|P45978|SCD6_YEAST,ProtoWT_H_vs_rim15_M,NA,NA,NA
sp|P46367|ALDH4_YEAST,ProtoWT_H_vs_rim15_M,NA,NA,NA
sp|P46654|RSSA2_YEAST,ProtoWT_H_vs_rim15_M,NA,NA,NA
sp|P46655|SYEC_YEAST,ProtoWT_H_vs_rim15_M,NA,NA,NA
sp|P46669|RPA43_YEAST,ProtoWT_H_vs_rim15_M,NA,NA,NA
sp|P46672|ARC1_YEAST,ProtoWT_H_vs_rim15_M,NA,NA,NA
sp|P46673|NUP85_YEAST,ProtoWT_H_vs_rim15_M,NA,NA,NA
sp|P46677|TAF1_YEAST,ProtoWT_H_vs_rim15_M,NA,NA,NA
sp|P46680|AIP1_YEAST,ProtoWT_H_vs_rim15_M,NA,NA,NA
sp|P46681|DLD2_YEAST,ProtoWT_H_vs_rim15_M,NA,NA,NA
sp|P46683|YAR1_YEAST,ProtoWT_H_vs_rim15_M,NA,NA,NA
sp|P46951|YPP1_YEAST,ProtoWT_H_vs_rim15_M,NA,NA,NA
sp|P46956|PHO86_YEAST,ProtoWT_H_vs_rim15_M,NA,NA,NA
sp|P46959|TRM61_YEAST,ProtoWT_H_vs_rim15_M,NA,NA,NA
sp|P46964|OST2_YEAST,ProtoWT_H_vs_rim15_M,NA,NA,NA
sp|P46965|SPC1_YEAST,ProtoWT_H_vs_rim15_M,NA,NA,NA
sp|P46969|RPE_YEAST,ProtoWT_H_vs_rim15_M,NA,NA,NA
sp|P46982|MNN5_YEAST,ProtoWT_H_vs_rim15_M,NA,NA,NA
sp|P46984|GON7_YEAST,ProtoWT_H_vs_rim15_M,NA,NA,NA
sp|P46985|MNN11_YEAST,ProtoWT_H_vs_rim15_M,NA,NA,NA
sp|P46989|ATG27_YEAST,ProtoWT_H_vs_rim15_M,NA,NA,NA
sp|P46990|RL17B_YEAST,ProtoWT_H_vs_rim15_M,NA,NA,NA
sp|P46992|YJR1_YEAST,ProtoWT_H_vs_rim15_M,NA,NA,NA
sp|P47001|CIS3_YEAST;sp|P46999|PIR5_YEAST;sp|Q03180|PIR3_YEAST;sp|Q03178|PIR1_YEAST,ProtoWT_H_vs_rim15_M,NA,NA,NA
sp|P47006|RPA34_YEAST,ProtoWT_H_vs_rim15_M,NA,NA,NA
sp|P47008|SFH5_YEAST,ProtoWT_H_vs_rim15_M,NA,NA,NA
sp|P47018|MTC1_YEAST,ProtoWT_H_vs_rim15_M,NA,NA,NA
sp|P47031|IML2_YEAST,ProtoWT_H_vs_rim15_M,NA,NA,NA
sp|P47035|NET1_YEAST,ProtoWT_H_vs_rim15_M,NA,NA,NA
sp|P47039|BNA3_YEAST,ProtoWT_H_vs_rim15_M,NA,NA,NA
sp|P47044|YJF5_YEAST,ProtoWT_H_vs_rim15_M,NA,NA,NA
sp|P47045|TIM54_YEAST,ProtoWT_H_vs_rim15_M,NA,NA,NA
sp|P47047|MTR4_YEAST,ProtoWT_H_vs_rim15_M,NA,NA,NA
sp|P47054|NU192_YEAST,ProtoWT_H_vs_rim15_M,NA,NA,NA
sp|P47068|BBC1_YEAST,ProtoWT_H_vs_rim15_M,NA,NA,NA
sp|P47075|VTC4_YEAST,ProtoWT_H_vs_rim15_M,NA,NA,NA
sp|P47077|NOP9_YEAST,ProtoWT_H_vs_rim15_M,NA,NA,NA
sp|P47079|TCPQ_YEAST,ProtoWT_H_vs_rim15_M,NA,NA,NA
sp|P47083|MPP10_YEAST,ProtoWT_H_vs_rim15_M,NA,NA,NA
sp|P47096|3HAO_YEAST,ProtoWT_H_vs_rim15_M,NA,NA,NA
sp|P47104|RAV1_YEAST,ProtoWT_H_vs_rim15_M,NA,NA,NA
sp|P47108|URB2_YEAST,ProtoWT_H_vs_rim15_M,NA,NA,NA
sp|P47117|ARP3_YEAST,ProtoWT_H_vs_rim15_M,NA,NA,NA
sp|P47119|ITPA_YEAST,ProtoWT_H_vs_rim15_M,NA,NA,NA
sp|P47120|DOHH_YEAST,ProtoWT_H_vs_rim15_M,NA,NA,NA
sp|P47122|GPN1_YEAST,ProtoWT_H_vs_rim15_M,NA,NA,NA
sp|P47124|HOC1_YEAST,ProtoWT_H_vs_rim15_M,NA,NA,NA
sp|P47127|AIM24_YEAST,ProtoWT_H_vs_rim15_M,NA,NA,NA
sp|P47133|EMC2_YEAST,ProtoWT_H_vs_rim15_M,NA,NA,NA
sp|P47143|ADK_YEAST,ProtoWT_H_vs_rim15_M,NA,NA,NA
sp|P47154|STE24_YEAST,ProtoWT_H_vs_rim15_M,NA,NA,NA
sp|P47160|ENT3_YEAST,ProtoWT_H_vs_rim15_M,NA,NA,NA
sp|P47173|YJ9J_YEAST,ProtoWT_H_vs_rim15_M,NA,NA,NA
sp|P47176|BCA2_YEAST,ProtoWT_H_vs_rim15_M,NA,NA,NA
sp|P47190|PMT3_YEAST,ProtoWT_H_vs_rim15_M,NA,NA,NA
sp|P47771|ALDH2_YEAST,ProtoWT_H_vs_rim15_M,NA,NA,NA
sp|P47818|CCC1_YEAST,ProtoWT_H_vs_rim15_M,NA,NA,NA
sp|P47912|LCF4_YEAST,ProtoWT_H_vs_rim15_M,NA,NA,NA
sp|P48015|GCST_YEAST,ProtoWT_H_vs_rim15_M,NA,NA,NA
sp|P48164|RS7B_YEAST,ProtoWT_H_vs_rim15_M,NA,NA,NA
sp|P48231|TCB2_YEAST,ProtoWT_H_vs_rim15_M,NA,NA,NA
sp|P48362|HGH1_YEAST,ProtoWT_H_vs_rim15_M,NA,NA,NA
sp|P48415|SEC16_YEAST,ProtoWT_H_vs_rim15_M,NA,NA,NA
sp|P48510|DSK2_YEAST,ProtoWT_H_vs_rim15_M,NA,NA,NA
sp|P48563|MON2_YEAST,ProtoWT_H_vs_rim15_M,NA,NA,NA
sp|P48567|PUS4_YEAST,ProtoWT_H_vs_rim15_M,NA,NA,NA
sp|P48570|HOSC_YEAST,ProtoWT_H_vs_rim15_M,NA,NA,NA
sp|P48582|BRO1_YEAST,ProtoWT_H_vs_rim15_M,NA,NA,NA
sp|P48589|RS12_YEAST,ProtoWT_H_vs_rim15_M,NA,NA,NA
sp|P48606|TBCA_YEAST,ProtoWT_H_vs_rim15_M,NA,NA,NA
sp|P48813|GNP1_YEAST,ProtoWT_H_vs_rim15_M,NA,NA,NA
sp|P48836|VATG_YEAST,ProtoWT_H_vs_rim15_M,NA,NA,NA
sp|P48837|NUP57_YEAST,ProtoWT_H_vs_rim15_M,NA,NA,NA
sp|P49089|ASNS1_YEAST,ProtoWT_H_vs_rim15_M,NA,NA,NA
sp|P49090|ASNS2_YEAST,ProtoWT_H_vs_rim15_M,NA,NA,NA
sp|P49166|RL37A_YEAST,ProtoWT_H_vs_rim15_M,NA,NA,NA
sp|P49167|RL38_YEAST,ProtoWT_H_vs_rim15_M,NA,NA,NA
sp|P49334|TOM22_YEAST,ProtoWT_H_vs_rim15_M,NA,NA,NA
sp|P49367|LYS4_YEAST,ProtoWT_H_vs_rim15_M,NA,NA,NA
sp|P49435|APT1_YEAST,ProtoWT_H_vs_rim15_M,NA,NA,NA
sp|P49573|CTR1_YEAST,ProtoWT_H_vs_rim15_M,NA,NA,NA
sp|P49626|RL4B_YEAST,ProtoWT_H_vs_rim15_M,NA,NA,NA
sp|P49687|NU145_YEAST,ProtoWT_H_vs_rim15_M,NA,NA,NA
sp|P49723|RIR4_YEAST,ProtoWT_H_vs_rim15_M,NA,NA,NA
sp|P49954|NIT3_YEAST,ProtoWT_H_vs_rim15_M,NA,NA,NA
sp|P50085|PHB2_YEAST,ProtoWT_H_vs_rim15_M,NA,NA,NA
sp|P50086|PSD10_YEAST,ProtoWT_H_vs_rim15_M,NA,NA,NA
sp|P50094|IMDH4_YEAST,ProtoWT_H_vs_rim15_M,NA,NA,NA
sp|P50095|IMDH3_YEAST,ProtoWT_H_vs_rim15_M,NA,NA,NA
sp|P50101|UBP15_YEAST,ProtoWT_H_vs_rim15_M,NA,NA,NA
sp|P50106|RPA14_YEAST,ProtoWT_H_vs_rim15_M,NA,NA,NA
sp|P50107|LGUL_YEAST,ProtoWT_H_vs_rim15_M,NA,NA,NA
sp|P50109|PSP2_YEAST,ProtoWT_H_vs_rim15_M,NA,NA,NA
sp|P50278|SOL1_YEAST,ProtoWT_H_vs_rim15_M,NA,NA,NA
sp|P50623|UBC9_YEAST,ProtoWT_H_vs_rim15_M,NA,NA,NA
sp|P50861|RIB4_YEAST,ProtoWT_H_vs_rim15_M,NA,NA,NA
sp|P50896|PSP1_YEAST,ProtoWT_H_vs_rim15_M,NA,NA,NA
sp|P51401|RL9B_YEAST,ProtoWT_H_vs_rim15_M,NA,NA,NA
sp|P51402|RL37B_YEAST,ProtoWT_H_vs_rim15_M,NA,NA,NA
sp|P51601|GCH1_YEAST,ProtoWT_H_vs_rim15_M,NA,NA,NA
sp|P51996|YPT32_YEAST,ProtoWT_H_vs_rim15_M,NA,NA,NA
sp|P51998|RL4P_YEAST,ProtoWT_H_vs_rim15_M,NA,NA,NA
sp|P52488|UBA2_YEAST,ProtoWT_H_vs_rim15_M,NA,NA,NA
sp|P52489|KPYK2_YEAST,ProtoWT_H_vs_rim15_M,NA,NA,NA
sp|P52490|UBC13_YEAST,ProtoWT_H_vs_rim15_M,NA,NA,NA
sp|P52553|PFD6_YEAST,ProtoWT_H_vs_rim15_M,NA,NA,NA
sp|P52593|NU188_YEAST,ProtoWT_H_vs_rim15_M,NA,NA,NA
sp|P52870|SC6B1_YEAST,ProtoWT_H_vs_rim15_M,NA,NA,NA
sp|P52871|SC6B2_YEAST,ProtoWT_H_vs_rim15_M,NA,NA,NA
sp|P52893|ALAM_YEAST,ProtoWT_H_vs_rim15_M,NA,NA,NA
sp|P52910|ACS2_YEAST;sp|Q01574|ACS1_YEAST,ProtoWT_H_vs_rim15_M,NA,NA,NA
sp|P52917|VPS4_YEAST,ProtoWT_H_vs_rim15_M,NA,NA,NA
sp|P52918|MSN5_YEAST,ProtoWT_H_vs_rim15_M,NA,NA,NA
sp|P53008|CWH41_YEAST,ProtoWT_H_vs_rim15_M,NA,NA,NA
sp|P53011|SEH1_YEAST,ProtoWT_H_vs_rim15_M,NA,NA,NA
sp|P53040|TAF6_YEAST,ProtoWT_H_vs_rim15_M,NA,NA,NA
sp|P53043|PPT1_YEAST,ProtoWT_H_vs_rim15_M,NA,NA,NA
sp|P53044|UFD1_YEAST,ProtoWT_H_vs_rim15_M,NA,NA,NA
sp|P53045|MSMO_YEAST,ProtoWT_H_vs_rim15_M,NA,NA,NA
sp|P53066|YGZ2_YEAST,ProtoWT_H_vs_rim15_M,NA,NA,NA
sp|P53072|TAN1_YEAST,ProtoWT_H_vs_rim15_M,NA,NA,NA
sp|P53073|EMC4_YEAST,ProtoWT_H_vs_rim15_M,NA,NA,NA
sp|P53075|SHE10_YEAST,ProtoWT_H_vs_rim15_M,NA,NA,NA
sp|P53081|NIF3_YEAST,ProtoWT_H_vs_rim15_M,NA,NA,NA
sp|P53087|YGW4_YEAST,ProtoWT_H_vs_rim15_M,NA,NA,NA
sp|P53090|ARO8_YEAST,ProtoWT_H_vs_rim15_M,NA,NA,NA
sp|P53093|YIP4_YEAST,ProtoWT_H_vs_rim15_M,NA,NA,NA
sp|P53114|MED5_YEAST,ProtoWT_H_vs_rim15_M,NA,NA,NA
sp|P53115|INO80_YEAST,ProtoWT_H_vs_rim15_M,NA,NA,NA
sp|P53128|MTHR2_YEAST,ProtoWT_H_vs_rim15_M,NA,NA,NA
sp|P53131|PRP43_YEAST,ProtoWT_H_vs_rim15_M,NA,NA,NA
sp|P53136|NSA1_YEAST,ProtoWT_H_vs_rim15_M,NA,NA,NA
sp|P53141|MLC1_YEAST,ProtoWT_H_vs_rim15_M,NA,NA,NA
sp|P53145|LSG1_YEAST,ProtoWT_H_vs_rim15_M,NA,NA,NA
sp|P53152|MMS2_YEAST,ProtoWT_H_vs_rim15_M,NA,NA,NA
sp|P53163|MNP1_YEAST,ProtoWT_H_vs_rim15_M,NA,NA,NA
sp|P53173|ERV14_YEAST,ProtoWT_H_vs_rim15_M,NA,NA,NA
sp|P53183|YGD9_YEAST,ProtoWT_H_vs_rim15_M,NA,NA,NA
sp|P53184|PNC1_YEAST,ProtoWT_H_vs_rim15_M,NA,NA,NA
sp|P53189|SCW11_YEAST,ProtoWT_H_vs_rim15_M,NA,NA,NA
sp|P53199|ERG26_YEAST,ProtoWT_H_vs_rim15_M,NA,NA,NA
sp|P53200|EFM5_YEAST,ProtoWT_H_vs_rim15_M,NA,NA,NA
sp|P53206|CYSKL_YEAST,ProtoWT_H_vs_rim15_M,NA,NA,NA
sp|P53210|YG1B_YEAST,ProtoWT_H_vs_rim15_M,NA,NA,NA
sp|P53217|YG1I_YEAST,ProtoWT_H_vs_rim15_M,NA,NA,NA
sp|P53221|RL26B_YEAST,ProtoWT_H_vs_rim15_M,NA,NA,NA
sp|P53235|EIF2A_YEAST,ProtoWT_H_vs_rim15_M,NA,NA,NA
sp|P53250|TWF1_YEAST,ProtoWT_H_vs_rim15_M,NA,NA,NA
sp|P53252|PIL1_YEAST,ProtoWT_H_vs_rim15_M,NA,NA,NA
sp|P53254|UTP22_YEAST,ProtoWT_H_vs_rim15_M,NA,NA,NA
sp|P53256|RRP46_YEAST,ProtoWT_H_vs_rim15_M,NA,NA,NA
sp|P53261|PESC_YEAST,ProtoWT_H_vs_rim15_M,NA,NA,NA
sp|P53276|UTP8_YEAST,ProtoWT_H_vs_rim15_M,NA,NA,NA
sp|P53278|YG3A_YEAST,ProtoWT_H_vs_rim15_M,NA,NA,NA
sp|P53295|RBG2_YEAST,ProtoWT_H_vs_rim15_M,NA,NA,NA
sp|P53296|ATF2_YEAST,ProtoWT_H_vs_rim15_M,NA,NA,NA
sp|P53297|PBP1_YEAST,ProtoWT_H_vs_rim15_M,NA,NA,NA
sp|P53299|TIM13_YEAST,ProtoWT_H_vs_rim15_M,NA,NA,NA
sp|P53301|CRH1_YEAST,ProtoWT_H_vs_rim15_M,NA,NA,NA
sp|P53303|ZPR1_YEAST,ProtoWT_H_vs_rim15_M,NA,NA,NA
sp|P53312|SUCB_YEAST,ProtoWT_H_vs_rim15_M,NA,NA,NA
sp|P53330|RT102_YEAST,ProtoWT_H_vs_rim15_M,NA,NA,NA
sp|P53332|COAD_YEAST,ProtoWT_H_vs_rim15_M,NA,NA,NA
sp|P53334|SCW4_YEAST,ProtoWT_H_vs_rim15_M,NA,NA,NA
sp|P53337|ERV29_YEAST,ProtoWT_H_vs_rim15_M,NA,NA,NA
sp|P53507|TOM7_YEAST,ProtoWT_H_vs_rim15_M,NA,NA,NA
sp|P53549|PRS10_YEAST,ProtoWT_H_vs_rim15_M,NA,NA,NA
sp|P53550|DCP2_YEAST,ProtoWT_H_vs_rim15_M,NA,NA,NA
sp|P53551|H1_YEAST,ProtoWT_H_vs_rim15_M,NA,NA,NA
sp|P53552|THO2_YEAST,ProtoWT_H_vs_rim15_M,NA,NA,NA
sp|P53598|SUCA_YEAST,ProtoWT_H_vs_rim15_M,NA,NA,NA
sp|P53600|COPZ_YEAST,ProtoWT_H_vs_rim15_M,NA,NA,NA
sp|P53622|COPA_YEAST,ProtoWT_H_vs_rim15_M,NA,NA,NA
sp|P53633|PRA1_YEAST,ProtoWT_H_vs_rim15_M,NA,NA,NA
sp|P53686|HST2_YEAST,ProtoWT_H_vs_rim15_M,NA,NA,NA
sp|P53691|PPID_YEAST,ProtoWT_H_vs_rim15_M,NA,NA,NA
sp|P53723|YN8B_YEAST,ProtoWT_H_vs_rim15_M,NA,NA,NA
sp|P53724|RM50_YEAST,ProtoWT_H_vs_rim15_M,NA,NA,NA
sp|P53729|YN8H_YEAST,ProtoWT_H_vs_rim15_M,NA,NA,NA
sp|P53730|ALG12_YEAST,ProtoWT_H_vs_rim15_M,NA,NA,NA
sp|P53731|ARPC2_YEAST,ProtoWT_H_vs_rim15_M,NA,NA,NA
sp|P53733|RT19_YEAST,ProtoWT_H_vs_rim15_M,NA,NA,NA
sp|P53734|DBP6_YEAST,ProtoWT_H_vs_rim15_M,NA,NA,NA
sp|P53738|TR112_YEAST,ProtoWT_H_vs_rim15_M,NA,NA,NA
sp|P53742|NOG2_YEAST,ProtoWT_H_vs_rim15_M,NA,NA,NA
sp|P53753|ENG1_YEAST,ProtoWT_H_vs_rim15_M,NA,NA,NA
sp|P53756|PDR18_YEAST;sp|P32568|SNQ2_YEAST,ProtoWT_H_vs_rim15_M,NA,NA,NA
sp|P53829|CAF40_YEAST,ProtoWT_H_vs_rim15_M,NA,NA,NA
sp|P53834|HCH1_YEAST,ProtoWT_H_vs_rim15_M,NA,NA,NA
sp|P53848|FOL1_YEAST,ProtoWT_H_vs_rim15_M,NA,NA,NA
sp|P53849|GIS2_YEAST,ProtoWT_H_vs_rim15_M,NA,NA,NA
sp|P53852|SYC_YEAST,ProtoWT_H_vs_rim15_M,NA,NA,NA
sp|P53854|CWC25_YEAST,ProtoWT_H_vs_rim15_M,NA,NA,NA
sp|P53860|PDR16_YEAST,ProtoWT_H_vs_rim15_M,NA,NA,NA
sp|P53877|IPI3_YEAST,ProtoWT_H_vs_rim15_M,NA,NA,NA
sp|P53878|YNS1_YEAST,ProtoWT_H_vs_rim15_M,NA,NA,NA
sp|P53879|RHO5_YEAST,ProtoWT_H_vs_rim15_M,NA,NA,NA
sp|P53883|NOP13_YEAST,ProtoWT_H_vs_rim15_M,NA,NA,NA
sp|P53889|FMP41_YEAST,ProtoWT_H_vs_rim15_M,NA,NA,NA
sp|P53897|IGO1_YEAST,ProtoWT_H_vs_rim15_M,NA,NA,NA
sp|P53899|CUZ1_YEAST,ProtoWT_H_vs_rim15_M,NA,NA,NA
sp|P53900|PFD4_YEAST,ProtoWT_H_vs_rim15_M,NA,NA,NA
sp|P53903|PGA2_YEAST,ProtoWT_H_vs_rim15_M,NA,NA,NA
sp|P53909|ADE_YEAST,ProtoWT_H_vs_rim15_M,NA,NA,NA
sp|P53912|YNN4_YEAST,ProtoWT_H_vs_rim15_M,NA,NA,NA
sp|P53914|NAT10_YEAST,ProtoWT_H_vs_rim15_M,NA,NA,NA
sp|P53920|NM111_YEAST,ProtoWT_H_vs_rim15_M,NA,NA,NA
sp|P53924|DMA2_YEAST,ProtoWT_H_vs_rim15_M,NA,NA,NA
sp|P53929|YNK8_YEAST,ProtoWT_H_vs_rim15_M,NA,NA,NA
sp|P53941|IMP4_YEAST,ProtoWT_H_vs_rim15_M,NA,NA,NA
sp|P53946|ARP5_YEAST,ProtoWT_H_vs_rim15_M,NA,NA,NA
sp|P53953|SFB2_YEAST,ProtoWT_H_vs_rim15_M,NA,NA,NA
sp|P53968|CRZ1_YEAST,ProtoWT_H_vs_rim15_M,NA,NA,NA
sp|P53974|ARK1_YEAST,ProtoWT_H_vs_rim15_M,NA,NA,NA
sp|P53981|YNB0_YEAST,ProtoWT_H_vs_rim15_M,NA,NA,NA
sp|P54000|SUB1_YEAST,ProtoWT_H_vs_rim15_M,NA,NA,NA
sp|P54113|PUR91_YEAST,ProtoWT_H_vs_rim15_M,NA,NA,NA
sp|P54115|ALDH6_YEAST,ProtoWT_H_vs_rim15_M,NA,NA,NA
sp|P54781|ERG5_YEAST,ProtoWT_H_vs_rim15_M,NA,NA,NA
sp|P54783|ALO_YEAST,ProtoWT_H_vs_rim15_M,NA,NA,NA
sp|P54837|TMEDA_YEAST,ProtoWT_H_vs_rim15_M,NA,NA,NA
sp|P54838|DAK1_YEAST,ProtoWT_H_vs_rim15_M,NA,NA,NA
sp|P54839|HMCS_YEAST,ProtoWT_H_vs_rim15_M,NA,NA,NA
sp|P54860|UFD2_YEAST;sp|P14905|CBS2_YEAST,ProtoWT_H_vs_rim15_M,NA,NA,NA
sp|P54861|DNM1_YEAST,ProtoWT_H_vs_rim15_M,NA,NA,NA
sp|P54885|PROA_YEAST,ProtoWT_H_vs_rim15_M,NA,NA,NA
sp|P56628|RL22B_YEAST,ProtoWT_H_vs_rim15_M,NA,NA,NA
sp|P57744|TIM8_YEAST,ProtoWT_H_vs_rim15_M,NA,NA,NA
sp|P60010|ACT_YEAST,ProtoWT_H_vs_rim15_M,NA,NA,NA
sp|P61830|H3_YEAST,ProtoWT_H_vs_rim15_M,NA,NA,NA
sp|P69771|DID2_YEAST,ProtoWT_H_vs_rim15_M,NA,NA,NA
sp|P69850|DAD3_YEAST,ProtoWT_H_vs_rim15_M,NA,NA,NA
sp|P80210|PURA_YEAST,ProtoWT_H_vs_rim15_M,NA,NA,NA
sp|P80967|TOM5_YEAST,ProtoWT_H_vs_rim15_M,NA,NA,NA
sp|P81449|ATPJ_YEAST,ProtoWT_H_vs_rim15_M,NA,NA,NA
sp|P81450|ATP18_YEAST,ProtoWT_H_vs_rim15_M,NA,NA,NA
sp|P87108|TIM10_YEAST,ProtoWT_H_vs_rim15_M,NA,NA,NA
sp|P87262|RL34A_YEAST;sp|P40525|RL34B_YEAST,ProtoWT_H_vs_rim15_M,NA,NA,NA
sp|P89886|TMA20_YEAST,ProtoWT_H_vs_rim15_M,NA,NA,NA
sp|Q00055|GPD1_YEAST,ProtoWT_H_vs_rim15_M,NA,NA,NA
sp|Q00245|RHO3_YEAST,ProtoWT_H_vs_rim15_M,NA,NA,NA
sp|Q00362|2ABA_YEAST,ProtoWT_H_vs_rim15_M,NA,NA,NA
sp|Q00402|NUM1_YEAST,ProtoWT_H_vs_rim15_M,NA,NA,NA
sp|Q00711|SDHA_YEAST,ProtoWT_H_vs_rim15_M,NA,NA,NA
sp|Q00764|TPS1_YEAST,ProtoWT_H_vs_rim15_M,NA,NA,NA
sp|Q00772|SLT2_YEAST,ProtoWT_H_vs_rim15_M,NA,NA,NA
sp|Q00955|ACAC_YEAST;sp|P32874|HFA1_YEAST,ProtoWT_H_vs_rim15_M,NA,NA,NA
sp|Q01080|RPA49_YEAST,ProtoWT_H_vs_rim15_M,NA,NA,NA
sp|Q01159|MCE1_YEAST,ProtoWT_H_vs_rim15_M,NA,NA,NA
sp|Q01217|ARG56_YEAST,ProtoWT_H_vs_rim15_M,NA,NA,NA
sp|Q01454|CTF4_YEAST,ProtoWT_H_vs_rim15_M,NA,NA,NA
sp|Q01476|UBP2_YEAST,ProtoWT_H_vs_rim15_M,NA,NA,NA
sp|Q01477|UBP3_YEAST,ProtoWT_H_vs_rim15_M,NA,NA,NA
sp|Q01519|COX12_YEAST,ProtoWT_H_vs_rim15_M,NA,NA,NA
sp|Q01532|BLH1_YEAST,ProtoWT_H_vs_rim15_M,NA,NA,NA
sp|Q01560|NOP3_YEAST,ProtoWT_H_vs_rim15_M,NA,NA,NA
sp|Q01662|MAP1_YEAST,ProtoWT_H_vs_rim15_M,NA,NA,NA
sp|Q01852|TIM44_YEAST,ProtoWT_H_vs_rim15_M,NA,NA,NA
sp|Q01855|RS15_YEAST,ProtoWT_H_vs_rim15_M,NA,NA,NA
sp|Q01939|PRS8_YEAST,ProtoWT_H_vs_rim15_M,NA,NA,NA
sp|Q01976|ADPP_YEAST,ProtoWT_H_vs_rim15_M,NA,NA,NA
sp|Q02046|MTD1_YEAST,ProtoWT_H_vs_rim15_M,NA,NA,NA
sp|Q02199|NUP49_YEAST,ProtoWT_H_vs_rim15_M,NA,NA,NA
sp|Q02201|OSH6_YEAST,ProtoWT_H_vs_rim15_M,NA,NA,NA
sp|Q02205|MEH1_YEAST,ProtoWT_H_vs_rim15_M,NA,NA,NA
sp|Q02206|RSC4_YEAST,ProtoWT_H_vs_rim15_M,NA,NA,NA
sp|Q02260|SMD1_YEAST,ProtoWT_H_vs_rim15_M,NA,NA,NA
sp|Q02326|RL6A_YEAST,ProtoWT_H_vs_rim15_M,NA,NA,NA
sp|Q02354|UTP6_YEAST,ProtoWT_H_vs_rim15_M,NA,NA,NA
sp|Q02455|MLP1_YEAST,ProtoWT_H_vs_rim15_M,NA,NA,NA
sp|Q02457|TBF1_YEAST,ProtoWT_H_vs_rim15_M,NA,NA,NA
sp|Q02486|ABF2_YEAST,ProtoWT_H_vs_rim15_M,NA,NA,NA
sp|Q02642|NACB1_YEAST,ProtoWT_H_vs_rim15_M,NA,NA,NA
sp|Q02725|VTC3_YEAST,ProtoWT_H_vs_rim15_M,NA,NA,NA
sp|Q02776|TIM50_YEAST,ProtoWT_H_vs_rim15_M,NA,NA,NA
sp|Q02784|GLRX5_YEAST,ProtoWT_H_vs_rim15_M,NA,NA,NA
sp|Q02792|XRN2_YEAST,ProtoWT_H_vs_rim15_M,NA,NA,NA
sp|Q02793|SKI8_YEAST,ProtoWT_H_vs_rim15_M,NA,NA,NA
sp|Q02795|OSTD_YEAST,ProtoWT_H_vs_rim15_M,NA,NA,NA
sp|Q02821|IMA1_YEAST,ProtoWT_H_vs_rim15_M,NA,NA,NA
sp|Q02875|SYH1_YEAST,ProtoWT_H_vs_rim15_M,NA,NA,NA
sp|Q02892|NOG1_YEAST,ProtoWT_H_vs_rim15_M,NA,NA,NA
sp|Q02908|ELP3_YEAST,ProtoWT_H_vs_rim15_M,NA,NA,NA
sp|Q02931|UTP17_YEAST,ProtoWT_H_vs_rim15_M,NA,NA,NA
sp|Q02948|BECN1_YEAST,ProtoWT_H_vs_rim15_M,NA,NA,NA
sp|Q02969|PEX25_YEAST,ProtoWT_H_vs_rim15_M,NA,NA,NA
sp|Q03048|COFI_YEAST,ProtoWT_H_vs_rim15_M,NA,NA,NA
sp|Q03063|DIG1_YEAST,ProtoWT_H_vs_rim15_M,NA,NA,NA
sp|Q03103|ERO1_YEAST,ProtoWT_H_vs_rim15_M,NA,NA,NA
sp|Q03161|YMY9_YEAST,ProtoWT_H_vs_rim15_M,NA,NA,NA
sp|Q03195|RLI1_YEAST,ProtoWT_H_vs_rim15_M,NA,NA,NA
sp|Q03219|YM44_YEAST,ProtoWT_H_vs_rim15_M,NA,NA,NA
sp|Q03233|ADD37_YEAST,ProtoWT_H_vs_rim15_M,NA,NA,NA
sp|Q03246|RT17_YEAST,ProtoWT_H_vs_rim15_M,NA,NA,NA
sp|Q03280|TOM1_YEAST,ProtoWT_H_vs_rim15_M,NA,NA,NA
sp|Q03305|RMT2_YEAST,ProtoWT_H_vs_rim15_M,NA,NA,NA
sp|Q03323|SDC1_YEAST,ProtoWT_H_vs_rim15_M,NA,NA,NA
sp|Q03497|STE20_YEAST;sp|P48562|CLA4_YEAST,ProtoWT_H_vs_rim15_M,NA,NA,NA
sp|Q03503|NAA30_YEAST,ProtoWT_H_vs_rim15_M,NA,NA,NA
sp|Q03516|RSN1_YEAST,ProtoWT_H_vs_rim15_M,NA,NA,NA
sp|Q03532|HAS1_YEAST,ProtoWT_H_vs_rim15_M,NA,NA,NA
sp|Q03558|OYE2_YEAST,ProtoWT_H_vs_rim15_M,NA,NA,NA
sp|Q03612|YE11B_YEAST;sp|Q04711|YM11B_YEAST;sp|Q12414|YP11B_YEAST;sp|Q03434|YM12B_YEAST;sp|Q04670|YM14B_YEAST;sp|P0C2I9|YP12B_YEAST;sp|P47100|YJ12B_YEAST;sp|P0C2J0|YP13B_YEAST;sp|Q12273|YO11B_YEAST;sp|Q92393|YO12B_YEAST;sp|Q12141|YG11B_YEAST;sp|P0C2J1|YP14B_YEAST;sp|P0C2I2|YD14B_YEAST;sp|P0C2I5|YL12B_YEAST;sp|Q12269|YG12B_YEAST;sp|P0C2I6|YL13B_YEAST;sp|P47098|YJ11B_YEAST;sp|P0C2I7|YL14B_YEAST;sp|P0C2I3|YD15B_YEAST;sp|O13535|YH11B_YEAST;sp|Q03619|YE12B_YEAST;sp|Q07793|YD13B_YEAST;sp|Q12088|YL11B_YEAST;sp|Q03855|YD11B_YEAST;sp|Q12316|YG13B_YEAST;sp|Q12193|YB12B_YEAST;sp|Q99231|YD12B_YEAST;sp|Q99337|YN12B_YEAST;sp|P0CX57|YA11A_YEAST;sp|P0CX58|YP12A_YEAST;sp|O74302|YD13A_YEAST;sp|P0CX70|YD15A_YEAST;sp|P0CX71|YE11A_YEAST;sp|P0CX72|YL12A_YEAST;sp|P0CX73|YP11A_YEAST;sp|Q12470|YN12A_YEAST;sp|P0CX68|YL11A_YEAST;sp|P0CX67|YG13A_YEAST;sp|P0C2I8|YL14A_YEAST;sp|P0CX59|YO12A_YEAST;sp|P0CX60|YP13A_YEAST;sp|P0CX65|YD14A_YEAST;sp|P0CX66|YE12A_YEAST;sp|P0CX69|YM14A_YEAST;sp|P0C2I4|YH11A_YEAST;sp|P0CX74|YJ11A_YEAST;sp|P0CX75|YL13A_YEAST;sp|P0CX76|YM12A_YEAST;sp|P47099|YJ12A_YEAST;sp|Q03856|YD11A_YEAST;sp|Q04706|YM11A_YEAST;sp|Q12085|YG11A_YEAST;sp|Q12217|YB12A_YEAST;sp|Q12485|YG12A_YEAST;sp|Q6Q5H1|YP14A_YEAST;sp|Q12441|YD12A_YEAST;sp|Q92392|YO11A_YEAST;sp|O13527|YA11B_YEAST,ProtoWT_H_vs_rim15_M,NA,NA,NA
sp|Q03629|YMH9_YEAST,ProtoWT_H_vs_rim15_M,NA,NA,NA
sp|Q03640|TCB3_YEAST,ProtoWT_H_vs_rim15_M,NA,NA,NA
sp|Q03656|SKY1_YEAST,ProtoWT_H_vs_rim15_M,NA,NA,NA
sp|Q03661|ESC1_YEAST,ProtoWT_H_vs_rim15_M,NA,NA,NA
sp|Q03674|PLB2_YEAST,ProtoWT_H_vs_rim15_M,NA,NA,NA
sp|Q03690|CLU_YEAST,ProtoWT_H_vs_rim15_M,NA,NA,NA
sp|Q03691|ROT1_YEAST,ProtoWT_H_vs_rim15_M,NA,NA,NA
sp|Q03705|CG121_YEAST,ProtoWT_H_vs_rim15_M,NA,NA,NA
sp|Q03758|BUL2_YEAST,ProtoWT_H_vs_rim15_M,NA,NA,NA
sp|Q03761|TAF12_YEAST,ProtoWT_H_vs_rim15_M,NA,NA,NA
sp|Q03768|GIR2_YEAST,ProtoWT_H_vs_rim15_M,NA,NA,NA
sp|Q03769|ENT5_YEAST,ProtoWT_H_vs_rim15_M,NA,NA,NA
sp|Q03771|ACL4_YEAST,ProtoWT_H_vs_rim15_M,NA,NA,NA
sp|Q03774|TRM82_YEAST,ProtoWT_H_vs_rim15_M,NA,NA,NA
sp|Q03790|NUP53_YEAST,ProtoWT_H_vs_rim15_M,NA,NA,NA
sp|Q03799|RT08_YEAST,ProtoWT_H_vs_rim15_M,NA,NA,NA
sp|Q03834|MSH6_YEAST,ProtoWT_H_vs_rim15_M,NA,NA,NA
sp|Q03835|GLRX3_YEAST,ProtoWT_H_vs_rim15_M,NA,NA,NA
sp|Q03862|ARX1_YEAST,ProtoWT_H_vs_rim15_M,NA,NA,NA
sp|Q03940|RUVB1_YEAST,ProtoWT_H_vs_rim15_M,NA,NA,NA
sp|Q03973|HMO1_YEAST,ProtoWT_H_vs_rim15_M,NA,NA,NA
sp|Q04013|YHM2_YEAST,ProtoWT_H_vs_rim15_M,NA,NA,NA
sp|Q04031|RRP17_YEAST,ProtoWT_H_vs_rim15_M,NA,NA,NA
sp|Q04062|RPN9_YEAST,ProtoWT_H_vs_rim15_M,NA,NA,NA
sp|Q04067|EIF3G_YEAST,ProtoWT_H_vs_rim15_M,NA,NA,NA
sp|Q04080|GPI17_YEAST,ProtoWT_H_vs_rim15_M,NA,NA,NA
sp|Q04119|PPN1_YEAST,ProtoWT_H_vs_rim15_M,NA,NA,NA
sp|Q04120|TSA2_YEAST,ProtoWT_H_vs_rim15_M,NA,NA,NA
sp|Q04170|YD391_YEAST,ProtoWT_H_vs_rim15_M,NA,NA,NA
sp|Q04175|SXM1_YEAST,ProtoWT_H_vs_rim15_M,NA,NA,NA
sp|Q04177|UTP5_YEAST,ProtoWT_H_vs_rim15_M,NA,NA,NA
sp|Q04178|HPRT_YEAST,ProtoWT_H_vs_rim15_M,NA,NA,NA
sp|Q04214|YM13B_YEAST;sp|Q12490|YB11B_YEAST;sp|Q04215|YM13A_YEAST;sp|Q03964|YD17A_YEAST;sp|Q12266|YB11A_YEAST,ProtoWT_H_vs_rim15_M,NA,NA,NA
sp|Q04217|DHR1_YEAST,ProtoWT_H_vs_rim15_M,NA,NA,NA
sp|Q04225|RRB1_YEAST,ProtoWT_H_vs_rim15_M,NA,NA,NA
sp|Q04226|TAF11_YEAST,ProtoWT_H_vs_rim15_M,NA,NA,NA
sp|Q04336|YM54_YEAST,ProtoWT_H_vs_rim15_M,NA,NA,NA
sp|Q04338|VTI1_YEAST,ProtoWT_H_vs_rim15_M,NA,NA,NA
sp|Q04344|HNT1_YEAST,ProtoWT_H_vs_rim15_M,NA,NA,NA
sp|Q04371|ARMT1_YEAST,ProtoWT_H_vs_rim15_M,NA,NA,NA
sp|Q04373|PUF6_YEAST,ProtoWT_H_vs_rim15_M,NA,NA,NA
sp|Q04401|SDHF3_YEAST,ProtoWT_H_vs_rim15_M,NA,NA,NA
sp|Q04409|EMI2_YEAST,ProtoWT_H_vs_rim15_M,NA,NA,NA
sp|Q04410|GRH1_YEAST,ProtoWT_H_vs_rim15_M,NA,NA,NA
sp|Q04432|HSP31_YEAST,ProtoWT_H_vs_rim15_M,NA,NA,NA
sp|Q04439|MYO5_YEAST;sp|P36006|MYO3_YEAST,ProtoWT_H_vs_rim15_M,NA,NA,NA
sp|Q04458|HFD1_YEAST,ProtoWT_H_vs_rim15_M,NA,NA,NA
sp|Q04491|SEC13_YEAST,ProtoWT_H_vs_rim15_M,NA,NA,NA
sp|Q04493|PFD5_YEAST,ProtoWT_H_vs_rim15_M,NA,NA,NA
sp|Q04500|UTP14_YEAST,ProtoWT_H_vs_rim15_M,NA,NA,NA
sp|Q04599|RM01_YEAST,ProtoWT_H_vs_rim15_M,NA,NA,NA
sp|Q04603|DPB4_YEAST,ProtoWT_H_vs_rim15_M,NA,NA,NA
sp|Q04636|POB3_YEAST,ProtoWT_H_vs_rim15_M,NA,NA,NA
sp|Q04660|ERB1_YEAST,ProtoWT_H_vs_rim15_M,NA,NA,NA
sp|Q04697|GSF2_YEAST,ProtoWT_H_vs_rim15_M,NA,NA,NA
sp|Q04728|ARGJ_YEAST,ProtoWT_H_vs_rim15_M,NA,NA,NA
sp|Q04739|GAL83_YEAST;sp|P34164|SIP2_YEAST,ProtoWT_H_vs_rim15_M,NA,NA,NA
sp|Q04767|TVP18_YEAST,ProtoWT_H_vs_rim15_M,NA,NA,NA
sp|Q04773|YMW4_YEAST,ProtoWT_H_vs_rim15_M,NA,NA,NA
sp|Q04779|RCO1_YEAST,ProtoWT_H_vs_rim15_M,NA,NA,NA
sp|Q04781|LTN1_YEAST,ProtoWT_H_vs_rim15_M,NA,NA,NA
sp|Q04792|DCE_YEAST,ProtoWT_H_vs_rim15_M,NA,NA,NA
sp|Q04847|ROY1_YEAST,ProtoWT_H_vs_rim15_M,NA,NA,NA
sp|Q04869|YM94_YEAST,ProtoWT_H_vs_rim15_M,NA,NA,NA
sp|Q04894|ADH6_YEAST,ProtoWT_H_vs_rim15_M,NA,NA,NA
sp|Q04947|RTN1_YEAST,ProtoWT_H_vs_rim15_M,NA,NA,NA
sp|Q04951|SCW10_YEAST,ProtoWT_H_vs_rim15_M,NA,NA,NA
sp|Q04964|SML1_YEAST,ProtoWT_H_vs_rim15_M,NA,NA,NA
sp|Q05016|YM71_YEAST,ProtoWT_H_vs_rim15_M,NA,NA,NA
sp|Q05022|RRP5_YEAST,ProtoWT_H_vs_rim15_M,NA,NA,NA
sp|Q05029|BCH1_YEAST,ProtoWT_H_vs_rim15_M,NA,NA,NA
sp|Q05040|FAR8_YEAST,ProtoWT_H_vs_rim15_M,NA,NA,NA
sp|Q05050|EIS1_YEAST,ProtoWT_H_vs_rim15_M,NA,NA,NA
sp|Q05123|ARP9_YEAST,ProtoWT_H_vs_rim15_M,NA,NA,NA
sp|Q05359|ERP1_YEAST,ProtoWT_H_vs_rim15_M,NA,NA,NA
sp|Q05506|SYRC_YEAST,ProtoWT_H_vs_rim15_M,NA,NA,NA
sp|Q05515|SVF1_YEAST,ProtoWT_H_vs_rim15_M,NA,NA,NA
sp|Q05518|PAL1_YEAST,ProtoWT_H_vs_rim15_M,NA,NA,NA
sp|Q05583|CIAO1_YEAST,ProtoWT_H_vs_rim15_M,NA,NA,NA
sp|Q05584|GLO2_YEAST,ProtoWT_H_vs_rim15_M,NA,NA,NA
sp|Q05636|RRP45_YEAST,ProtoWT_H_vs_rim15_M,NA,NA,NA
sp|Q05672|RBS1_YEAST,ProtoWT_H_vs_rim15_M,NA,NA,NA
sp|Q05775|EIF3J_YEAST,ProtoWT_H_vs_rim15_M,NA,NA,NA
sp|Q05778|POC1_YEAST,ProtoWT_H_vs_rim15_M,NA,NA,NA
sp|Q05785|ENT2_YEAST,ProtoWT_H_vs_rim15_M,NA,NA,NA
sp|Q05788|PNPH_YEAST,ProtoWT_H_vs_rim15_M,NA,NA,NA
sp|Q05881|YL287_YEAST,ProtoWT_H_vs_rim15_M,NA,NA,NA
sp|Q05905|HRI1_YEAST,ProtoWT_H_vs_rim15_M,NA,NA,NA
sp|Q05911|PUR8_YEAST,ProtoWT_H_vs_rim15_M,NA,NA,NA
sp|Q05933|ARPC3_YEAST,ProtoWT_H_vs_rim15_M,NA,NA,NA
sp|Q05942|RSA3_YEAST,ProtoWT_H_vs_rim15_M,NA,NA,NA
sp|Q05946|UTP13_YEAST,ProtoWT_H_vs_rim15_M,NA,NA,NA
sp|Q05948|YL225_YEAST,ProtoWT_H_vs_rim15_M,NA,NA,NA
sp|Q05979|KYNU_YEAST,ProtoWT_H_vs_rim15_M,NA,NA,NA
sp|Q06010|STE23_YEAST,ProtoWT_H_vs_rim15_M,NA,NA,NA
sp|Q06053|DUS3_YEAST,ProtoWT_H_vs_rim15_M,NA,NA,NA
sp|Q06078|UTP21_YEAST,ProtoWT_H_vs_rim15_M,NA,NA,NA
sp|Q06089|YP098_YEAST,ProtoWT_H_vs_rim15_M,NA,NA,NA
sp|Q06103|RPN7_YEAST,ProtoWT_H_vs_rim15_M,NA,NA,NA
sp|Q06106|MRD1_YEAST,ProtoWT_H_vs_rim15_M,NA,NA,NA
sp|Q06142|IMB1_YEAST,ProtoWT_H_vs_rim15_M,NA,NA,NA
sp|Q06144|ORM2_YEAST;sp|P53224|ORM1_YEAST,ProtoWT_H_vs_rim15_M,NA,NA,NA
sp|Q06146|YL257_YEAST,ProtoWT_H_vs_rim15_M,NA,NA,NA
sp|Q06151|DCPS_YEAST,ProtoWT_H_vs_rim15_M,NA,NA,NA
sp|Q06169|PEX30_YEAST,ProtoWT_H_vs_rim15_M,NA,NA,NA
sp|Q06177|TMA10_YEAST,ProtoWT_H_vs_rim15_M,NA,NA,NA
sp|Q06205|FKBP4_YEAST,ProtoWT_H_vs_rim15_M,NA,NA,NA
sp|Q06214|JIP5_YEAST,ProtoWT_H_vs_rim15_M,NA,NA,NA
sp|Q06217|SMD2_YEAST,ProtoWT_H_vs_rim15_M,NA,NA,NA
sp|Q06218|DBP9_YEAST,ProtoWT_H_vs_rim15_M,NA,NA,NA
sp|Q06252|YL179_YEAST,ProtoWT_H_vs_rim15_M,NA,NA,NA
sp|Q06287|NEP1_YEAST,ProtoWT_H_vs_rim15_M,NA,NA,NA
sp|Q06338|BCP1_YEAST,ProtoWT_H_vs_rim15_M,NA,NA,NA
sp|Q06344|ESF1_YEAST,ProtoWT_H_vs_rim15_M,NA,NA,NA
sp|Q06385|VPS74_YEAST,ProtoWT_H_vs_rim15_M,NA,NA,NA
sp|Q06405|ATPK_YEAST,ProtoWT_H_vs_rim15_M,NA,NA,NA
sp|Q06406|LSM6_YEAST,ProtoWT_H_vs_rim15_M,NA,NA,NA
sp|Q06408|ARO10_YEAST,ProtoWT_H_vs_rim15_M,NA,NA,NA
sp|Q06440|CORO_YEAST,ProtoWT_H_vs_rim15_M,NA,NA,NA
sp|Q06449|PIN3_YEAST,ProtoWT_H_vs_rim15_M,NA,NA,NA
sp|Q06489|MTNA_YEAST,ProtoWT_H_vs_rim15_M,NA,NA,NA
sp|Q06497|ANT1_YEAST,ProtoWT_H_vs_rim15_M,NA,NA,NA
sp|Q06505|IWS1_YEAST,ProtoWT_H_vs_rim15_M,NA,NA,NA
sp|Q06508|LOA1_YEAST,ProtoWT_H_vs_rim15_M,NA,NA,NA
sp|Q06511|RRP15_YEAST,ProtoWT_H_vs_rim15_M,NA,NA,NA
sp|Q06523|YP148_YEAST,ProtoWT_H_vs_rim15_M,NA,NA,NA
sp|Q06604|BSP1_YEAST,ProtoWT_H_vs_rim15_M,NA,NA,NA
sp|Q06624|RHC31_YEAST,ProtoWT_H_vs_rim15_M,NA,NA,NA
sp|Q06631|BFR2_YEAST,ProtoWT_H_vs_rim15_M,NA,NA,NA
sp|Q06639|RSC3_YEAST,ProtoWT_H_vs_rim15_M,NA,NA,NA
sp|Q06679|UTP4_YEAST,ProtoWT_H_vs_rim15_M,NA,NA,NA
sp|Q06685|VIP1_YEAST,ProtoWT_H_vs_rim15_M,NA,NA,NA
sp|Q06689|YL413_YEAST,ProtoWT_H_vs_rim15_M,NA,NA,NA
sp|Q06697|CDC73_YEAST,ProtoWT_H_vs_rim15_M,NA,NA,NA
sp|Q06698|YL419_YEAST,ProtoWT_H_vs_rim15_M,NA,NA,NA
sp|Q06704|IMH1_YEAST,ProtoWT_H_vs_rim15_M,NA,NA,NA
sp|Q06705|CSR1_YEAST,ProtoWT_H_vs_rim15_M,NA,NA,NA
sp|Q06706|ELP1_YEAST,ProtoWT_H_vs_rim15_M,NA,NA,NA
sp|Q06708|VAC14_YEAST,ProtoWT_H_vs_rim15_M,NA,NA,NA
sp|Q06833|YP091_YEAST,ProtoWT_H_vs_rim15_M,NA,NA,NA
sp|Q06839|YP097_YEAST,ProtoWT_H_vs_rim15_M,NA,NA,NA
sp|Q07362|PBP4_YEAST,ProtoWT_H_vs_rim15_M,NA,NA,NA
sp|Q07381|TSR1_YEAST,ProtoWT_H_vs_rim15_M,NA,NA,NA
sp|Q07418|PEX19_YEAST,ProtoWT_H_vs_rim15_M,NA,NA,NA
sp|Q07451|YET3_YEAST,ProtoWT_H_vs_rim15_M,NA,NA,NA
sp|Q07457|BRE1_YEAST,ProtoWT_H_vs_rim15_M,NA,NA,NA
sp|Q07478|SUB2_YEAST,ProtoWT_H_vs_rim15_M,NA,NA,NA
sp|Q07527|TRM3_YEAST,ProtoWT_H_vs_rim15_M,NA,NA,NA
sp|Q07540|FRDA_YEAST,ProtoWT_H_vs_rim15_M,NA,NA,NA
sp|Q07551|KAR_YEAST,ProtoWT_H_vs_rim15_M,NA,NA,NA
sp|Q07623|NOP6_YEAST,ProtoWT_H_vs_rim15_M,NA,NA,NA
sp|Q07648|DTD_YEAST,ProtoWT_H_vs_rim15_M,NA,NA,NA
sp|Q07657|SHS1_YEAST,ProtoWT_H_vs_rim15_M,NA,NA,NA
sp|Q07688|YPD1_YEAST,ProtoWT_H_vs_rim15_M,NA,NA,NA
sp|Q07791|YD23B_YEAST,ProtoWT_H_vs_rim15_M,NA,NA,NA
sp|Q07807|PUF3_YEAST,ProtoWT_H_vs_rim15_M,NA,NA,NA
sp|Q07825|FRA1_YEAST,ProtoWT_H_vs_rim15_M,NA,NA,NA
sp|Q07844|RIX7_YEAST,ProtoWT_H_vs_rim15_M,NA,NA,NA
sp|Q07878|VPS13_YEAST,ProtoWT_H_vs_rim15_M,NA,NA,NA
sp|Q07896|NOC3_YEAST,ProtoWT_H_vs_rim15_M,NA,NA,NA
sp|Q07897|CMS1_YEAST,ProtoWT_H_vs_rim15_M,NA,NA,NA
sp|Q07915|RLP24_YEAST,ProtoWT_H_vs_rim15_M,NA,NA,NA
sp|Q07938|MTAP_YEAST,ProtoWT_H_vs_rim15_M,NA,NA,NA
sp|Q08004|BUD20_YEAST,ProtoWT_H_vs_rim15_M,NA,NA,NA
sp|Q08023|FMP25_YEAST,ProtoWT_H_vs_rim15_M,NA,NA,NA
sp|Q08162|RRP44_YEAST,ProtoWT_H_vs_rim15_M,NA,NA,NA
sp|Q08179|MDM38_YEAST,ProtoWT_H_vs_rim15_M,NA,NA,NA
sp|Q08193|GAS5_YEAST,ProtoWT_H_vs_rim15_M,NA,NA,NA
sp|Q08199|SIL1_YEAST,ProtoWT_H_vs_rim15_M,NA,NA,NA
sp|Q08208|NOP12_YEAST,ProtoWT_H_vs_rim15_M,NA,NA,NA
sp|Q08220|GSHB_YEAST,ProtoWT_H_vs_rim15_M,NA,NA,NA
sp|Q08225|DPP3_YEAST,ProtoWT_H_vs_rim15_M,NA,NA,NA
sp|Q08235|BRX1_YEAST,ProtoWT_H_vs_rim15_M,NA,NA,NA
sp|Q08245|ZEO1_YEAST,ProtoWT_H_vs_rim15_M,NA,NA,NA
sp|Q08285|RRP40_YEAST,ProtoWT_H_vs_rim15_M,NA,NA,NA
sp|Q08287|NOP8_YEAST,ProtoWT_H_vs_rim15_M,NA,NA,NA
sp|Q08412|CUE5_YEAST,ProtoWT_H_vs_rim15_M,NA,NA,NA
sp|Q08421|ETT1_YEAST,ProtoWT_H_vs_rim15_M,NA,NA,NA
sp|Q08444|NOB1_YEAST,ProtoWT_H_vs_rim15_M,NA,NA,NA
sp|Q08446|SGT1_YEAST,ProtoWT_H_vs_rim15_M,NA,NA,NA
sp|Q08492|BUD21_YEAST,ProtoWT_H_vs_rim15_M,NA,NA,NA
sp|Q08548|ALE1_YEAST,ProtoWT_H_vs_rim15_M,NA,NA,NA
sp|Q08601|MCA1_YEAST,ProtoWT_H_vs_rim15_M,NA,NA,NA
sp|Q08641|AB140_YEAST,ProtoWT_H_vs_rim15_M,NA,NA,NA
sp|Q08645|FOLE_YEAST,ProtoWT_H_vs_rim15_M,NA,NA,NA
sp|Q08647|PUS7_YEAST,ProtoWT_H_vs_rim15_M,NA,NA,NA
sp|Q08686|THTR_YEAST,ProtoWT_H_vs_rim15_M,NA,NA,NA
sp|Q08689|NAT5_YEAST,ProtoWT_H_vs_rim15_M,NA,NA,NA
sp|Q08723|RPN8_YEAST,ProtoWT_H_vs_rim15_M,NA,NA,NA
sp|Q08732|HRK1_YEAST,ProtoWT_H_vs_rim15_M,NA,NA,NA
sp|Q08742|RDL2_YEAST,ProtoWT_H_vs_rim15_M,NA,NA,NA
sp|Q08745|RS10A_YEAST;sp|P46784|RS10B_YEAST,ProtoWT_H_vs_rim15_M,NA,NA,NA
sp|Q08818|MSC6_YEAST,ProtoWT_H_vs_rim15_M,NA,NA,NA
sp|Q08822|ETFD_YEAST,ProtoWT_H_vs_rim15_M,NA,NA,NA
sp|Q08920|NCBP2_YEAST,ProtoWT_H_vs_rim15_M,NA,NA,NA
sp|Q08951|AP3D_YEAST,ProtoWT_H_vs_rim15_M,NA,NA,NA
sp|Q08954|YP199_YEAST,ProtoWT_H_vs_rim15_M,NA,NA,NA
sp|Q08962|NIP7_YEAST,ProtoWT_H_vs_rim15_M,NA,NA,NA
sp|Q08965|BMS1_YEAST,ProtoWT_H_vs_rim15_M,NA,NA,NA
sp|Q08967|FLC1_YEAST,ProtoWT_H_vs_rim15_M,NA,NA,NA
sp|Q08971|YP225_YEAST,ProtoWT_H_vs_rim15_M,NA,NA,NA
sp|Q08972|NEW1_YEAST,ProtoWT_H_vs_rim15_M,NA,NA,NA
sp|Q08977|YP260_YEAST,ProtoWT_H_vs_rim15_M,NA,NA,NA
sp|Q08979|KEL3_YEAST,ProtoWT_H_vs_rim15_M,NA,NA,NA
sp|Q08984|YP272_YEAST,ProtoWT_H_vs_rim15_M,NA,NA,NA
sp|Q08985|SAM4_YEAST;sp|Q04898|YM99_YEAST,ProtoWT_H_vs_rim15_M,NA,NA,NA
sp|Q10740|LKHA4_YEAST,ProtoWT_H_vs_rim15_M,NA,NA,NA
sp|Q12000|TMA46_YEAST,ProtoWT_H_vs_rim15_M,NA,NA,NA
sp|Q12009|TRMB_YEAST,ProtoWT_H_vs_rim15_M,NA,NA,NA
sp|Q12010|YPQ1_YEAST,ProtoWT_H_vs_rim15_M,NA,NA,NA
sp|Q12012|YO289_YEAST,ProtoWT_H_vs_rim15_M,NA,NA,NA
sp|Q12017|PLP2_YEAST,ProtoWT_H_vs_rim15_M,NA,NA,NA
sp|Q12019|MDN1_YEAST,ProtoWT_H_vs_rim15_M,NA,NA,NA
sp|Q12024|YTM1_YEAST,ProtoWT_H_vs_rim15_M,NA,NA,NA
sp|Q12028|AP1G1_YEAST,ProtoWT_H_vs_rim15_M,NA,NA,NA
sp|Q12029|FSF1_YEAST,ProtoWT_H_vs_rim15_M,NA,NA,NA
sp|Q12030|TAF10_YEAST,ProtoWT_H_vs_rim15_M,NA,NA,NA
sp|Q12032|AIM41_YEAST,ProtoWT_H_vs_rim15_M,NA,NA,NA
sp|Q12040|YO283_YEAST,ProtoWT_H_vs_rim15_M,NA,NA,NA
sp|Q12044|RCN2_YEAST,ProtoWT_H_vs_rim15_M,NA,NA,NA
sp|Q12068|GRE2_YEAST,ProtoWT_H_vs_rim15_M,NA,NA,NA
sp|Q12074|SPEE_YEAST,ProtoWT_H_vs_rim15_M,NA,NA,NA
sp|Q12091|DAP1_YEAST,ProtoWT_H_vs_rim15_M,NA,NA,NA
sp|Q12109|SYWC_YEAST,ProtoWT_H_vs_rim15_M,NA,NA,NA
sp|Q12117|MRH1_YEAST;sp|P38079|YRO2_YEAST,ProtoWT_H_vs_rim15_M,NA,NA,NA
sp|Q12118|SGT2_YEAST,ProtoWT_H_vs_rim15_M,NA,NA,NA
sp|Q12122|HOSM_YEAST,ProtoWT_H_vs_rim15_M,NA,NA,NA
sp|Q12125|GET4_YEAST,ProtoWT_H_vs_rim15_M,NA,NA,NA
sp|Q12133|SPC3_YEAST,ProtoWT_H_vs_rim15_M,NA,NA,NA
sp|Q12136|SAS10_YEAST,ProtoWT_H_vs_rim15_M,NA,NA,NA
sp|Q12149|RRP6_YEAST,ProtoWT_H_vs_rim15_M,NA,NA,NA
sp|Q12151|UPC2_YEAST,ProtoWT_H_vs_rim15_M,NA,NA,NA
sp|Q12154|GET3_YEAST,ProtoWT_H_vs_rim15_M,NA,NA,NA
sp|Q12156|AIM7_YEAST,ProtoWT_H_vs_rim15_M,NA,NA,NA
sp|Q12159|YRA1_YEAST,ProtoWT_H_vs_rim15_M,NA,NA,NA
sp|Q12165|ATPD_YEAST,ProtoWT_H_vs_rim15_M,NA,NA,NA
sp|Q12166|LEU9_YEAST,ProtoWT_H_vs_rim15_M,NA,NA,NA
sp|Q12171|MDM32_YEAST,ProtoWT_H_vs_rim15_M,NA,NA,NA
sp|Q12176|MAK21_YEAST,ProtoWT_H_vs_rim15_M,NA,NA,NA
sp|Q12178|FCY1_YEAST,ProtoWT_H_vs_rim15_M,NA,NA,NA
sp|Q12181|NDOR1_YEAST,ProtoWT_H_vs_rim15_M,NA,NA,NA
sp|Q12189|RPIA_YEAST,ProtoWT_H_vs_rim15_M,NA,NA,NA
sp|Q12191|BUG1_YEAST,ProtoWT_H_vs_rim15_M,NA,NA,NA
sp|Q12200|NPC1_YEAST,ProtoWT_H_vs_rim15_M,NA,NA,NA
sp|Q12207|NCE2_YEAST,ProtoWT_H_vs_rim15_M,NA,NA,NA
sp|Q12210|YD009_YEAST,ProtoWT_H_vs_rim15_M,NA,NA,NA
sp|Q12211|PUS1_YEAST,ProtoWT_H_vs_rim15_M,NA,NA,NA
sp|Q12220|UTP12_YEAST,ProtoWT_H_vs_rim15_M,NA,NA,NA
sp|Q12230|LSP1_YEAST,ProtoWT_H_vs_rim15_M,NA,NA,NA
sp|Q12233|ATPN_YEAST,ProtoWT_H_vs_rim15_M,NA,NA,NA
sp|Q12234|RUD3_YEAST,ProtoWT_H_vs_rim15_M,NA,NA,NA
sp|Q12250|RPN5_YEAST,ProtoWT_H_vs_rim15_M,NA,NA,NA
sp|Q12263|GIN4_YEAST,ProtoWT_H_vs_rim15_M,NA,NA,NA
sp|Q12265|KPR5_YEAST,ProtoWT_H_vs_rim15_M,NA,NA,NA
sp|Q12271|INP53_YEAST;sp|P50942|INP52_YEAST,ProtoWT_H_vs_rim15_M,NA,NA,NA
sp|Q12277|RRP42_YEAST,ProtoWT_H_vs_rim15_M,NA,NA,NA
sp|Q12285|MDY2_YEAST,ProtoWT_H_vs_rim15_M,NA,NA,NA
sp|Q12287|COX17_YEAST,ProtoWT_H_vs_rim15_M,NA,NA,NA
sp|Q12296|MAM3_YEAST,ProtoWT_H_vs_rim15_M,NA,NA,NA
sp|Q12305|RDL1_YEAST,ProtoWT_H_vs_rim15_M,NA,NA,NA
sp|Q12306|SMT3_YEAST,ProtoWT_H_vs_rim15_M,NA,NA,NA
sp|Q12314|SFM1_YEAST,ProtoWT_H_vs_rim15_M,NA,NA,NA
sp|Q12335|PST2_YEAST,ProtoWT_H_vs_rim15_M,NA,NA,NA
sp|Q12343|MED4_YEAST,ProtoWT_H_vs_rim15_M,NA,NA,NA
sp|Q12345|IES3_YEAST,ProtoWT_H_vs_rim15_M,NA,NA,NA
sp|Q12359|ATO3_YEAST,ProtoWT_H_vs_rim15_M,NA,NA,NA
sp|Q12363|WTM1_YEAST,ProtoWT_H_vs_rim15_M,NA,NA,NA
sp|Q12377|RPN6_YEAST,ProtoWT_H_vs_rim15_M,NA,NA,NA
sp|Q12386|ARP8_YEAST,ProtoWT_H_vs_rim15_M,NA,NA,NA
sp|Q12389|DBP10_YEAST,ProtoWT_H_vs_rim15_M,NA,NA,NA
sp|Q12400|TRM10_YEAST,ProtoWT_H_vs_rim15_M,NA,NA,NA
sp|Q12402|YOP1_YEAST,ProtoWT_H_vs_rim15_M,NA,NA,NA
sp|Q12404|MPD1_YEAST,ProtoWT_H_vs_rim15_M,NA,NA,NA
sp|Q12427|STB3_YEAST,ProtoWT_H_vs_rim15_M,NA,NA,NA
sp|Q12434|GDIR_YEAST,ProtoWT_H_vs_rim15_M,NA,NA,NA
sp|Q12446|LAS17_YEAST,ProtoWT_H_vs_rim15_M,NA,NA,NA
sp|Q12447|PAA1_YEAST,ProtoWT_H_vs_rim15_M,NA,NA,NA
sp|Q12449|AHA1_YEAST,ProtoWT_H_vs_rim15_M,NA,NA,NA
sp|Q12451|OSH2_YEAST,ProtoWT_H_vs_rim15_M,NA,NA,NA
sp|Q12452|ERG27_YEAST,ProtoWT_H_vs_rim15_M,NA,NA,NA
sp|Q12458|YPR1_YEAST,ProtoWT_H_vs_rim15_M,NA,NA,NA
sp|Q12460|NOP56_YEAST,ProtoWT_H_vs_rim15_M,NA,NA,NA
sp|Q12464|RUVB2_YEAST,ProtoWT_H_vs_rim15_M,NA,NA,NA
sp|Q12466|TCB1_YEAST,ProtoWT_H_vs_rim15_M,NA,NA,NA
sp|Q12480|ETFA_YEAST,ProtoWT_H_vs_rim15_M,NA,NA,NA
sp|Q12486|YOR31_YEAST,ProtoWT_H_vs_rim15_M,NA,NA,NA
sp|Q12499|NOP58_YEAST,ProtoWT_H_vs_rim15_M,NA,NA,NA
sp|Q12500|AVL9_YEAST,ProtoWT_H_vs_rim15_M,NA,NA,NA
sp|Q12513|TMA17_YEAST,ProtoWT_H_vs_rim15_M,NA,NA,NA
sp|Q12514|NOT5_YEAST,ProtoWT_H_vs_rim15_M,NA,NA,NA
sp|Q12515|PAR32_YEAST,ProtoWT_H_vs_rim15_M,NA,NA,NA
sp|Q12517|DCP1_YEAST,ProtoWT_H_vs_rim15_M,NA,NA,NA
sp|Q12518|ENT1_YEAST,ProtoWT_H_vs_rim15_M,NA,NA,NA
sp|Q12522|IF6_YEAST,ProtoWT_H_vs_rim15_M,NA,NA,NA
sp|Q12532|RQC2_YEAST,ProtoWT_H_vs_rim15_M,NA,NA,NA
sp|Q12672|RL21B_YEAST;sp|Q02753|RL21A_YEAST,ProtoWT_H_vs_rim15_M,NA,NA,NA
sp|Q12680|GLT1_YEAST,ProtoWT_H_vs_rim15_M,NA,NA,NA
sp|Q12692|H2AZ_YEAST,ProtoWT_H_vs_rim15_M,NA,NA,NA
sp|Q12746|PGA3_YEAST,ProtoWT_H_vs_rim15_M,NA,NA,NA
sp|Q12754|RRP12_YEAST,ProtoWT_H_vs_rim15_M,NA,NA,NA
sp|Q3E754|RS21B_YEAST;sp|P0C0V8|RS21A_YEAST,ProtoWT_H_vs_rim15_M,NA,NA,NA
sp|Q3E757|RL11B_YEAST;sp|P0C0W9|RL11A_YEAST,ProtoWT_H_vs_rim15_M,NA,NA,NA
sp|Q3E764|TMA7_YEAST,ProtoWT_H_vs_rim15_M,NA,NA,NA
sp|Q3E792|RS25A_YEAST;sp|P0C0T4|RS25B_YEAST,ProtoWT_H_vs_rim15_M,NA,NA,NA
sp|Q3E7X9|RS28A_YEAST;sp|P0C0X0|RS28B_YEAST,ProtoWT_H_vs_rim15_M,NA,NA,NA
sp|Q3E7Y3|RS22B_YEAST;sp|P0C0W1|RS22A_YEAST,ProtoWT_H_vs_rim15_M,NA,NA,NA
sp|Q3E7Z5|YI002_YEAST,ProtoWT_H_vs_rim15_M,NA,NA,NA
sp|Q3E824|YO020_YEAST,ProtoWT_H_vs_rim15_M,NA,NA,NA
sp|Q3E833|PCC1_YEAST,ProtoWT_H_vs_rim15_M,NA,NA,NA
sp|Q3E834|YOS1_YEAST,ProtoWT_H_vs_rim15_M,NA,NA,NA
sp|Q3E841|YN034_YEAST,ProtoWT_H_vs_rim15_M,NA,NA,NA
sp|Q6Q546|HUB1_YEAST,ProtoWT_H_vs_rim15_M,NA,NA,NA
sp|Q6Q560|ISD11_YEAST,ProtoWT_H_vs_rim15_M,NA,NA,NA
sp|Q86ZR7|YKD3A_YEAST,ProtoWT_H_vs_rim15_M,NA,NA,NA
sp|Q8J0M4|YCB2_YEAST,ProtoWT_H_vs_rim15_M,NA,NA,NA
sp|Q92331|VPS5_YEAST,ProtoWT_H_vs_rim15_M,NA,NA,NA
sp|Q96VH4|HBN1_YEAST,ProtoWT_H_vs_rim15_M,NA,NA,NA
sp|Q96VH5|MIC10_YEAST,ProtoWT_H_vs_rim15_M,NA,NA,NA
sp|Q99190|TECR_YEAST,ProtoWT_H_vs_rim15_M,NA,NA,NA
sp|Q99207|NOP14_YEAST,ProtoWT_H_vs_rim15_M,NA,NA,NA
sp|Q99216|PNO1_YEAST,ProtoWT_H_vs_rim15_M,NA,NA,NA
sp|Q99220|OS9_YEAST,ProtoWT_H_vs_rim15_M,NA,NA,NA
sp|Q99247|YO087_YEAST,ProtoWT_H_vs_rim15_M,NA,NA,NA
sp|Q99257|MEX67_YEAST,ProtoWT_H_vs_rim15_M,NA,NA,NA
sp|Q99258|RIB3_YEAST,ProtoWT_H_vs_rim15_M,NA,NA,NA
sp|Q99260|YPT6_YEAST,ProtoWT_H_vs_rim15_M,NA,NA,NA
sp|Q99278|MED11_YEAST,ProtoWT_H_vs_rim15_M,NA,NA,NA
sp|Q99287|SEY1_YEAST,ProtoWT_H_vs_rim15_M,NA,NA,NA
sp|Q99297|ODC2_YEAST,ProtoWT_H_vs_rim15_M,NA,NA,NA
sp|Q99321|DDP1_YEAST,ProtoWT_H_vs_rim15_M,NA,NA,NA
sp|Q99369|FSH3_YEAST,ProtoWT_H_vs_rim15_M,NA,NA,NA
sp|Q99383|HRP1_YEAST,ProtoWT_H_vs_rim15_M,NA,NA,NA
sp|Q99385|VCX1_YEAST,ProtoWT_H_vs_rim15_M,NA,NA,NA
sp|Q9URQ5|HTL1_YEAST,ProtoWT_H_vs_rim15_M,NA,NA,NA
NA,ProtoWT_H_vs_rim15_M,NA,NA,NA
NA,ProtoWT_H_vs_rim15_M,NA,NA,NA
NA,ProtoWT_H_vs_rim15_M,NA,NA,NA
sp|O14455|RL36B_YEAST,ProtoWT_M_vs_AuxoWT_M,21.988,12.911,31.161
sp|O14467|MBF1_YEAST,ProtoWT_M_vs_AuxoWT_M,3.2221,NA,3.2221
sp|O74700|TIM9_YEAST,ProtoWT_M_vs_AuxoWT_M,NA,NA,NA
sp|O94742|SEM1_YEAST,ProtoWT_M_vs_AuxoWT_M,NA,NA,NA
sp|P00330|ADH1_YEAST;sp|P00331|ADH2_YEAST;sp|P38113|ADH5_YEAST,ProtoWT_M_vs_AuxoWT_M,1046.2,26.815,24.431
sp|P00358|G3P2_YEAST;sp|P00360|G3P1_YEAST,ProtoWT_M_vs_AuxoWT_M,NA,NA,NA
sp|P00359|G3P3_YEAST,ProtoWT_M_vs_AuxoWT_M,373.4,160.57,53.013
sp|P00445|SODC_YEAST,ProtoWT_M_vs_AuxoWT_M,7.5104,NA,NA
sp|P00447|SODM_YEAST,ProtoWT_M_vs_AuxoWT_M,NA,NA,NA
sp|P00498|HIS1_YEAST,ProtoWT_M_vs_AuxoWT_M,NA,NA,NA
sp|P00549|KPYK1_YEAST;sp|P52489|KPYK2_YEAST,ProtoWT_M_vs_AuxoWT_M,33.109,9.4958,41.392
sp|P00560|PGK_YEAST,ProtoWT_M_vs_AuxoWT_M,165.39,198.03,133.18
sp|P00815|HIS2_YEAST,ProtoWT_M_vs_AuxoWT_M,NA,NA,NA
sp|P00817|IPYR_YEAST,ProtoWT_M_vs_AuxoWT_M,17.559,17.559,NA
sp|P00830|ATPB_YEAST,ProtoWT_M_vs_AuxoWT_M,4.4682,6.2218,4.4682
sp|P00890|CISY1_YEAST,ProtoWT_M_vs_AuxoWT_M,NA,NA,NA
sp|P00899|TRPE_YEAST,ProtoWT_M_vs_AuxoWT_M,NA,NA,NA
sp|P00924|ENO1_YEAST,ProtoWT_M_vs_AuxoWT_M,3.9386,NA,3.8797
sp|P00925|ENO2_YEAST,ProtoWT_M_vs_AuxoWT_M,230.69,260.76,246.46
sp|P00927|THDH_YEAST,ProtoWT_M_vs_AuxoWT_M,NA,NA,NA
sp|P00931|TRP_YEAST,ProtoWT_M_vs_AuxoWT_M,2.3787,NA,NA
sp|P00937|TRPG_YEAST,ProtoWT_M_vs_AuxoWT_M,NA,NA,NA
sp|P00942|TPIS_YEAST,ProtoWT_M_vs_AuxoWT_M,368.66,17.406,148.17
sp|P00950|PMG1_YEAST,ProtoWT_M_vs_AuxoWT_M,141.63,87.52,67.145
sp|P00958|SYMC_YEAST,ProtoWT_M_vs_AuxoWT_M,NA,NA,NA
sp|P01120|RAS2_YEAST,ProtoWT_M_vs_AuxoWT_M,NA,NA,NA
sp|P01123|YPT1_YEAST,ProtoWT_M_vs_AuxoWT_M,5.7638,8.5029,3.282
sp|P02293|H2B1_YEAST,ProtoWT_M_vs_AuxoWT_M,NA,NA,NA
sp|P02294|H2B2_YEAST,ProtoWT_M_vs_AuxoWT_M,NA,NA,NA
sp|P02309|H4_YEAST,ProtoWT_M_vs_AuxoWT_M,NA,NA,NA
sp|P02400|RLA4_YEAST,ProtoWT_M_vs_AuxoWT_M,NA,NA,NA
sp|P02406|RL28_YEAST,ProtoWT_M_vs_AuxoWT_M,26.008,75.89,13.379
sp|P02557|TBB_YEAST,ProtoWT_M_vs_AuxoWT_M,NA,NA,NA
sp|P02829|HSP82_YEAST,ProtoWT_M_vs_AuxoWT_M,NA,NA,NA
sp|P02994|EF1A_YEAST,ProtoWT_M_vs_AuxoWT_M,317.68,10.905,22.045
sp|P03962|PYRF_YEAST,ProtoWT_M_vs_AuxoWT_M,NA,NA,NA
sp|P03965|CARB_YEAST,ProtoWT_M_vs_AuxoWT_M,NA,NA,NA
sp|P04050|RPB1_YEAST,ProtoWT_M_vs_AuxoWT_M,NA,NA,NA
sp|P04147|PABP_YEAST,ProtoWT_M_vs_AuxoWT_M,15.158,15.158,19.433
sp|P04449|RL24A_YEAST,ProtoWT_M_vs_AuxoWT_M,17.211,NA,10.833
sp|P04456|RL25_YEAST,ProtoWT_M_vs_AuxoWT_M,27.586,30.268,NA
sp|P04650|RL39_YEAST,ProtoWT_M_vs_AuxoWT_M,8.6883,NA,8.6883
sp|P04801|SYTC_YEAST,ProtoWT_M_vs_AuxoWT_M,NA,NA,NA
sp|P04802|SYDC_YEAST,ProtoWT_M_vs_AuxoWT_M,13.493,NA,10.494
sp|P04806|HXKA_YEAST,ProtoWT_M_vs_AuxoWT_M,NA,NA,NA
sp|P04807|HXKB_YEAST,ProtoWT_M_vs_AuxoWT_M,13.806,337.86,13.806
sp|P04840|VDAC1_YEAST,ProtoWT_M_vs_AuxoWT_M,3.758,NA,4.2199
sp|P04912|H2A2_YEAST;sp|P04911|H2A1_YEAST,ProtoWT_M_vs_AuxoWT_M,NA,NA,NA
sp|P05030|PMA1_YEAST;sp|P19657|PMA2_YEAST,ProtoWT_M_vs_AuxoWT_M,9.9845,15.503,8.2573
sp|P05317|RLA0_YEAST,ProtoWT_M_vs_AuxoWT_M,516.65,74.056,6.6503
sp|P05318|RLA1_YEAST,ProtoWT_M_vs_AuxoWT_M,52.249,NA,NA
sp|P05319|RLA2_YEAST,ProtoWT_M_vs_AuxoWT_M,14.079,14.079,NA
sp|P05453|ERF3_YEAST,ProtoWT_M_vs_AuxoWT_M,NA,NA,NA
sp|P05694|METE_YEAST,ProtoWT_M_vs_AuxoWT_M,6.1199,7.3746,5.2046
sp|P05737|RL7A_YEAST,ProtoWT_M_vs_AuxoWT_M,46.614,24.135,124.09
sp|P05738|RL9A_YEAST,ProtoWT_M_vs_AuxoWT_M,30.431,31.858,16.138
sp|P05739|RL6B_YEAST,ProtoWT_M_vs_AuxoWT_M,NA,NA,NA
sp|P05740|RL17A_YEAST,ProtoWT_M_vs_AuxoWT_M,4.8107,NA,NA
sp|P05743|RL26A_YEAST,ProtoWT_M_vs_AuxoWT_M,NA,NA,NA
sp|P05744|RL33A_YEAST,ProtoWT_M_vs_AuxoWT_M,NA,NA,NA
sp|P05745|RL36A_YEAST,ProtoWT_M_vs_AuxoWT_M,18.592,NA,6.8872
sp|P05748|RL15A_YEAST;sp|P54780|RL15B_YEAST,ProtoWT_M_vs_AuxoWT_M,23.056,NA,NA
sp|P05749|RL22A_YEAST;sp|P56628|RL22B_YEAST,ProtoWT_M_vs_AuxoWT_M,9.9899,NA,7.3354
sp|P05750|RS3_YEAST,ProtoWT_M_vs_AuxoWT_M,11.638,NA,11.638
sp|P05755|RS9B_YEAST;sp|O13516|RS9A_YEAST,ProtoWT_M_vs_AuxoWT_M,12.724,12.724,21.457
sp|P05756|RS13_YEAST,ProtoWT_M_vs_AuxoWT_M,38.595,21.722,NA
sp|P05759|RS31_YEAST,ProtoWT_M_vs_AuxoWT_M,28.399,19.327,NA
sp|P06101|CDC37_YEAST,ProtoWT_M_vs_AuxoWT_M,NA,NA,NA
sp|P06103|EIF3B_YEAST,ProtoWT_M_vs_AuxoWT_M,NA,NA,NA
sp|P06105|SC160_YEAST,ProtoWT_M_vs_AuxoWT_M,1.6825,NA,NA
sp|P06106|CYSD_YEAST,ProtoWT_M_vs_AuxoWT_M,NA,NA,NA
sp|P06168|ILV5_YEAST,ProtoWT_M_vs_AuxoWT_M,76.145,6.0747,NA
sp|P06169|PDC1_YEAST;sp|P26263|PDC6_YEAST;sp|P16467|PDC5_YEAST;sp|Q07471|THI3_YEAST,ProtoWT_M_vs_AuxoWT_M,904.91,9.4518,98.607
sp|P06367|RS14A_YEAST,ProtoWT_M_vs_AuxoWT_M,NA,NA,NA
sp|P06633|HIS7_YEAST,ProtoWT_M_vs_AuxoWT_M,NA,NA,NA
sp|P06634|DED1_YEAST,ProtoWT_M_vs_AuxoWT_M,20.864,NA,NA
sp|P06780|RHO1_YEAST,ProtoWT_M_vs_AuxoWT_M,NA,NA,NA
sp|P07149|FAS1_YEAST,ProtoWT_M_vs_AuxoWT_M,4.0616,4.2427,2.6638
sp|P07170|KAD2_YEAST,ProtoWT_M_vs_AuxoWT_M,2.0466,32.308,NA
sp|P07213|TOM70_YEAST,ProtoWT_M_vs_AuxoWT_M,16.181,NA,NA
sp|P07244|PUR2_YEAST,ProtoWT_M_vs_AuxoWT_M,9.157,NA,NA
sp|P07245|C1TC_YEAST,ProtoWT_M_vs_AuxoWT_M,NA,NA,NA
sp|P07246|ADH3_YEAST,ProtoWT_M_vs_AuxoWT_M,NA,NA,NA
sp|P07251|ATPA_YEAST,ProtoWT_M_vs_AuxoWT_M,27.415,NA,26.821
sp|P07253|CBP6_YEAST,ProtoWT_M_vs_AuxoWT_M,NA,NA,NA
sp|P07256|QCR1_YEAST,ProtoWT_M_vs_AuxoWT_M,NA,NA,NA
sp|P07257|QCR2_YEAST,ProtoWT_M_vs_AuxoWT_M,NA,NA,NA
sp|P07258|CARA_YEAST,ProtoWT_M_vs_AuxoWT_M,NA,NA,NA
sp|P07259|PYR1_YEAST,ProtoWT_M_vs_AuxoWT_M,5.1583,NA,4.8694
sp|P07260|IF4E_YEAST,ProtoWT_M_vs_AuxoWT_M,NA,NA,NA
sp|P07262|DHE4_YEAST;sp|P39708|DHE5_YEAST,ProtoWT_M_vs_AuxoWT_M,NA,NA,NA
sp|P07263|SYH_YEAST,ProtoWT_M_vs_AuxoWT_M,1.4878,2.7711,NA
sp|P07267|CARP_YEAST,ProtoWT_M_vs_AuxoWT_M,NA,NA,NA
sp|P07274|PROF_YEAST,ProtoWT_M_vs_AuxoWT_M,NA,NA,NA
sp|P07280|RS19A_YEAST,ProtoWT_M_vs_AuxoWT_M,NA,NA,NA
sp|P07281|RS19B_YEAST,ProtoWT_M_vs_AuxoWT_M,77.557,14.766,100.07
sp|P07283|PMM_YEAST,ProtoWT_M_vs_AuxoWT_M,NA,NA,NA
sp|P07284|SYSC_YEAST,ProtoWT_M_vs_AuxoWT_M,9.33,NA,9.33
sp|P07285|TRPD_YEAST,ProtoWT_M_vs_AuxoWT_M,NA,NA,NA
sp|P07347|ARD1_YEAST,ProtoWT_M_vs_AuxoWT_M,NA,NA,NA
sp|P07560|SEC4_YEAST,ProtoWT_M_vs_AuxoWT_M,NA,NA,NA
sp|P07806|SYV_YEAST,ProtoWT_M_vs_AuxoWT_M,3.0243,NA,NA
sp|P08417|FUMH_YEAST,ProtoWT_M_vs_AuxoWT_M,NA,NA,NA
sp|P08518|RPB2_YEAST,ProtoWT_M_vs_AuxoWT_M,NA,NA,NA
sp|P08524|FPPS_YEAST,ProtoWT_M_vs_AuxoWT_M,3.3073,NA,3.3073
sp|P08566|ARO1_YEAST,ProtoWT_M_vs_AuxoWT_M,NA,NA,NA
sp|P09064|IF2B_YEAST,ProtoWT_M_vs_AuxoWT_M,NA,NA,NA
sp|P09232|PRTB_YEAST,ProtoWT_M_vs_AuxoWT_M,NA,NA,NA
sp|P09436|SYIC_YEAST,ProtoWT_M_vs_AuxoWT_M,8.8706,14.763,NA
sp|P09440|C1TM_YEAST,ProtoWT_M_vs_AuxoWT_M,NA,NA,NA
sp|P09457|ATPO_YEAST,ProtoWT_M_vs_AuxoWT_M,2.8456,NA,NA
sp|P09624|DLDH_YEAST,ProtoWT_M_vs_AuxoWT_M,NA,NA,NA
sp|P09733|TBA1_YEAST,ProtoWT_M_vs_AuxoWT_M,NA,NA,NA
sp|P09938|RIR2_YEAST,ProtoWT_M_vs_AuxoWT_M,NA,NA,NA
sp|P0C0T4|RS25B_YEAST,ProtoWT_M_vs_AuxoWT_M,NA,NA,NA
sp|P0C0V8|RS21A_YEAST,ProtoWT_M_vs_AuxoWT_M,NA,NA,NA
sp|P0C0X0|RS28B_YEAST,ProtoWT_M_vs_AuxoWT_M,25.299,NA,25.299
sp|P0C2H6|RL27A_YEAST;sp|P0C2H7|RL27B_YEAST,ProtoWT_M_vs_AuxoWT_M,378.16,372.13,140.98
sp|P0C2H8|RL31A_YEAST,ProtoWT_M_vs_AuxoWT_M,21.208,NA,21.208
sp|P0C2H9|RL31B_YEAST,ProtoWT_M_vs_AuxoWT_M,NA,NA,NA
sp|P0CH09|RL40B_YEAST;sp|P0CH08|RL40A_YEAST;sp|P0CG63|UBI4P_YEAST,ProtoWT_M_vs_AuxoWT_M,NA,NA,NA
sp|P0CS90|HSP77_YEAST;sp|P39987|HSP7E_YEAST,ProtoWT_M_vs_AuxoWT_M,9.554,11.315,8.067
sp|P0CX24|RL20B_YEAST;sp|P0CX23|RL20A_YEAST,ProtoWT_M_vs_AuxoWT_M,11.645,13.157,11.645
sp|P0CX26|RL43B_YEAST;sp|P0CX25|RL43A_YEAST,ProtoWT_M_vs_AuxoWT_M,NA,NA,NA
sp|P0CX28|RL44B_YEAST;sp|P0CX27|RL44A_YEAST,ProtoWT_M_vs_AuxoWT_M,36.496,48.67,27.226
sp|P0CX30|RS23B_YEAST;sp|P0CX29|RS23A_YEAST,ProtoWT_M_vs_AuxoWT_M,251.59,NA,251.59
sp|P0CX32|RS24B_YEAST;sp|P0CX31|RS24A_YEAST,ProtoWT_M_vs_AuxoWT_M,44.81,38.261,45.4
sp|P0CX34|RS30B_YEAST;sp|P0CX33|RS30A_YEAST,ProtoWT_M_vs_AuxoWT_M,NA,NA,NA
sp|P0CX36|RS4B_YEAST;sp|P0CX35|RS4A_YEAST,ProtoWT_M_vs_AuxoWT_M,21.852,NA,21.852
sp|P0CX38|RS6B_YEAST;sp|P0CX37|RS6A_YEAST,ProtoWT_M_vs_AuxoWT_M,8.9529,8.8438,9.0634
sp|P0CX40|RS8B_YEAST;sp|P0CX39|RS8A_YEAST,ProtoWT_M_vs_AuxoWT_M,22.375,21.717,37.948
sp|P0CX42|RL23B_YEAST;sp|P0CX41|RL23A_YEAST,ProtoWT_M_vs_AuxoWT_M,2.6925,7.9579,2.4324
sp|P0CX44|RL1B_YEAST;sp|P0CX43|RL1A_YEAST,ProtoWT_M_vs_AuxoWT_M,5.9153,5.9153,13.202
sp|P0CX46|RL2B_YEAST;sp|P0CX45|RL2A_YEAST,ProtoWT_M_vs_AuxoWT_M,17.876,NA,76.852
sp|P0CX48|RS11B_YEAST;sp|P0CX47|RS11A_YEAST,ProtoWT_M_vs_AuxoWT_M,81.707,114.96,46.682
sp|P0CX50|RL18B_YEAST;sp|P0CX49|RL18A_YEAST,ProtoWT_M_vs_AuxoWT_M,20.469,NA,20.018
sp|P0CX52|RS16B_YEAST;sp|P0CX51|RS16A_YEAST,ProtoWT_M_vs_AuxoWT_M,41.444,69.364,9.4966
sp|P0CX54|RL12B_YEAST;sp|P0CX53|RL12A_YEAST,ProtoWT_M_vs_AuxoWT_M,27.536,NA,NA
sp|P0CX56|RS18B_YEAST;sp|P0CX55|RS18A_YEAST,ProtoWT_M_vs_AuxoWT_M,2.2865,1.5444,NA
sp|P0CX58|YP12A_YEAST;sp|P0CX57|YA11A_YEAST;sp|O74302|YD13A_YEAST;sp|Q04706|YM11A_YEAST;sp|Q12470|YN12A_YEAST;sp|Q12391|YN11A_YEAST;sp|Q04215|YM13A_YEAST;sp|Q03964|YD17A_YEAST,ProtoWT_M_vs_AuxoWT_M,NA,NA,NA
sp|P0CX73|YP11A_YEAST;sp|P0CX72|YL12A_YEAST;sp|P0CX71|YE11A_YEAST;sp|P0CX70|YD15A_YEAST;sp|Q6Q5H1|YP14A_YEAST;sp|P0C2I8|YL14A_YEAST;sp|Q92392|YO11A_YEAST,ProtoWT_M_vs_AuxoWT_M,39.407,NA,NA
sp|P0CX81|MTCU2_YEAST;sp|P0CX80|MTCU1_YEAST,ProtoWT_M_vs_AuxoWT_M,NA,NA,NA
sp|P0CX83|RL19B_YEAST;sp|P0CX82|RL19A_YEAST,ProtoWT_M_vs_AuxoWT_M,80.132,NA,80.132
sp|P0CX85|RL35B_YEAST;sp|P0CX84|RL35A_YEAST,ProtoWT_M_vs_AuxoWT_M,14.267,12.426,21.87
sp|P10080|SSBP1_YEAST,ProtoWT_M_vs_AuxoWT_M,NA,NA,NA
sp|P10081|IF4A_YEAST,ProtoWT_M_vs_AuxoWT_M,12.283,NA,14.786
sp|P10591|HSP71_YEAST;sp|P22202|HSP74_YEAST;sp|P09435|HSP73_YEAST,ProtoWT_M_vs_AuxoWT_M,25.272,NA,NA
sp|P10592|HSP72_YEAST,ProtoWT_M_vs_AuxoWT_M,173.42,11.561,137.17
sp|P10614|CP51_YEAST,ProtoWT_M_vs_AuxoWT_M,NA,NA,NA
sp|P10622|RLA3_YEAST,ProtoWT_M_vs_AuxoWT_M,NA,NA,NA
sp|P10659|METK1_YEAST,ProtoWT_M_vs_AuxoWT_M,4.9011,39.056,4.5892
sp|P10664|RL4A_YEAST,ProtoWT_M_vs_AuxoWT_M,204.89,24.564,39.072
sp|P10869|AK_YEAST,ProtoWT_M_vs_AuxoWT_M,NA,NA,NA
sp|P10964|RPA1_YEAST,ProtoWT_M_vs_AuxoWT_M,NA,NA,NA
sp|P11412|G6PD_YEAST,ProtoWT_M_vs_AuxoWT_M,NA,NA,NA
sp|P11632|NHP6A_YEAST,ProtoWT_M_vs_AuxoWT_M,7.2585,NA,NA
sp|P11633|NHP6B_YEAST,ProtoWT_M_vs_AuxoWT_M,NA,NA,NA
sp|P11745|RNA1_YEAST,ProtoWT_M_vs_AuxoWT_M,2.3213,5.3693,NA
sp|P12385|ERF1_YEAST,ProtoWT_M_vs_AuxoWT_M,1.67,NA,0.81644
sp|P12695|ODP2_YEAST,ProtoWT_M_vs_AuxoWT_M,NA,NA,NA
sp|P12709|G6PI_YEAST,ProtoWT_M_vs_AuxoWT_M,6.7977,6.9851,NA
sp|P12754|EI2BD_YEAST,ProtoWT_M_vs_AuxoWT_M,NA,NA,NA
sp|P13188|SYQ_YEAST,ProtoWT_M_vs_AuxoWT_M,NA,NA,NA
sp|P13382|DPOA_YEAST,ProtoWT_M_vs_AuxoWT_M,NA,NA,NA
sp|P13517|CAPZB_YEAST,ProtoWT_M_vs_AuxoWT_M,NA,NA,NA
sp|P13663|DHAS_YEAST,ProtoWT_M_vs_AuxoWT_M,NA,NA,NA
sp|P14020|DPM1_YEAST,ProtoWT_M_vs_AuxoWT_M,NA,NA,NA
sp|P14065|GCY1_YEAST,ProtoWT_M_vs_AuxoWT_M,NA,NA,NA
sp|P14120|RL30_YEAST,ProtoWT_M_vs_AuxoWT_M,NA,NA,NA
sp|P14126|RL3_YEAST,ProtoWT_M_vs_AuxoWT_M,31.319,29.567,41.44
sp|P14127|RS17B_YEAST;sp|P02407|RS17A_YEAST,ProtoWT_M_vs_AuxoWT_M,56.592,NA,NA
sp|P14540|ALF_YEAST,ProtoWT_M_vs_AuxoWT_M,57.715,46.215,58.448
sp|P14742|GFA1_YEAST,ProtoWT_M_vs_AuxoWT_M,NA,NA,NA
sp|P14743|NMT_YEAST,ProtoWT_M_vs_AuxoWT_M,NA,NA,NA
sp|P14747|PP2B2_YEAST,ProtoWT_M_vs_AuxoWT_M,NA,NA,NA
sp|P14832|CYPH_YEAST,ProtoWT_M_vs_AuxoWT_M,25.385,19.043,33.839
sp|P14843|AROF_YEAST,ProtoWT_M_vs_AuxoWT_M,NA,NA,NA
sp|P14907|NSP1_YEAST,ProtoWT_M_vs_AuxoWT_M,NA,NA,NA
sp|P15019|TAL1_YEAST,ProtoWT_M_vs_AuxoWT_M,5.4363,3.1423,7.2147
sp|P15108|HSC82_YEAST,ProtoWT_M_vs_AuxoWT_M,26.33,35.983,26.33
sp|P15180|SYKC_YEAST,ProtoWT_M_vs_AuxoWT_M,18.466,NA,NA
sp|P15303|SEC23_YEAST,ProtoWT_M_vs_AuxoWT_M,NA,NA,NA
sp|P15454|KGUA_YEAST,ProtoWT_M_vs_AuxoWT_M,18.266,NA,18.266
sp|P15496|IDI1_YEAST,ProtoWT_M_vs_AuxoWT_M,NA,NA,NA
sp|P15565|TRM1_YEAST,ProtoWT_M_vs_AuxoWT_M,NA,NA,NA
sp|P15624|SYFB_YEAST,ProtoWT_M_vs_AuxoWT_M,NA,NA,NA
sp|P15625|SYFA_YEAST,ProtoWT_M_vs_AuxoWT_M,9.5624,NA,NA
sp|P15646|FBRL_YEAST,ProtoWT_M_vs_AuxoWT_M,NA,NA,NA
sp|P15705|STI1_YEAST,ProtoWT_M_vs_AuxoWT_M,4.8001,NA,4.4372
sp|P15731|UBC4_YEAST,ProtoWT_M_vs_AuxoWT_M,NA,NA,NA
sp|P15873|PCNA_YEAST,ProtoWT_M_vs_AuxoWT_M,NA,NA,NA
sp|P15891|ABP1_YEAST,ProtoWT_M_vs_AuxoWT_M,4.7532,NA,4.7532
sp|P16120|THRC_YEAST,ProtoWT_M_vs_AuxoWT_M,9.4247,NA,7.9571
sp|P16140|VATB_YEAST,ProtoWT_M_vs_AuxoWT_M,3.0939,NA,2.6607
sp|P16387|ODPA_YEAST,ProtoWT_M_vs_AuxoWT_M,NA,NA,NA
sp|P16451|ODPX_YEAST,ProtoWT_M_vs_AuxoWT_M,NA,NA,NA
sp|P16474|GRP78_YEAST,ProtoWT_M_vs_AuxoWT_M,4.0164,5.3995,NA
sp|P16521|EF3A_YEAST;sp|P53978|EF3B_YEAST,ProtoWT_M_vs_AuxoWT_M,32.57,38.157,31.117
sp|P16550|APA1_YEAST,ProtoWT_M_vs_AuxoWT_M,NA,NA,NA
sp|P16603|NCPR_YEAST,ProtoWT_M_vs_AuxoWT_M,NA,NA,NA
sp|P16622|HEMH_YEAST,ProtoWT_M_vs_AuxoWT_M,NA,NA,NA
sp|P16649|TUP1_YEAST,ProtoWT_M_vs_AuxoWT_M,NA,NA,NA
sp|P16861|PFKA1_YEAST,ProtoWT_M_vs_AuxoWT_M,NA,NA,NA
sp|P16862|PFKA2_YEAST,ProtoWT_M_vs_AuxoWT_M,16.27,16.27,NA
sp|P17076|RL8A_YEAST,ProtoWT_M_vs_AuxoWT_M,7.0286,7.0286,2.5823
sp|P17106|CBF1_YEAST,ProtoWT_M_vs_AuxoWT_M,NA,NA,NA
sp|P17157|PHO85_YEAST,ProtoWT_M_vs_AuxoWT_M,NA,NA,NA
sp|P17255|VATA_YEAST,ProtoWT_M_vs_AuxoWT_M,6.4746,8.3291,5.6688
sp|P17423|KHSE_YEAST,ProtoWT_M_vs_AuxoWT_M,NA,NA,NA
sp|P17505|MDHM_YEAST,ProtoWT_M_vs_AuxoWT_M,NA,NA,NA
sp|P17536|TPM1_YEAST,ProtoWT_M_vs_AuxoWT_M,NA,NA,NA
sp|P17555|CAP_YEAST,ProtoWT_M_vs_AuxoWT_M,NA,NA,NA
sp|P17695|GLRX2_YEAST,ProtoWT_M_vs_AuxoWT_M,NA,NA,NA
sp|P17709|HXKG_YEAST,ProtoWT_M_vs_AuxoWT_M,NA,NA,NA
sp|P17967|PDI_YEAST,ProtoWT_M_vs_AuxoWT_M,13.605,17.286,3.7917
sp|P18239|ADT2_YEAST;sp|P18238|ADT3_YEAST,ProtoWT_M_vs_AuxoWT_M,18.371,28.193,8.1423
sp|P18562|UPP_YEAST,ProtoWT_M_vs_AuxoWT_M,NA,NA,NA
sp|P18899|DDR48_YEAST,ProtoWT_M_vs_AuxoWT_M,NA,NA,NA
sp|P19097|FAS2_YEAST,ProtoWT_M_vs_AuxoWT_M,4.6545,3.2451,6.6759
sp|P19146|ARF2_YEAST;sp|P11076|ARF1_YEAST,ProtoWT_M_vs_AuxoWT_M,NA,NA,NA
sp|P19262|ODO2_YEAST,ProtoWT_M_vs_AuxoWT_M,NA,NA,NA
sp|P19358|METK2_YEAST,ProtoWT_M_vs_AuxoWT_M,NA,NA,NA
sp|P19414|ACON_YEAST,ProtoWT_M_vs_AuxoWT_M,18.678,NA,7.2072
sp|P19735|PRP6_YEAST,ProtoWT_M_vs_AuxoWT_M,NA,NA,NA
sp|P19882|HSP60_YEAST,ProtoWT_M_vs_AuxoWT_M,6.7619,7.4182,14.173
sp|P20081|FKBP_YEAST,ProtoWT_M_vs_AuxoWT_M,17.38,17.38,NA
sp|P20424|SRP54_YEAST,ProtoWT_M_vs_AuxoWT_M,NA,NA,NA
sp|P20435|RPAB2_YEAST,ProtoWT_M_vs_AuxoWT_M,NA,NA,NA
sp|P20436|RPAB3_YEAST,ProtoWT_M_vs_AuxoWT_M,NA,NA,NA
sp|P20447|DBP3_YEAST,ProtoWT_M_vs_AuxoWT_M,NA,NA,NA
sp|P20449|DBP5_YEAST,ProtoWT_M_vs_AuxoWT_M,NA,NA,NA
sp|P20459|IF2A_YEAST,ProtoWT_M_vs_AuxoWT_M,NA,NA,NA
sp|P20606|SAR1_YEAST,ProtoWT_M_vs_AuxoWT_M,3.0736,NA,NA
sp|P21147|ACO1_YEAST,ProtoWT_M_vs_AuxoWT_M,NA,NA,NA
sp|P21242|PSA7_YEAST,ProtoWT_M_vs_AuxoWT_M,NA,NA,NA
sp|P21243|PSA1_YEAST,ProtoWT_M_vs_AuxoWT_M,NA,NA,NA
sp|P21304|PWP1_YEAST,ProtoWT_M_vs_AuxoWT_M,NA,NA,NA
sp|P21306|ATP5E_YEAST,ProtoWT_M_vs_AuxoWT_M,NA,NA,NA
sp|P21524|RIR1_YEAST,ProtoWT_M_vs_AuxoWT_M,NA,NA,NA
sp|P21576|VPS1_YEAST,ProtoWT_M_vs_AuxoWT_M,NA,NA,NA
sp|P21954|IDHP_YEAST,ProtoWT_M_vs_AuxoWT_M,NA,NA,NA
sp|P21965|MCK1_YEAST,ProtoWT_M_vs_AuxoWT_M,NA,NA,NA
sp|P22137|CLH_YEAST,ProtoWT_M_vs_AuxoWT_M,NA,NA,NA
sp|P22138|RPA2_YEAST,ProtoWT_M_vs_AuxoWT_M,NA,NA,NA
sp|P22139|RPAB5_YEAST,ProtoWT_M_vs_AuxoWT_M,2.795,NA,NA
sp|P22146|GAS1_YEAST,ProtoWT_M_vs_AuxoWT_M,NA,NA,NA
sp|P22147|XRN1_YEAST,ProtoWT_M_vs_AuxoWT_M,1.9517,NA,NA
sp|P22203|VATE_YEAST,ProtoWT_M_vs_AuxoWT_M,9.1427,15.526,3.2384
sp|P22217|TRX1_YEAST,ProtoWT_M_vs_AuxoWT_M,53.602,18.351,NA
sp|P22336|RFA1_YEAST,ProtoWT_M_vs_AuxoWT_M,NA,NA,NA
sp|P22515|UBA1_YEAST,ProtoWT_M_vs_AuxoWT_M,4.7558,NA,4.7558
sp|P22696|ESS1_YEAST,ProtoWT_M_vs_AuxoWT_M,NA,NA,NA
sp|P22768|ASSY_YEAST,ProtoWT_M_vs_AuxoWT_M,NA,NA,NA
sp|P22803|TRX2_YEAST,ProtoWT_M_vs_AuxoWT_M,NA,NA,NA
sp|P22943|HSP12_YEAST,ProtoWT_M_vs_AuxoWT_M,NA,NA,NA
sp|P23248|RS3A2_YEAST,ProtoWT_M_vs_AuxoWT_M,23.202,NA,6.1659
sp|P23254|TKT1_YEAST,ProtoWT_M_vs_AuxoWT_M,6.2155,6.2155,3.384
sp|P23301|IF5A1_YEAST,ProtoWT_M_vs_AuxoWT_M,NA,NA,NA
sp|P23542|AATC_YEAST,ProtoWT_M_vs_AuxoWT_M,15.862,27.899,11.878
sp|P23638|PSA3_YEAST,ProtoWT_M_vs_AuxoWT_M,NA,NA,NA
sp|P23639|PSA2_YEAST,ProtoWT_M_vs_AuxoWT_M,1.4407,0.51394,NA
sp|P23644|TOM40_YEAST,ProtoWT_M_vs_AuxoWT_M,NA,NA,NA
sp|P23776|EXG1_YEAST,ProtoWT_M_vs_AuxoWT_M,NA,NA,NA
sp|P24000|RL24B_YEAST,ProtoWT_M_vs_AuxoWT_M,NA,NA,NA
sp|P24280|SEC14_YEAST,ProtoWT_M_vs_AuxoWT_M,NA,NA,NA
sp|P24783|DBP2_YEAST,ProtoWT_M_vs_AuxoWT_M,NA,NA,NA
sp|P25043|PSB2_YEAST,ProtoWT_M_vs_AuxoWT_M,NA,NA,NA
sp|P25087|ERG6_YEAST,ProtoWT_M_vs_AuxoWT_M,1.8017,NA,NA
sp|P25293|NAP1_YEAST,ProtoWT_M_vs_AuxoWT_M,8.7229,8.7229,7.8045
sp|P25294|SIS1_YEAST,ProtoWT_M_vs_AuxoWT_M,NA,NA,NA
sp|P25297|PHO84_YEAST,ProtoWT_M_vs_AuxoWT_M,NA,NA,NA
sp|P25340|ERG4_YEAST,ProtoWT_M_vs_AuxoWT_M,NA,NA,NA
sp|P25349|YCP4_YEAST,ProtoWT_M_vs_AuxoWT_M,NA,NA,NA
sp|P25373|GLRX1_YEAST,ProtoWT_M_vs_AuxoWT_M,1.2961,NA,NA
sp|P25383|YC21A_YEAST;sp|P25384|YC21B_YEAST,ProtoWT_M_vs_AuxoWT_M,NA,NA,NA
sp|P25443|RS2_YEAST,ProtoWT_M_vs_AuxoWT_M,14.17,38.925,9.2403
sp|P25491|MAS5_YEAST,ProtoWT_M_vs_AuxoWT_M,1.8322,1.9721,1.5522
sp|P25567|SRO9_YEAST,ProtoWT_M_vs_AuxoWT_M,NA,NA,NA
sp|P25605|ILV6_YEAST,ProtoWT_M_vs_AuxoWT_M,NA,NA,NA
sp|P25694|CDC48_YEAST,ProtoWT_M_vs_AuxoWT_M,8.7525,NA,0.73505
sp|P25719|CYPC_YEAST,ProtoWT_M_vs_AuxoWT_M,NA,NA,NA
sp|P26321|RL5_YEAST,ProtoWT_M_vs_AuxoWT_M,129.14,NA,12.454
sp|P26637|SYLC_YEAST,ProtoWT_M_vs_AuxoWT_M,26.336,12.167,NA
sp|P26783|RS5_YEAST,ProtoWT_M_vs_AuxoWT_M,27.56,14.509,32.941
sp|P26784|RL16A_YEAST,ProtoWT_M_vs_AuxoWT_M,23.273,NA,25.664
sp|P26785|RL16B_YEAST,ProtoWT_M_vs_AuxoWT_M,9.8923,9.8923,12.562
sp|P26786|RS7A_YEAST,ProtoWT_M_vs_AuxoWT_M,45.872,NA,45.872
sp|P27476|NSR1_YEAST,ProtoWT_M_vs_AuxoWT_M,NA,NA,NA
sp|P27810|KTR1_YEAST,ProtoWT_M_vs_AuxoWT_M,NA,NA,NA
sp|P28007|GAR1_YEAST,ProtoWT_M_vs_AuxoWT_M,NA,NA,NA
sp|P28241|IDH2_YEAST,ProtoWT_M_vs_AuxoWT_M,4.8728,NA,NA
sp|P28272|PYRD_YEAST,ProtoWT_M_vs_AuxoWT_M,NA,NA,NA
sp|P28274|URA7_YEAST;sp|P38627|URA8_YEAST,ProtoWT_M_vs_AuxoWT_M,NA,NA,NA
sp|P28707|SBA1_YEAST,ProtoWT_M_vs_AuxoWT_M,NA,NA,NA
sp|P28777|AROC_YEAST,ProtoWT_M_vs_AuxoWT_M,13.232,NA,NA
sp|P28834|IDH1_YEAST,ProtoWT_M_vs_AuxoWT_M,NA,NA,NA
sp|P29311|BMH1_YEAST,ProtoWT_M_vs_AuxoWT_M,33.233,42.86,41.2
sp|P29453|RL8B_YEAST,ProtoWT_M_vs_AuxoWT_M,42.873,45.827,33.533
sp|P29509|TRXB1_YEAST;sp|P38816|TRXB2_YEAST,ProtoWT_M_vs_AuxoWT_M,7.0074,2.0923,11.112
sp|P29547|EF1G1_YEAST,ProtoWT_M_vs_AuxoWT_M,NA,NA,NA
sp|P29952|MPI_YEAST,ProtoWT_M_vs_AuxoWT_M,3.7678,NA,2.5971
sp|P30624|LCF1_YEAST,ProtoWT_M_vs_AuxoWT_M,NA,NA,NA
sp|P30822|XPO1_YEAST,ProtoWT_M_vs_AuxoWT_M,NA,NA,NA
sp|P31116|DHOM_YEAST,ProtoWT_M_vs_AuxoWT_M,22.334,6.6022,NA
sp|P31373|CYS3_YEAST,ProtoWT_M_vs_AuxoWT_M,NA,NA,NA
sp|P31382|PMT2_YEAST,ProtoWT_M_vs_AuxoWT_M,NA,NA,NA
sp|P31412|VATC_YEAST,ProtoWT_M_vs_AuxoWT_M,NA,NA,NA
sp|P31539|HS104_YEAST,ProtoWT_M_vs_AuxoWT_M,NA,NA,NA
sp|P31688|TPS2_YEAST,ProtoWT_M_vs_AuxoWT_M,NA,NA,NA
sp|P31787|ACBP_YEAST,ProtoWT_M_vs_AuxoWT_M,5.7222,5.7222,NA
sp|P32074|COPG_YEAST,ProtoWT_M_vs_AuxoWT_M,NA,NA,NA
sp|P32178|CHMU_YEAST,ProtoWT_M_vs_AuxoWT_M,NA,NA,NA
sp|P32179|MET22_YEAST,ProtoWT_M_vs_AuxoWT_M,NA,NA,NA
sp|P32263|P5CR_YEAST,ProtoWT_M_vs_AuxoWT_M,NA,NA,NA
sp|P32288|GLNA_YEAST,ProtoWT_M_vs_AuxoWT_M,12.114,NA,NA
sp|P32324|EF2_YEAST,ProtoWT_M_vs_AuxoWT_M,536.31,36.438,374.73
sp|P32327|PYC2_YEAST;sp|P11154|PYC1_YEAST,ProtoWT_M_vs_AuxoWT_M,NA,NA,NA
sp|P32333|MOT1_YEAST,ProtoWT_M_vs_AuxoWT_M,NA,NA,NA
sp|P32337|IMB3_YEAST,ProtoWT_M_vs_AuxoWT_M,NA,NA,NA
sp|P32353|ERG3_YEAST,ProtoWT_M_vs_AuxoWT_M,NA,NA,NA
sp|P32366|VA0D_YEAST,ProtoWT_M_vs_AuxoWT_M,NA,NA,NA
sp|P32377|MVD1_YEAST,ProtoWT_M_vs_AuxoWT_M,NA,NA,NA
sp|P32379|PSA5_YEAST,ProtoWT_M_vs_AuxoWT_M,NA,NA,NA
sp|P32381|ARP2_YEAST,ProtoWT_M_vs_AuxoWT_M,NA,NA,NA
sp|P32386|YBT1_YEAST,ProtoWT_M_vs_AuxoWT_M,NA,NA,NA
sp|P32419|MDHP_YEAST,ProtoWT_M_vs_AuxoWT_M,NA,NA,NA
sp|P32445|RIM1_YEAST,ProtoWT_M_vs_AuxoWT_M,NA,NA,NA
sp|P32449|AROG_YEAST,ProtoWT_M_vs_AuxoWT_M,NA,NA,NA
sp|P32454|APE2_YEAST,ProtoWT_M_vs_AuxoWT_M,NA,NA,NA
sp|P32457|CDC3_YEAST,ProtoWT_M_vs_AuxoWT_M,NA,NA,NA
sp|P32463|ACPM_YEAST,ProtoWT_M_vs_AuxoWT_M,3.2962,NA,NA
sp|P32465|HXT1_YEAST,ProtoWT_M_vs_AuxoWT_M,NA,NA,NA
sp|P32468|CDC12_YEAST,ProtoWT_M_vs_AuxoWT_M,NA,NA,NA
sp|P32471|EF1B_YEAST,ProtoWT_M_vs_AuxoWT_M,38.41,NA,37.453
sp|P32472|FKBP2_YEAST,ProtoWT_M_vs_AuxoWT_M,NA,NA,NA
sp|P32473|ODPB_YEAST,ProtoWT_M_vs_AuxoWT_M,NA,NA,NA
sp|P32474|EUG1_YEAST,ProtoWT_M_vs_AuxoWT_M,NA,NA,NA
sp|P32481|IF2G_YEAST,ProtoWT_M_vs_AuxoWT_M,NA,NA,NA
sp|P32495|NHP2_YEAST,ProtoWT_M_vs_AuxoWT_M,NA,NA,NA
sp|P32496|RPN12_YEAST,ProtoWT_M_vs_AuxoWT_M,NA,NA,NA
sp|P32497|EIF3C_YEAST,ProtoWT_M_vs_AuxoWT_M,NA,NA,NA
sp|P32499|NUP2_YEAST,ProtoWT_M_vs_AuxoWT_M,NA,NA,NA
sp|P32521|PAN1_YEAST,ProtoWT_M_vs_AuxoWT_M,NA,NA,NA
sp|P32527|ZUO1_YEAST,ProtoWT_M_vs_AuxoWT_M,2.2191,6.3678,NA
sp|P32558|SPT16_YEAST,ProtoWT_M_vs_AuxoWT_M,NA,NA,NA
sp|P32565|RPN2_YEAST,ProtoWT_M_vs_AuxoWT_M,NA,NA,NA
sp|P32582|CBS_YEAST,ProtoWT_M_vs_AuxoWT_M,32.7,32.7,38.605
sp|P32588|PUB1_YEAST,ProtoWT_M_vs_AuxoWT_M,NA,NA,NA
sp|P32589|HSP7F_YEAST;sp|P32590|HSP79_YEAST,ProtoWT_M_vs_AuxoWT_M,9.9153,9.9813,7.0636
sp|P32599|FIMB_YEAST,ProtoWT_M_vs_AuxoWT_M,NA,NA,NA
sp|P32603|SPR1_YEAST,ProtoWT_M_vs_AuxoWT_M,NA,NA,NA
sp|P32610|VATD_YEAST,ProtoWT_M_vs_AuxoWT_M,NA,NA,NA
sp|P32614|FRDS_YEAST,ProtoWT_M_vs_AuxoWT_M,NA,NA,NA
sp|P32623|CRH2_YEAST,ProtoWT_M_vs_AuxoWT_M,NA,NA,NA
sp|P32628|RAD23_YEAST,ProtoWT_M_vs_AuxoWT_M,NA,NA,NA
sp|P32771|FADH_YEAST,ProtoWT_M_vs_AuxoWT_M,NA,NA,NA
sp|P32774|T2AG_YEAST,ProtoWT_M_vs_AuxoWT_M,NA,NA,NA
sp|P32835|GSP1_YEAST;sp|P32836|GSP2_YEAST,ProtoWT_M_vs_AuxoWT_M,31.635,46.014,31.635
sp|P32861|UGPA1_YEAST,ProtoWT_M_vs_AuxoWT_M,NA,NA,NA
sp|P32895|KPR1_YEAST,ProtoWT_M_vs_AuxoWT_M,NA,NA,NA
sp|P32905|RSSA1_YEAST,ProtoWT_M_vs_AuxoWT_M,400.32,150.81,30.065
sp|P32911|SUI1_YEAST,ProtoWT_M_vs_AuxoWT_M,NA,NA,NA
sp|P32939|YPT7_YEAST,ProtoWT_M_vs_AuxoWT_M,NA,NA,NA
sp|P33201|MRT4_YEAST,ProtoWT_M_vs_AuxoWT_M,NA,NA,NA
sp|P33299|PRS7_YEAST,ProtoWT_M_vs_AuxoWT_M,NA,NA,NA
sp|P33302|PDR5_YEAST,ProtoWT_M_vs_AuxoWT_M,NA,NA,NA
sp|P33322|CBF5_YEAST,ProtoWT_M_vs_AuxoWT_M,NA,NA,NA
sp|P33330|SERC_YEAST,ProtoWT_M_vs_AuxoWT_M,NA,NA,NA
sp|P33331|NTF2_YEAST,ProtoWT_M_vs_AuxoWT_M,NA,NA,NA
sp|P33399|LHP1_YEAST,ProtoWT_M_vs_AuxoWT_M,NA,NA,NA
sp|P33401|PGM1_YEAST,ProtoWT_M_vs_AuxoWT_M,NA,NA,NA
sp|P33442|RS3A1_YEAST,ProtoWT_M_vs_AuxoWT_M,7.5853,NA,NA
sp|P33448|TOM6_YEAST,ProtoWT_M_vs_AuxoWT_M,NA,NA,NA
sp|P33767|OSTB_YEAST,ProtoWT_M_vs_AuxoWT_M,NA,NA,NA
sp|P33775|PMT1_YEAST,ProtoWT_M_vs_AuxoWT_M,NA,NA,NA
sp|P33892|GCN1_YEAST,ProtoWT_M_vs_AuxoWT_M,NA,NA,NA
sp|P34167|IF4B_YEAST,ProtoWT_M_vs_AuxoWT_M,NA,NA,NA
sp|P34216|EDE1_YEAST,ProtoWT_M_vs_AuxoWT_M,NA,NA,NA
sp|P34223|UBX1_YEAST,ProtoWT_M_vs_AuxoWT_M,NA,NA,NA
sp|P34730|BMH2_YEAST,ProtoWT_M_vs_AuxoWT_M,5.6507,5.6507,5.3641
sp|P34760|TSA1_YEAST,ProtoWT_M_vs_AuxoWT_M,1.9891,2.7597,1.8109
sp|P35176|CYPD_YEAST,ProtoWT_M_vs_AuxoWT_M,NA,NA,NA
sp|P35189|TAF14_YEAST,ProtoWT_M_vs_AuxoWT_M,NA,NA,NA
sp|P35197|GCS1_YEAST,ProtoWT_M_vs_AuxoWT_M,NA,NA,NA
sp|P35691|TCTP_YEAST,ProtoWT_M_vs_AuxoWT_M,17.544,NA,4.3796
sp|P35719|MRP8_YEAST,ProtoWT_M_vs_AuxoWT_M,NA,NA,NA
sp|P35732|DEF1_YEAST,ProtoWT_M_vs_AuxoWT_M,NA,NA,NA
sp|P35844|KES1_YEAST,ProtoWT_M_vs_AuxoWT_M,NA,NA,NA
sp|P36008|EF1G2_YEAST,ProtoWT_M_vs_AuxoWT_M,15.493,10.484,NA
sp|P36010|NDK_YEAST,ProtoWT_M_vs_AuxoWT_M,NA,NA,NA
sp|P36015|YKT6_YEAST,ProtoWT_M_vs_AuxoWT_M,NA,NA,NA
sp|P36018|YPT52_YEAST,ProtoWT_M_vs_AuxoWT_M,NA,NA,NA
sp|P36036|YRA2_YEAST,ProtoWT_M_vs_AuxoWT_M,NA,NA,NA
sp|P36049|EBP2_YEAST,ProtoWT_M_vs_AuxoWT_M,NA,NA,NA
sp|P36105|RL14A_YEAST,ProtoWT_M_vs_AuxoWT_M,21.822,35.195,21.286
sp|P36421|SYYC_YEAST,ProtoWT_M_vs_AuxoWT_M,NA,NA,NA
sp|P37291|GLYC_YEAST,ProtoWT_M_vs_AuxoWT_M,7.1789,NA,NA
sp|P37292|GLYM_YEAST,ProtoWT_M_vs_AuxoWT_M,2.9965,NA,2.9965
sp|P37302|APE3_YEAST,ProtoWT_M_vs_AuxoWT_M,2.5742,7.939,3.2456
sp|P37303|GLY1_YEAST,ProtoWT_M_vs_AuxoWT_M,NA,NA,NA
sp|P37370|VRP1_YEAST,ProtoWT_M_vs_AuxoWT_M,NA,NA,NA
sp|P38011|GBLP_YEAST,ProtoWT_M_vs_AuxoWT_M,13.786,NA,21.843
sp|P38013|AHP1_YEAST,ProtoWT_M_vs_AuxoWT_M,56.563,56.563,58.712
sp|P38061|RL32_YEAST,ProtoWT_M_vs_AuxoWT_M,11.258,68.362,9.9688
sp|P38077|ATPG_YEAST,ProtoWT_M_vs_AuxoWT_M,NA,NA,NA
sp|P38088|SYG_YEAST;sp|Q06817|SYG2_YEAST,ProtoWT_M_vs_AuxoWT_M,4.0505,NA,4.2914
sp|P38143|GPX2_YEAST,ProtoWT_M_vs_AuxoWT_M,NA,NA,NA
sp|P38174|MAP2_YEAST,ProtoWT_M_vs_AuxoWT_M,NA,NA,NA
sp|P38197|PLPHP_YEAST,ProtoWT_M_vs_AuxoWT_M,NA,NA,NA
sp|P38199|HEK2_YEAST,ProtoWT_M_vs_AuxoWT_M,NA,NA,NA
sp|P38205|NCL1_YEAST,ProtoWT_M_vs_AuxoWT_M,NA,NA,NA
sp|P38216|YBM6_YEAST,ProtoWT_M_vs_AuxoWT_M,NA,NA,NA
sp|P38219|OLA1_YEAST,ProtoWT_M_vs_AuxoWT_M,NA,NA,NA
sp|P38248|ECM33_YEAST,ProtoWT_M_vs_AuxoWT_M,NA,NA,NA
sp|P38249|EIF3A_YEAST,ProtoWT_M_vs_AuxoWT_M,3.4011,2.5128,3.4011
sp|P38250|IST2_YEAST,ProtoWT_M_vs_AuxoWT_M,NA,NA,NA
sp|P38264|PHO88_YEAST,ProtoWT_M_vs_AuxoWT_M,NA,NA,NA
sp|P38427|TSL1_YEAST;sp|P38426|TPS3_YEAST,ProtoWT_M_vs_AuxoWT_M,NA,NA,NA
sp|P38431|IF5_YEAST,ProtoWT_M_vs_AuxoWT_M,NA,NA,NA
sp|P38523|GRPE_YEAST,ProtoWT_M_vs_AuxoWT_M,NA,NA,NA
sp|P38555|YPT31_YEAST,ProtoWT_M_vs_AuxoWT_M,NA,NA,NA
sp|P38624|PSB1_YEAST,ProtoWT_M_vs_AuxoWT_M,NA,NA,NA
sp|P38625|GUAA_YEAST,ProtoWT_M_vs_AuxoWT_M,NA,NA,NA
sp|P38626|NCB5R_YEAST,ProtoWT_M_vs_AuxoWT_M,NA,NA,NA
sp|P38631|FKS1_YEAST;sp|P40989|FKS2_YEAST,ProtoWT_M_vs_AuxoWT_M,NA,NA,NA
sp|P38682|GLO3_YEAST,ProtoWT_M_vs_AuxoWT_M,9.3509,2.4908,1.1511
sp|P38687|SRP68_YEAST,ProtoWT_M_vs_AuxoWT_M,NA,NA,NA
sp|P38689|KPR3_YEAST,ProtoWT_M_vs_AuxoWT_M,NA,NA,NA
sp|P38693|PPAC_YEAST;sp|P35842|PPAB_YEAST;sp|P24031|PPA3_YEAST;sp|P00635|PPA5_YEAST,ProtoWT_M_vs_AuxoWT_M,NA,NA,NA
sp|P38701|RS20_YEAST,ProtoWT_M_vs_AuxoWT_M,25.07,41.5,19.012
sp|P38707|SYNC_YEAST,ProtoWT_M_vs_AuxoWT_M,NA,NA,NA
sp|P38708|YHI0_YEAST,ProtoWT_M_vs_AuxoWT_M,NA,NA,NA
sp|P38711|RS27B_YEAST;sp|P35997|RS27A_YEAST,ProtoWT_M_vs_AuxoWT_M,2.3841,NA,2.3841
sp|P38715|GRE3_YEAST,ProtoWT_M_vs_AuxoWT_M,4.887,NA,4.887
sp|P38720|6PGD1_YEAST;sp|P53319|6PGD2_YEAST,ProtoWT_M_vs_AuxoWT_M,NA,NA,NA
sp|P38754|RL14B_YEAST,ProtoWT_M_vs_AuxoWT_M,12.722,NA,NA
sp|P38764|RPN1_YEAST,ProtoWT_M_vs_AuxoWT_M,NA,NA,NA
sp|P38777|FSH1_YEAST,ProtoWT_M_vs_AuxoWT_M,NA,NA,NA
sp|P38779|CIC1_YEAST,ProtoWT_M_vs_AuxoWT_M,NA,NA,NA
sp|P38788|SSZ1_YEAST,ProtoWT_M_vs_AuxoWT_M,8.4093,6.8584,9.1392
sp|P38791|DHYS_YEAST,ProtoWT_M_vs_AuxoWT_M,NA,NA,NA
sp|P38810|SFB3_YEAST,ProtoWT_M_vs_AuxoWT_M,NA,NA,NA
sp|P38817|GGA2_YEAST,ProtoWT_M_vs_AuxoWT_M,NA,NA,NA
sp|P38837|NSG1_YEAST,ProtoWT_M_vs_AuxoWT_M,NA,NA,NA
sp|P38845|CRP1_YEAST,ProtoWT_M_vs_AuxoWT_M,NA,NA,NA
sp|P38879|NACA_YEAST,ProtoWT_M_vs_AuxoWT_M,53.256,NA,44.959
sp|P38886|RPN10_YEAST,ProtoWT_M_vs_AuxoWT_M,NA,NA,NA
sp|P38891|BCA1_YEAST,ProtoWT_M_vs_AuxoWT_M,NA,NA,NA
sp|P38902|RPB11_YEAST,ProtoWT_M_vs_AuxoWT_M,6.7638,NA,NA
sp|P38903|2A5D_YEAST,ProtoWT_M_vs_AuxoWT_M,NA,NA,NA
sp|P38910|CH10_YEAST,ProtoWT_M_vs_AuxoWT_M,NA,NA,NA
sp|P38911|FKBP3_YEAST;sp|Q06205|FKBP4_YEAST,ProtoWT_M_vs_AuxoWT_M,8.6195,NA,5.5652
sp|P38912|IF1A_YEAST,ProtoWT_M_vs_AuxoWT_M,NA,NA,NA
sp|P38934|BFR1_YEAST,ProtoWT_M_vs_AuxoWT_M,NA,NA,NA
sp|P38968|SEC31_YEAST,ProtoWT_M_vs_AuxoWT_M,NA,NA,NA
sp|P38972|PUR4_YEAST,ProtoWT_M_vs_AuxoWT_M,7.0402,2.3228,17.392
sp|P38986|ASPG1_YEAST,ProtoWT_M_vs_AuxoWT_M,5.5948,NA,NA
sp|P39005|KRE9_YEAST,ProtoWT_M_vs_AuxoWT_M,NA,NA,NA
sp|P39015|STM1_YEAST,ProtoWT_M_vs_AuxoWT_M,4.7121,1.5662,8.1335
sp|P39076|TCPB_YEAST,ProtoWT_M_vs_AuxoWT_M,NA,NA,NA
sp|P39077|TCPG_YEAST,ProtoWT_M_vs_AuxoWT_M,NA,NA,NA
sp|P39078|TCPD_YEAST,ProtoWT_M_vs_AuxoWT_M,NA,NA,NA
sp|P39079|TCPZ_YEAST,ProtoWT_M_vs_AuxoWT_M,NA,NA,NA
sp|P39101|CAJ1_YEAST,ProtoWT_M_vs_AuxoWT_M,NA,NA,NA
sp|P39107|MNN9_YEAST,ProtoWT_M_vs_AuxoWT_M,NA,NA,NA
sp|P39516|RS14B_YEAST,ProtoWT_M_vs_AuxoWT_M,5.8916,5.8916,6.002
sp|P39517|DHH1_YEAST,ProtoWT_M_vs_AuxoWT_M,NA,NA,NA
sp|P39522|ILV3_YEAST,ProtoWT_M_vs_AuxoWT_M,0.50464,0.50464,NA
sp|P39533|ACON2_YEAST,ProtoWT_M_vs_AuxoWT_M,NA,NA,NA
sp|P39676|FHP_YEAST,ProtoWT_M_vs_AuxoWT_M,5.5345,14.076,NA
sp|P39714|BDH1_YEAST,ProtoWT_M_vs_AuxoWT_M,NA,NA,NA
sp|P39730|IF2P_YEAST,ProtoWT_M_vs_AuxoWT_M,4.4934,NA,NA
sp|P39742|SEC72_YEAST,ProtoWT_M_vs_AuxoWT_M,NA,NA,NA
sp|P39743|RV167_YEAST,ProtoWT_M_vs_AuxoWT_M,NA,NA,NA
sp|P39744|NOC2_YEAST,ProtoWT_M_vs_AuxoWT_M,NA,NA,NA
sp|P39935|IF4F1_YEAST,ProtoWT_M_vs_AuxoWT_M,NA,NA,NA
sp|P39939|RS26B_YEAST;sp|P39938|RS26A_YEAST,ProtoWT_M_vs_AuxoWT_M,NA,NA,NA
sp|P39954|SAHH_YEAST,ProtoWT_M_vs_AuxoWT_M,14.62,16.849,14.62
sp|P39958|GDI1_YEAST,ProtoWT_M_vs_AuxoWT_M,2.1666,NA,NA
sp|P39960|BEM2_YEAST,ProtoWT_M_vs_AuxoWT_M,NA,NA,NA
sp|P39976|DLD3_YEAST,ProtoWT_M_vs_AuxoWT_M,NA,NA,NA
sp|P39986|ATC6_YEAST,ProtoWT_M_vs_AuxoWT_M,NA,NA,NA
sp|P39990|SNU13_YEAST,ProtoWT_M_vs_AuxoWT_M,0.72524,NA,NA
sp|P40005|PFD2_YEAST,ProtoWT_M_vs_AuxoWT_M,NA,NA,NA
sp|P40010|NUG1_YEAST,ProtoWT_M_vs_AuxoWT_M,NA,NA,NA
sp|P40016|RPN3_YEAST,ProtoWT_M_vs_AuxoWT_M,NA,NA,NA
sp|P40024|ARB1_YEAST,ProtoWT_M_vs_AuxoWT_M,1.7577,5.6257,NA
sp|P40032|TPA1_YEAST,ProtoWT_M_vs_AuxoWT_M,NA,NA,NA
sp|P40037|HMF1_YEAST,ProtoWT_M_vs_AuxoWT_M,NA,NA,NA
sp|P40040|THO1_YEAST,ProtoWT_M_vs_AuxoWT_M,NA,NA,NA
sp|P40046|VTC1_YEAST,ProtoWT_M_vs_AuxoWT_M,NA,NA,NA
sp|P40053|AIM9_YEAST,ProtoWT_M_vs_AuxoWT_M,6.0139,NA,NA
sp|P40056|GET2_YEAST,ProtoWT_M_vs_AuxoWT_M,NA,NA,NA
sp|P40069|IMB4_YEAST,ProtoWT_M_vs_AuxoWT_M,15.487,NA,9.4587
sp|P40075|SCS2_YEAST,ProtoWT_M_vs_AuxoWT_M,NA,NA,NA
sp|P40089|LSM5_YEAST,ProtoWT_M_vs_AuxoWT_M,NA,NA,NA
sp|P40093|YEY6_YEAST,ProtoWT_M_vs_AuxoWT_M,NA,NA,NA
sp|P40150|SSB2_YEAST;sp|P11484|SSB1_YEAST,ProtoWT_M_vs_AuxoWT_M,17.149,19.692,5.1647
sp|P40159|YNU8_YEAST,ProtoWT_M_vs_AuxoWT_M,NA,NA,NA
sp|P40185|MMF1_YEAST,ProtoWT_M_vs_AuxoWT_M,17.399,15.566,NA
sp|P40202|CCS1_YEAST,ProtoWT_M_vs_AuxoWT_M,NA,NA,NA
sp|P40217|EIF3I_YEAST,ProtoWT_M_vs_AuxoWT_M,5.1182,5.9329,NA
sp|P40302|PSA6_YEAST,ProtoWT_M_vs_AuxoWT_M,NA,NA,NA
sp|P40303|PSA4_YEAST,ProtoWT_M_vs_AuxoWT_M,NA,NA,NA
sp|P40319|ELO3_YEAST,ProtoWT_M_vs_AuxoWT_M,NA,NA,NA
sp|P40327|PRS4_YEAST,ProtoWT_M_vs_AuxoWT_M,NA,NA,NA
sp|P40413|TCPE_YEAST,ProtoWT_M_vs_AuxoWT_M,NA,NA,NA
sp|P40414|TPM2_YEAST,ProtoWT_M_vs_AuxoWT_M,NA,NA,NA
sp|P40422|RPAB4_YEAST,ProtoWT_M_vs_AuxoWT_M,NA,NA,NA
sp|P40482|SEC24_YEAST,ProtoWT_M_vs_AuxoWT_M,NA,NA,NA
sp|P40495|LYS12_YEAST,ProtoWT_M_vs_AuxoWT_M,NA,NA,NA
sp|P40498|UTP25_YEAST,ProtoWT_M_vs_AuxoWT_M,NA,NA,NA
sp|P40525|RL34B_YEAST;sp|P87262|RL34A_YEAST,ProtoWT_M_vs_AuxoWT_M,11.923,NA,49.396
sp|P40531|GVP36_YEAST,ProtoWT_M_vs_AuxoWT_M,NA,NA,NA
sp|P40541|SCC3_YEAST,ProtoWT_M_vs_AuxoWT_M,NA,NA,NA
sp|P40547|VID28_YEAST,ProtoWT_M_vs_AuxoWT_M,NA,NA,NA
sp|P40579|YIV5_YEAST,ProtoWT_M_vs_AuxoWT_M,NA,NA,NA
sp|P40581|GPX3_YEAST,ProtoWT_M_vs_AuxoWT_M,5.1975,NA,NA
sp|P40825|SYA_YEAST,ProtoWT_M_vs_AuxoWT_M,NA,NA,NA
sp|P40991|NOP2_YEAST,ProtoWT_M_vs_AuxoWT_M,NA,NA,NA
sp|P41056|RL33B_YEAST,ProtoWT_M_vs_AuxoWT_M,38.816,NA,33.405
sp|P41057|RS29A_YEAST,ProtoWT_M_vs_AuxoWT_M,4.2787,6.5434,NA
sp|P41058|RS29B_YEAST,ProtoWT_M_vs_AuxoWT_M,NA,NA,NA
sp|P41277|GPP1_YEAST,ProtoWT_M_vs_AuxoWT_M,7.3545,7.3545,7.342
sp|P41338|THIL_YEAST,ProtoWT_M_vs_AuxoWT_M,7.9113,NA,NA
sp|P41805|RL10_YEAST,ProtoWT_M_vs_AuxoWT_M,3.017,4.7539,1.9146
sp|P41807|VATH_YEAST,ProtoWT_M_vs_AuxoWT_M,NA,NA,NA
sp|P41811|COPB2_YEAST,ProtoWT_M_vs_AuxoWT_M,NA,NA,NA
sp|P41911|GPD2_YEAST,ProtoWT_M_vs_AuxoWT_M,NA,NA,NA
sp|P41920|YRB1_YEAST,ProtoWT_M_vs_AuxoWT_M,NA,NA,NA
sp|P41921|GSHR_YEAST,ProtoWT_M_vs_AuxoWT_M,NA,NA,NA
sp|P41940|MPG1_YEAST,ProtoWT_M_vs_AuxoWT_M,12.991,6.6073,12.991
sp|P42846|KRI1_YEAST,ProtoWT_M_vs_AuxoWT_M,NA,NA,NA
sp|P42943|TCPH_YEAST,ProtoWT_M_vs_AuxoWT_M,NA,NA,NA
sp|P42949|TIM16_YEAST,ProtoWT_M_vs_AuxoWT_M,NA,NA,NA
sp|P43123|UAP1_YEAST,ProtoWT_M_vs_AuxoWT_M,NA,NA,NA
sp|P43535|GCN20_YEAST,ProtoWT_M_vs_AuxoWT_M,6.0056,7.3953,3.8976
sp|P43585|VTC2_YEAST,ProtoWT_M_vs_AuxoWT_M,NA,NA,NA
sp|P43588|RPN11_YEAST,ProtoWT_M_vs_AuxoWT_M,NA,NA,NA
sp|P43590|YFH6_YEAST,ProtoWT_M_vs_AuxoWT_M,NA,NA,NA
sp|P43593|UBP6_YEAST,ProtoWT_M_vs_AuxoWT_M,NA,NA,NA
sp|P43616|DUG1_YEAST,ProtoWT_M_vs_AuxoWT_M,2.0213,NA,0.97725
sp|P43621|COPD_YEAST,ProtoWT_M_vs_AuxoWT_M,NA,NA,NA
sp|P45978|SCD6_YEAST,ProtoWT_M_vs_AuxoWT_M,NA,NA,NA
sp|P46367|ALDH4_YEAST,ProtoWT_M_vs_AuxoWT_M,NA,NA,NA
sp|P46654|RSSA2_YEAST,ProtoWT_M_vs_AuxoWT_M,NA,NA,NA
sp|P46655|SYEC_YEAST,ProtoWT_M_vs_AuxoWT_M,3.4994,NA,3.5928
sp|P46672|ARC1_YEAST,ProtoWT_M_vs_AuxoWT_M,4.1345,4.1345,NA
sp|P46680|AIP1_YEAST,ProtoWT_M_vs_AuxoWT_M,NA,NA,NA
sp|P46683|YAR1_YEAST,ProtoWT_M_vs_AuxoWT_M,NA,NA,NA
sp|P46969|RPE_YEAST,ProtoWT_M_vs_AuxoWT_M,NA,NA,NA
sp|P46988|PFD1_YEAST,ProtoWT_M_vs_AuxoWT_M,48.216,NA,NA
sp|P46990|RL17B_YEAST,ProtoWT_M_vs_AuxoWT_M,7.7508,24.568,NA
sp|P47018|MTC1_YEAST,ProtoWT_M_vs_AuxoWT_M,NA,NA,NA
sp|P47019|ALB1_YEAST,ProtoWT_M_vs_AuxoWT_M,NA,NA,NA
sp|P47044|YJF5_YEAST,ProtoWT_M_vs_AuxoWT_M,NA,NA,NA
sp|P47075|VTC4_YEAST,ProtoWT_M_vs_AuxoWT_M,NA,NA,NA
sp|P47079|TCPQ_YEAST,ProtoWT_M_vs_AuxoWT_M,NA,NA,NA
sp|P47089|DENR_YEAST,ProtoWT_M_vs_AuxoWT_M,NA,NA,NA
sp|P47117|ARP3_YEAST,ProtoWT_M_vs_AuxoWT_M,NA,NA,NA
sp|P47120|DOHH_YEAST,ProtoWT_M_vs_AuxoWT_M,NA,NA,NA
sp|P47143|ADK_YEAST,ProtoWT_M_vs_AuxoWT_M,13.224,0.49228,NA
sp|P47160|ENT3_YEAST,ProtoWT_M_vs_AuxoWT_M,NA,NA,NA
sp|P47912|LCF4_YEAST;sp|P39002|LCF3_YEAST,ProtoWT_M_vs_AuxoWT_M,NA,NA,NA
sp|P48164|RS7B_YEAST,ProtoWT_M_vs_AuxoWT_M,43.588,28.087,NA
sp|P48362|HGH1_YEAST,ProtoWT_M_vs_AuxoWT_M,NA,NA,NA
sp|P48363|PFD3_YEAST,ProtoWT_M_vs_AuxoWT_M,NA,NA,NA
sp|P48510|DSK2_YEAST,ProtoWT_M_vs_AuxoWT_M,NA,NA,NA
sp|P48589|RS12_YEAST,ProtoWT_M_vs_AuxoWT_M,59.979,61.087,53.095
sp|P48836|VATG_YEAST,ProtoWT_M_vs_AuxoWT_M,8.7342,6.1635,NA
sp|P49089|ASNS1_YEAST,ProtoWT_M_vs_AuxoWT_M,NA,NA,NA
sp|P49090|ASNS2_YEAST,ProtoWT_M_vs_AuxoWT_M,NA,NA,NA
sp|P49166|RL37A_YEAST,ProtoWT_M_vs_AuxoWT_M,32.432,10.154,NA
sp|P49167|RL38_YEAST,ProtoWT_M_vs_AuxoWT_M,8.6598,11.516,7.6025
sp|P49334|TOM22_YEAST,ProtoWT_M_vs_AuxoWT_M,NA,NA,NA
sp|P49367|LYS4_YEAST,ProtoWT_M_vs_AuxoWT_M,NA,NA,NA
sp|P49435|APT1_YEAST,ProtoWT_M_vs_AuxoWT_M,NA,NA,NA
sp|P49626|RL4B_YEAST,ProtoWT_M_vs_AuxoWT_M,NA,NA,NA
sp|P49723|RIR4_YEAST,ProtoWT_M_vs_AuxoWT_M,3.2695,NA,NA
sp|P49954|NIT3_YEAST,ProtoWT_M_vs_AuxoWT_M,NA,NA,NA
sp|P50094|IMDH4_YEAST;sp|P38697|IMDH2_YEAST;sp|O42831|YA075_YEAST,ProtoWT_M_vs_AuxoWT_M,4.1032,NA,NA
sp|P50095|IMDH3_YEAST,ProtoWT_M_vs_AuxoWT_M,12.145,25.706,NA
sp|P50107|LGUL_YEAST,ProtoWT_M_vs_AuxoWT_M,NA,NA,NA
sp|P50623|UBC9_YEAST,ProtoWT_M_vs_AuxoWT_M,NA,NA,NA
sp|P51401|RL9B_YEAST,ProtoWT_M_vs_AuxoWT_M,NA,NA,NA
sp|P51402|RL37B_YEAST,ProtoWT_M_vs_AuxoWT_M,NA,NA,NA
sp|P51601|GCH1_YEAST,ProtoWT_M_vs_AuxoWT_M,NA,NA,NA
sp|P52286|SKP1_YEAST,ProtoWT_M_vs_AuxoWT_M,NA,NA,NA
sp|P52553|PFD6_YEAST,ProtoWT_M_vs_AuxoWT_M,NA,NA,NA
sp|P52870|SC6B1_YEAST,ProtoWT_M_vs_AuxoWT_M,NA,NA,NA
sp|P52910|ACS2_YEAST,ProtoWT_M_vs_AuxoWT_M,NA,NA,NA
sp|P53043|PPT1_YEAST,ProtoWT_M_vs_AuxoWT_M,NA,NA,NA
sp|P53090|ARO8_YEAST,ProtoWT_M_vs_AuxoWT_M,10.26,10.26,6.4808
sp|P53111|ARI1_YEAST,ProtoWT_M_vs_AuxoWT_M,NA,NA,NA
sp|P53131|PRP43_YEAST,ProtoWT_M_vs_AuxoWT_M,NA,NA,NA
sp|P53141|MLC1_YEAST,ProtoWT_M_vs_AuxoWT_M,NA,NA,NA
sp|P53152|MMS2_YEAST,ProtoWT_M_vs_AuxoWT_M,NA,NA,NA
sp|P53183|YGD9_YEAST,ProtoWT_M_vs_AuxoWT_M,NA,NA,NA
sp|P53184|PNC1_YEAST,ProtoWT_M_vs_AuxoWT_M,NA,NA,NA
sp|P53221|RL26B_YEAST,ProtoWT_M_vs_AuxoWT_M,54.828,87.935,44.053
sp|P53235|EIF2A_YEAST,ProtoWT_M_vs_AuxoWT_M,NA,NA,NA
sp|P53252|PIL1_YEAST,ProtoWT_M_vs_AuxoWT_M,7.0511,6.163,7.0511
sp|P53254|UTP22_YEAST,ProtoWT_M_vs_AuxoWT_M,NA,NA,NA
sp|P53261|PESC_YEAST,ProtoWT_M_vs_AuxoWT_M,0.97807,1.1189,NA
sp|P53299|TIM13_YEAST,ProtoWT_M_vs_AuxoWT_M,NA,NA,NA
sp|P53303|ZPR1_YEAST,ProtoWT_M_vs_AuxoWT_M,4.7118,NA,NA
sp|P53551|H1_YEAST,ProtoWT_M_vs_AuxoWT_M,NA,NA,NA
sp|P53598|SUCA_YEAST,ProtoWT_M_vs_AuxoWT_M,NA,NA,NA
sp|P53622|COPA_YEAST,ProtoWT_M_vs_AuxoWT_M,NA,NA,NA
sp|P53633|PRA1_YEAST,ProtoWT_M_vs_AuxoWT_M,NA,NA,NA
sp|P53691|PPID_YEAST,ProtoWT_M_vs_AuxoWT_M,NA,NA,NA
sp|P53723|YN8B_YEAST,ProtoWT_M_vs_AuxoWT_M,NA,NA,NA
sp|P53834|HCH1_YEAST,ProtoWT_M_vs_AuxoWT_M,NA,NA,NA
sp|P53852|SYC_YEAST,ProtoWT_M_vs_AuxoWT_M,NA,NA,NA
sp|P53883|NOP13_YEAST,ProtoWT_M_vs_AuxoWT_M,NA,NA,NA
sp|P53885|MDG1_YEAST,ProtoWT_M_vs_AuxoWT_M,NA,NA,NA
sp|P53900|PFD4_YEAST,ProtoWT_M_vs_AuxoWT_M,NA,NA,NA
sp|P53909|ADE_YEAST,ProtoWT_M_vs_AuxoWT_M,1.5999,NA,NA
sp|P53912|YNN4_YEAST,ProtoWT_M_vs_AuxoWT_M,NA,NA,NA
sp|P53920|NM111_YEAST,ProtoWT_M_vs_AuxoWT_M,NA,NA,NA
sp|P53927|NOP15_YEAST,ProtoWT_M_vs_AuxoWT_M,NA,NA,NA
sp|P53941|IMP4_YEAST,ProtoWT_M_vs_AuxoWT_M,NA,NA,NA
sp|P53981|YNB0_YEAST,ProtoWT_M_vs_AuxoWT_M,NA,NA,NA
sp|P54113|PUR91_YEAST,ProtoWT_M_vs_AuxoWT_M,NA,NA,NA
sp|P54115|ALDH6_YEAST,ProtoWT_M_vs_AuxoWT_M,3.1325,4.0407,3.1325
sp|P54783|ALO_YEAST,ProtoWT_M_vs_AuxoWT_M,NA,NA,NA
sp|P54838|DAK1_YEAST,ProtoWT_M_vs_AuxoWT_M,NA,NA,NA
sp|P54839|HMCS_YEAST,ProtoWT_M_vs_AuxoWT_M,NA,NA,NA
sp|P54885|PROA_YEAST,ProtoWT_M_vs_AuxoWT_M,4.3649,NA,NA
sp|P60010|ACT_YEAST,ProtoWT_M_vs_AuxoWT_M,14.227,25.564,10.497
sp|P61830|H3_YEAST,ProtoWT_M_vs_AuxoWT_M,NA,NA,NA
sp|P80210|PURA_YEAST,ProtoWT_M_vs_AuxoWT_M,NA,NA,NA
sp|P80967|TOM5_YEAST,ProtoWT_M_vs_AuxoWT_M,NA,NA,NA
sp|P87108|TIM10_YEAST,ProtoWT_M_vs_AuxoWT_M,NA,NA,NA
sp|Q00055|GPD1_YEAST,ProtoWT_M_vs_AuxoWT_M,1.1252,3.5323,NA
sp|Q00402|NUM1_YEAST,ProtoWT_M_vs_AuxoWT_M,NA,NA,NA
sp|Q00764|TPS1_YEAST,ProtoWT_M_vs_AuxoWT_M,NA,NA,NA
sp|Q00955|ACAC_YEAST;sp|P32874|HFA1_YEAST,ProtoWT_M_vs_AuxoWT_M,6.6115,13.566,5.5263
sp|Q01532|BLH1_YEAST,ProtoWT_M_vs_AuxoWT_M,NA,NA,NA
sp|Q01560|NOP3_YEAST,ProtoWT_M_vs_AuxoWT_M,118.97,11.426,NA
sp|Q01662|MAP1_YEAST,ProtoWT_M_vs_AuxoWT_M,NA,NA,NA
sp|Q01855|RS15_YEAST,ProtoWT_M_vs_AuxoWT_M,9.0667,3.1426,9.0667
sp|Q01939|PRS8_YEAST,ProtoWT_M_vs_AuxoWT_M,NA,NA,NA
sp|Q02326|RL6A_YEAST,ProtoWT_M_vs_AuxoWT_M,17.394,17.394,20.475
sp|Q02486|ABF2_YEAST,ProtoWT_M_vs_AuxoWT_M,4.4933,NA,NA
sp|Q02642|NACB1_YEAST,ProtoWT_M_vs_AuxoWT_M,NA,NA,NA
sp|Q02725|VTC3_YEAST,ProtoWT_M_vs_AuxoWT_M,NA,NA,NA
sp|Q02753|RL21A_YEAST,ProtoWT_M_vs_AuxoWT_M,58.61,52.671,65.22
sp|Q02821|IMA1_YEAST,ProtoWT_M_vs_AuxoWT_M,NA,NA,NA
sp|Q02892|NOG1_YEAST,ProtoWT_M_vs_AuxoWT_M,NA,NA,NA
sp|Q03048|COFI_YEAST,ProtoWT_M_vs_AuxoWT_M,NA,NA,NA
sp|Q03161|YMY9_YEAST,ProtoWT_M_vs_AuxoWT_M,NA,NA,NA
sp|Q03195|RLI1_YEAST,ProtoWT_M_vs_AuxoWT_M,NA,NA,NA
sp|Q03219|YM44_YEAST,ProtoWT_M_vs_AuxoWT_M,NA,NA,NA
sp|Q03532|HAS1_YEAST,ProtoWT_M_vs_AuxoWT_M,2.7902,NA,NA
sp|Q03558|OYE2_YEAST;sp|P41816|OYE3_YEAST,ProtoWT_M_vs_AuxoWT_M,4.3192,NA,NA
sp|Q03640|TCB3_YEAST,ProtoWT_M_vs_AuxoWT_M,NA,NA,NA
sp|Q03690|CLU_YEAST,ProtoWT_M_vs_AuxoWT_M,NA,NA,NA
sp|Q03771|ACL4_YEAST,ProtoWT_M_vs_AuxoWT_M,NA,NA,NA
sp|Q03774|TRM82_YEAST,ProtoWT_M_vs_AuxoWT_M,NA,NA,NA
sp|Q03880|PKR1_YEAST,ProtoWT_M_vs_AuxoWT_M,NA,NA,NA
sp|Q03940|RUVB1_YEAST,ProtoWT_M_vs_AuxoWT_M,NA,NA,NA
sp|Q03973|HMO1_YEAST,ProtoWT_M_vs_AuxoWT_M,NA,NA,NA
sp|Q04013|YHM2_YEAST,ProtoWT_M_vs_AuxoWT_M,NA,NA,NA
sp|Q04067|EIF3G_YEAST,ProtoWT_M_vs_AuxoWT_M,NA,NA,NA
sp|Q04178|HPRT_YEAST,ProtoWT_M_vs_AuxoWT_M,NA,NA,NA
sp|Q04182|PDR15_YEAST,ProtoWT_M_vs_AuxoWT_M,NA,NA,NA
sp|Q04225|RRB1_YEAST,ProtoWT_M_vs_AuxoWT_M,NA,NA,NA
sp|Q04305|UTP15_YEAST,ProtoWT_M_vs_AuxoWT_M,NA,NA,NA
sp|Q04344|HNT1_YEAST,ProtoWT_M_vs_AuxoWT_M,NA,NA,NA
sp|Q04491|SEC13_YEAST,ProtoWT_M_vs_AuxoWT_M,NA,NA,NA
sp|Q04697|GSF2_YEAST,ProtoWT_M_vs_AuxoWT_M,2.2574,NA,NA
sp|Q04773|YMW4_YEAST,ProtoWT_M_vs_AuxoWT_M,NA,NA,NA
sp|Q04869|YM94_YEAST,ProtoWT_M_vs_AuxoWT_M,NA,NA,NA
sp|Q04894|ADH6_YEAST,ProtoWT_M_vs_AuxoWT_M,NA,NA,NA
sp|Q04947|RTN1_YEAST,ProtoWT_M_vs_AuxoWT_M,4.253,4.253,NA
sp|Q05016|YM71_YEAST,ProtoWT_M_vs_AuxoWT_M,NA,NA,NA
sp|Q05022|RRP5_YEAST,ProtoWT_M_vs_AuxoWT_M,NA,NA,NA
sp|Q05050|EIS1_YEAST,ProtoWT_M_vs_AuxoWT_M,NA,NA,NA
sp|Q05506|SYRC_YEAST,ProtoWT_M_vs_AuxoWT_M,NA,NA,NA
sp|Q05515|SVF1_YEAST,ProtoWT_M_vs_AuxoWT_M,NA,NA,NA
sp|Q05584|GLO2_YEAST,ProtoWT_M_vs_AuxoWT_M,NA,NA,NA
sp|Q05775|EIF3J_YEAST,ProtoWT_M_vs_AuxoWT_M,15.486,NA,NA
sp|Q05788|PNPH_YEAST,ProtoWT_M_vs_AuxoWT_M,NA,NA,NA
sp|Q05905|HRI1_YEAST,ProtoWT_M_vs_AuxoWT_M,NA,NA,NA
sp|Q05911|PUR8_YEAST,ProtoWT_M_vs_AuxoWT_M,1.1728,NA,NA
sp|Q06103|RPN7_YEAST,ProtoWT_M_vs_AuxoWT_M,NA,NA,NA
sp|Q06142|IMB1_YEAST,ProtoWT_M_vs_AuxoWT_M,NA,NA,NA
sp|Q06252|YL179_YEAST,ProtoWT_M_vs_AuxoWT_M,NA,NA,NA
sp|Q06338|BCP1_YEAST,ProtoWT_M_vs_AuxoWT_M,NA,NA,NA
sp|Q06344|ESF1_YEAST,ProtoWT_M_vs_AuxoWT_M,NA,NA,NA
sp|Q06440|CORO_YEAST,ProtoWT_M_vs_AuxoWT_M,NA,NA,NA
sp|Q06489|MTNA_YEAST,ProtoWT_M_vs_AuxoWT_M,NA,NA,NA
sp|Q06523|YP148_YEAST,ProtoWT_M_vs_AuxoWT_M,NA,NA,NA
sp|Q06631|BFR2_YEAST,ProtoWT_M_vs_AuxoWT_M,NA,NA,NA
sp|Q07362|PBP4_YEAST,ProtoWT_M_vs_AuxoWT_M,NA,NA,NA
sp|Q07478|SUB2_YEAST,ProtoWT_M_vs_AuxoWT_M,2.252,2.252,2.2427
sp|Q07551|KAR_YEAST,ProtoWT_M_vs_AuxoWT_M,NA,NA,NA
sp|Q07657|SHS1_YEAST,ProtoWT_M_vs_AuxoWT_M,NA,NA,NA
sp|Q07793|YD13B_YEAST;sp|Q12414|YP11B_YEAST;sp|Q03612|YE11B_YEAST;sp|P0C2I9|YP12B_YEAST;sp|P0C2I5|YL12B_YEAST;sp|P0C2I3|YD15B_YEAST;sp|Q99337|YN12B_YEAST;sp|Q12112|YN11B_YEAST;sp|Q04214|YM13B_YEAST,ProtoWT_M_vs_AuxoWT_M,18.768,46.51,6.7054
sp|Q07915|RLP24_YEAST,ProtoWT_M_vs_AuxoWT_M,NA,NA,NA
sp|Q07953|SDO1_YEAST,ProtoWT_M_vs_AuxoWT_M,NA,NA,NA
sp|Q08179|MDM38_YEAST,ProtoWT_M_vs_AuxoWT_M,NA,NA,NA
sp|Q08193|GAS5_YEAST,ProtoWT_M_vs_AuxoWT_M,NA,NA,NA
sp|Q08208|NOP12_YEAST,ProtoWT_M_vs_AuxoWT_M,NA,NA,NA
sp|Q08245|ZEO1_YEAST,ProtoWT_M_vs_AuxoWT_M,11.054,NA,NA
sp|Q08421|ETT1_YEAST,ProtoWT_M_vs_AuxoWT_M,2.3957,NA,NA
sp|Q08444|NOB1_YEAST,ProtoWT_M_vs_AuxoWT_M,NA,NA,NA
sp|Q08647|PUS7_YEAST,ProtoWT_M_vs_AuxoWT_M,NA,NA,NA
sp|Q08685|CLP1_YEAST,ProtoWT_M_vs_AuxoWT_M,NA,NA,NA
sp|Q08745|RS10A_YEAST;sp|P46784|RS10B_YEAST,ProtoWT_M_vs_AuxoWT_M,179.93,48.874,26.864
sp|Q08971|YP225_YEAST,ProtoWT_M_vs_AuxoWT_M,NA,NA,NA
sp|Q08972|NEW1_YEAST,ProtoWT_M_vs_AuxoWT_M,3.0194,3.2529,3.0194
sp|Q08977|YP260_YEAST,ProtoWT_M_vs_AuxoWT_M,NA,NA,NA
sp|Q12009|TRMB_YEAST,ProtoWT_M_vs_AuxoWT_M,NA,NA,NA
sp|Q12040|YO283_YEAST,ProtoWT_M_vs_AuxoWT_M,NA,NA,NA
sp|Q12074|SPEE_YEAST,ProtoWT_M_vs_AuxoWT_M,6.3165,NA,NA
sp|Q12109|SYWC_YEAST,ProtoWT_M_vs_AuxoWT_M,NA,NA,NA
sp|Q12118|SGT2_YEAST,ProtoWT_M_vs_AuxoWT_M,NA,NA,NA
sp|Q12122|HOSM_YEAST;sp|P48570|HOSC_YEAST,ProtoWT_M_vs_AuxoWT_M,3.7201,13.511,NA
sp|Q12125|GET4_YEAST,ProtoWT_M_vs_AuxoWT_M,1.1248,NA,NA
sp|Q12154|GET3_YEAST,ProtoWT_M_vs_AuxoWT_M,NA,NA,NA
sp|Q12159|YRA1_YEAST,ProtoWT_M_vs_AuxoWT_M,NA,NA,NA
sp|Q12160|YP063_YEAST,ProtoWT_M_vs_AuxoWT_M,NA,NA,NA
sp|Q12176|MAK21_YEAST,ProtoWT_M_vs_AuxoWT_M,NA,NA,NA
sp|Q12178|FCY1_YEAST,ProtoWT_M_vs_AuxoWT_M,NA,NA,NA
sp|Q12189|RPIA_YEAST,ProtoWT_M_vs_AuxoWT_M,NA,NA,NA
sp|Q12211|PUS1_YEAST,ProtoWT_M_vs_AuxoWT_M,NA,NA,NA
sp|Q12213|RL7B_YEAST,ProtoWT_M_vs_AuxoWT_M,NA,NA,NA
sp|Q12230|LSP1_YEAST,ProtoWT_M_vs_AuxoWT_M,30.777,NA,NA
sp|Q12250|RPN5_YEAST,ProtoWT_M_vs_AuxoWT_M,NA,NA,NA
sp|Q12269|YG12B_YEAST;sp|Q12141|YG11B_YEAST;sp|Q03434|YM12B_YEAST;sp|P47100|YJ12B_YEAST;sp|P47098|YJ11B_YEAST;sp|P0C2I6|YL13B_YEAST,ProtoWT_M_vs_AuxoWT_M,NA,NA,NA
sp|Q12285|MDY2_YEAST,ProtoWT_M_vs_AuxoWT_M,NA,NA,NA
sp|Q12305|RDL1_YEAST,ProtoWT_M_vs_AuxoWT_M,NA,NA,NA
sp|Q12306|SMT3_YEAST,ProtoWT_M_vs_AuxoWT_M,NA,NA,NA
sp|Q12314|SFM1_YEAST,ProtoWT_M_vs_AuxoWT_M,NA,NA,NA
sp|Q12335|PST2_YEAST,ProtoWT_M_vs_AuxoWT_M,NA,NA,NA
sp|Q12363|WTM1_YEAST,ProtoWT_M_vs_AuxoWT_M,NA,NA,NA
sp|Q12402|YOP1_YEAST,ProtoWT_M_vs_AuxoWT_M,NA,NA,NA
sp|Q12447|PAA1_YEAST,ProtoWT_M_vs_AuxoWT_M,NA,NA,NA
sp|Q12458|YPR1_YEAST,ProtoWT_M_vs_AuxoWT_M,NA,NA,NA
sp|Q12460|NOP56_YEAST,ProtoWT_M_vs_AuxoWT_M,11.715,NA,11.715
sp|Q12464|RUVB2_YEAST,ProtoWT_M_vs_AuxoWT_M,NA,NA,NA
sp|Q12466|TCB1_YEAST,ProtoWT_M_vs_AuxoWT_M,NA,NA,NA
sp|Q12496|YO098_YEAST,ProtoWT_M_vs_AuxoWT_M,NA,NA,NA
sp|Q12499|NOP58_YEAST,ProtoWT_M_vs_AuxoWT_M,11.927,15.673,3.7635
sp|Q12514|NOT5_YEAST,ProtoWT_M_vs_AuxoWT_M,NA,NA,NA
sp|Q12515|PAR32_YEAST,ProtoWT_M_vs_AuxoWT_M,NA,NA,NA
sp|Q12522|IF6_YEAST,ProtoWT_M_vs_AuxoWT_M,NA,NA,NA
sp|Q12532|RQC2_YEAST,ProtoWT_M_vs_AuxoWT_M,NA,NA,NA
sp|Q12672|RL21B_YEAST,ProtoWT_M_vs_AuxoWT_M,NA,NA,NA
sp|Q12690|RL13A_YEAST;sp|P40212|RL13B_YEAST,ProtoWT_M_vs_AuxoWT_M,4.7449,6.6632,NA
sp|Q12754|RRP12_YEAST,ProtoWT_M_vs_AuxoWT_M,NA,NA,NA
sp|Q3E754|RS21B_YEAST,ProtoWT_M_vs_AuxoWT_M,32.712,37.782,32.616
sp|Q3E757|RL11B_YEAST;sp|P0C0W9|RL11A_YEAST,ProtoWT_M_vs_AuxoWT_M,17.508,NA,24.513
sp|Q3E772|YG169_YEAST,ProtoWT_M_vs_AuxoWT_M,NA,NA,NA
sp|Q3E792|RS25A_YEAST,ProtoWT_M_vs_AuxoWT_M,105.78,105.78,43.788
sp|Q3E7X9|RS28A_YEAST,ProtoWT_M_vs_AuxoWT_M,NA,NA,NA
sp|Q3E7Y3|RS22B_YEAST;sp|P0C0W1|RS22A_YEAST,ProtoWT_M_vs_AuxoWT_M,51.521,127.8,9.9945
sp|Q6Q547|NOP10_YEAST,ProtoWT_M_vs_AuxoWT_M,0.89583,NA,NA
sp|Q92393|YO12B_YEAST;sp|Q12316|YG13B_YEAST;sp|Q12088|YL11B_YEAST;sp|Q04670|YM14B_YEAST;sp|Q03855|YD11B_YEAST;sp|Q03619|YE12B_YEAST;sp|P0C2I2|YD14B_YEAST;sp|Q12193|YB12B_YEAST;sp|P0C2J0|YP13B_YEAST;sp|O13535|YH11B_YEAST;sp|Q99231|YD12B_YEAST;sp|Q04711|YM11B_YEAST;sp|P0C2J1|YP14B_YEAST;sp|P0C2I7|YL14B_YEAST;sp|Q12273|YO11B_YEAST;sp|Q12490|YB11B_YEAST;sp|O13527|YA11B_YEAST;sp|Q12266|YB11A_YEAST,ProtoWT_M_vs_AuxoWT_M,NA,NA,NA
sp|Q99297|ODC2_YEAST,ProtoWT_M_vs_AuxoWT_M,NA,NA,NA
sp|Q99383|HRP1_YEAST,ProtoWT_M_vs_AuxoWT_M,NA,NA,NA
