Protein IDs,Majority protein IDs,Peptide counts (all),Peptide counts (razor+unique),Peptide counts (unique),Fasta headers,Number of proteins,Peptides,Razor + unique peptides,Unique peptides,Peptides 4,Peptides 5,Razor + unique peptides 4,Razor + unique peptides 5,Unique peptides 4,Unique peptides 5,Sequence coverage [%],Unique + razor sequence coverage [%],Unique sequence coverage [%],Mol. weight [kDa],Sequence length,Sequence lengths,Q-value,Score,Ratio H/L,Ratio H/L normalized,Ratio H/L variability [%],Ratio H/L count,Ratio H/L iso-count,Ratio H/L type,Ratio H/L 4,Ratio H/L 5,Ratio H/L normalized 4,Ratio H/L normalized 5,Ratio H/L variability [%] 4,Ratio H/L variability [%] 5,Ratio H/L count 4,Ratio H/L count 5,Ratio H/L iso-count 4,Ratio H/L iso-count 5,Ratio H/L type 4,Ratio H/L type 5,Sequence coverage 4 [%],Sequence coverage 5 [%],Intensity,Intensity L,Intensity H,Intensity 4,Intensity L 4,Intensity H 4,Intensity 5,Intensity L 5,Intensity H 5,Only identified by site,Reverse,Potential contaminant,id,Peptide IDs,Peptide is razor,Mod. peptide IDs,Evidence IDs,MS/MS IDs,Best MS/MS,Oxidation (M) site IDs,Oxidation (M) site positions
sp|O14455|RL36B_YEAST,sp|O14455|RL36B_YEAST,14,14,3,,1,14,14,3,3,14,3,14,1,3,69,69,15,11.135,100,100,0,40.273,18.362,9.7173,175.24,6,6,Median,NaN,10.044,NaN,10.315,NaN,123.25,1,5,1,5,Median,Median,35,69,210360000,1573200,208790000,29101000,274980,28826000,181260000,1298200,179960000,,,,14,868;1170;1933;2166;3093;3424;3425;3754;3755;3756;4050;4051;4336;4337,True;True;True;True;True;True;True;True;True;True;True;True;True;True,894;1204;1985;1986;2223;3191;3537;3538;3881;3882;3883;4190;4191;4192;4484;4485;4486,1290;1736;2861;2862;3215;4672;5164;5165;5707;5708;5709;5710;6182;6183;6184;6185;6186;6187;6188;6621;6622;6623;6624;6625,1852;2511;4135;4136;4137;4675;6703;7420;7421;8320;8321;8322;8323;8324;9059;9060;9061;9062;9063;9064;9065;9713;9714;9715;9716;9717;9718,1852;2511;4137;4675;6703;7420;7421;8320;8321;8324;9059;9062;9714;9718,1;2,20;90
sp|O14467|MBF1_YEAST,sp|O14467|MBF1_YEAST,6,6,6,,1,6,6,6,2,5,2,5,2,5,55.6,55.6,55.6,16.403,151,151,0,17.927,NaN,NaN,NaN,1,1,Median,NaN,NaN,NaN,NaN,NaN,NaN,0,1,0,1,Median,Median,27.8,44.4,15940000,84720,15855000,4320800,0,4320800,11619000,84720,11534000,,,,15,163;223;1593;3468;4036;4518,True;True;True;True;True;True,165;227;1634;3584;4176;4672,239;323;2360;2361;5225;6162;6907,334;452;3408;3409;7507;9033;10134,334;452;3408;7507;9033;10134,,
sp|P0CX58|YP12A_YEAST;sp|P0CX57|YA11A_YEAST;sp|O74302|YD13A_YEAST;sp|Q12470|YN12A_YEAST;sp|Q04706|YM11A_YEAST,sp|P0CX58|YP12A_YEAST;sp|P0CX57|YA11A_YEAST;sp|O74302|YD13A_YEAST;sp|Q12470|YN12A_YEAST;sp|Q04706|YM11A_YEAST,13;13;13;11;11,1;1;1;1;1,0;0;0;0;0,;;;;,5,13,1,0,10,12,1,1,0,0,36.6,4.8,0,49.072,440,440;440;440;440;440,0,9.7063,NaN,NaN,NaN,0,0,Median,NaN,NaN,NaN,NaN,NaN,NaN,0,0,0,0,Median,Median,33.9,32.5,7219200,0,7219200,2838100,0,2838100,4381100,0,4381100,,,,16,189;675;969;1955;2553;2554;2671;3590;3591;3685;3984;4329;4600,False;False;False;False;False;False;False;False;True;False;False;False;False,193;694;997;2010;2627;2628;2629;2758;3709;3710;3807;4121;4476;4754,281;1003;1435;1436;2900;2901;3817;3818;3819;3820;4014;4015;4016;4017;4018;4019;4020;5402;5403;5404;5405;5556;5557;5558;6085;6086;6608;7018,389;390;391;392;1426;2048;2049;4210;4211;4212;5507;5508;5509;5510;5511;5512;5774;5775;5776;5777;5778;5779;5780;5781;5782;7750;7751;7752;7753;7754;7755;7976;7977;7978;7979;7980;8915;8916;8917;9692;10279,389;1426;2049;4212;5507;5510;5780;7750;7755;7978;8917;9692;10279,3,1
sp|O94742|SEM1_YEAST,sp|O94742|SEM1_YEAST,1,1,1,,1,1,1,1,1,1,1,1,1,1,13.5,13.5,13.5,10.386,89,89,0,3.2845,1.5768,0.15347,328.36,2,2,Median,NaN,NaN,NaN,NaN,NaN,NaN,1,1,1,1,Median,Median,13.5,13.5,2177100,287620,1889500,749130,137270,611870,1428000,150360,1277700,,,,17,3552,TRUE,3671,5348;5349,7680;7681,7681,,
sp|P00127|QCR6_YEAST,sp|P00127|QCR6_YEAST,2,2,2,,1,2,2,2,2,0,2,0,2,0,19,19,19,17.257,147,147,0.0014205,1.1484,NaN,NaN,NaN,1,1,Median,NaN,NaN,NaN,NaN,NaN,NaN,1,0,1,0,Median,Median,19,0,1218300,373650,844620,1218300,373650,844620,0,0,0,,,,18,305;1618,True;True,310;1659,453;2394,641;3463,641;3463,,
sp|P00330|ADH1_YEAST;sp|P00331|ADH2_YEAST;sp|P38113|ADH5_YEAST,sp|P00330|ADH1_YEAST,31;10;2,31;10;2,30;9;2,,3,31,31,30,12,30,12,30,12,29,67,67,67,36.849,348,348;348;351,0,201.78,88.497,1.3125,8.3336,21,18,Leave out requantified,88.497,53.943,1.3125,64.706,8.3336,150.73,8,13,5,13,Leave out requantified,Median,39.7,67,2279800000,23903000,2255900000,1144500000,11053000,1133400000,1135300000,12849000,1122500000,,,,19,80;316;317;328;331;414;415;548;678;679;682;787;788;826;886;1254;1276;1333;2093;2546;3173;3325;3326;3334;3341;3342;3343;4184;4360;4598;4602,True;True;True;True;True;True;True;True;True;True;True;True;True;True;True;True;True;True;True;True;True;True;True;True;True;True;True;True;True;True;True,81;321;322;323;324;336;339;340;430;431;565;697;698;701;811;812;851;912;1288;1311;1370;2148;2618;3273;3432;3433;3441;3442;3449;3450;3451;4330;4509;4752;4756,119;467;468;469;470;471;472;473;489;490;494;495;496;623;624;821;822;1007;1008;1009;1010;1011;1012;1017;1018;1173;1174;1230;1315;1847;1874;1875;1876;1964;1965;3107;3799;3800;3801;3802;4786;4787;4788;5012;5013;5022;5023;5024;5036;5037;5038;5039;6398;6659;6660;7014;7015;7020,171;660;661;662;663;664;665;666;667;668;669;670;671;672;673;674;675;676;677;678;679;680;681;682;683;684;685;704;705;706;707;708;709;710;711;712;716;717;718;719;720;896;897;1174;1175;1176;1177;1178;1179;1180;1181;1182;1183;1184;1431;1432;1433;1434;1435;1436;1437;1438;1439;1440;1441;1442;1448;1449;1450;1693;1694;1695;1777;1884;2661;2662;2663;2695;2696;2697;2698;2699;2700;2701;2702;2823;2824;4495;4496;5481;5482;5483;5484;5485;5486;6862;6863;6864;6865;6866;6867;6868;6869;6870;7179;7180;7193;7194;7195;7196;7197;7198;7199;7200;7201;7202;7203;7222;7223;7224;7225;7226;7227;7228;7229;7230;7231;9403;9404;9761;9762;9763;9764;9765;9766;9767;9768;9769;9770;9771;9772;9773;10274;10275;10281;10282,171;678;685;704;718;896;897;1174;1434;1441;1448;1693;1695;1777;1884;2661;2701;2824;4496;5481;6862;7179;7180;7197;7222;7225;7227;9403;9761;10275;10281,4;5,194;271
sp|P00358|G3P2_YEAST,sp|P00358|G3P2_YEAST,31,3,1,,1,31,3,1,20,26,3,2,1,0,72.3,16.3,6.6,35.846,332,332,0,21.277,27.456,0.40721,65.093,2,2,Median,27.456,NaN,0.40721,NaN,65.093,NaN,2,0,2,0,Median,Median,62.7,65.7,239800000,897680,238900000,102250000,897680,101350000,137550000,0,137550000,,,,20,761;896;958;959;960;1161;1227;1505;1706;1936;1937;2298;2299;2430;2431;2432;2496;2497;2498;2835;3690;4144;4145;4200;4261;4282;4350;4366;4367;4471;4588,False;False;False;False;False;False;False;False;False;False;False;False;False;False;False;False;False;False;False;True;False;True;True;False;False;False;False;False;False;False;False,783;922;986;987;988;1193;1261;1545;1750;1989;1990;1991;1992;2361;2362;2495;2496;2497;2498;2499;2563;2564;2565;2931;3812;4288;4289;4290;4346;4407;4428;4499;4515;4516;4625;4742,1126;1127;1327;1328;1421;1422;1423;1424;1723;1813;2234;2524;2525;2526;2866;2867;2868;2869;2870;2871;2872;2873;2874;2875;2876;3407;3408;3409;3410;3602;3603;3604;3605;3606;3702;3703;3704;3705;3706;3707;3708;3709;4277;5565;5566;6336;6337;6338;6339;6340;6341;6342;6343;6422;6423;6515;6546;6643;6644;6645;6667;6668;6669;6834;6835;6836;6837;7001,1605;1606;1607;1608;1609;1610;1611;1900;1901;2026;2027;2028;2029;2030;2031;2032;2033;2034;2035;2474;2475;2616;3220;3648;3649;3650;3651;3652;3653;3654;3655;3656;3657;3658;3659;3660;3661;3662;3663;4142;4143;4144;4145;4146;4147;4148;4149;4150;4151;4152;4153;4154;4155;4156;4157;4158;4159;4160;4161;4162;4163;4164;4165;4166;4167;4168;4169;4170;4171;4172;4173;4174;4175;4176;4177;4178;4179;4956;4957;4958;4959;5203;5204;5205;5206;5207;5208;5209;5210;5211;5212;5343;5344;5345;5346;5347;5348;5349;5350;5351;5352;5353;5354;5355;5356;5357;5358;5359;5360;5361;5362;5363;5364;5365;6159;7990;7991;7992;7993;7994;7995;7996;7997;7998;7999;8000;9295;9296;9297;9298;9299;9300;9301;9302;9303;9304;9305;9306;9307;9432;9433;9434;9435;9436;9571;9611;9612;9737;9738;9739;9740;9741;9742;9743;9782;9783;9784;10030;10031;10032;10033;10034;10035;10036;10037;10038;10039;10256;10257,1605;1900;2027;2030;2034;2474;2616;3220;3658;4175;4178;4957;4958;5203;5204;5211;5344;5352;5356;6159;7993;9304;9307;9432;9571;9611;9739;9783;9784;10035;10256,6;7;8;9;10,128;131;173;179;229
sp|P00359|G3P3_YEAST,sp|P00359|G3P3_YEAST,38,38,10,,1,38,38,10,23,33,23,33,6,9,98.5,98.5,49.7,35.746,332,332,0,323.31,116.88,19.285,227.02,29,23,Leave out requantified,79.143,632.76,1.6922,88.212,200.52,168.66,14,15,10,13,Leave out requantified,Plateau,78.3,96.7,5138700000,47584000,5091100000,1755500000,18886000,1736600000,3383200000,28698000,3354500000,,,,21,3;761;896;958;959;960;1161;1227;1401;1416;1417;1505;1706;1831;1936;1937;2211;2298;2299;2430;2431;2432;2496;2497;2498;3690;4142;4143;4200;4261;4282;4350;4366;4367;4444;4471;4472;4588,True;True;True;True;True;True;True;True;True;True;True;True;True;True;True;True;True;True;True;True;True;True;True;True;True;True;True;True;True;True;True;True;True;True;True;True;True;True,3;783;922;986;987;988;1193;1261;1441;1456;1457;1545;1750;1879;1989;1990;1991;1992;2269;2361;2362;2495;2496;2497;2498;2499;2563;2564;2565;3812;4284;4285;4286;4287;4346;4407;4428;4499;4515;4516;4597;4625;4626;4742,4;1126;1127;1327;1328;1421;1422;1423;1424;1723;1813;2080;2100;2101;2102;2234;2524;2525;2526;2709;2710;2866;2867;2868;2869;2870;2871;2872;2873;2874;2875;2876;3275;3276;3407;3408;3409;3410;3602;3603;3604;3605;3606;3702;3703;3704;3705;3706;3707;3708;3709;5565;5566;6327;6328;6329;6330;6331;6332;6333;6334;6335;6422;6423;6515;6546;6643;6644;6645;6667;6668;6669;6790;6834;6835;6836;6837;6838;7001,4;1605;1606;1607;1608;1609;1610;1611;1900;1901;2026;2027;2028;2029;2030;2031;2032;2033;2034;2035;2474;2475;2616;3014;3035;3036;3037;3220;3648;3649;3650;3651;3652;3653;3654;3655;3656;3657;3658;3659;3660;3661;3662;3663;3928;3929;3930;4142;4143;4144;4145;4146;4147;4148;4149;4150;4151;4152;4153;4154;4155;4156;4157;4158;4159;4160;4161;4162;4163;4164;4165;4166;4167;4168;4169;4170;4171;4172;4173;4174;4175;4176;4177;4178;4179;4750;4751;4752;4956;4957;4958;4959;5203;5204;5205;5206;5207;5208;5209;5210;5211;5212;5343;5344;5345;5346;5347;5348;5349;5350;5351;5352;5353;5354;5355;5356;5357;5358;5359;5360;5361;5362;5363;5364;5365;7990;7991;7992;7993;7994;7995;7996;7997;7998;7999;8000;9266;9267;9268;9269;9270;9271;9272;9273;9274;9275;9276;9277;9278;9279;9280;9281;9282;9283;9284;9285;9286;9287;9288;9289;9290;9291;9292;9293;9294;9432;9433;9434;9435;9436;9571;9611;9612;9737;9738;9739;9740;9741;9742;9743;9782;9783;9784;9969;9970;10030;10031;10032;10033;10034;10035;10036;10037;10038;10039;10040;10256;10257,4;1605;1900;2027;2030;2034;2474;2616;3014;3035;3037;3220;3658;3928;4175;4178;4750;4957;4958;5203;5204;5211;5344;5352;5356;7993;9266;9284;9432;9571;9611;9739;9783;9784;9969;10035;10040;10256,6;7;8;11,128;131;173;229
sp|P00360|G3P1_YEAST,sp|P00360|G3P1_YEAST,12,1,1,,1,12,1,1,7,11,0,1,0,1,40.7,6.6,6.6,35.75,332,332,0.0098039,0.32557,NaN,NaN,NaN,0,0,Median,NaN,NaN,NaN,NaN,NaN,NaN,0,0,0,0,Median,Median,32.2,40.7,1337900,0,1337900,0,0,0,1337900,0,1337900,,,,22,761;896;1227;1706;1935;2430;2431;3690;4144;4145;4200;4261,False;False;False;False;True;False;False;False;False;False;False;False,783;922;1261;1750;1988;2495;2496;2497;3812;4288;4289;4290;4346;4407,1126;1127;1327;1328;1813;2524;2525;2526;2865;3602;3603;3604;5565;5566;6336;6337;6338;6339;6340;6341;6342;6343;6422;6423;6515,1605;1606;1607;1608;1609;1610;1611;1900;1901;2616;3648;3649;3650;3651;3652;3653;3654;3655;3656;3657;3658;3659;3660;3661;3662;3663;4141;5203;5204;5205;5206;5207;5208;5209;7990;7991;7992;7993;7994;7995;7996;7997;7998;7999;8000;9295;9296;9297;9298;9299;9300;9301;9302;9303;9304;9305;9306;9307;9432;9433;9434;9435;9436;9571,1605;1900;2616;3658;4141;5203;5204;7993;9304;9307;9432;9571,9;10;12,173;179;229
sp|P00445|SODC_YEAST,sp|P00445|SODC_YEAST,12,12,12,,1,12,12,12,10,5,10,5,10,5,63.6,63.6,63.6,15.854,154,154,0,62.735,6.8539,7.1605,273.43,2,2,Median,NaN,NaN,NaN,NaN,NaN,NaN,1,1,1,1,Median,Median,63.6,42.2,63787000,261410,63525000,42746000,61741,42684000,21041000,199670,20841000,,,,23,1203;1903;2180;2181;3628;3629;3703;3767;3787;3788;4263;4264,True;True;True;True;True;True;True;True;True;True;True;True,1237;1954;2238;2239;3749;3750;3825;3894;3915;3916;4409;4410,1780;2818;3233;3234;5464;5465;5589;5723;5724;5762;5763;5764;5765;5766;6517;6518,2574;4069;4696;4697;7835;7836;7837;8033;8341;8342;8343;8344;8409;8410;8411;8412;8413;8414;8415;9574;9575;9576,2574;4069;4696;4697;7835;7836;8033;8343;8410;8415;9574;9575,,
sp|P00447|SODM_YEAST,sp|P00447|SODM_YEAST,2,2,2,,1,2,2,2,2,1,2,1,2,1,9.9,9.9,9.9,25.774,233,233,0,6.7872,1.817,0.17685,287.16,2,2,Median,NaN,NaN,NaN,NaN,NaN,NaN,1,1,1,1,Median,Median,9.9,6,6932100,857920,6074100,4150300,426070,3724300,2781700,431860,2349900,,,,24,232;1978,True;True,237;2033,336;2941;2942,470;4275;4276,470;4275,,
sp|P00498|HIS1_YEAST,sp|P00498|HIS1_YEAST,5,5,5,,1,5,5,5,4,2,4,2,4,2,23.2,23.2,23.2,32.266,297,297,0,16.301,NaN,NaN,NaN,1,1,Median,NaN,NaN,NaN,NaN,NaN,NaN,1,0,1,0,Median,Median,16.5,12.5,33671000,446790,33224000,15927000,446790,15480000,17744000,0,17744000,,,,25,2342;2536;3809;4335;4488,True;True;True;True;True,2405;2603;3937;4483;4642,3471;3765;3766;5802;6620;6861,5040;5041;5436;5437;8470;9712;10068,5041;5436;8470;9712;10068,,
sp|P00549|KPYK1_YEAST;sp|P52489|KPYK2_YEAST,sp|P00549|KPYK1_YEAST,45;2,45;2,45;2,,2,45,45,45,13,43,13,43,13,43,82.4,82.4,82.4,54.544,500,500;506,0,323.31,340.37,342.97,172.38,23,21,Linear,40.376,269.64,22.557,235.76,205.43,165.67,5,18,5,16,Median,Linear,32.4,77.2,1616200000,11764000,1604400000,208460000,1390600,207070000,1407700000,10373000,1397300000,,,,26,43;57;140;173;211;212;683;750;972;1201;1204;1321;1322;1426;1427;1454;1590;1591;1594;1595;1810;1811;2446;2447;2491;2597;2663;2713;2714;3127;3234;3447;3499;3677;3678;3679;3780;3781;3863;3903;3904;4149;4318;4573;4574,True;True;True;True;True;True;True;True;True;True;True;True;True;True;True;True;True;True;True;True;True;True;True;True;True;True;True;True;True;True;True;True;True;True;True;True;True;True;True;True;True;True;True;True;True,43;57;142;175;176;215;216;702;772;1000;1235;1238;1356;1357;1466;1467;1494;1630;1631;1632;1635;1636;1858;1859;2513;2514;2558;2676;2677;2749;2803;2804;3226;3339;3563;3615;3799;3800;3801;3908;3909;3993;4034;4035;4294;4465;4727;4728,64;82;83;210;211;256;257;258;259;260;261;310;311;1019;1113;1440;1778;1781;1782;1940;1941;2113;2114;2115;2116;2159;2160;2352;2353;2354;2355;2356;2357;2358;2362;2363;2678;2679;2680;2681;2682;2683;3628;3629;3695;3894;3895;3896;4002;4077;4078;4726;4876;4877;5199;5269;5544;5545;5546;5547;5748;5749;5885;5886;5887;5952;5953;5954;6347;6594;6981;6982;6983,92;121;122;290;291;292;293;294;295;296;297;298;299;359;360;361;362;363;364;365;366;367;428;429;430;431;432;433;1451;1584;1585;1586;2055;2572;2575;2576;2577;2789;2790;3050;3051;3052;3053;3054;3055;3105;3106;3107;3388;3389;3390;3391;3392;3393;3394;3395;3396;3397;3398;3399;3400;3401;3402;3403;3404;3405;3406;3410;3411;3887;3888;3889;3890;3891;3892;3893;3894;3895;5240;5241;5333;5609;5610;5611;5612;5613;5614;5615;5616;5617;5757;5758;5874;5875;5876;5877;6780;6990;6991;6992;7467;7563;7564;7955;7956;7957;7958;7959;7960;7961;7962;8385;8386;8387;8388;8389;8390;8607;8608;8609;8610;8611;8612;8613;8699;8700;8701;8702;8703;8704;8705;8706;8707;9314;9315;9673;9674;10230;10231;10232;10233;10234,92;121;290;366;428;431;1451;1584;2055;2572;2575;2789;2790;3051;3055;3107;3390;3402;3410;3411;3890;3892;5240;5241;5333;5614;5757;5874;5876;6780;6990;7467;7563;7955;7961;7962;8385;8386;8610;8699;8706;9314;9673;10230;10233,13;14,50;126
sp|P00560|PGK_YEAST,sp|P00560|PGK_YEAST,46,46,46,,1,46,46,46,24,41,24,41,24,41,93.8,93.8,93.8,44.738,416,416,0,323.31,94.591,1.4029,19.238,28,25,Leave out requantified,94.591,481.94,1.4029,305.68,19.238,121.04,9,19,6,19,Leave out requantified,Linear,67.8,80.3,1700600000,14666000,1686000000,452650000,5838500,446820000,1248000000,8827200,1239100000,,,,27,20;21;138;139;190;191;238;260;280;384;385;757;856;905;912;915;996;1128;1319;1616;1638;1639;1640;1677;1678;1689;1690;1845;1922;2094;2095;2417;3132;3509;3510;3810;3963;3986;4038;4179;4180;4524;4576;4577;4595;4603,True;True;True;True;True;True;True;True;True;True;True;True;True;True;True;True;True;True;True;True;True;True;True;True;True;True;True;True;True;True;True;True;True;True;True;True;True;True;True;True;True;True;True;True;True;True,20;21;139;140;141;194;195;243;265;285;399;400;779;882;931;938;942;1024;1160;1354;1657;1682;1683;1684;1721;1722;1733;1734;1893;1974;2149;2150;2482;3231;3626;3627;3938;4098;4123;4178;4325;4326;4678;4730;4731;4749;4757,30;31;206;207;208;209;282;283;344;376;377;378;379;415;416;572;573;574;1122;1276;1277;1340;1349;1350;1355;1356;1475;1677;1938;2390;2391;2392;2432;2433;2434;2435;2436;2484;2485;2486;2503;2504;2725;2726;2727;2728;2729;2730;2846;2847;3108;3109;3110;3583;3584;4733;5286;5287;5288;5289;5803;5804;5805;5806;6050;6051;6052;6089;6090;6164;6391;6392;6393;6913;6985;6986;7011;7021;7022;7023,42;43;283;284;285;286;287;288;289;393;394;479;523;524;525;526;527;528;529;530;531;532;584;585;586;587;588;589;826;827;828;1600;1836;1837;1838;1913;1922;1923;1924;1930;1931;1932;1933;2103;2417;2785;2786;2787;3444;3445;3446;3447;3448;3449;3450;3451;3452;3453;3454;3455;3456;3457;3458;3459;3460;3461;3529;3530;3531;3532;3533;3534;3535;3536;3537;3538;3539;3598;3599;3600;3601;3602;3624;3625;3626;3946;3947;3948;3949;3950;3951;3952;4109;4110;4111;4112;4113;4497;4498;4499;4500;4501;4502;4503;4504;4505;4506;4507;5181;5182;5183;5184;6788;6789;7582;7583;7584;7585;7586;7587;7588;7589;7590;7591;7592;7593;7594;7595;7596;7597;8471;8472;8473;8474;8475;8476;8477;8478;8479;8480;8481;8482;8853;8854;8855;8856;8920;8921;9035;9377;9378;9379;9380;9381;9382;9383;9384;9385;9386;9387;9388;9389;9390;9391;9392;10140;10236;10237;10270;10271;10283;10284;10285;10286;10287;10288,42;43;286;289;393;394;479;532;587;826;828;1600;1836;1913;1923;1933;2103;2417;2785;3454;3530;3535;3536;3598;3601;3624;3626;3947;4109;4500;4505;5181;6788;7590;7597;8479;8854;8920;9035;9384;9392;10140;10236;10237;10270;10284,15;16,238;268
sp|P00729|CBPY_YEAST,sp|P00729|CBPY_YEAST,1,1,1,,1,1,1,1,0,1,0,1,0,1,1.9,1.9,1.9,59.801,532,532,0.010152,0.47645,NaN,NaN,NaN,1,1,Median,NaN,NaN,NaN,NaN,NaN,NaN,0,1,0,1,Median,Median,0,1.9,921740,150440,771300,0,0,0,921740,150440,771300,,,,28,3774,TRUE,3901,5735,8363,8363,,
sp|P00815|HIS2_YEAST,sp|P00815|HIS2_YEAST,13,13,13,,1,13,13,13,9,10,9,10,9,10,24.4,24.4,24.4,87.72,799,799,0,61.024,2.2934,2.0606,76.837,3,3,Median,NaN,2.2934,NaN,2.0606,NaN,76.837,0,3,0,3,Median,Median,15.6,17.5,47194000,1461500,45733000,16848000,0,16848000,30346000,1461500,28885000,,,,29,89;816;1075;1087;1564;2135;2434;2435;2456;3009;3900;4204;4300,True;True;True;True;True;True;True;True;True;True;True;True;True,90;841;1105;1117;1604;2192;2501;2502;2523;3106;4031;4350;4447,131;1216;1599;1616;2317;3176;3177;3609;3610;3611;3612;3642;3643;4549;5947;6427;6428;6568;6569,187;1760;2303;2334;3337;4623;4624;5215;5216;5217;5218;5255;5256;6533;8694;9441;9442;9443;9639;9640,187;1760;2303;2334;3337;4623;5215;5218;5256;6533;8694;9443;9639,,
sp|P00817|IPYR_YEAST,sp|P00817|IPYR_YEAST,15,15,15,,1,15,15,15,11,12,11,12,11,12,69.7,69.7,69.7,32.299,287,287,0,111.69,4.0611,4.4467,157.53,11,9,Median,6.8094,3.8432,4.4878,4.4467,147.49,172.52,4,7,3,6,Median,Median,49.5,63.4,153080000,13793000,139290000,67963000,1774300,66189000,85118000,12019000,73098000,,,,30,46;62;269;472;651;833;1721;1943;1944;2075;2822;3519;3978;4126;4447,True;True;True;True;True;True;True;True;True;True;True;True;True;True;True,46;62;274;488;669;858;1767;1998;1999;2130;2918;3636;4114;4115;4267;4600,67;68;90;91;392;393;704;705;974;1238;1239;2550;2884;2885;3082;4259;5300;5301;6075;6076;6077;6298;6797;6798,97;98;99;100;101;102;131;132;549;550;551;1004;1005;1006;1007;1008;1390;1787;1788;1789;1790;1791;3716;4193;4194;4456;4457;6134;7609;7610;8901;8902;8903;8904;8905;8906;9219;9220;9221;9978;9979,101;132;549;1004;1390;1787;3716;4193;4194;4456;6134;7610;8901;9220;9979,,
sp|P00830|ATPB_YEAST,sp|P00830|ATPB_YEAST,7,7,7,,1,7,7,7,4,7,4,7,4,7,25.6,25.6,25.6,54.793,511,511,0,43.021,36.1,0.53541,193.81,3,3,Plateau,34.811,NaN,0.5163,NaN,5.1391,NaN,2,1,2,1,Median,Median,8.8,25.6,37787000,396150,37391000,12954000,322410,12632000,24833000,73741,24759000,,,,31,949;1494;1827;2477;3947;4172;4265,True;True;True;True;True;True;True,977;1534;1875;2544;4078;4317;4411,1409;1410;2219;2220;2704;3672;6015;6016;6378;6519;6520,2010;2011;3200;3201;3923;5296;8795;8796;9352;9577;9578;9579,2010;3201;3923;5296;8796;9352;9579,,
sp|P00890|CISY1_YEAST,sp|P00890|CISY1_YEAST,1,1,1,,1,1,1,1,0,1,0,1,0,1,2.5,2.5,2.5,53.359,479,479,0,1.8109,NaN,NaN,NaN,0,0,Median,NaN,NaN,NaN,NaN,NaN,NaN,0,0,0,0,Median,Median,0,2.5,1089500,0,1089500,0,0,0,1089500,0,1089500,,,,32,1682,TRUE,1726,2492,3609,3609,,
sp|P00899|TRPE_YEAST,sp|P00899|TRPE_YEAST,2,2,2,,1,2,2,2,2,1,2,1,2,1,5.9,5.9,5.9,56.767,507,507,0,5.6884,NaN,NaN,NaN,1,1,Median,NaN,NaN,NaN,NaN,NaN,NaN,0,1,0,1,Median,Median,5.9,2.6,6502400,36879,6465500,3400100,0,3400100,3102300,36879,3065400,,,,33,2798;3862,True;True,2893;3992,4221;4222;5884,6089;6090;8606,6090;8606,,
sp|P00924|ENO1_YEAST,sp|P00924|ENO1_YEAST,27,10,10,,1,27,10,10,14,25,6,9,6,9,76.7,37.1,37.1,46.816,437,437,0,70.4,4.9975,2.8136,82.169,2,2,Median,NaN,NaN,NaN,NaN,NaN,NaN,1,1,1,1,Median,Median,41.2,73.5,61542000,331010,61211000,17228000,85472,17143000,44314000,245540,44069000,,,,34,0;6;7;1264;1265;1325;1491;1492;1507;1726;1727;2116;2117;2309;3142;3143;3147;3354;3633;3634;3667;3722;3746;3911;4250;4425;4465,True;False;False;False;False;True;False;False;False;False;False;True;True;True;False;False;False;True;False;False;True;True;False;False;False;True;True,0;6;7;1299;1300;1360;1531;1532;1547;1772;1773;2171;2172;2372;3241;3242;3246;3463;3754;3755;3789;3845;3873;4042;4396;4575;4619,0;8;9;10;11;1861;1862;1944;1945;2213;2214;2215;2216;2236;2556;2557;2558;3143;3144;3145;3425;4745;4746;4751;4752;4753;5058;5473;5474;5475;5530;5531;5617;5618;5694;5695;5965;6498;6499;6754;6755;6826,0;8;9;10;11;12;13;14;15;16;2678;2679;2680;2795;2796;2797;3181;3182;3183;3184;3185;3186;3187;3188;3189;3190;3191;3192;3193;3194;3195;3196;3197;3223;3224;3225;3226;3726;3727;3728;3729;3730;3731;3732;3733;3734;3735;4551;4552;4553;4983;4984;6806;6807;6808;6816;6817;6818;6819;6820;6821;7259;7848;7849;7850;7851;7852;7853;7854;7855;7932;7933;7934;7935;8069;8070;8071;8072;8073;8299;8300;8301;8302;8303;8721;9543;9544;9545;9546;9547;9548;9549;9550;9551;9552;9553;9554;9555;9909;9910;10020,0;10;13;2678;2679;2795;3183;3195;3224;3728;3732;4552;4553;4984;6806;6808;6816;7259;7851;7854;7934;8072;8301;8721;9551;9910;10020,17,171
sp|P00925|ENO2_YEAST,sp|P00925|ENO2_YEAST,50,50,33,,1,50,50,33,30,46,30,46,22,30,91.8,91.8,60.4,46.914,437,437,0,323.31,91.615,1.6322,245.68,55,50,Leave out requantified,90.086,458.7,1.4892,452.53,217.05,196.37,25,30,21,29,Leave out requantified,Linear,68.2,91.8,4144700000,55375000,4089300000,1883200000,32184000,1851000000,2261500000,23191000,2238300000,,,,35,1;6;7;22;333;463;510;720;721;1264;1265;1323;1326;1327;1328;1448;1491;1492;1507;1726;1727;2118;2119;2120;2308;2842;2843;3142;3143;3147;3352;3353;3371;3372;3633;3634;3664;3665;3666;3723;3724;3746;3911;4159;4250;4251;4426;4427;4463;4464,True;True;True;True;True;True;True;True;True;True;True;True;True;True;True;True;True;True;True;True;True;True;True;True;True;True;True;True;True;True;True;True;True;True;True;True;True;True;True;True;True;True;True;True;True;True;True;True;True;True,1;6;7;22;342;479;526;741;742;1299;1300;1358;1361;1362;1363;1364;1365;1488;1531;1532;1547;1772;1773;2173;2174;2175;2176;2177;2371;2938;2939;3241;3242;3246;3460;3461;3462;3481;3482;3483;3754;3755;3786;3787;3788;3846;3847;3848;3873;4042;4304;4396;4397;4576;4577;4578;4579;4580;4617;4618,1;2;8;9;10;11;32;33;498;688;689;690;691;763;764;1066;1067;1068;1069;1070;1071;1072;1073;1074;1075;1861;1862;1942;1946;1947;1948;1949;1950;1951;1952;1953;1954;1955;1956;1957;2148;2149;2150;2213;2214;2215;2216;2236;2556;2557;2558;3146;3147;3148;3149;3150;3151;3152;3153;3154;3155;3156;3422;3423;3424;4296;4297;4298;4299;4300;4301;4302;4303;4304;4745;4746;4751;4752;4753;5053;5054;5055;5056;5057;5084;5085;5086;5087;5473;5474;5475;5523;5524;5525;5526;5527;5528;5529;5619;5620;5621;5622;5623;5624;5625;5626;5627;5628;5629;5630;5631;5632;5633;5634;5635;5636;5637;5638;5639;5640;5641;5642;5643;5644;5694;5695;5965;6360;6361;6498;6499;6500;6756;6757;6758;6759;6760;6761;6762;6763;6764;6765;6766;6767;6823;6824;6825,1;2;8;9;10;11;12;13;14;15;16;44;45;722;723;724;979;980;981;982;983;984;985;1083;1084;1085;1086;1087;1088;1089;1090;1091;1092;1093;1094;1095;1096;1097;1511;1512;1513;1514;1515;1516;1517;1518;1519;1520;1521;1522;1523;1524;1525;1526;1527;1528;1529;1530;1531;1532;1533;1534;1535;2678;2679;2680;2791;2792;2793;2798;2799;2800;2801;2802;2803;2804;2805;2806;2807;2808;2809;2810;2811;2812;2813;2814;2815;2816;3093;3094;3095;3181;3182;3183;3184;3185;3186;3187;3188;3189;3190;3191;3192;3193;3194;3195;3196;3197;3223;3224;3225;3226;3726;3727;3728;3729;3730;3731;3732;3733;3734;3735;4554;4555;4556;4557;4558;4559;4560;4561;4562;4563;4564;4565;4566;4567;4568;4569;4570;4571;4572;4573;4574;4575;4576;4577;4578;4579;4580;4581;4582;4583;4584;4585;4586;4587;4588;4589;4590;4591;4592;4593;4594;4595;4973;4974;4975;4976;4977;4978;4979;4980;4981;4982;6182;6183;6184;6185;6186;6187;6188;6189;6190;6191;6192;6193;6194;6195;6196;6197;6198;6199;6200;6201;6202;6203;6204;6205;6206;6207;6208;6209;6210;6211;6212;6213;6214;6215;6216;6217;6806;6807;6808;6816;6817;6818;6819;6820;6821;7252;7253;7254;7255;7256;7257;7258;7295;7296;7297;7298;7848;7849;7850;7851;7852;7853;7854;7855;7918;7919;7920;7921;7922;7923;7924;7925;7926;7927;7928;7929;7930;7931;8074;8075;8076;8077;8078;8079;8080;8081;8082;8083;8084;8085;8086;8087;8088;8089;8090;8091;8092;8093;8094;8095;8096;8097;8098;8099;8100;8101;8102;8103;8104;8105;8106;8107;8108;8109;8110;8111;8112;8113;8114;8115;8116;8117;8118;8119;8120;8121;8122;8123;8124;8125;8126;8127;8128;8129;8130;8131;8132;8133;8134;8135;8136;8137;8138;8139;8140;8141;8142;8143;8144;8145;8146;8147;8148;8149;8150;8151;8152;8153;8154;8155;8156;8157;8158;8159;8160;8161;8162;8163;8164;8165;8166;8167;8168;8169;8170;8171;8172;8173;8174;8175;8176;8177;8178;8179;8180;8181;8182;8183;8184;8185;8186;8187;8188;8189;8190;8191;8192;8193;8194;8195;8196;8197;8299;8300;8301;8302;8303;8721;9331;9332;9543;9544;9545;9546;9547;9548;9549;9550;9551;9552;9553;9554;9555;9556;9911;9912;9913;9914;9915;9916;9917;9918;9919;9920;9921;9922;9923;9924;9925;9926;9927;9928;9929;9930;9931;9932;9933;9934;9935;9936;9937;10014;10015;10016;10017;10018;10019,2;10;13;44;723;984;1083;1512;1517;2678;2679;2792;2798;2808;2815;3094;3183;3195;3224;3728;3732;4563;4590;4594;4977;6183;6212;6806;6808;6816;7252;7257;7296;7298;7851;7854;7919;7927;7931;8075;8147;8301;8721;9331;9551;9556;9912;9934;10014;10019,17;18;19;20;21;22;23;24,49;58;63;116;171;184;282;287
sp|P00927|THDH_YEAST,sp|P00927|THDH_YEAST,3,3,3,,1,3,3,3,2,2,2,2,2,2,10.8,10.8,10.8,63.83,576,576,0,21.618,NaN,NaN,NaN,1,1,Median,NaN,NaN,NaN,NaN,NaN,NaN,0,1,0,1,Median,Median,7.6,7.8,11211000,301670,10909000,3731800,0,3731800,7478800,301670,7177100,,,,36,2017;2833;4166,True;True;True,2072;2929;4311,2996;2997;4274;6371,4344;4345;4346;6155;6156;9345,4346;6156;9345,,
sp|P00931|TRP_YEAST,sp|P00931|TRP_YEAST,15,15,15,,1,15,15,15,10,12,10,12,10,12,37.1,37.1,37.1,76.625,707,707,0,77.246,NaN,NaN,NaN,1,1,Median,NaN,NaN,NaN,NaN,NaN,NaN,0,1,0,1,Median,Median,25.2,28.1,78690000,534000,78156000,32931000,0,32931000,45759000,534000,45225000,,,,37,105;619;995;1068;1515;1599;2238;2272;2562;2836;3257;3428;3566;3841;3932,True;True;True;True;True;True;True;True;True;True;True;True;True;True;True,106;636;1023;1098;1555;1640;2299;2334;2637;2932;3363;3541;3685;3970;4063,155;156;924;925;1474;1589;2248;2371;3320;3370;3371;3832;4278;4279;4913;4914;5168;5169;5368;5853;5854;5993,224;225;1312;1313;2102;2288;2289;3239;3420;4816;4894;4895;5525;6160;6161;6162;7043;7044;7045;7425;7426;7702;8563;8564;8761;8762,224;1313;2102;2288;3239;3420;4816;4894;5525;6162;7043;7425;7702;8564;8762,,
sp|P00937|TRPG_YEAST,sp|P00937|TRPG_YEAST,3,3,3,,1,3,3,3,3,1,3,1,3,1,10.1,10.1,10.1,53.489,484,484,0,3.1662,NaN,NaN,NaN,1,1,Median,NaN,NaN,NaN,NaN,NaN,NaN,1,0,1,0,Median,Median,10.1,2.5,6374600,54160,6320500,4043000,54160,3988800,2331700,0,2331700,,,,38,453;3024;4363,True;True;True,469;3121;4512,676;4571;4572;6663,963;6562;6563;6564;9776;9777,963;6563;9776,,
sp|P00942|TPIS_YEAST,sp|P00942|TPIS_YEAST,15,15,15,,1,15,15,15,8,12,8,12,8,12,72.6,72.6,72.6,26.795,248,248,0,142.65,7.0201,6.3985,191.29,9,9,Median,2.9839,7.7174,2.6081,7.9252,237.88,189.49,3,6,3,6,Median,Median,51.6,50,576130000,6573700,569560000,237880000,2018400,235860000,338250000,4555300,333700000,,,,39,47;376;377;387;388;762;1010;1011;1584;1883;2978;3640;3824;3825;4437,True;True;True;True;True;True;True;True;True;True;True;True;True;True;True,47;390;391;392;402;403;784;1039;1040;1624;1934;3075;3761;3953;3954;4590,69;70;563;564;565;576;577;578;579;580;581;1128;1497;1498;2343;2791;4501;5483;5828;5829;5830;6780,103;104;105;106;107;814;815;816;817;818;819;830;831;832;833;834;835;836;837;838;839;840;841;842;843;844;845;846;1612;2136;2137;2138;2139;3375;3376;4038;6473;7865;8520;8521;8522;8523;8524;8525;8526;8527;8528;8529;9955,106;814;818;830;840;1612;2136;2138;3376;4038;6473;7865;8520;8527;9955,,
sp|P00950|PMG1_YEAST,sp|P00950|PMG1_YEAST,22,22,22,,1,22,22,22,11,19,11,19,11,19,67.2,67.2,67.2,27.608,247,247,0,97.027,27.06,9.6111,206.41,15,15,Median,66.081,34.66,1.3058,19.926,251.73,124.24,3,12,3,12,Plateau,Median,48.2,58.3,968770000,13996000,954780000,160390000,1990400,158400000,808380000,12005000,796380000,,,,40,78;79;227;1059;1060;1114;1280;1281;1368;1802;1939;2256;2294;2358;2398;2483;2741;2742;2869;3953;3954;4401,True;True;True;True;True;True;True;True;True;True;True;True;True;True;True;True;True;True;True;True;True;True,79;80;231;1089;1090;1145;1315;1316;1405;1850;1994;2317;2357;2421;2463;2550;2832;2833;2965;4084;4085;4086;4087;4550,117;118;328;329;1576;1577;1578;1656;1657;1881;1882;1883;2028;2029;2030;2031;2667;2878;2879;3344;3401;3494;3553;3681;3682;3683;3684;4119;4120;4339;4340;6026;6027;6028;6029;6030;6031;6032;6033;6034;6035;6719;6720,166;167;168;169;170;457;458;459;460;461;2269;2270;2271;2382;2383;2384;2385;2386;2708;2709;2710;2711;2712;2937;2938;2939;2940;3875;4182;4183;4184;4185;4186;4187;4188;4845;4946;4947;5071;5141;5142;5143;5144;5145;5313;5314;5315;5316;5317;5318;5319;5320;5321;5322;5927;5928;5929;5930;5931;5932;6261;6262;8811;8812;8813;8814;8815;8816;8817;8818;8819;8820;8821;8822;8823;8824;8825;8826;8827;8828;8829;8830;8831;8832;8833;9854;9855;9856;9857;9858;9859;9860,166;168;458;2269;2271;2383;2708;2709;2937;3875;4184;4845;4946;5071;5141;5313;5928;5932;6262;8813;8828;9854,25,178
sp|P00958|SYMC_YEAST,sp|P00958|SYMC_YEAST,7,7,7,,1,7,7,7,6,4,6,4,6,4,11.1,11.1,11.1,85.677,751,751,0,17.425,NaN,NaN,NaN,1,1,Median,NaN,NaN,NaN,NaN,NaN,NaN,1,0,1,0,Median,Median,8.1,7.5,25439000,77251,25362000,11931000,77251,11854000,13508000,0,13508000,,,,41,251;252;1398;2089;2312;3277;3496,True;True;True;True;True;True;True,256;257;1438;2144;2375;3384;3612,362;363;2076;3101;3102;3429;3430;4944;4945;5266,506;507;3010;4486;4487;4488;4988;4989;7085;7086;7560,506;507;3010;4488;4989;7086;7560,,
sp|P01120|RAS2_YEAST,sp|P01120|RAS2_YEAST,6,6,6,,1,6,6,6,2,4,2,4,2,4,27.6,27.6,27.6,34.705,322,322,0,31.479,NaN,NaN,NaN,0,0,Median,NaN,NaN,NaN,NaN,NaN,NaN,0,0,0,0,Median,Median,9.6,21.7,7683600,0,7683600,1388800,0,1388800,6294800,0,6294800,,,,42,2501;2839;2840;2957;3758;3883,True;True;True;True;True;True,2568;2935;2936;3054;3885;4014,3712;4293;4294;4474;5712;5919,5368;6178;6179;6440;8326;8650;8651,5368;6178;6179;6440;8326;8650,,
sp|P01123|YPT1_YEAST,sp|P01123|YPT1_YEAST,1,1,1,,1,1,1,1,0,1,0,1,0,1,8.3,8.3,8.3,23.214,206,206,0,4.5652,NaN,NaN,NaN,0,0,Median,NaN,NaN,NaN,NaN,NaN,NaN,0,0,0,0,Median,Median,0,8.3,1446000,0,1446000,0,0,0,1446000,0,1446000,,,,43,2926,TRUE,3023,4427,6375,6375,,
sp|P02293|H2B1_YEAST,sp|P02293|H2B1_YEAST,9,1,1,,1,9,1,1,5,7,1,0,1,0,62.6,9.2,9.2,14.252,131,131,0,2.0586,NaN,NaN,NaN,0,0,Median,NaN,NaN,NaN,NaN,NaN,NaN,0,0,0,0,Median,Median,45.8,58,4227400,0,4227400,4227400,0,4227400,0,0,0,,,,44,371;879;963;1346;2984;3433;3434;3570;4188,True;False;False;False;False;False;False;False;False,385;905;991;1383;3081;3547;3548;3549;3689;4334,558;1305;1427;1428;1983;1984;1985;1986;1987;1988;1989;1990;1991;4511;5176;5177;5178;5179;5372;6404;6405,807;1873;2038;2039;2040;2843;2844;2845;2846;2847;2848;2849;2850;2851;2852;2853;2854;2855;6484;7434;7435;7436;7437;7438;7706;7707;9410;9411;9412,807;1873;2039;2848;6484;7434;7435;7706;9410,26,63
sp|P02294|H2B2_YEAST,sp|P02294|H2B2_YEAST,9,9,1,,1,9,9,1,4,8,4,8,0,1,62.6,62.6,9.2,14.237,131,131,0,49.626,125.94,161.79,169.72,3,3,Plateau,NaN,34.109,NaN,16.415,NaN,150.69,1,2,1,2,Median,Median,43.5,60.3,198570000,890880,197680000,79807000,210300,79597000,118770000,680580,118090000,,,,45,879;963;1346;2984;3433;3434;3570;4188;4278,True;True;True;True;True;True;True;True;True,905;991;1383;3081;3547;3548;3549;3689;4334;4424,1305;1427;1428;1983;1984;1985;1986;1987;1988;1989;1990;1991;4511;5176;5177;5178;5179;5372;6404;6405;6540,1873;2038;2039;2040;2843;2844;2845;2846;2847;2848;2849;2850;2851;2852;2853;2854;2855;6484;7434;7435;7436;7437;7438;7706;7707;9410;9411;9412;9603;9604;9605,1873;2039;2848;6484;7434;7435;7706;9410;9604,26,63
sp|P02309|H4_YEAST,sp|P02309|H4_YEAST,4,4,4,,1,4,4,4,2,3,2,3,2,3,57.3,57.3,57.3,11.368,103,103,0,15.22,NaN,NaN,NaN,1,1,Median,NaN,NaN,NaN,NaN,NaN,NaN,0,1,0,1,Median,Median,25.2,46.6,38108000,3263900,34845000,6156200,0,6156200,31952000,3263900,28688000,,,,46,1578;3079;3109;3276,True;True;True;True,1618;3177;3208;3383,2334;4651;4652;4700;4943,3357;6674;6675;6747;7083;7084,3357;6674;6747;7083,,
sp|P02400|RLA4_YEAST,sp|P02400|RLA4_YEAST,5,5,5,,1,5,5,5,2,5,2,5,2,5,81.8,81.8,81.8,11.05,110,110,0,41.812,66.122,8.8567,158.81,4,4,Linear,20.735,23.618,2.862,20.304,156.07,113.64,2,2,2,2,Median,Median,11.8,81.8,96879000,1742200,95137000,34293000,853240,33440000,62586000,888930,61697000,,,,47,506;1294;1295;1797;4537,True;True;True;True;True,522;1329;1330;1845;4691,756;1905;1906;1907;1908;2661;6932,1075;1076;2737;2738;2739;2740;2741;2742;2743;2744;2745;3868;10167,1075;2741;2744;3868;10167,,
sp|P02406|RL28_YEAST,sp|P02406|RL28_YEAST,9,9,9,,1,9,9,9,5,8,5,8,5,8,50.3,50.3,50.3,16.721,149,149,0,29.129,38.367,3.7313,205.57,4,3,Median,38.367,33.211,1.123,28.55,27.978,145.94,2,2,1,2,Median,Median,43.6,47.7,244750000,2995100,241750000,119700000,1577800,118130000,125040000,1417300,123630000,,,,48,946;1288;1563;1607;1622;2507;2508;2963;3187,True;True;True;True;True;True;True;True;True,974;1323;1603;1648;1663;2574;2575;3060;3287,1405;1406;1891;2316;2381;2399;2400;3723;3724;3725;3726;4480;4481;4805,2002;2003;2004;2005;2006;2007;2721;3336;3432;3468;3469;3470;3471;3472;3473;5381;5382;5383;5384;5385;5386;6448;6449;6450;6451;6452;6895,2005;2721;3336;3432;3468;5381;5385;6450;6895,,
sp|P14127|RS17B_YEAST;sp|P02407|RS17A_YEAST,sp|P14127|RS17B_YEAST;sp|P02407|RS17A_YEAST,10;10,10;10,10;10,;,2,10,10,10,4,10,4,10,4,10,65.4,65.4,65.4,15.803,136,136;136,0,73.024,202.48,4.9009,300.84,4,3,Linear,141.95,NaN,2.5179,NaN,233.8,NaN,3,1,2,1,Plateau,Median,29.4,65.4,307280000,1362500,305920000,116270000,1057400,115210000,191020000,305070,190710000,,,,49,726;727;1270;1396;2439;2440;3086;3390;3391;3442,True;True;True;True;True;True;True;True;True;True,748;749;1305;1435;1436;2506;2507;3184;3502;3503;3558,1082;1083;1867;1868;2071;2072;2073;2074;3617;3618;3619;4662;4663;5119;5120;5193,1543;1544;2685;2686;2687;2688;3005;3006;3007;3008;5223;5224;5225;5226;5227;6686;6687;6688;6689;6690;6691;6692;7362;7363;7364;7365;7457;7458,1543;1544;2685;3008;5223;5227;6686;7362;7365;7457,27,58
sp|P02557|TBB_YEAST,sp|P02557|TBB_YEAST,4,4,4,,1,4,4,4,3,2,3,2,3,2,10.3,10.3,10.3,50.922,457,457,0,3.8422,NaN,NaN,NaN,1,1,Median,NaN,NaN,NaN,NaN,NaN,NaN,1,0,1,0,Median,Median,8.1,4.6,8930700,150640,8780100,3942300,150640,3791700,4988400,0,4988400,,,,50,933;2007;3133;4313,True;True;True;True,961;2062;3232;4460,1384;2983;4734;4735;6587,1972;4329;6790;6791;9666,1972;4329;6791;9666,,
sp|P02829|HSP82_YEAST,sp|P02829|HSP82_YEAST,27,2,2,,1,27,2,2,15,22,1,1,1,1,42,5.2,5.2,81.405,709,709,0,6.7472,NaN,NaN,NaN,0,0,Median,NaN,NaN,NaN,NaN,NaN,NaN,0,0,0,0,Median,Median,30.3,34.6,4527800,0,4527800,1986900,0,1986900,2541000,0,2541000,,,,51,97;217;278;341;342;469;636;974;2102;2148;2149;2220;2221;2222;2268;2688;2689;2723;2732;2944;3021;3344;3603;3728;3773;3818;4178,False;False;True;False;False;False;False;False;False;False;False;False;False;False;False;False;False;False;False;True;False;False;False;False;False;False;False,98;221;283;350;351;352;353;485;653;1002;2157;2205;2206;2278;2279;2280;2281;2282;2330;2777;2778;2813;2823;3041;3118;3452;3722;3723;3852;3900;3947;4323;4324,143;144;317;412;507;508;509;510;511;512;513;514;515;700;949;1443;3119;3192;3193;3194;3289;3290;3291;3292;3293;3294;3295;3364;4044;4045;4090;4091;4107;4108;4455;4565;5040;5041;5425;5426;5427;5649;5650;5734;5820;5821;6387;6388;6389;6390,204;205;206;207;208;209;210;440;441;581;736;737;738;739;740;741;742;743;744;745;746;747;997;1354;1355;1356;1357;2058;2059;4517;4518;4642;4643;4644;4645;4646;4647;4767;4768;4769;4770;4771;4772;4773;4774;4775;4776;4880;4881;4882;5818;5819;5889;5890;5914;5915;6406;6556;7232;7233;7234;7785;7786;7787;7788;7789;7790;8205;8206;8207;8208;8209;8210;8362;8505;8506;8507;8508;9373;9374;9375;9376,205;440;581;738;745;997;1356;2059;4518;4642;4644;4767;4770;4771;4881;5818;5819;5890;5915;6406;6556;7233;7787;8206;8362;8508;9376,28;29;30;31;32;33,84;464;589;593;603;607
sp|P02992|EFTU_YEAST,sp|P02992|EFTU_YEAST,1,1,1,,1,1,1,1,0,1,0,1,0,1,3,3,3,47.972,437,437,0.0097561,0.29817,NaN,NaN,NaN,0,0,Median,NaN,NaN,NaN,NaN,NaN,NaN,0,0,0,0,Median,Median,0,3,900520,0,900520,0,0,0,900520,0,900520,,,,52,2997,TRUE,3094,4532,6515,6515,,
sp|P02994|EF1A_YEAST,sp|P02994|EF1A_YEAST,31,31,31,,1,31,31,31,13,27,13,27,13,27,61.4,61.4,61.4,50.032,458,458,0,143.33,80.558,10.592,223.94,22,22,Plateau,19.883,82.751,2.3612,13.258,246.01,201.54,8,14,8,14,Median,Plateau,32.3,59.2,1268300000,25893000,1242500000,282170000,3458100,278710000,986180000,22435000,963740000,,,,53,654;717;718;780;955;956;1024;1166;1167;1485;1855;2542;2763;2946;2988;2989;2990;3123;3289;3313;3593;3594;3608;3956;3957;3958;4411;4412;4456;4457;4570,True;True;True;True;True;True;True;True;True;True;True;True;True;True;True;True;True;True;True;True;True;True;True;True;True;True;True;True;True;True;True,672;737;738;739;804;983;984;1053;1054;1198;1199;1200;1201;1525;1903;2612;2613;2855;3043;3085;3086;3087;3222;3396;3420;3712;3713;3728;3729;4089;4090;4091;4092;4093;4561;4562;4610;4611;4724,977;1062;1063;1064;1164;1416;1417;1418;1419;1518;1519;1520;1521;1728;1729;1730;1731;2205;2743;3789;3790;3791;3792;4161;4162;4458;4516;4517;4518;4722;4961;4962;4992;4993;5410;5411;5412;5432;5433;5434;5435;5436;6037;6038;6039;6040;6041;6042;6736;6737;6738;6813;6814;6815;6975;6976;6977,1395;1396;1505;1506;1507;1508;1509;1683;2017;2018;2019;2020;2021;2022;2023;2024;2177;2178;2179;2180;2181;2182;2183;2184;2185;2481;2482;2483;2484;2485;2486;2487;2488;2489;2490;2491;2492;2493;2494;2495;3169;3965;3966;5465;5466;5467;5468;5469;5470;5471;5986;5987;5988;6415;6416;6489;6490;6491;6492;6493;6494;6776;7108;7109;7110;7111;7147;7148;7149;7150;7151;7152;7153;7760;7761;7762;7795;7796;7797;7798;7799;7800;7801;7802;7803;8835;8836;8837;8838;8839;8840;8841;8842;8843;8844;9887;9888;9889;9890;9996;9997;9998;9999;10000;10001;10002;10003;10004;10215;10216;10217;10218;10219;10220;10221;10222,1395;1508;1509;1683;2019;2023;2177;2485;2493;3169;3966;5467;5986;6415;6489;6491;6494;6776;7110;7152;7761;7762;7803;8835;8836;8841;9887;9890;9999;10003;10217,34;35;36;37;38,155;199;292;408;427
sp|P03962|PYRF_YEAST,sp|P03962|PYRF_YEAST,1,1,1,,1,1,1,1,1,0,1,0,1,0,6.4,6.4,6.4,29.239,267,267,0.0078844,0.7246,NaN,NaN,NaN,0,0,Median,NaN,NaN,NaN,NaN,NaN,NaN,0,0,0,0,Median,Median,6.4,0,547270,0,547270,547270,0,547270,0,0,0,,,,54,451,TRUE,467,674,961,961,,
sp|P03965|CARB_YEAST,sp|P03965|CARB_YEAST,13,11,11,,1,13,11,11,7,10,6,8,6,8,18,16,16,123.91,1118,1118,0,48.348,4.4756,5.5835,45.08,3,3,Median,NaN,4.9922,NaN,4.3895,NaN,60.651,1,2,1,2,Median,Median,10.2,13,35561000,1238900,34322000,14312000,511950,13800000,21249000,726900,20522000,,,,55,424;566;698;889;1145;1345;2400;2924;3013;3070;3198;3612;3930,False;True;True;True;True;True;False;True;True;True;True;True;True,440;583;718;915;1177;1382;2465;3021;3110;3168;3299;3733;4061,635;636;847;848;1039;1040;1318;1700;1982;3555;4425;4553;4636;4637;4820;5440;5991,910;911;912;1215;1216;1481;1482;1887;1888;2448;2842;5147;6373;6537;6652;6653;6913;7807;7808;8757,910;1216;1482;1888;2448;2842;5147;6373;6537;6652;6913;7807;8757,,
sp|P04046|PUR1_YEAST,sp|P04046|PUR1_YEAST,1,1,1,,1,1,1,1,0,1,0,1,0,1,3.1,3.1,3.1,56.719,510,510,0,3.048,NaN,NaN,NaN,0,0,Median,NaN,NaN,NaN,NaN,NaN,NaN,0,0,0,0,Median,Median,0,3.1,1733900,0,1733900,0,0,0,1733900,0,1733900,,,,56,1924,TRUE,1976,2849,4116,4116,,
sp|P04050|RPB1_YEAST,sp|P04050|RPB1_YEAST,2,2,2,,1,2,2,2,2,1,2,1,2,1,1.5,1.5,1.5,191.61,1733,1733,0,6.1688,NaN,NaN,NaN,1,1,Median,NaN,NaN,NaN,NaN,NaN,NaN,1,0,1,0,Median,Median,1.5,0.9,4326000,484790,3841200,2555500,484790,2070700,1770500,0,1770500,,,,57,791;3068,True;True,816;3166,1181;4632;4633,1712;6648;6649,1712;6648,,
sp|P04076|ARLY_YEAST,sp|P04076|ARLY_YEAST,2,2,2,,1,2,2,2,2,0,2,0,2,0,4.8,4.8,4.8,51.989,463,463,0,2.3767,NaN,NaN,NaN,0,0,Median,NaN,NaN,NaN,NaN,NaN,NaN,0,0,0,0,Median,Median,4.8,0,2619700,0,2619700,2619700,0,2619700,0,0,0,,,,58,2137;3194,True;True,2194;3295,3179;4816,4626;6908,4626;6908,,
sp|P04147|PABP_YEAST,sp|P04147|PABP_YEAST,29,29,29,,1,29,29,29,21,22,21,22,21,22,47.5,47.5,47.5,64.343,577,577,0,163.06,23.267,4.1341,210.98,10,10,Median,31.203,16.448,1.3041,9.0528,254.8,106.32,6,4,6,4,Median,Median,38.3,38,204660000,1867800,202790000,90771000,910710,89860000,113890000,957100,112930000,,,,59,193;201;466;737;755;796;1069;1215;1216;1217;1347;1891;2059;2210;2523;2726;2738;2744;2745;2786;2882;2972;2973;3004;3476;3660;3907;4564;4565,True;True;True;True;True;True;True;True;True;True;True;True;True;True;True;True;True;True;True;True;True;True;True;True;True;True;True;True;True,197;205;482;759;777;821;1099;1249;1250;1251;1384;1942;2114;2268;2590;2816;2829;2835;2836;2881;2978;3069;3070;3101;3592;3782;4038;4718;4719,286;287;297;695;696;1097;1120;1187;1188;1590;1795;1796;1797;1798;1799;1992;1993;2801;2802;3056;3057;3274;3746;4095;4096;4115;4122;4123;4124;4125;4126;4205;4358;4491;4492;4493;4543;5236;5517;5959;5960;6967;6968;6969,397;398;399;400;412;989;990;991;992;993;1564;1597;1598;1719;1720;2290;2591;2592;2593;2594;2595;2596;2856;2857;2858;2859;4049;4050;4420;4421;4422;4749;5412;5894;5895;5896;5923;5934;5935;5936;5937;5938;5939;5940;5941;6065;6066;6293;6463;6464;6465;6526;7519;7907;7908;8712;8713;8714;8715;10207;10208;10209,397;412;992;1564;1597;1719;2290;2591;2595;2596;2858;4049;4420;4749;5412;5896;5923;5934;5939;6065;6293;6463;6465;6526;7519;7907;8714;10208;10209,,
sp|P04449|RL24A_YEAST,sp|P04449|RL24A_YEAST,7,7,2,,1,7,7,2,3,5,3,5,1,1,33.5,33.5,7.7,17.613,155,155,0,16.28,31.352,19.734,221.78,4,4,Median,NaN,59.136,NaN,21.444,NaN,266.24,1,3,1,3,Median,Plateau,17.4,27.7,141380000,2688900,138690000,31756000,204670,31552000,109620000,2484200,107140000,,,,60,1308;1422;1474;1723;1817;2580;4063,True;True;True;True;True;True;True,1343;1462;1514;1769;1865;2656;4204,1923;2109;2189;2190;2552;2553;2692;3858;6206,2763;2764;3046;3145;3146;3147;3148;3149;3150;3151;3718;3719;3720;3721;3722;3723;3908;3909;5557;9089,2763;3046;3146;3718;3908;5557;9089,,
sp|P04456|RL25_YEAST,sp|P04456|RL25_YEAST,14,14,14,,1,14,14,14,9,13,9,13,9,13,67.6,67.6,67.6,15.757,142,142,0,73.08,4.4958,2.4519,256.03,8,8,Median,192.08,4.4958,0.31044,3.9229,322.62,122.62,4,4,4,4,Linear,Median,40.8,67.6,353250000,4126700,349120000,160800000,1880000,158920000,192440000,2246700,190190000,,,,61,492;493;920;921;1756;1910;2419;3897;3898;4130;4131;4255;4256;4281,True;True;True;True;True;True;True;True;True;True;True;True;True;True,508;509;947;948;1803;1962;2484;4028;4029;4271;4272;4273;4401;4402;4427,730;731;732;733;734;735;736;1363;1364;1365;1366;2601;2830;3586;5942;5943;6304;6305;6306;6307;6308;6309;6310;6311;6506;6507;6508;6509;6510;6544;6545,1042;1043;1044;1045;1046;1047;1048;1049;1050;1051;1052;1943;1944;1945;1946;1947;1948;3789;4085;5186;8684;8685;9231;9232;9233;9234;9235;9236;9237;9238;9239;9240;9241;9242;9243;9244;9245;9246;9247;9248;9249;9250;9562;9563;9564;9565;9566;9609;9610,1042;1047;1943;1944;3789;4085;5186;8684;8685;9244;9250;9564;9566;9610,39,73
sp|P04650|RL39_YEAST,sp|P04650|RL39_YEAST,1,1,1,,1,1,1,1,0,1,0,1,0,1,19.6,19.6,19.6,6.3415,51,51,0.0041265,0.99535,NaN,NaN,NaN,0,0,Median,NaN,NaN,NaN,NaN,NaN,NaN,0,0,0,0,Median,Median,0,19.6,3828800,0,3828800,0,0,0,3828800,0,3828800,,,,62,3864,TRUE,3994,5888,8614,8614,,
sp|P04801|SYTC_YEAST,sp|P04801|SYTC_YEAST,15,15,15,,1,15,15,15,11,9,11,9,11,9,27.7,27.7,27.7,84.519,734,734,0,74.21,3.1071,4.0275,91.955,4,4,Median,3.0214,NaN,3.9164,NaN,100.01,NaN,3,1,3,1,Median,Median,21.5,21.1,60234000,2044900,58189000,30145000,1363200,28781000,30089000,681710,29407000,,,,63,680;800;801;1048;1091;2079;2416;2658;2809;2810;3064;3185;3375;3623;3976,True;True;True;True;True;True;True;True;True;True;True;True;True;True;True,699;825;826;1078;1121;2134;2481;2744;2904;2905;3162;3285;3486;3744;4112,1013;1014;1194;1195;1554;1620;1621;3086;3582;3995;4238;4239;4628;4801;4802;5092;5456;5457;6072;6073,1443;1444;1445;1727;1728;2237;2339;2340;4464;4465;5180;5745;6110;6111;6644;6888;6889;6890;6891;7303;7826;7827;7828;8897;8898;8899,1444;1727;1728;2237;2340;4464;5180;5745;6110;6111;6644;6889;7303;7827;8898,,
sp|P04802|SYDC_YEAST,sp|P04802|SYDC_YEAST,11,11,11,,1,11,11,11,8,6,8,6,8,6,24.6,24.6,24.6,63.515,557,557,0,39.394,11.793,14.377,181.35,4,4,Median,12.996,2.5012,19.256,2.5685,36.043,238.3,2,2,2,2,Median,Median,18.3,16,48036000,1056400,46980000,25767000,277890,25489000,22269000,778510,21490000,,,,64,187;467;468;526;1517;1608;1806;2232;3007;3135;3191,True;True;True;True;True;True;True;True;True;True;True,191;483;484;542;1557;1649;1854;2293;3104;3234;3291,279;697;698;699;787;2252;2382;2673;3313;3314;4546;4547;4737;4810,387;994;995;996;1126;3245;3433;3882;4807;4808;4809;4810;6529;6530;6531;6793;6900,387;994;996;1126;3245;3433;3882;4807;6530;6793;6900,,
sp|P04806|HXKA_YEAST,sp|P04806|HXKA_YEAST,3,1,1,,1,3,1,1,1,2,1,0,1,0,8.2,3.7,3.7,53.738,485,485,0.0053619,0.83506,NaN,NaN,NaN,0,0,Median,NaN,NaN,NaN,NaN,NaN,NaN,0,0,0,0,Median,Median,3.7,4.5,667420,0,667420,667420,0,667420,0,0,0,,,,65,1592;3752;4120,False;True;False,1633;3879;4261,2359;5702;6290,3407;8311;9207,3407;8311;9207,,
sp|P04807|HXKB_YEAST,sp|P04807|HXKB_YEAST,16,16,14,,1,16,16,14,7,15,7,15,7,13,39.5,39.5,35,53.942,486,486,0,98.347,5.5544,1.4638,271.37,4,4,Median,NaN,6.0687,NaN,3.8762,NaN,218.23,1,3,1,3,Median,Median,19.1,39.5,141880000,3204100,138680000,39283000,363090,38920000,102600000,2841000,99756000,,,,66,911;1211;1296;1352;1475;1476;1592;1703;2129;2413;2616;2916;3753;3823;4120;4462,True;True;True;True;True;True;True;True;True;True;True;True;True;True;True;True,937;1245;1331;1389;1515;1516;1633;1747;2186;2478;2698;3013;3880;3952;4261;4616,1347;1348;1790;1909;2001;2002;2191;2192;2193;2359;2520;2521;3167;3578;3923;4415;5703;5704;5705;5706;5827;6290;6821;6822,1920;1921;2586;2746;2890;2891;2892;2893;2894;3152;3153;3154;3155;3156;3157;3407;3643;3644;4610;5176;5653;6360;8312;8313;8314;8315;8316;8317;8318;8319;8518;8519;9207;10011;10012;10013,1921;2586;2746;2890;3155;3157;3407;3643;4610;5176;5653;6360;8314;8518;9207;10011,,
sp|P04840|VDAC1_YEAST,sp|P04840|VDAC1_YEAST,8,8,8,,1,8,8,8,2,7,2,7,2,7,41.7,41.7,41.7,30.428,283,283,0,32.062,NaN,NaN,NaN,1,1,Median,NaN,NaN,NaN,NaN,NaN,NaN,1,0,1,0,Median,Median,10.6,35.3,60128000,388770,59739000,14194000,388770,13805000,45934000,0,45934000,,,,67,2069;2682;2950;3195;3459;4286;4449;4553,True;True;True;True;True;True;True;True,2124;2769;3047;3296;3575;4432;4602;4707,3074;4032;4464;4817;5213;6550;6551;6800;6955,4447;5798;6429;6909;7489;7490;9617;9618;9981;10195,4447;5798;6429;6909;7489;9617;9981;10195,,
sp|P04912|H2A2_YEAST;sp|P04911|H2A1_YEAST,sp|P04912|H2A2_YEAST;sp|P04911|H2A1_YEAST,1;1,1;1,1;1,;,2,1,1,1,0,1,0,1,0,1,17.4,17.4,17.4,13.989,132,132;132,0,12.976,NaN,NaN,NaN,0,0,Median,NaN,NaN,NaN,NaN,NaN,NaN,0,0,0,0,Median,Median,0,17.4,7620000,0,7620000,0,0,0,7620000,0,7620000,,,,68,2234,TRUE,2295,3316,4812,4812,,
sp|P05030|PMA1_YEAST;sp|P19657|PMA2_YEAST,sp|P05030|PMA1_YEAST;sp|P19657|PMA2_YEAST,27;24,27;24,27;24,;,2,27,27,27,12,26,12,26,12,26,24.2,24.2,24.2,99.618,918,918;947,0,227.83,8.5661,2.4207,178.54,8,8,Median,19.167,6.7045,2.3099,4.2823,207.97,100.04,5,3,5,3,Median,Median,15.5,24.2,355470000,10869000,344600000,136410000,5181000,131230000,219070000,5687600,213380000,,,,69,597;1186;1385;1899;1931;2355;2356;2357;2384;2385;2386;2591;2592;3584;3604;3605;3943;3944;3945;3988;4162;4175;4176;4316;4317;4353;4534,True;True;True;True;True;True;True;True;True;True;True;True;True;True;True;True;True;True;True;True;True;True;True;True;True;True;True,614;1220;1424;1950;1983;2418;2419;2420;2447;2448;2449;2450;2668;2669;2670;3703;3724;3725;4074;4075;4076;4125;4307;4320;4321;4463;4464;4502;4688,884;885;886;1757;1758;2056;2057;2814;2857;2858;3488;3489;3490;3491;3492;3493;3531;3532;3533;3534;3535;3536;3878;3879;3880;3881;3882;5393;5428;5429;6006;6007;6008;6009;6010;6011;6012;6092;6365;6382;6383;6384;6591;6592;6593;6649;6926,1261;1262;1263;2544;2545;2546;2547;2984;2985;2986;2987;2988;4064;4127;4128;4129;4130;4131;4132;5064;5065;5066;5067;5068;5069;5070;5114;5115;5116;5117;5118;5119;5120;5121;5122;5584;5585;5586;5587;5588;5589;5590;5591;5592;7732;7791;7792;8779;8780;8781;8782;8783;8784;8785;8786;8787;8788;8789;8790;8923;8924;9336;9362;9363;9364;9365;9366;9367;9368;9369;9370;9670;9671;9672;9748;10156,1262;2544;2985;4064;4132;5064;5068;5070;5114;5115;5121;5588;5591;7732;7791;7792;8782;8788;8789;8923;9336;9366;9370;9670;9672;9748;10156,40;41,405;556
sp|P05317|RLA0_YEAST,sp|P05317|RLA0_YEAST,12,12,12,,1,12,12,12,7,12,7,12,7,12,46.2,46.2,46.2,33.717,312,312,0,48.06,30.574,32.497,145.19,5,5,Median,NaN,25.845,NaN,17.826,NaN,160.18,1,4,1,4,Median,Median,37.8,46.2,290330000,3717900,286610000,71045000,1014400,70031000,219280000,2703500,216580000,,,,70,149;228;695;917;1221;1284;1411;2252;2348;2837;3018;3385,True;True;True;True;True;True;True;True;True;True;True;True,151;232;715;944;1255;1319;1451;2313;2411;2933;3115;3496;3497,221;330;331;1035;1036;1358;1359;1804;1886;2093;2094;3337;3338;3478;3479;4280;4561;4562;5108;5109;5110;5111;5112,310;462;463;464;1476;1477;1478;1937;1938;2605;2715;3028;3029;4838;4839;5049;5050;5051;5052;5053;5054;5055;6163;6546;6547;7344;7345;7346;7347;7348;7349;7350;7351;7352;7353;7354;7355,310;463;1476;1938;2605;2715;3028;4839;5049;6163;6546;7354,42,38
sp|P05318|RLA1_YEAST,sp|P05318|RLA1_YEAST,2,2,2,,1,2,2,2,1,2,1,2,1,2,28.3,28.3,28.3,10.908,106,106,0,3.4441,129.02,12.557,267.24,2,2,Median,NaN,NaN,NaN,NaN,NaN,NaN,1,1,1,1,Median,Median,7.5,28.3,140660000,631130,140030000,38043000,336250,37707000,102610000,294880,102320000,,,,71,248;2275,True;True,253;2337,357;358;3375,499;500;501;502;4901,501;4901,,
sp|P05319|RLA2_YEAST,sp|P05319|RLA2_YEAST,6,6,6,,1,6,6,6,5,5,5,5,5,5,54.7,54.7,54.7,10.746,106,106,0,85.218,19.625,15.978,142.11,5,5,Median,38.787,13.81,5.3539,15.978,219.13,69.423,2,3,2,3,Median,Median,54.7,41.5,261650000,3215300,258440000,139620000,1424200,138200000,122030000,1791100,120240000,,,,72,216;3602;4307;4308;4535;4536,True;True;True;True;True;True,220;3721;4454;4455;4689;4690,316;5423;5424;6579;6580;6581;6927;6928;6929;6930;6931,438;439;7775;7776;7777;7778;7779;7780;7781;7782;7783;7784;9654;9655;9656;9657;9658;10157;10158;10159;10160;10161;10162;10163;10164;10165;10166,438;7779;9656;9657;10158;10163,,
sp|P05373|HEM2_YEAST,sp|P05373|HEM2_YEAST,1,1,1,,1,1,1,1,1,1,1,1,1,1,3.2,3.2,3.2,37.74,342,342,0,2.0553,NaN,NaN,NaN,1,1,Median,NaN,NaN,NaN,NaN,NaN,NaN,0,1,0,1,Median,Median,3.2,3.2,2603600,206930,2396700,1270200,0,1270200,1333400,206930,1126500,,,,73,3057,TRUE,3155,4619;4620,6631;6632,6632,,
sp|P05453|ERF3_YEAST,sp|P05453|ERF3_YEAST,4,4,4,,1,4,4,4,2,3,2,3,2,3,8.5,8.5,8.5,76.55,685,685,0,15.379,NaN,NaN,NaN,1,1,Median,NaN,NaN,NaN,NaN,NaN,NaN,0,1,0,1,Median,Median,5.4,5.4,11097000,33504,11063000,4694400,0,4694400,6402500,33504,6369000,,,,74,1633;1823;3580;4585,True;True;True;True,1677;1871;3699;4739,2427;2700;5388;5389;6997,3523;3918;7727;7728;10252,3523;3918;7728;10252,,
sp|P05626|ATPF_YEAST,sp|P05626|ATPF_YEAST,2,2,2,,1,2,2,2,2,1,2,1,2,1,12.7,12.7,12.7,26.925,244,244,0,6.0217,NaN,NaN,NaN,0,0,Median,NaN,NaN,NaN,NaN,NaN,NaN,0,0,0,0,Median,Median,12.7,7,7465100,0,7465100,3470300,0,3470300,3994900,0,3994900,,,,75,3618;4209,True;True,3739;4355,5449;6435;6436,7818;9456;9457,7818;9457,,
sp|P05694|METE_YEAST,sp|P05694|METE_YEAST,51,51,51,,1,51,51,51,36,35,36,35,36,35,69.9,69.9,69.9,85.859,767,767,0,316.84,7.5465,4.8201,205.02,25,23,Median,12.698,6.8562,7.1993,4.8201,266.39,87.511,14,11,12,11,Median,Median,51.1,57.4,461630000,27939000,433690000,200650000,12747000,187900000,260970000,15192000,245780000,,,,76,40;246;247;320;378;416;418;464;465;538;704;705;902;942;1080;1081;1083;1110;1111;1214;1302;1303;1332;1501;1686;1754;1757;1759;1994;2020;2021;2115;2296;2617;2851;2861;2985;3201;3363;3513;3871;3879;3924;4083;4148;4269;4415;4432;4466;4493;4599,True;True;True;True;True;True;True;True;True;True;True;True;True;True;True;True;True;True;True;True;True;True;True;True;True;True;True;True;True;True;True;True;True;True;True;True;True;True;True;True;True;True;True;True;True;True;True;True;True;True;True,40;251;252;327;393;432;434;480;481;555;724;725;928;970;1110;1111;1113;1141;1142;1248;1337;1338;1369;1541;1730;1801;1804;1806;2049;2075;2076;2170;2359;2699;2947;2957;3082;3302;3473;3630;4001;4002;4010;4055;4224;4293;4415;4565;4585;4620;4647;4753,59;355;356;477;566;625;626;628;692;693;694;804;805;1047;1048;1049;1337;1398;1605;1606;1609;1610;1651;1652;1794;1916;1917;1963;2228;2497;2498;2499;2598;2599;2602;2603;2607;2964;3001;3002;3003;3004;3140;3141;3142;3404;3924;3925;4314;4315;4326;4327;4328;4512;4823;5074;5292;5293;5898;5899;5900;5913;5914;5982;5983;6237;6238;6346;6525;6526;6741;6773;6827;6870;7016;7017,84;85;497;498;689;820;898;899;902;986;987;988;1146;1147;1148;1489;1490;1491;1910;1988;2316;2317;2322;2323;2324;2325;2377;2378;2590;2753;2754;2822;3212;3618;3619;3620;3785;3786;3787;3790;3791;3796;4301;4302;4303;4304;4350;4351;4352;4353;4546;4547;4548;4549;4550;4950;4951;5654;5655;6232;6233;6244;6245;6246;6247;6485;6916;7284;7600;7601;7602;8625;8626;8627;8628;8643;8644;8645;8744;8745;8746;8747;8748;9132;9133;9313;9585;9586;9893;9946;10021;10088;10276;10277;10278,84;497;498;689;820;898;902;987;988;1147;1489;1491;1910;1988;2316;2317;2324;2377;2378;2590;2753;2754;2822;3212;3618;3786;3791;3796;4302;4351;4353;4548;4950;5655;6233;6246;6485;6916;7284;7602;8626;8644;8747;9133;9313;9585;9893;9946;10021;10088;10277,43,588
sp|P05737|RL7A_YEAST;sp|Q12213|RL7B_YEAST,sp|P05737|RL7A_YEAST;sp|Q12213|RL7B_YEAST,15;12,15;12,15;12,;,2,15,15,15,9,14,9,14,9,14,65.6,65.6,65.6,27.638,244,244;244,0,99.544,11.986,4.9511,180.26,9,9,Median,5.4117,13.653,1.9004,10.012,123.62,202.82,4,5,4,5,Median,Median,55.3,56.6,519490000,6418500,513070000,152200000,2099100,150100000,367290000,4319400,362970000,,,,77,12;983;1350;1351;1581;1597;2175;2391;2392;2884;2885;3016;3661;3662;4502,True;True;True;True;True;True;True;True;True;True;True;True;True;True;True,12;1011;1387;1388;1621;1638;2233;2455;2456;2980;2981;3113;3783;3784;4656,18;1456;1457;1458;1998;1999;2000;2339;2340;2366;2367;2368;2369;3227;3543;3544;3545;4360;4361;4362;4558;4559;5518;5519;5520;5521;6881;6882,25;2076;2077;2078;2079;2883;2884;2885;2886;2887;2888;2889;3367;3368;3369;3370;3371;3414;3415;3416;3417;3418;4689;5130;5131;5132;6295;6296;6297;6542;6543;6544;7909;7910;7911;7912;7913;7914;7915;7916;10103;10104;10105,25;2077;2883;2885;3370;3418;4689;5130;5131;6296;6297;6544;7910;7915;10103,,
sp|P05738|RL9A_YEAST,sp|P05738|RL9A_YEAST,19,19,3,,1,19,19,3,8,18,8,18,1,3,87.4,87.4,20.9,21.569,191,191,0,117.22,12.216,6.7076,136.57,13,13,Median,20.876,8.4153,10.03,5.4509,118.32,154.58,5,8,5,8,Median,Median,55.5,86.4,392710000,11105000,381610000,141550000,4467300,137080000,251160000,6637900,244520000,,,,78,622;623;624;1079;1092;1366;1367;1382;2583;2584;2606;2607;2747;2748;2846;3423;4361;4362;4604,True;True;True;True;True;True;True;True;True;True;True;True;True;True;True;True;True;True;True,639;640;641;1109;1122;1403;1404;1421;2659;2660;2686;2687;2688;2838;2839;2942;3535;3536;4510;4511;4758,930;931;932;1603;1604;1622;2023;2024;2025;2026;2027;2051;2052;3864;3865;3866;3905;3906;3907;3908;3909;3910;3911;4129;4130;4131;4132;4133;4134;4135;4136;4137;4307;5160;5161;5162;5163;6661;6662;7024,1320;1321;1322;1323;1324;1325;2310;2311;2312;2313;2314;2315;2341;2342;2931;2932;2933;2934;2935;2936;2969;2970;5564;5565;5566;5567;5568;5626;5627;5628;5629;5630;5631;5632;5633;5634;5635;5636;5637;5944;5945;5946;5947;5948;5949;5950;5951;5952;6221;6222;6223;7411;7412;7413;7414;7415;7416;7417;7418;7419;9774;9775;10289,1320;1322;1324;2315;2342;2931;2934;2970;5564;5568;5635;5636;5948;5952;6222;7414;9774;9775;10289,44;45,78;90
sp|P05739|RL6B_YEAST,sp|P05739|RL6B_YEAST,11,5,5,,1,11,5,5,6,9,3,4,3,4,54,25.6,25.6,19.986,176,176,0,16.777,25.647,3.049,293.81,4,4,Median,NaN,36.039,NaN,30.105,NaN,290.95,1,3,1,3,Median,Median,38.6,46.6,96241000,6381300,89859000,34933000,159620,34774000,61307000,6221700,55085000,,,,79,1115;1772;1773;3006;3684;3721;4234;4242;4310;4311;4440,False;True;True;False;True;True;False;False;False;False;True,1146;1820;1821;3103;3806;3844;4380;4388;4457;4458;4593,1658;1659;2625;2626;4545;5555;5614;5615;5616;6476;6486;6583;6584;6585;6785;6786,2387;2388;3821;3822;3823;6528;7975;8065;8066;8067;8068;9503;9527;9660;9661;9662;9663;9962;9963;9964;9965,2388;3821;3823;6528;7975;8067;9503;9527;9661;9663;9965,,
sp|P05740|RL17A_YEAST,sp|P05740|RL17A_YEAST,20,2,2,,1,20,2,2,8,19,0,2,0,2,78.3,8.7,8.7,20.549,184,184,0,4.1535,14.693,15.433,305.39,2,2,Median,NaN,14.693,NaN,15.433,NaN,305.39,0,2,0,2,Median,Median,45.7,78.3,27604000,339930,27264000,0,0,0,27604000,339930,27264000,,,,80,222;381;839;1113;1168;1169;1598;2525;2526;2527;2824;2825;3047;3182;3183;3619;3620;4484;4542;4543,False;False;False;False;False;False;False;False;False;False;False;False;False;False;False;False;False;False;True;True,226;396;864;1144;1202;1203;1639;2592;2593;2594;2920;2921;3144;3282;3283;3740;3741;4638;4696;4697,322;569;1250;1251;1655;1732;1733;1734;1735;2370;3749;3750;3751;3752;3753;4261;4262;4263;4264;4265;4266;4603;4798;4799;5450;5451;5452;5453;6855;6939;6940;6941,451;823;1804;1805;1806;2381;2496;2497;2498;2499;2500;2501;2502;2503;2504;2505;2506;2507;2508;2509;2510;3419;5417;5418;5419;5420;5421;5422;5423;6136;6137;6138;6139;6140;6141;6142;6143;6144;6145;6146;6603;6883;6884;6885;6886;7819;7820;7821;7822;7823;10058;10059;10060;10174;10175;10176,451;823;1804;2381;2503;2509;3419;5418;5420;5422;6136;6146;6603;6883;6885;7820;7822;10059;10174;10176,,
sp|P05743|RL26A_YEAST,sp|P05743|RL26A_YEAST,13,3,3,,1,13,3,3,2,12,0,3,0,3,73.2,15.7,15.7,14.234,127,127,0,5.5504,45.837,57.309,23.753,2,2,Median,NaN,45.837,NaN,57.309,NaN,23.753,0,2,0,2,Median,Median,16.5,67.7,42817000,472770,42344000,0,0,0,42817000,472770,42344000,,,,81,289;520;521;522;916;1023;1651;2980;3136;4193;4238;4239;4327,False;True;True;True;False;False;False;False;False;False;False;False;False,294;536;537;538;943;1052;1695;3077;3235;4339;4384;4385;4474,429;779;780;781;782;1357;1517;2451;4504;4738;6414;6480;6481;6482;6483;6606,608;1115;1116;1117;1118;1119;1120;1934;1935;1936;2175;2176;3561;3562;6477;6794;9422;9423;9513;9514;9515;9516;9517;9518;9519;9520;9521;9522;9690,608;1115;1116;1119;1935;2175;3561;6477;6794;9423;9518;9521;9690,,
sp|P05745|RL36A_YEAST,sp|P05745|RL36A_YEAST,12,1,1,,1,12,1,1,3,12,1,1,1,1,64,10,10,11.124,100,100,0,1.7717,61.334,74.776,134.86,2,2,Median,NaN,NaN,NaN,NaN,NaN,NaN,1,1,1,1,Median,Median,35,64,12366000,257790,12108000,4779100,101600,4677500,7586700,156190,7430500,,,,82,868;1170;1934;2166;3093;3424;3425;3754;3755;3756;4050;4051,False;False;True;False;False;False;False;False;False;False;False;False,894;1204;1987;2223;3191;3537;3538;3881;3882;3883;4190;4191;4192,1290;1736;2863;2864;3215;4672;5164;5165;5707;5708;5709;5710;6182;6183;6184;6185;6186;6187;6188,1852;2511;4138;4139;4140;4675;6703;7420;7421;8320;8321;8322;8323;8324;9059;9060;9061;9062;9063;9064;9065,1852;2511;4138;4675;6703;7420;7421;8320;8321;8324;9059;9062,2,90
sp|P05748|RL15A_YEAST;sp|P54780|RL15B_YEAST,sp|P05748|RL15A_YEAST;sp|P54780|RL15B_YEAST,15;14,15;14,15;14,;,2,15,15,15,3,15,3,15,3,15,51,51,51,24.422,204,204;204,0,49.9,171.04,28.334,177.24,6,6,Linear,54.982,202.49,7.5893,240.51,208.39,156.6,2,4,2,4,Median,Linear,18.1,51,336270000,1730700,334540000,57845000,667520,57178000,278420000,1063200,277360000,,,,83,38;1189;1190;1890;2917;2918;2976;3010;3111;3410;4198;4284;4490;4541;4569,True;True;True;True;True;True;True;True;True;True;True;True;True;True;True,38;1223;1224;1941;3014;3015;3073;3107;3210;3522;4344;4430;4644;4695;4723,56;1761;1762;1763;1764;1765;2800;4416;4417;4498;4550;4702;5145;6420;6548;6864;6865;6936;6937;6938;6974,81;2551;2552;2553;2554;2555;2556;4048;6361;6362;6363;6470;6534;6749;6750;7396;9430;9614;9615;10071;10072;10073;10074;10075;10076;10077;10078;10079;10080;10081;10082;10083;10171;10172;10173;10214,81;2551;2556;4048;6361;6363;6470;6534;6749;7396;9430;9615;10079;10172;10214,,
sp|P05749|RL22A_YEAST;sp|P56628|RL22B_YEAST,sp|P05749|RL22A_YEAST,6;2,6;2,6;2,,2,6,6,6,3,6,3,6,3,6,67.8,67.8,67.8,13.693,121,121;122,0,21.724,31.668,22.728,18.603,3,3,Plateau,NaN,24.466,NaN,21.032,NaN,11.052,1,2,1,2,Median,Median,47.1,67.8,37258000,481700,36776000,7949000,108320,7840600,29309000,373380,28936000,,,,84,1172;2783;3743;4059;4549;4551,True;True;True;True;True;True,1206;2878;3870;4200;4703;4705,1738;4202;5688;5689;6201;6202;6949;6951;6952,2514;6061;8292;8293;9083;9084;10188;10191;10192,2514;6061;8293;9083;10188;10192,,
sp|P05750|RS3_YEAST,sp|P05750|RS3_YEAST,13,13,13,,1,13,13,13,4,11,4,11,4,11,63.8,63.8,63.8,26.502,240,240,0,61.691,15.416,13.494,95.067,2,2,Median,NaN,15.416,NaN,13.494,NaN,95.067,0,2,0,2,Median,Median,28.3,63.8,240030000,396370,239630000,63141000,0,63141000,176890000,396370,176490000,,,,85,54;287;288;776;1005;1194;2249;3012;3075;3771;3873;4450;4451,True;True;True;True;True;True;True;True;True;True;True;True;True,54;292;293;800;1033;1034;1228;2310;3109;3173;3898;4004;4603;4604;4605,78;427;428;1157;1158;1489;1490;1491;1770;3334;4552;4645;5731;5903;5904;6801;6802;6803;6804;6805,116;117;606;607;1669;1670;1671;1672;1673;1674;1675;2124;2125;2126;2127;2128;2561;4833;6536;6667;8358;8631;8632;8633;9982;9983;9984;9985;9986;9987,116;606;607;1669;2124;2561;4833;6536;6667;8358;8631;9982;9986,46;47,105;177
sp|P05755|RS9B_YEAST;sp|O13516|RS9A_YEAST,sp|P05755|RS9B_YEAST;sp|O13516|RS9A_YEAST,16;13,16;13,16;13,;,2,16,16,16,6,16,6,16,6,16,74.4,74.4,74.4,22.298,195,195;197,0,47.963,12.435,9.1183,72.706,6,6,Median,8.9439,14.077,9.4773,9.1183,59.284,86.038,2,4,2,4,Median,Median,37.4,74.4,157060000,3626400,153430000,44429000,1607400,42822000,112630000,2019000,110610000,,,,86,700;1364;1365;1634;1735;1976;2040;2049;2490;2638;2932;2933;3037;3090;4047;4187,True;True;True;True;True;True;True;True;True;True;True;True;True;True;True;True,720;1401;1402;1678;1781;2031;2095;2104;2557;2724;3029;3030;3134;3188;4187;4333,1042;1043;2021;2022;2428;2569;2936;2937;3030;3042;3043;3694;3964;4436;4437;4438;4590;4591;4669;6176;6177;6402;6403,1484;1485;2928;2929;2930;3524;3750;4264;4265;4266;4267;4268;4269;4390;4405;4406;5332;5708;5709;6384;6385;6386;6387;6388;6590;6591;6699;9051;9052;9408;9409,1484;2928;2930;3524;3750;4268;4390;4406;5332;5708;6384;6385;6591;6699;9051;9409,,
sp|P05756|RS13_YEAST,sp|P05756|RS13_YEAST,8,8,8,,1,8,8,8,3,8,3,8,3,8,48.3,48.3,48.3,17.029,151,151,0,41.722,1.5246,1.3897,352.57,5,5,Median,2.6573,1.5246,0.36679,1.3897,537.79,286.6,2,3,2,3,Median,Median,19.9,48.3,208160000,30398000,177760000,47666000,6314600,41352000,160500000,24083000,136410000,,,,87,1237;1238;1818;2401;2402;2651;3440;3441,True;True;True;True;True;True;True;True,1271;1272;1866;2466;2467;2737;3556;3557,1828;1829;2693;3556;3557;3558;3985;5189;5190;5191;5192,2639;2640;2641;2642;3910;5148;5149;5150;5151;5152;5733;7453;7454;7455;7456,2639;2642;3910;5150;5152;5733;7453;7456,,
sp|P05759|RS31_YEAST,sp|P05759|RS31_YEAST,13,13,4,,1,13,13,4,4,11,4,11,2,3,65.8,65.8,25.7,17.216,152,152,0,82.093,13.448,4.6117,121.08,7,7,Median,32.601,4.83,4.3306,4.6117,233.55,91.052,2,5,2,5,Median,Median,25.7,59.9,216470000,6405800,210060000,59088000,647330,58441000,157380000,5758400,151620000,,,,88,558;940;1610;1611;2006;2177;2351;2938;2939;3366;3805;3806;4160,True;True;True;True;True;True;True;True;True;True;True;True;True,575;968;1651;1652;2061;2235;2414;3035;3036;3476;3933;3934;4305,836;1396;2384;2385;2981;2982;3229;3230;3483;4444;4445;4446;5077;5794;5795;5796;5797;6362,1202;1203;1986;3435;3436;3437;3438;4325;4326;4327;4328;4691;4692;4693;5059;6394;6395;6396;7287;8452;8453;8454;8455;8456;8457;8458;8459;8460;8461;8462;9333,1203;1986;3435;3438;4327;4691;5059;6394;6396;7287;8453;8460;9333,,
sp|P06103|EIF3B_YEAST,sp|P06103|EIF3B_YEAST,4,4,4,,1,4,4,4,4,2,4,2,4,2,8.1,8.1,8.1,88.129,763,763,0,9.9062,NaN,NaN,NaN,0,0,Median,NaN,NaN,NaN,NaN,NaN,NaN,0,0,0,0,Median,Median,8.1,4.7,19328000,0,19328000,12708000,0,12708000,6620300,0,6620300,,,,89,1743;3876;4375;4459,True;True;True;True,1789;4007;4524;4613,2581;5908;5909;5910;6683;6684;6817,3765;8637;8638;8639;8640;9801;9802;10006,3765;8637;9801;10006,,
sp|P06105|SC160_YEAST,sp|P06105|SC160_YEAST,26,26,26,,1,26,26,26,18,20,18,20,18,20,31.2,31.2,31.2,134.81,1222,1222,0,121.67,11.627,13.453,186.99,3,3,Plateau,NaN,11.627,NaN,13.453,NaN,186.99,0,3,0,3,Median,Plateau,22.4,23.5,92341000,2748000,89593000,35973000,0,35973000,56368000,2748000,53620000,,,,90,161;329;396;1002;1467;1643;1664;1776;1941;1990;2179;2438;2623;2654;2717;2746;3290;3349;3905;3972;4017;4092;4093;4314;4352;4580,True;True;True;True;True;True;True;True;True;True;True;True;True;True;True;True;True;True;True;True;True;True;True;True;True;True,163;337;411;1030;1507;1687;1708;1824;1996;2045;2237;2505;2705;2740;2807;2837;3397;3457;4036;4108;4157;4233;4234;4461;4501;4734,236;491;594;1485;1486;2179;2180;2439;2467;2629;2630;2882;2958;3232;3615;3616;3933;3989;3990;4081;4082;4127;4128;4963;4964;5048;5049;5955;5956;6066;6137;6254;6255;6256;6588;6589;6648;6989,331;713;863;2118;2119;3133;3134;3135;3542;3543;3579;3827;3828;4191;4295;4695;5221;5222;5664;5738;5739;5740;5880;5881;5942;5943;7112;7113;7242;7243;7244;7245;8708;8709;8890;8996;9153;9154;9155;9667;9668;9746;9747;10243,331;713;863;2119;3134;3542;3579;3828;4191;4295;4695;5222;5664;5738;5881;5942;7112;7242;8708;8890;8996;9153;9154;9668;9746;10243,,
sp|P06106|CYSD_YEAST,sp|P06106|CYSD_YEAST,5,5,5,,1,5,5,5,3,3,3,3,3,3,17.3,17.3,17.3,48.671,444,444,0,29.026,NaN,NaN,NaN,0,0,Median,NaN,NaN,NaN,NaN,NaN,NaN,0,0,0,0,Median,Median,11.3,8.8,18226000,0,18226000,7987800,0,7987800,10238000,0,10238000,,,,91,494;1997;2371;3043;3850,True;True;True;True;True,510;2052;2434;3140;3979,737;2968;2969;3514;4599;5866,1053;4309;4310;5095;6599;8582,1053;4309;5095;6599;8582,,
sp|P06168|ILV5_YEAST,sp|P06168|ILV5_YEAST,14,14,14,,1,14,14,14,9,11,9,11,9,11,47.1,47.1,47.1,44.368,395,395,0,106.75,7.5307,2.7308,174.13,9,8,Median,19.353,2.0429,17.995,2.3637,208.93,120.06,4,5,4,4,Median,Median,35.7,36.5,244430000,15390000,229040000,87691000,1928400,85762000,156740000,13462000,143280000,,,,92,25;708;863;864;897;2076;2647;2674;2743;3050;3061;3118;3851;3852,True;True;True;True;True;True;True;True;True;True;True;True;True;True,25;728;889;890;923;2131;2733;2761;2834;3147;3159;3217;3980;3981,36;37;1052;1284;1285;1286;1329;1330;1331;3083;3975;3976;3977;3978;4023;4024;4121;4607;4625;4711;4712;4713;5867;5868;5869;5870,48;49;50;51;52;1494;1845;1846;1847;1848;1902;1903;1904;4458;4459;4460;4461;5723;5724;5725;5726;5785;5786;5933;6609;6640;6641;6760;6761;6762;6763;6764;8583;8584;8585;8586;8587;8588,48;1494;1846;1848;1903;4458;5725;5785;5933;6609;6641;6760;8585;8586,,
sp|P06169|PDC1_YEAST;sp|P26263|PDC6_YEAST;sp|P16467|PDC5_YEAST,sp|P06169|PDC1_YEAST,37;4;4,37;4;4,36;3;3,,3,37,37,36,19,32,19,32,19,31,72.5,72.5,69.3,61.495,563,563;563;563,0,323.31,82.565,22.321,215.65,31,29,Plateau,60.824,385.98,22.158,26.24,238.33,173.51,19,12,18,11,Plateau,Linear,48.7,68.2,2787300000,25650000,2761600000,1298000000,17446000,1280600000,1489200000,8204300,1481000000,,,,93,363;562;596;766;767;970;1162;1258;1293;1335;1625;1626;1717;1718;1863;1864;2167;2168;2182;2215;2266;2267;2276;2443;2610;2611;2731;2948;2999;3248;3280;3817;3931;4007;4408;4501;4546,True;True;True;True;True;True;True;True;True;True;True;True;True;True;True;True;True;True;True;True;True;True;True;True;True;True;True;True;True;True;True;True;True;True;True;True;True,376;579;613;788;789;998;1194;1292;1328;1372;1666;1667;1668;1669;1670;1761;1762;1763;1764;1912;1913;1914;2224;2225;2226;2240;2273;2327;2328;2329;2338;2510;2691;2692;2693;2821;2822;3045;3096;3353;3387;3945;3946;4062;4146;4557;4655;4700,547;840;882;883;1133;1134;1135;1136;1137;1138;1139;1140;1437;1438;1724;1852;1853;1901;1902;1903;1904;1967;1968;2404;2405;2406;2407;2408;2409;2410;2411;2412;2413;2414;2415;2416;2417;2418;2419;2541;2542;2543;2544;2545;2546;2757;2758;2759;2760;2761;3216;3217;3218;3219;3235;3236;3237;3282;3359;3360;3361;3362;3363;3376;3377;3625;3914;3915;3916;3917;4101;4102;4103;4104;4105;4106;4461;4462;4535;4898;4950;5815;5816;5817;5818;5819;5992;6124;6731;6880;6946,792;793;794;795;1207;1258;1259;1260;1617;1618;1619;1620;1621;1622;1623;1624;1625;1626;1627;1628;1629;1630;1631;1632;1633;1634;1635;1636;1637;2050;2051;2052;2053;2476;2668;2669;2670;2733;2734;2735;2736;2826;2827;3477;3478;3479;3480;3481;3482;3483;3484;3485;3486;3487;3488;3489;3490;3491;3492;3493;3494;3495;3496;3497;3498;3499;3500;3501;3502;3503;3504;3505;3506;3507;3508;3509;3510;3511;3512;3513;3691;3692;3693;3694;3695;3696;3697;3698;3699;3700;3701;3702;3703;3704;3705;3706;3707;3708;3709;3710;3984;3985;3986;3987;3988;3989;3990;3991;3992;4676;4677;4678;4679;4698;4699;4700;4701;4758;4866;4867;4868;4869;4870;4871;4872;4873;4874;4875;4876;4877;4878;4879;4902;4903;4904;4905;4906;4907;4908;4909;4910;4911;4912;4913;4914;4915;4916;4917;5233;5640;5641;5642;5643;5644;5645;5901;5902;5903;5904;5905;5906;5907;5908;5909;5910;5911;5912;5913;6419;6420;6421;6422;6423;6424;6425;6426;6427;6518;7022;7023;7095;7096;8496;8497;8498;8499;8500;8501;8502;8503;8504;8758;8759;8760;8975;9881;9882;10101;10102;10183;10184;10185,793;1207;1258;1617;1636;2051;2476;2668;2735;2827;3479;3510;3696;3709;3987;3991;4677;4679;4701;4758;4872;4878;4906;5233;5640;5644;5908;6419;6518;7022;7096;8499;8758;8975;9881;10102;10184,48;49;50;51;52;53;54;55;56,43;128;138;187;247;314;326;535;539
sp|P06208|LEU1_YEAST,sp|P06208|LEU1_YEAST,2,1,1,,1,2,1,1,1,1,1,0,1,0,3.1,1.5,1.5,68.408,619,619,0.0078023,0.63482,NaN,NaN,NaN,0,0,Median,NaN,NaN,NaN,NaN,NaN,NaN,0,0,0,0,Median,Median,1.5,1.6,114940,0,114940,114940,0,114940,0,0,0,,,,94,2764;3130,True;False,2856;3229,4163;4730,5989;6785,5989;6785,,
sp|P06367|RS14A_YEAST,sp|P06367|RS14A_YEAST,16,16,2,,1,16,16,2,4,15,4,15,0,2,88.3,88.3,25.5,14.536,137,137,0,97.581,26.935,9.7879,158.85,7,7,Median,NaN,20.901,NaN,59.825,NaN,91.478,1,6,1,6,Median,Linear,25.5,88.3,221100000,1764700,219330000,23165000,186970,22978000,197930000,1577700,196360000,,,,95,76;77;423;563;951;952;968;1447;1503;1714;1715;3453;3454;3820;3821;4158,True;True;True;True;True;True;True;True;True;True;True;True;True;True;True;True,76;77;78;439;580;979;980;996;1487;1543;1758;1759;3569;3570;3949;3950;4303,113;114;115;116;634;841;842;843;1412;1413;1434;2147;2230;2231;2537;2538;5207;5208;5823;5824;6358;6359,159;160;161;162;163;164;165;909;1208;1209;1210;1211;2013;2014;2047;3092;3214;3215;3216;3217;3683;3684;3685;3686;3687;3688;7479;7480;7481;7482;7483;8510;8511;8512;8513;9329;9330,160;165;909;1208;2013;2014;2047;3092;3215;3683;3688;7479;7481;8511;8512;9330,57;58,46;61
sp|P06634|DED1_YEAST,sp|P06634|DED1_YEAST,12,12,12,,1,12,12,12,8,11,8,11,8,11,24.5,24.5,24.5,65.552,604,604,0,65.605,10.021,14.847,28.216,2,2,Median,10.021,NaN,14.847,NaN,28.216,NaN,2,0,2,0,Median,Median,17.7,20.7,78056000,203040,77853000,28748000,203040,28545000,49308000,0,49308000,,,,96,99;752;1147;1808;1992;3750;3751;3772;4113;4227;4228;4581,True;True;True;True;True;True;True;True;True;True;True;True,100;774;1179;1856;2047;3877;3878;3899;4254;4373;4374;4735,146;1115;1703;2675;2676;2961;2962;5699;5700;5701;5732;5733;6281;6464;6465;6466;6467;6468;6990;6991,213;214;1588;2451;3884;3885;4298;4299;8307;8308;8309;8310;8359;8360;8361;9189;9489;9490;9491;9492;9493;9494;9495;10244;10245;10246,213;1588;2451;3884;4299;8307;8309;8359;9189;9491;9494;10245,,
sp|P06780|RHO1_YEAST,sp|P06780|RHO1_YEAST,3,3,3,,1,3,3,3,3,3,3,3,3,3,20.1,20.1,20.1,23.152,209,209,0,10.245,NaN,NaN,NaN,1,1,Median,NaN,NaN,NaN,NaN,NaN,NaN,0,1,0,1,Median,Median,20.1,20.1,9763000,276740,9486200,4241700,0,4241700,5521200,276740,5244500,,,,97,2472;3485;3785,True;True;True,2539;3601;3913,3665;3666;5247;5248;5758;5759;5760,5286;5287;7534;7535;7536;8405;8406;8407,5287;7534;8405,,
sp|P06786|TOP2_YEAST,sp|P06786|TOP2_YEAST,1,1,1,,1,1,1,1,0,1,0,1,0,1,0.9,0.9,0.9,164.21,1428,1428,0,2.4213,NaN,NaN,NaN,0,0,Median,NaN,NaN,NaN,NaN,NaN,NaN,0,0,0,0,Median,Median,0,0.9,991270,0,991270,0,0,0,991270,0,991270,,,,98,3558,TRUE,3677,5357,7691,7691,,
sp|P07149|FAS1_YEAST,sp|P07149|FAS1_YEAST,48,48,48,,1,48,48,48,29,38,29,38,29,38,31.1,31.1,31.1,228.69,2051,2051,0,268.72,3.5168,4.0691,233.21,15,15,Median,3.1023,4.1787,0.046011,4.2913,389.47,135.86,3,12,3,12,Median,Median,18.9,25,337610000,37225000,300390000,131030000,13471000,117560000,206580000,23754000,182820000,,,,99,14;41;205;206;233;271;427;428;443;549;635;665;736;837;877;985;1096;1136;1250;1414;1431;1469;1477;1694;1768;2083;2258;2259;2260;2487;2505;2558;2649;2722;2994;3254;3330;3412;3846;3906;3946;3964;4079;4127;4288;4289;4530;4547,True;True;True;True;True;True;True;True;True;True;True;True;True;True;True;True;True;True;True;True;True;True;True;True;True;True;True;True;True;True;True;True;True;True;True;True;True;True;True;True;True;True;True;True;True;True;True;True,14;41;209;210;238;276;443;444;459;566;652;684;758;862;903;1013;1126;1168;1284;1454;1471;1509;1517;1738;1815;2138;2319;2320;2321;2554;2572;2633;2735;2812;3091;3360;3437;3524;3975;4037;4077;4099;4220;4268;4434;4435;4684;4701,20;60;61;302;303;337;338;399;639;640;641;663;664;823;948;992;1094;1095;1096;1245;1246;1302;1303;1460;1461;1626;1627;1688;1843;2098;2121;2122;2183;2194;2195;2509;2619;3093;3346;3347;3348;3349;3350;3690;3691;3719;3720;3721;3826;3980;3981;4089;4524;4525;4910;5017;5148;5860;5957;5958;6013;6014;6053;6232;6299;6554;6555;6920;6921;6947,27;86;87;88;89;418;419;471;472;561;915;916;917;945;946;1185;1353;1414;1556;1557;1558;1559;1560;1561;1562;1563;1797;1798;1869;1870;1871;2081;2082;2083;2084;2347;2348;2429;2657;3033;3062;3063;3064;3138;3158;3159;3631;3809;4472;4847;4848;4849;4850;4851;4852;4853;5328;5329;5377;5378;5379;5518;5519;5728;5729;5888;6507;6508;7038;7184;7399;8572;8573;8574;8710;8711;8791;8792;8793;8794;8857;8858;8859;9125;9222;9621;9622;9623;10148;10149;10186,27;89;418;419;471;561;915;916;946;1185;1353;1414;1561;1798;1869;2082;2348;2429;2657;3033;3064;3138;3158;3631;3809;4472;4847;4849;4852;5328;5378;5519;5728;5888;6507;7038;7184;7399;8572;8711;8791;8858;9125;9222;9621;9623;10148;10186,,
sp|P07170|KAD2_YEAST,sp|P07170|KAD2_YEAST,14,14,14,,1,14,14,14,10,12,10,12,10,12,73.9,73.9,73.9,24.254,222,222,0,66.601,54.562,12.2,110.82,6,6,Linear,12.69,77.817,13.418,90.036,68.185,160.37,3,3,3,3,Median,Plateau,69.8,62.6,146880000,1117100,145760000,64913000,628310,64285000,81967000,488820,81478000,,,,100,618;629;1310;1311;1312;1473;1840;2037;2627;2702;2703;3083;3084;3535,True;True;True;True;True;True;True;True;True;True;True;True;True;True,635;646;1345;1346;1347;1513;1888;2092;2711;2792;2793;3181;3182;3653,921;922;923;938;939;1925;1926;1927;1928;2187;2188;2720;3025;3026;3945;4064;4065;4656;4657;4658;4659;4660;5324;5325,1307;1308;1309;1310;1311;1335;1336;2766;2767;2768;2769;3142;3143;3144;3940;4379;4380;5679;5858;5859;5860;6680;6681;6682;6683;6684;7644;7645;7646,1308;1335;2766;2767;2769;3142;3940;4379;5679;5858;5860;6681;6682;7644,,
sp|P07213|TOM70_YEAST,sp|P07213|TOM70_YEAST,7,7,7,,1,7,7,7,5,4,5,4,5,4,16.7,16.7,16.7,70.122,617,617,0,11.042,10.518,12.823,259.07,4,4,Median,9.7621,NaN,12.541,NaN,303.96,NaN,3,1,3,1,Median,Median,10.5,9.6,24107000,350160,23757000,14384000,301660,14083000,9722400,48498,9673900,,,,101,258;431;1842;2315;2329;2669;4192,True;True;True;True;True;True;True,263;447;1890;2378;2392;2756;4338,373;374;646;2722;3434;3435;3455;4012;6413,520;521;923;3942;3943;4993;4994;5023;5770;5771;9421,521;923;3942;4994;5023;5770;9421,,
sp|P07244|PUR2_YEAST,sp|P07244|PUR2_YEAST,7,7,7,,1,7,7,7,7,3,7,3,7,3,17.3,17.3,17.3,86.067,802,802,0,12.052,NaN,NaN,NaN,1,1,Median,NaN,NaN,NaN,NaN,NaN,NaN,0,1,0,1,Median,Median,17.3,5.2,19946000,175740,19770000,14189000,0,14189000,5756600,175740,5580900,,,,102,598;666;1372;1539;1989;2589;4469,True;True;True;True;True;True;True,615;685;1409;1579;2044;2666;4623,887;993;994;2035;2282;2283;2956;2957;3876;6832,1264;1415;1416;2946;3290;3291;4293;4294;5580;10028,1264;1415;2946;3291;4293;5580;10028,,
sp|P07245|C1TC_YEAST,sp|P07245|C1TC_YEAST,8,8,8,,1,8,8,8,6,7,6,7,6,7,13.6,13.6,13.6,102.2,946,946,0,30.435,NaN,NaN,NaN,1,1,Median,NaN,NaN,NaN,NaN,NaN,NaN,0,1,0,1,Median,Median,9.4,12.9,33778000,231000,33547000,13703000,0,13703000,20075000,231000,19844000,,,,103,56;1017;2450;2908;3404;3865;3886;4528,True;True;True;True;True;True;True;True,56;1046;2517;3005;3516;3995;4017;4682,80;81;1508;3634;4401;4402;5138;5139;5889;5890;5922;6917;6918,119;120;2153;5247;6340;6341;7388;7389;8615;8616;8617;8654;10145;10146,119;2153;5247;6340;7388;8616;8654;10145,,
sp|P07246|ADH3_YEAST,sp|P07246|ADH3_YEAST,7,6,6,,1,7,6,6,4,7,4,6,4,6,18.9,18.9,18.9,40.369,375,375,0,11.319,5.0155,4.3116,126.02,2,2,Median,NaN,5.0155,NaN,4.3116,NaN,126.02,0,2,0,2,Median,Median,14.4,18.9,16657000,481730,16175000,5266500,0,5266500,11390000,481730,10908000,,,,104,677;1245;1565;2130;3264;3880;4602,True;True;True;True;True;True;False,696;1279;1605;2187;3371;4011;4756,1005;1006;1838;2318;2319;3168;3169;4927;5915;5916;7020,1428;1429;1430;2652;3338;3339;4611;4612;7066;8646;8647;10281;10282,1430;2652;3339;4612;7066;8647;10281,,
sp|P07251|ATPA_YEAST,sp|P07251|ATPA_YEAST,7,7,7,,1,7,7,7,7,4,7,4,7,4,18.2,18.2,18.2,58.607,545,545,0,30.634,NaN,NaN,NaN,1,1,Median,NaN,NaN,NaN,NaN,NaN,NaN,1,0,1,0,Median,Median,18.2,10.6,43501000,1042100,42458000,23724000,1042100,22682000,19777000,0,19777000,,,,105,279;1256;1343;2227;3121;3443;3692,True;True;True;True;True;True;True,284;1290;1380;2288;3220;3559;3814,413;414;1849;1980;3306;4718;4719;4720;5194;5195;5569;5570,582;583;2665;2840;4798;6769;6770;6771;6772;6773;6774;7459;7460;8003;8004,583;2665;2840;4798;6772;7459;8003,,
sp|P07253|CBP6_YEAST,sp|P07253|CBP6_YEAST,1,1,1,,1,1,1,1,1,0,1,0,1,0,6.8,6.8,6.8,18.678,162,162,0.0077519,0.62329,NaN,NaN,NaN,0,0,Median,NaN,NaN,NaN,NaN,NaN,NaN,0,0,0,0,Median,Median,6.8,0,490760,0,490760,490760,0,490760,0,0,0,,,,106,3538,TRUE,3656,5329,7650,7650,,
sp|P07256|QCR1_YEAST,sp|P07256|QCR1_YEAST,1,1,1,,1,1,1,1,0,1,0,1,0,1,2.2,2.2,2.2,50.227,457,457,0.0014164,1.1429,NaN,NaN,NaN,0,0,Median,NaN,NaN,NaN,NaN,NaN,NaN,0,0,0,0,Median,Median,0,2.2,823100,0,823100,0,0,0,823100,0,823100,,,,107,1428,TRUE,1468,2117,3056,3056,,
sp|P07257|QCR2_YEAST,sp|P07257|QCR2_YEAST,1,1,1,,1,1,1,1,1,1,1,1,1,1,5.4,5.4,5.4,40.478,368,368,0,1.4894,NaN,NaN,NaN,0,0,Median,NaN,NaN,NaN,NaN,NaN,NaN,0,0,0,0,Median,Median,5.4,5.4,1413600,0,1413600,1413600,0,1413600,0,0,0,,,,108,1244,TRUE,1278,1836;1837,2650;2651,2650,,
sp|P07258|CARA_YEAST,sp|P07258|CARA_YEAST,3,3,3,,1,3,3,3,3,1,3,1,3,1,9.2,9.2,9.2,45.361,411,411,0,3.4141,2.5329,0.24653,160.32,2,2,Median,NaN,NaN,NaN,NaN,NaN,NaN,1,1,1,1,Median,Median,9.2,1.9,4323000,1396700,2926300,2174900,167770,2007200,2148000,1228900,919110,,,,109,337;3500;4566,True;True;True,346;3616;4720,503;5270;6970;6971,730;7565;10210;10211,730;7565;10210,,
sp|P07259|PYR1_YEAST,sp|P07259|PYR1_YEAST,22,22,20,,1,22,22,20,13,16,13,16,12,14,15.7,15.7,14.7,245.04,2214,2214,0,75.715,3.146,1.3993,269.12,6,6,Median,3.0168,3.8588,0.34348,1.3993,303.2,249.14,2,4,2,4,Median,Median,9.3,12.2,75070000,1556400,73514000,28056000,394380,27662000,47014000,1162000,45852000,,,,110,39;424;1093;1648;1655;1662;1907;2139;2400;2436;2516;2524;2903;3398;3460;3613;3889;4116;4315;4397;4424;4560,True;True;True;True;True;True;True;True;True;True;True;True;True;True;True;True;True;True;True;True;True;True,39;440;1123;1692;1699;1706;1959;2196;2465;2503;2583;2591;3000;3510;3576;3734;4020;4257;4462;4546;4574;4714,57;58;635;636;1623;2447;2448;2456;2465;2826;3181;3555;3613;3736;3737;3747;3748;4394;5131;5214;5441;5926;5927;6285;6590;6715;6752;6753;6963,82;83;910;911;912;2343;3556;3557;3567;3577;4081;4628;5147;5219;5400;5401;5413;5414;5415;5416;6333;7380;7491;7492;7809;8661;8662;9200;9669;9850;9907;9908;10203,83;910;2343;3557;3567;3577;4081;4628;5147;5219;5400;5415;6333;7380;7491;7809;8661;9200;9669;9850;9907;10203,,
sp|P07260|IF4E_YEAST,sp|P07260|IF4E_YEAST,4,4,4,,1,4,4,4,3,4,3,4,3,4,25.8,25.8,25.8,24.254,213,213,0,16.762,NaN,NaN,NaN,1,1,Median,NaN,NaN,NaN,NaN,NaN,NaN,1,0,1,0,Median,Median,21.6,25.8,35246000,274290,34972000,16008000,274290,15734000,19238000,0,19238000,,,,111,1799;3233;3952;4435,True;True;True;True,1847;3338;4083;4588,2663;2664;4875;6024;6025;6777;6778,3870;3871;6989;8809;8810;9950;9951;9952;9953,3871;6989;8809;9952,,
sp|P07262|DHE4_YEAST;sp|P39708|DHE5_YEAST,sp|P07262|DHE4_YEAST;sp|P39708|DHE5_YEAST,2;1,2;1,2;1,;,2,2,2,2,1,1,1,1,1,1,11.5,11.5,11.5,49.569,454,454;457,0,11.319,NaN,NaN,NaN,0,0,Median,NaN,NaN,NaN,NaN,NaN,NaN,0,0,0,0,Median,Median,4.2,7.3,6224400,0,6224400,1120600,0,1120600,5103800,0,5103800,,,,112,37;1272,True;True,37;1307,55;1870,79;80;2690,79;2690,,
sp|P07263|SYH_YEAST,sp|P07263|SYH_YEAST,5,5,5,,1,5,5,5,5,1,5,1,5,1,11.7,11.7,11.7,59.952,546,546,0,17.212,NaN,NaN,NaN,1,1,Median,NaN,NaN,NaN,NaN,NaN,NaN,1,0,1,0,Median,Median,11.7,2,4970800,116320,4854500,4970800,116320,4854500,0,0,0,,,,113,150;335;2395;2920;4403,True;True;True;True;True,152;344;2459;3017;4552,222;501;3548;4419;6722;6723,311;728;5135;6366;9862;9863,311;728;5135;6366;9863,,
sp|P07267|CARP_YEAST,sp|P07267|CARP_YEAST,1,1,1,,1,1,1,1,1,0,1,0,1,0,4,4,4,44.498,405,405,0,18.948,NaN,NaN,NaN,1,1,Median,NaN,NaN,NaN,NaN,NaN,NaN,1,0,1,0,Median,Median,4,0,2733500,531180,2202300,2733500,531180,2202300,0,0,0,,,,114,4607,TRUE,4761,7027,10292,10292,,
sp|P07274|PROF_YEAST,sp|P07274|PROF_YEAST,1,1,1,,1,1,1,1,1,1,1,1,1,1,15.1,15.1,15.1,13.677,126,126,0,1.567,NaN,NaN,NaN,1,1,Median,NaN,NaN,NaN,NaN,NaN,NaN,1,0,1,0,Median,Median,15.1,15.1,3428800,188020,3240700,1842700,188020,1654600,1586100,0,1586100,,,,115,2991,TRUE,3088,4519;4520,6495;6496;6497;6498;6499;6500;6501;6502;6503,6498,,
sp|P07278|KAPR_YEAST,sp|P07278|KAPR_YEAST,1,1,1,,1,1,1,1,0,1,0,1,0,1,2.4,2.4,2.4,47.218,416,416,0,2.6412,NaN,NaN,NaN,0,0,Median,NaN,NaN,NaN,NaN,NaN,NaN,0,0,0,0,Median,Median,0,2.4,0,0,0,0,0,0,0,0,0,,,,116,3101,TRUE,3200,4685,6723,6723,,
sp|P07280|RS19A_YEAST,sp|P07280|RS19A_YEAST,11,11,2,,1,11,11,2,6,11,6,11,1,2,72.2,72.2,18.1,15.917,144,144,0,71.752,13.453,2.0033,148.67,6,6,Median,12.16,14.884,2.0172,9.5065,127.85,92.144,3,3,3,3,Plateau,Median,55.6,72.2,342420000,21663000,320760000,133450000,11207000,122250000,208960000,10456000,198510000,,,,117,1489;1490;1632;2091;2092;2864;2865;2919;2996;3913;4207,True;True;True;True;True;True;True;True;True;True;True,1529;1530;1676;2146;2147;2960;2961;3016;3093;4044;4353,2210;2211;2212;2426;3104;3105;3106;4332;4333;4334;4418;4528;4529;4530;4531;5967;5968;6431;6432,3175;3176;3177;3178;3179;3180;3520;3521;3522;4490;4491;4492;4493;4494;6252;6253;6254;6255;6256;6364;6365;6511;6512;6513;6514;8723;8724;8725;8726;9446;9447;9448;9449;9450;9451,3176;3180;3520;4490;4494;6252;6256;6364;6511;8725;9446,,
sp|P07281|RS19B_YEAST,sp|P07281|RS19B_YEAST,11,2,2,,1,11,2,2,5,11,0,2,0,2,72.2,18.1,18.1,15.891,144,144,0,29.774,NaN,NaN,NaN,0,0,Median,NaN,NaN,NaN,NaN,NaN,NaN,0,0,0,0,Median,Median,37.5,72.2,43645000,0,43645000,0,0,0,43645000,0,43645000,,,,118,184;185;1489;1490;1632;2091;2092;2919;2996;3913;4207,True;True;False;False;False;False;False;False;False;False;False,188;189;1529;1530;1676;2146;2147;3016;3093;4044;4353,276;277;2210;2211;2212;2426;3104;3105;3106;4418;4528;4529;4530;4531;5967;5968;6431;6432,383;384;385;3175;3176;3177;3178;3179;3180;3520;3521;3522;4490;4491;4492;4493;4494;6364;6365;6511;6512;6513;6514;8723;8724;8725;8726;9446;9447;9448;9449;9450;9451,383;384;3176;3180;3520;4490;4494;6364;6511;8725;9446,,
sp|P07283|PMM_YEAST,sp|P07283|PMM_YEAST,8,8,8,,1,8,8,8,6,3,6,3,6,3,42.9,42.9,42.9,29.063,254,254,0,26.229,NaN,NaN,NaN,0,0,Median,NaN,NaN,NaN,NaN,NaN,NaN,0,0,0,0,Median,Median,37,13.8,33355000,0,33355000,24204000,0,24204000,9150900,0,9150900,,,,119,547;650;892;2004;2005;2657;2942;3971,True;True;True;True;True;True;True;True,564;668;918;2059;2060;2743;3039;4107,819;820;973;1321;2979;2980;3994;4452;6065,1172;1173;1388;1389;1893;4323;4324;5744;6403;8888;8889,1172;1388;1893;4323;4324;5744;6403;8888,,
sp|P07284|SYSC_YEAST,sp|P07284|SYSC_YEAST,9,9,9,,1,9,9,9,6,8,6,8,6,8,20.6,20.6,20.6,53.309,462,462,0,31.426,NaN,NaN,NaN,0,0,Median,NaN,NaN,NaN,NaN,NaN,NaN,0,0,0,0,Median,Median,16.2,18,59014000,0,59014000,23114000,0,23114000,35900000,0,35900000,,,,120,606;670;1334;1455;1456;1945;2572;3396;3635,True;True;True;True;True;True;True;True;True,623;689;1371;1495;1496;2000;2647;3508;3756,900;901;998;1966;2161;2162;2163;2886;3843;3844;5128;5129;5476;5477,1280;1281;1282;1421;2825;3108;3109;3110;3111;4195;5536;5537;5538;5539;5540;7375;7376;7377;7378;7856;7857,1281;1421;2825;3108;3111;4195;5539;7377;7856,,
sp|P07342|ILVB_YEAST,sp|P07342|ILVB_YEAST,2,2,2,,1,2,2,2,1,1,1,1,1,1,2.9,2.9,2.9,74.936,687,687,0.0077821,0.63063,NaN,NaN,NaN,0,0,Median,NaN,NaN,NaN,NaN,NaN,NaN,0,0,0,0,Median,Median,1.2,1.7,905790,0,905790,905790,0,905790,0,0,0,,,,121,1967;3266,True;True,2022;3373,2921;4929,4245;7068,4245;7068,,
sp|P07347|ARD1_YEAST,sp|P07347|ARD1_YEAST,1,1,1,,1,1,1,1,0,1,0,1,0,1,5.9,5.9,5.9,27.603,238,238,0.0078227,0.6689,NaN,NaN,NaN,0,0,Median,NaN,NaN,NaN,NaN,NaN,NaN,0,0,0,0,Median,Median,0,5.9,1375600,0,1375600,0,0,0,1375600,0,1375600,,,,122,3650,TRUE,3771,5500,7887,7887,,
sp|P07560|SEC4_YEAST,sp|P07560|SEC4_YEAST,3,3,3,,1,3,3,3,1,3,1,3,1,3,17.7,17.7,17.7,23.505,215,215,0,7.9727,NaN,NaN,NaN,1,1,Median,NaN,NaN,NaN,NaN,NaN,NaN,0,1,0,1,Median,Median,6.5,17.7,5939900,168410,5771500,1690100,0,1690100,4249800,168410,4081400,,,,123,903;3295;4381,True;True;True,929;3402;4530,1338;4969;4970;6693,1911;7118;7119;9815,1911;7118;9815,,
sp|P07703|RPAC1_YEAST,sp|P07703|RPAC1_YEAST,1,1,1,,1,1,1,1,1,0,1,0,1,0,3.9,3.9,3.9,37.686,335,335,0,2.4503,NaN,NaN,NaN,0,0,Median,NaN,NaN,NaN,NaN,NaN,NaN,0,0,0,0,Median,Median,3.9,0,1033000,0,1033000,1033000,0,1033000,0,0,0,,,,124,584,TRUE,601,869,1242,1242,,
sp|P07806|SYV_YEAST,sp|P07806|SYV_YEAST,20,20,20,,1,20,20,20,13,14,13,14,13,14,24.1,24.1,24.1,125.77,1104,1104,0,67.597,5.4711,0.51994,227.93,4,4,Median,6.3735,4.5857,0.094528,4.0321,58.813,107.39,2,2,2,2,Median,Median,16.9,18.8,86083000,818130,85265000,39770000,555770,39214000,46313000,262360,46051000,,,,125,595;734;768;794;803;1671;1702;1793;1839;1917;2032;2121;2313;2705;3171;3393;3401;3606;3951;4380,True;True;True;True;True;True;True;True;True;True;True;True;True;True;True;True;True;True;True;True,612;756;790;819;828;1715;1746;1841;1887;1969;2087;2178;2376;2795;3271;3505;3513;3726;4082;4529,881;1092;1141;1184;1198;2475;2476;2477;2519;2655;2719;2841;3019;3020;3157;3158;3431;4067;4068;4784;5122;5123;5135;5430;6022;6023;6691;6692,1257;1553;1638;1639;1715;1734;3588;3589;3590;3591;3642;3862;3939;4103;4371;4372;4596;4597;4598;4990;5862;5863;5864;6860;7367;7368;7384;7385;7793;8804;8805;8806;8807;8808;9813;9814,1257;1553;1638;1715;1734;3588;3642;3862;3939;4103;4371;4596;4990;5862;6860;7367;7385;7793;8804;9813,,
sp|P08417|FUMH_YEAST,sp|P08417|FUMH_YEAST,3,3,3,,1,3,3,3,0,3,0,3,0,3,7.4,7.4,7.4,53.151,488,488,0,2.8816,NaN,NaN,NaN,1,1,Median,NaN,NaN,NaN,NaN,NaN,NaN,0,1,0,1,Median,Median,0,7.4,4688900,1345300,3343700,0,0,0,4688900,1345300,3343700,,,,126,1409;3152;4605,True;True;True,1449;3251;4759,2091;4759;7025,3026;6830;10290,3026;6830;10290,,
sp|P08518|RPB2_YEAST,sp|P08518|RPB2_YEAST,1,1,1,,1,1,1,1,1,1,1,1,1,1,1.1,1.1,1.1,138.75,1224,1224,0,3.8362,NaN,NaN,NaN,0,0,Median,NaN,NaN,NaN,NaN,NaN,NaN,0,0,0,0,Median,Median,1.1,1.1,1434000,0,1434000,1434000,0,1434000,0,0,0,,,,127,3131,TRUE,3230,4731;4732,6786;6787,6787,,
sp|P08524|FPPS_YEAST,sp|P08524|FPPS_YEAST,10,10,10,,1,10,10,10,7,8,7,8,7,8,27.3,27.3,27.3,40.483,352,352,0,40.871,9.9259,0.15175,126.61,3,3,Median,10.078,NaN,0.14946,NaN,2.1441,NaN,2,1,2,1,Median,Median,20.7,20.5,38501000,553850,37947000,15956000,282180,15674000,22545000,271670,22273000,,,,128,81;254;255;575;1099;1509;1646;1647;2311;2460,True;True;True;True;True;True;True;True;True;True,82;259;260;592;1129;1549;1690;1691;2374;2527,120;121;365;366;367;368;859;1631;2239;2240;2444;2445;2446;3428;3649,172;173;174;175;510;511;512;513;514;1230;2352;2353;3230;3231;3553;3554;3555;4987;5265,172;511;514;1230;2353;3230;3554;3555;4987;5265,,
sp|P08566|ARO1_YEAST,sp|P08566|ARO1_YEAST,6,6,6,,1,6,6,6,2,6,2,6,2,6,4.3,4.3,4.3,174.75,1588,1588,0,28.031,NaN,NaN,NaN,1,1,Median,NaN,NaN,NaN,NaN,NaN,NaN,0,1,0,1,Median,Median,2.2,4.3,18443000,463200,17980000,5463100,0,5463100,12980000,463200,12517000,,,,129,1834;2022;2023;2213;4135;4531,True;True;True;True;True;True,1882;2077;2078;2271;4277;4685,2713;3005;3006;3278;3279;6318;6319;6922,3933;4354;4355;4754;4755;9257;9258;10150,3933;4354;4355;4754;9258;10150,,
sp|P09064|IF2B_YEAST,sp|P09064|IF2B_YEAST,5,5,5,,1,5,5,5,4,2,4,2,4,2,18.6,18.6,18.6,31.574,285,285,0,8.0291,NaN,NaN,NaN,1,1,Median,NaN,NaN,NaN,NaN,NaN,NaN,1,0,1,0,Median,Median,15.4,7,10390000,128050,10262000,6164600,128050,6036500,4225800,0,4225800,,,,130,169;739;3202;3749;3799,True;True;True;True;True,171;761;3303;3876;3927,251;252;1099;4824;5698;5783,352;353;1566;6917;8306;8438,352;1566;6917;8306;8438,,
sp|P09232|PRTB_YEAST,sp|P09232|PRTB_YEAST,1,1,1,,1,1,1,1,1,1,1,1,1,1,3.5,3.5,3.5,69.621,635,635,0,3.5367,NaN,NaN,NaN,0,0,Median,NaN,NaN,NaN,NaN,NaN,NaN,0,0,0,0,Median,Median,3.5,3.5,2589300,0,2589300,945540,0,945540,1643700,0,1643700,,,,131,4211,TRUE,4357,6439;6440,9460;9461,9461,,
sp|P09436|SYIC_YEAST,sp|P09436|SYIC_YEAST,11,11,11,,1,11,11,11,10,8,10,8,10,8,14.7,14.7,14.7,122.98,1072,1072,0,50.376,10.581,13.788,184.52,3,3,Median,NaN,3.8811,NaN,3.5409,NaN,192.25,1,2,1,2,Median,Median,13.6,11.7,61670000,1029000,60641000,30138000,71838,30066000,31532000,957140,30575000,,,,132,455;656;2209;2715;3239;3259;3260;3317;3712;4497;4504,True;True;True;True;True;True;True;True;True;True;True,471;675;2267;2805;3344;3366;3367;3424;3834;4651;4658,678;679;981;982;983;3273;4079;4883;4884;4921;4922;4923;4999;5601;5602;6875;6876;6884;6885,965;966;967;1401;1402;1403;4748;5878;7000;7001;7002;7057;7058;7059;7060;7061;7161;8046;8047;10094;10095;10107;10108,966;1401;4748;5878;7000;7057;7059;7161;8047;10095;10107,,
sp|P09440|C1TM_YEAST,sp|P09440|C1TM_YEAST,7,7,7,,1,7,7,7,4,3,4,3,4,3,9.9,9.9,9.9,106.22,975,975,0,12.622,NaN,NaN,NaN,0,0,Median,NaN,NaN,NaN,NaN,NaN,NaN,0,0,0,0,Median,Median,5.5,4.4,7220400,0,7220400,3220500,0,3220500,3999900,0,3999900,,,,133,1464;1540;2648;2915;3312;3524;4596,True;True;True;True;True;True;True,1504;1580;2734;3012;3419;3641;4750,2175;2284;3979;4414;4991;5307;7012,3127;3128;3292;5727;6359;7146;7617;10272,3127;3292;5727;6359;7146;7617;10272,,
sp|P09457|ATPO_YEAST,sp|P09457|ATPO_YEAST,1,1,1,,1,1,1,1,0,1,0,1,0,1,12.3,12.3,12.3,22.814,212,212,0.0027933,1.0648,NaN,NaN,NaN,0,0,Median,NaN,NaN,NaN,NaN,NaN,NaN,0,0,0,0,Median,Median,0,12.3,6502700,0,6502700,0,0,0,6502700,0,6502700,,,,134,5,TRUE,5,7,7,7,,
sp|P09624|DLDH_YEAST,sp|P09624|DLDH_YEAST,4,4,4,,1,4,4,4,3,4,3,4,3,4,11,11,11,54.009,499,499,0,19.336,NaN,NaN,NaN,1,1,Median,NaN,NaN,NaN,NaN,NaN,NaN,1,0,1,0,Median,Median,9,11,15543000,76207,15467000,5741600,76207,5665400,9801100,0,9801100,,,,135,42;283;2131;3866,True;True;True;True,42;288;2188;3996,62;63;419;420;3170;3171;5891,90;91;593;594;595;4613;4614;8618,91;595;4614;8618,,
sp|P09938|RIR2_YEAST,sp|P09938|RIR2_YEAST,2,2,2,,1,2,2,2,1,1,1,1,1,1,6.8,6.8,6.8,46.147,399,399,0,6.6185,NaN,NaN,NaN,1,1,Median,NaN,NaN,NaN,NaN,NaN,NaN,1,0,1,0,Median,Median,3,3.8,3807500,139470,3668100,2822100,139470,2682600,985440,0,985440,,,,136,2;899,True;True,2;925,3;1333,3;1906,3;1906,,
sp|P0C0T4|RS25B_YEAST,sp|P0C0T4|RS25B_YEAST,10,1,1,,1,10,1,1,5,9,1,1,1,1,69.4,10.2,10.2,12.009,108,108,0,12.099,NaN,NaN,NaN,1,0,Median,NaN,NaN,NaN,NaN,NaN,NaN,1,0,0,0,Median,Median,55.6,63,24227000,690210,23537000,17291000,690210,16601000,6936200,0,6936200,,,,137,350;728;854;975;1400;1486;2880;3432;4467;4601,False;False;False;False;False;False;True;False;False;False,362;750;880;1003;1440;1526;2976;3546;4621;4755,526;1084;1085;1086;1274;1444;1445;2079;2206;2207;4355;4356;5174;5175;6828;7019,767;1545;1546;1547;1830;1831;1832;2060;2061;3013;3170;3171;3172;6285;6286;6287;6288;7431;7432;7433;10022;10280,767;1547;1830;2061;3013;3170;6285;7431;10022;10280,,
sp|P0C0V8|RS21A_YEAST,sp|P0C0V8|RS21A_YEAST,8,1,1,,1,8,1,1,4,7,0,1,0,1,100,25.3,25.3,9.7457,87,87,0,1.47,NaN,NaN,NaN,0,0,Median,NaN,NaN,NaN,NaN,NaN,NaN,0,0,0,0,Median,Median,51.7,92,17546000,0,17546000,0,0,0,17546000,0,17546000,,,,138,66;572;573;1277;2547;2852;3495;4023,False;False;False;False;False;False;False;True,66;589;590;1312;2619;2620;2948;3611;4163,96;97;98;99;855;856;857;1877;1878;3803;3804;3805;4316;5265;6146,138;139;140;141;142;1225;1226;1227;1228;2703;2704;2705;5487;5488;5489;5490;5491;5492;5493;5494;6234;7558;7559;9006;9007;9008;9009,141;1225;1228;2704;5494;6234;7558;9006,59,1
sp|P0C0W9|RL11A_YEAST,sp|P0C0W9|RL11A_YEAST,16,1,1,,1,16,1,1,8,16,1,1,1,1,54,6.9,6.9,19.719,174,174,0,3.9935,NaN,NaN,NaN,0,0,Median,NaN,NaN,NaN,NaN,NaN,NaN,0,0,0,0,Median,Median,44.8,54,4010100,0,4010100,2118000,0,2118000,1892100,0,1892100,,,,139,90;91;353;354;814;815;990;2480;2481;2934;3169;3918;4181;4182;4183;4461,False;False;False;False;False;False;False;False;False;False;True;False;False;False;False;False,91;92;365;366;367;839;840;1018;2547;2548;3031;3269;4049;4327;4328;4329;4615,132;133;134;135;530;531;532;533;534;1211;1212;1213;1214;1215;1468;3675;3676;3677;3678;4439;4781;4782;5975;6394;6395;6396;6397;6819;6820,188;189;190;191;192;193;771;772;773;774;775;776;777;778;1751;1752;1753;1754;1755;1756;1757;1758;1759;2096;5299;5300;5301;5302;5303;5304;5305;5306;5307;5308;5309;6389;6857;6858;8733;8734;9393;9394;9395;9396;9397;9398;9399;9400;9401;9402;10008;10009;10010,188;191;771;778;1751;1757;2096;5299;5307;6389;6857;8734;9393;9401;9402;10008,60,9
sp|P0C0X0|RS28B_YEAST,sp|P0C0X0|RS28B_YEAST,2,2,1,,1,2,2,1,1,2,1,2,1,1,44.8,44.8,16.4,7.5647,67,67,0,17.064,NaN,NaN,NaN,0,0,Median,NaN,NaN,NaN,NaN,NaN,NaN,0,0,0,0,Median,Median,16.4,44.8,100610000,0,100610000,44114000,0,44114000,56497000,0,56497000,,,,140,1269;2541,True;True,1304;2610;2611,1866;3782;3783;3784;3785;3786;3787;3788,2684;5456;5457;5458;5459;5460;5461;5462;5463;5464,2684;5463,61,1
sp|P0C2H6|RL27A_YEAST;sp|P0C2H7|RL27B_YEAST,sp|P0C2H6|RL27A_YEAST;sp|P0C2H7|RL27B_YEAST,10;8,10;8,10;8,;,2,10,10,10,8,8,8,8,8,8,66.9,66.9,66.9,15.531,136,136;136,0,48.629,25.128,30.711,157.78,4,4,Median,18.246,NaN,30.249,NaN,179.93,NaN,3,1,3,1,Median,Median,60.3,64,259480000,1763100,257720000,64248000,1413200,62835000,195230000,349970,194880000,,,,141,1938;2790;2791;3314;3315;3631;3632;4013;4368;4377,True;True;True;True;True;True;True;True;True;True,1993;2885;2886;3421;3422;3752;3753;4153;4517;4526,2877;4210;4211;4212;4213;4994;4995;4996;5467;5468;5469;5470;5471;5472;6133;6670;6671;6672;6686;6687,4180;4181;6071;6072;6073;6074;6075;6076;6077;6078;7154;7155;7156;7157;7158;7839;7840;7841;7842;7843;7844;7845;7846;7847;8990;9785;9786;9787;9804;9805;9806,4180;6072;6076;7154;7158;7841;7846;8990;9785;9804,,
sp|P0C2H8|RL31A_YEAST,sp|P0C2H8|RL31A_YEAST,6,1,1,,1,6,1,1,1,6,0,1,0,1,60.2,17.7,17.7,12.953,113,113,0,7.3464,NaN,NaN,NaN,1,1,Median,NaN,NaN,NaN,NaN,NaN,NaN,0,1,0,1,Median,Median,21.2,60.2,22269000,675010,21594000,0,0,0,22269000,675010,21594000,,,,142,170;759;1320;1982;2157;3104,False;False;False;False;True;False,172;781;1355;2037;2214;3203,253;1124;1939;2947;3204;4689;4690,354;355;356;1602;1603;2788;4282;4658;4659;4660;6730;6731;6732;6733;6734;6735;6736,354;1602;2788;4282;4660;6734,,
sp|P0C2H9|RL31B_YEAST,sp|P0C2H9|RL31B_YEAST,6,6,1,,1,6,6,1,2,6,2,6,1,1,60.2,60.2,17.7,12.967,113,113,0,41.559,36.246,6.5971,182.85,3,3,Plateau,NaN,6.1648,NaN,4.0659,NaN,68.448,1,2,1,2,Median,Median,38.9,60.2,176970000,697640,176270000,26066000,224240,25842000,150910000,473390,150430000,,,,143,170;759;1320;1982;2158;3104,True;True;True;True;True;True,172;781;1355;2037;2215;3203,253;1124;1939;2947;3205;3206;4689;4690,354;355;356;1602;1603;2788;4282;4661;4662;4663;6730;6731;6732;6733;6734;6735;6736,354;1602;2788;4282;4661;6734,,
sp|Q03855|YD11B_YEAST;sp|P0C2I2|YD14B_YEAST;sp|P0C2J0|YP13B_YEAST;sp|Q92393|YO12B_YEAST;sp|Q04670|YM14B_YEAST;sp|O13535|YH11B_YEAST;sp|Q99231|YD12B_YEAST;sp|Q12316|YG13B_YEAST;sp|Q12088|YL11B_YEAST;sp|Q03619|YE12B_YEAST;sp|Q04711|YM11B_YEAST;sp|P0C2J1|YP14B_YEAST;sp|P0C2I7|YL14B_YEAST;sp|Q12193|YB12B_YEAST;sp|Q12273|YO11B_YEAST;sp|O13527|YA11B_YEAST;sp|Q12501|YO22B_YEAST;sp|Q12491|YB21B_YEAST;sp|Q12472|YD21B_YEAST;sp|Q12337|YG21B_YEAST;sp|Q03494|YD22B_YEAST;sp|P25384|YC21B_YEAST;sp|P0CX64|YG22B_YEAST;sp|P0CX63|YF21B_YEAST;sp|P0C2J3|YL21B_YEAST;sp|P0C2J5|YL22B_YEAST;sp|Q12113|YO21B_YEAST,sp|Q03855|YD11B_YEAST;sp|P0C2I2|YD14B_YEAST;sp|P0C2J0|YP13B_YEAST;sp|Q92393|YO12B_YEAST;sp|Q04670|YM14B_YEAST;sp|O13535|YH11B_YEAST;sp|Q99231|YD12B_YEAST;sp|Q12316|YG13B_YEAST;sp|Q12088|YL11B_YEAST;sp|Q03619|YE12B_YEAST;sp|Q04711|YM11B_YEAST;sp|P0C2J1|YP14B_YEAST;sp|P0C2I7|YL14B_YEAST;sp|Q12193|YB12B_YEAST;sp|Q12273|YO11B_YEAST,19;19;19;18;18;18;17;17;17;17;17;17;17;17;16;6;3;3;3;3;3;3;3;3;3;2;2,2;2;2;2;2;2;2;2;2;2;0;0;0;2;0;0;0;0;0;0;0;0;0;0;0;0;0,0;0;0;0;0;0;0;0;0;0;0;0;0;0;0;0;0;0;0;0;0;0;0;0;0;0;0,;;;;;;;;;;;;;;,27,19,2,0,15,14,2,1,0,0,13.8,2.2,0,198.59,1755,1755;1755;1756;1755;1755;1793;1755;1755;1755;1755;1755;1755;1755;1756;1755;1196;1770;1770;1770;1770;1770;1770;1770;1770;1770;1598;1770,0,14.305,NaN,NaN,NaN,0,0,Median,NaN,NaN,NaN,NaN,NaN,NaN,0,0,0,0,Median,Median,13,11.2,13077000,0,13077000,7589500,0,7589500,5487600,0,5487600,,,,144,189;505;675;969;1877;1955;2455;2549;2550;2671;2720;3106;3117;3590;3685;3959;3984;4329;4600,False;False;False;False;False;False;False;True;True;False;False;False;False;False;False;False;False;False;False,193;521;694;997;1928;2010;2522;2622;2623;2758;2810;3205;3216;3709;3807;4094;4121;4476;4754,281;754;755;1003;1435;1436;2783;2900;2901;3641;3807;3808;3809;4014;4015;4016;4017;4018;4019;4020;4086;4692;4693;4694;4710;5402;5403;5556;5557;5558;6043;6044;6085;6086;6608;7018,389;390;391;392;1072;1073;1074;1426;2048;2049;4030;4210;4211;4212;5254;5496;5497;5498;5774;5775;5776;5777;5778;5779;5780;5781;5782;5885;6738;6739;6740;6759;7750;7751;7752;7753;7976;7977;7978;7979;7980;8845;8846;8847;8915;8916;8917;9692;10279,389;1072;1426;2049;4030;4212;5254;5496;5498;5780;5885;6740;6759;7750;7978;8847;8917;9692;10279,,
sp|Q12414|YP11B_YEAST;sp|Q03612|YE11B_YEAST;sp|P0C2I9|YP12B_YEAST;sp|P0C2I5|YL12B_YEAST;sp|P0C2I3|YD15B_YEAST;sp|Q07793|YD13B_YEAST;sp|Q99337|YN12B_YEAST,sp|Q12414|YP11B_YEAST;sp|Q03612|YE11B_YEAST;sp|P0C2I9|YP12B_YEAST;sp|P0C2I5|YL12B_YEAST;sp|P0C2I3|YD15B_YEAST;sp|Q07793|YD13B_YEAST;sp|Q99337|YN12B_YEAST,19;19;19;19;19;16;16,19;19;19;19;19;16;16,0;0;0;0;0;0;0,;;;;;;,7,19,19,0,15,15,15,15,0,0,13.8,13.8,0,198.57,1755,1755;1755;1755;1755;1755;1604;1749,0,159.25,16.316,3.4392,177.73,4,4,Median,23.964,7.1461,2.7285,3.4392,304.52,38.641,2,2,2,2,Median,Median,13,11.2,130420000,1469600,128950000,60703000,279270,60423000,69714000,1190400,68523000,,,,145,189;505;675;969;1877;1955;2455;2553;2554;2671;2720;3106;3117;3590;3685;3959;3984;4329;4600,True;True;True;True;True;True;True;True;True;True;True;True;True;True;True;True;True;True;True,193;521;694;997;1928;2010;2522;2627;2628;2629;2758;2810;3205;3216;3709;3807;4094;4121;4476;4754,281;754;755;1003;1435;1436;2783;2900;2901;3641;3817;3818;3819;3820;4014;4015;4016;4017;4018;4019;4020;4086;4692;4693;4694;4710;5402;5403;5556;5557;5558;6043;6044;6085;6086;6608;7018,389;390;391;392;1072;1073;1074;1426;2048;2049;4030;4210;4211;4212;5254;5507;5508;5509;5510;5511;5512;5774;5775;5776;5777;5778;5779;5780;5781;5782;5885;6738;6739;6740;6759;7750;7751;7752;7753;7976;7977;7978;7979;7980;8845;8846;8847;8915;8916;8917;9692;10279,389;1072;1426;2049;4030;4212;5254;5507;5510;5780;5885;6740;6759;7750;7978;8847;8917;9692;10279,3,1
sp|Q12269|YG12B_YEAST;sp|Q03434|YM12B_YEAST;sp|P47098|YJ11B_YEAST;sp|P0C2I6|YL13B_YEAST;sp|Q12141|YG11B_YEAST;sp|P47100|YJ12B_YEAST,sp|Q12269|YG12B_YEAST;sp|Q03434|YM12B_YEAST;sp|P47098|YJ11B_YEAST;sp|P0C2I6|YL13B_YEAST;sp|Q12141|YG11B_YEAST;sp|P47100|YJ12B_YEAST,19;19;19;19;18;18,2;2;2;2;2;2,0;0;0;0;0;0,;;;;;,6,19,2,0,15,15,2,2,0,0,13.8,2.2,0,198.52,1755,1755;1755;1755;1755;1755;1755,0,17.516,NaN,NaN,NaN,0,0,Median,NaN,NaN,NaN,NaN,NaN,NaN,0,0,0,0,Median,Median,13,11.2,28695000,0,28695000,14564000,0,14564000,14131000,0,14131000,,,,146,189;505;675;969;1877;1955;2455;2551;2552;2671;2720;3106;3117;3590;3685;3959;3984;4329;4600,False;False;False;False;False;False;False;True;True;False;False;False;False;False;False;False;False;False;False,193;521;694;997;1928;2010;2522;2624;2625;2626;2758;2810;3205;3216;3709;3807;4094;4121;4476;4754,281;754;755;1003;1435;1436;2783;2900;2901;3641;3810;3811;3812;3813;3814;3815;3816;4014;4015;4016;4017;4018;4019;4020;4086;4692;4693;4694;4710;5402;5403;5556;5557;5558;6043;6044;6085;6086;6608;7018,389;390;391;392;1072;1073;1074;1426;2048;2049;4030;4210;4211;4212;5254;5499;5500;5501;5502;5503;5504;5505;5506;5774;5775;5776;5777;5778;5779;5780;5781;5782;5885;6738;6739;6740;6759;7750;7751;7752;7753;7976;7977;7978;7979;7980;8845;8846;8847;8915;8916;8917;9692;10279,389;1072;1426;2049;4030;4212;5254;5502;5503;5780;5885;6740;6759;7750;7978;8847;8917;9692;10279,62,1
sp|P0CH09|RL40B_YEAST;sp|P0CH08|RL40A_YEAST;sp|P0CG63|UBI4P_YEAST,sp|P0CH09|RL40B_YEAST;sp|P0CH08|RL40A_YEAST;sp|P0CG63|UBI4P_YEAST,11;11;9,2;2;0,2;2;0,;;,3,11,2,2,3,10,1,2,1,2,65.6,18,18,14.554,128,128;128;381,0,6.7579,3.3583,3.9744,214.88,2,2,Median,NaN,3.3583,NaN,3.9744,NaN,214.88,0,2,0,2,Median,Median,25,65.6,7682400,732120,6950300,3496200,0,3496200,4186100,732120,3454000,,,,147,244;579;940;1610;1611;2177;2938;2939;3366;3805;3806,True;True;False;False;False;False;False;False;False;False;False,249;596;968;1651;1652;2235;3035;3036;3476;3933;3934,352;353;864;1396;2384;2385;3229;3230;4444;4445;4446;5077;5794;5795;5796;5797,491;492;493;494;495;1236;1237;1986;3435;3436;3437;3438;4691;4692;4693;6394;6395;6396;7287;8452;8453;8454;8455;8456;8457;8458;8459;8460;8461;8462,494;1236;1986;3435;3438;4691;6394;6396;7287;8453;8460,,
sp|P0CS90|HSP77_YEAST;sp|P39987|HSP7E_YEAST,sp|P0CS90|HSP77_YEAST,26;3,26;3,26;3,,2,26,26,26,10,21,10,21,10,21,44.3,44.3,44.3,70.627,654,654;644,0,115.47,16.699,5.1385,107.94,7,7,Median,16.699,15.89,3.8116,6.5237,144.48,76.149,3,4,3,4,Median,Median,22.8,41.9,197730000,3051200,194680000,79622000,1180400,78441000,118110000,1870700,116240000,,,,148,72;73;74;87;274;348;589;590;853;918;943;1089;1140;1282;1378;1530;2099;2660;2661;3107;3462;3715;4085;4266;4267;4374,True;True;True;True;True;True;True;True;True;True;True;True;True;True;True;True;True;True;True;True;True;True;True;True;True;True,72;73;74;88;279;360;606;607;879;945;971;1119;1172;1317;1417;1570;2154;2746;2747;3206;3578;3837;3838;4226;4412;4413;4523,109;110;111;128;129;405;523;875;876;1273;1360;1399;1400;1618;1692;1884;2044;2271;3114;3115;3998;3999;4000;4695;4696;4697;4698;5216;5606;5607;6241;6521;6522;6682,153;154;155;156;184;185;569;761;1251;1252;1829;1939;1989;1990;1991;1992;1993;2336;2433;2434;2713;2958;3270;4512;4513;5751;5752;5753;5754;5755;6741;6742;6743;6744;7494;8051;8052;8053;9137;9580;9581;9582;9800,153;154;156;184;569;761;1251;1252;1829;1939;1989;2336;2433;2713;2958;3270;4512;5751;5755;6743;7494;8052;9137;9580;9582;9800,63,625
sp|P0CX24|RL20B_YEAST;sp|P0CX23|RL20A_YEAST,sp|P0CX24|RL20B_YEAST;sp|P0CX23|RL20A_YEAST,16;16,16;16,16;16,;,2,16,16,16,6,15,6,15,6,15,76.7,76.7,76.7,20.437,172,172;172,0,60.559,49.948,259.98,158.28,11,11,Linear,25.873,17.509,27.416,14.933,244.15,109.19,4,7,4,7,Median,Median,41.9,76.7,370920000,8077500,362840000,114020000,3872700,110150000,256900000,4204800,252700000,,,,149,389;390;694;880;993;1129;1750;1751;2693;2694;3097;3508;3740;3980;3987;4470,True;True;True;True;True;True;True;True;True;True;True;True;True;True;True;True,404;405;714;906;1021;1161;1797;1798;2782;2783;3196;3625;3867;4117;4124;4624,582;583;584;585;586;1033;1034;1306;1307;1472;1678;2592;2593;2594;2595;4050;4051;4052;4680;5284;5285;5681;5682;5683;6080;6091;6833,847;848;849;850;851;852;853;1470;1471;1472;1473;1474;1475;1874;1875;2100;2418;3778;3779;3780;3781;3782;5832;5833;5834;6717;6718;7580;7581;8271;8272;8273;8274;8275;8909;8922;10029,847;851;1471;1875;2100;2418;3778;3782;5832;5834;6718;7580;8275;8909;8922;10029,,
sp|P0CX26|RL43B_YEAST;sp|P0CX25|RL43A_YEAST,sp|P0CX26|RL43B_YEAST;sp|P0CX25|RL43A_YEAST,10;10,10;10,10;10,;,2,10,10,10,2,8,2,8,2,8,78.3,78.3,78.3,10.091,92,92;92,0,39.519,19.617,4.5892,286.62,4,4,Linear,NaN,15.003,NaN,8.7121,NaN,339.1,1,3,1,3,Median,Plateau,18.5,68.5,38165000,2883100,35281000,3401900,135530,3266400,34763000,2747600,32015000,,,,150,1857;1908;1916;2073;2074;2347;3049;3935;3936;4108,True;True;True;True;True;True;True;True;True;True,1906;1960;1968;2128;2129;2410;3146;4066;4067;4249,2748;2827;2840;3080;3081;3477;4606;5997;5998;6275,3974;4082;4102;4453;4454;4455;5048;6608;8766;8767;9179,3974;4082;4102;4453;4455;5048;6608;8766;8767;9179,,
sp|P0CX28|RL44B_YEAST;sp|P0CX27|RL44A_YEAST,sp|P0CX28|RL44B_YEAST;sp|P0CX27|RL44A_YEAST,4;4,4;4,4;4,;,2,4,4,4,3,3,3,3,3,3,25.5,25.5,25.5,12.211,106,106;106,0,7.8964,126.13,15.421,204.05,3,3,Plateau,NaN,73.239,NaN,35.247,NaN,116.9,1,2,1,2,Median,Median,25.5,25.5,67193000,635690,66558000,25316000,182870,25133000,41878000,452820,41425000,,,,151,564;1349;3887;4372,True;True;True;True,581;1386;4018;4521,844;1996;1997;5923;6679;6680,1212;2869;2870;2871;2872;2873;2874;2875;2876;2877;2878;2879;2880;2881;2882;8655;8656;8657;9797;9798,1212;2876;8655;9797,,
sp|P0CX30|RS23B_YEAST;sp|P0CX29|RS23A_YEAST,sp|P0CX30|RS23B_YEAST;sp|P0CX29|RS23A_YEAST,6;6,6;6,6;6,;,2,6,6,6,3,5,3,5,3,5,42.1,42.1,42.1,16.038,145,145;145,0,15.377,5.4427,4.6621,54.184,3,3,Median,NaN,8.9792,NaN,3.2561,NaN,70.802,1,2,1,2,Median,Median,19.3,42.1,92949000,1168300,91781000,17943000,581700,17361000,75007000,586570,74420000,,,,152,235;578;1199;1930;4291;4292,True;True;True;True;True;True,240;595;1233;1982;4437;4438,340;862;863;1775;1776;2856;6557;6558,474;1233;1234;1235;2568;2569;2570;4125;4126;9625;9626;9627;9628;9629,474;1233;2570;4126;9625;9626,,
sp|P0CX32|RS24B_YEAST;sp|P0CX31|RS24A_YEAST,sp|P0CX32|RS24B_YEAST;sp|P0CX31|RS24A_YEAST,12;12,12;12,12;12,;,2,12,12,12,2,12,2,12,2,12,68.1,68.1,68.1,15.329,135,135;135,0,32.337,26.485,13.98,140.62,4,4,Median,NaN,26.485,NaN,13.98,NaN,140.62,0,4,0,4,Median,Median,23,68.1,344590000,7520100,337070000,12161000,0,12161000,332430000,7520100,324910000,,,,153,605;1046;1047;1800;1884;1919;1973;2913;3208;3614;4153;4154,True;True;True;True;True;True;True;True;True;True;True;True,622;1076;1077;1848;1935;1971;2028;3010;3310;3735;4298;4299,898;899;1551;1552;1553;2665;2792;2843;2932;4411;4412;4834;4835;5442;5443;5444;6353;6354,1278;1279;2232;2233;2234;2235;2236;3872;4039;4106;4258;4259;4260;6354;6355;6356;6357;6930;6931;6932;6933;7810;7811;7812;9323;9324;9325,1279;2232;2234;3872;4039;4106;4259;6357;6933;7812;9323;9325,,
sp|P0CX34|RS30B_YEAST;sp|P0CX33|RS30A_YEAST,sp|P0CX34|RS30B_YEAST;sp|P0CX33|RS30A_YEAST,3;3,3;3,3;3,;,2,3,3,3,2,3,2,3,2,3,33.3,33.3,33.3,7.1184,63,63;63,0,9.1646,NaN,NaN,NaN,0,0,Median,NaN,NaN,NaN,NaN,NaN,NaN,0,0,0,0,Median,Median,33.3,33.3,106080000,0,106080000,20149000,0,20149000,85933000,0,85933000,,,,154,1163;3048;3114,True;True;True,1195;3145;3213,1725;4604;4605;4705;4706,2477;2478;6604;6605;6606;6607;6753;6754;6755,2478;6605;6755,,
sp|P0CX36|RS4B_YEAST;sp|P0CX35|RS4A_YEAST,sp|P0CX36|RS4B_YEAST;sp|P0CX35|RS4A_YEAST,11;11,11;11,11;11,;,2,11,11,11,4,9,4,9,4,9,38.3,38.3,38.3,29.41,261,261;261,0,34.68,3.6994,3.5655,192.27,7,6,Median,NaN,7.8982,NaN,6.1969,NaN,184.93,1,6,1,5,Median,Median,16.1,29.1,135060000,10765000,124290000,20220000,7871100,12348000,114840000,2893700,111940000,,,,155,218;1022;1286;1433;1434;1657;1658;2305;2372;2504;4448,True;True;True;True;True;True;True;True;True;True;True,222;1051;1321;1473;1474;1701;1702;2368;2435;2571;4601,318;1515;1516;1888;2125;2126;2127;2458;2459;2460;3418;3515;3717;3718;6799,442;443;2171;2172;2173;2174;2717;3067;3068;3069;3569;3570;3571;4967;5096;5375;5376;9980,442;2172;2717;3068;3069;3569;3571;4967;5096;5375;9980,,
sp|P0CX38|RS6B_YEAST;sp|P0CX37|RS6A_YEAST,sp|P0CX38|RS6B_YEAST;sp|P0CX37|RS6A_YEAST,17;17,17;17,17;17,;,2,17,17,17,8,17,8,17,8,17,67.8,67.8,67.8,26.996,236,236;236,0,79.913,11.619,4.9148,170.19,13,13,Median,5.8867,11.619,1.1575,7.4215,179,160.4,4,9,4,9,Median,Median,43.2,67.8,276170000,13830000,262340000,70793000,3427100,67366000,205380000,10403000,194980000,,,,156,808;1209;1619;1620;1636;1812;2297;2500;2578;2652;2921;3071;3072;3625;3727;3977;4280,True;True;True;True;True;True;True;True;True;True;True;True;True;True;True;True;True,833;1243;1660;1661;1680;1860;2360;2567;2653;2654;2738;3018;3169;3170;3746;3851;4113;4426,1205;1787;1788;2395;2396;2430;2684;2685;2686;3405;3406;3711;3852;3853;3854;3855;3856;3986;3987;4420;4638;4639;4640;5460;5461;5647;5648;6074;6542;6543,1745;2583;2584;3464;3465;3526;3527;3896;3897;3898;3899;4952;4953;4954;4955;5367;5548;5549;5550;5551;5552;5553;5554;5555;5734;5735;5736;6367;6368;6654;6655;6656;6657;6658;6659;7831;7832;8200;8201;8202;8203;8204;8900;9607;9608,1745;2583;3464;3465;3526;3896;4954;5367;5551;5736;6368;6654;6657;7831;8202;8900;9608,64,1
sp|P0CX40|RS8B_YEAST;sp|P0CX39|RS8A_YEAST,sp|P0CX40|RS8B_YEAST;sp|P0CX39|RS8A_YEAST,9;9,9;9,9;9,;,2,9,9,9,4,8,4,8,4,8,49,49,49,22.489,200,200;200,0,70.645,NaN,NaN,NaN,1,1,Median,NaN,NaN,NaN,NaN,NaN,NaN,0,1,0,1,Median,Median,29.5,49,197820000,6720500,191100000,34950000,0,34950000,162870000,6720500,156150000,,,,157,28;29;1042;1394;1395;1457;1459;2838;3888,True;True;True;True;True;True;True;True;True,28;29;1072;1433;1434;1497;1499;2934;4019,41;42;43;44;45;1547;2068;2069;2070;2164;2167;4281;4282;4283;4284;4285;4286;4287;4288;4289;4290;4291;4292;5924;5925,57;58;59;60;61;62;2222;2999;3000;3001;3002;3003;3004;3112;3113;3114;3118;6164;6165;6166;6167;6168;6169;6170;6171;6172;6173;6174;6175;6176;6177;8658;8659;8660,57;59;2222;2999;3002;3113;3118;6174;8659,,
sp|P0CX42|RL23B_YEAST;sp|P0CX41|RL23A_YEAST,sp|P0CX42|RL23B_YEAST;sp|P0CX41|RL23A_YEAST,8;8,8;8,8;8,;,2,8,8,8,3,6,3,6,3,6,60.6,60.6,60.6,14.473,137,137;137,0,48.281,18.767,6.8052,106,2,1,Median,NaN,18.767,NaN,6.8052,NaN,106,0,2,0,1,Median,Median,38,47.4,92127000,1144600,90983000,13353000,0,13353000,78774000,1144600,77629000,,,,158,807;1292;1642;1926;3298;3299;4230;4231,True;True;True;True;True;True;True;True,832;1327;1686;1978;3405;3406;4376;4377,1204;1897;1898;1899;1900;2438;2851;4974;4975;6471;6472;6473,1743;1744;2728;2729;2730;2731;2732;3541;4118;7123;7124;7125;7126;7127;9498;9499;9500,1744;2730;3541;4118;7123;7126;9498;9499,,
sp|P0CX44|RL1B_YEAST;sp|P0CX43|RL1A_YEAST,sp|P0CX44|RL1B_YEAST;sp|P0CX43|RL1A_YEAST,16;16,16;16,16;16,;,2,16,16,16,10,13,10,13,10,13,52.5,52.5,52.5,24.485,217,217;217,0,61.215,62.341,5.1582,140.63,8,8,Linear,40.4,17.39,2.0499,14.949,149.88,115.01,4,4,4,4,Linear,Median,52.5,41.5,290710000,3156800,287550000,90134000,1269200,88864000,200580000,1887600,198690000,,,,159,167;867;909;910;1680;1681;1949;1950;2236;3000;3105;3203;3204;3527;4319;4558,True;True;True;True;True;True;True;True;True;True;True;True;True;True;True;True,169;893;935;936;1724;1725;2004;2005;2297;3097;3204;3304;3305;3306;3644;3645;4466;4712,246;247;248;249;1289;1345;1346;2489;2490;2491;2891;2892;2893;3318;4536;4537;4691;4825;4826;4827;4828;4829;4830;5310;5311;5312;5313;6595;6961,344;345;346;347;348;349;350;1851;1918;1919;3605;3606;3607;3608;4200;4201;4202;4814;6519;6520;6737;6918;6919;6920;6921;6922;6923;6924;6925;6926;7620;7621;7622;7623;7624;9675;10201,348;1851;1918;1919;3605;3608;4201;4202;4814;6519;6737;6922;6926;7622;9675;10201,65;66,85;210
sp|P0CX46|RL2B_YEAST;sp|P0CX45|RL2A_YEAST,sp|P0CX46|RL2B_YEAST;sp|P0CX45|RL2A_YEAST,16;16,16;16,16;16,;,2,16,16,16,1,16,1,16,1,16,79.5,79.5,79.5,27.408,254,254;254,0,83.188,27.631,10.02,84.162,5,5,Median,NaN,27.631,NaN,10.02,NaN,84.162,0,5,0,5,Median,Median,5.5,79.5,220130000,1348600,218780000,961440,0,961440,219170000,1348600,217820000,,,,160,391;392;398;410;1182;1239;1317;1324;2344;2345;2352;2931;3762;3826;4279;4357,True;True;True;True;True;True;True;True;True;True;True;True;True;True;True;True,406;407;413;426;1216;1273;1352;1359;2407;2408;2415;3028;3889;3955;4425;4506,587;588;596;618;1749;1830;1936;1943;3473;3474;3475;3484;4434;4435;5716;5831;6541;6654,854;855;856;865;866;891;2531;2532;2533;2643;2644;2782;2794;5043;5044;5045;5046;5060;6382;6383;8330;8530;9606;9754,854;855;866;891;2531;2643;2782;2794;5044;5046;5060;6383;8330;8530;9606;9754,,
sp|P0CX48|RS11B_YEAST;sp|P0CX47|RS11A_YEAST,sp|P0CX48|RS11B_YEAST;sp|P0CX47|RS11A_YEAST,13;13,13;13,13;13,;,2,13,13,13,4,13,4,13,4,13,69.2,69.2,69.2,17.749,156,156;156,0,66.407,71.881,1.5676,231.99,5,4,Linear,40.199,65.008,0.59621,39.82,136.71,236.16,2,3,1,3,Median,Plateau,35.9,69.2,401640000,5409700,396230000,165340000,2874800,162470000,236300000,2534900,233770000,,,,161,127;528;529;1580;1758;2844;2845;3555;3556;3557;3669;3960;4273,True;True;True;True;True;True;True;True;True;True;True;True;True,128;544;545;1620;1805;2940;2941;3674;3675;3676;3791;4095;4419,189;789;790;791;2337;2338;2604;2605;2606;4305;4306;5352;5353;5354;5355;5356;5534;5535;6045;6534,262;1128;1129;1130;3362;3363;3364;3365;3366;3792;3793;3794;3795;6218;6219;6220;7684;7685;7686;7687;7688;7689;7690;7939;7940;7941;7942;7943;7944;8848;9597,262;1128;1130;3362;3793;6218;6219;7684;7685;7686;7940;8848;9597,,
sp|P0CX50|RL18B_YEAST;sp|P0CX49|RL18A_YEAST,sp|P0CX50|RL18B_YEAST;sp|P0CX49|RL18A_YEAST,8;8,8;8,8;8,;,2,8,8,8,1,7,1,7,1,7,45.7,45.7,45.7,20.563,186,186;186,0,16.455,1.1419,1.4065,134,3,3,Plateau,NaN,0.48832,NaN,0.58575,NaN,172.18,1,2,1,2,Median,Median,8.1,44.6,61818000,27429000,34389000,13544000,9142400,4402100,48273000,18287000,29987000,,,,162,160;1278;1279;1410;1602;3928;3929;3965,True;True;True;True;True;True;True;True,162;1313;1314;1450;1643;4059;4060;4100,235;1879;1880;2092;2374;5988;5989;5990;6054,330;2706;2707;3027;3425;8754;8755;8756;8860;8861;8862;8863;8864,330;2706;2707;3027;3425;8754;8756;8860,,
sp|P0CX52|RS16B_YEAST;sp|P0CX51|RS16A_YEAST,sp|P0CX52|RS16B_YEAST;sp|P0CX51|RS16A_YEAST,16;16,16;16,16;16,;,2,16,16,16,4,15,4,15,4,15,68.5,68.5,68.5,15.847,143,143;143,0,66.109,43.755,22.554,108.02,4,4,Linear,NaN,43.755,NaN,22.554,NaN,108.02,0,4,0,4,Median,Linear,31.5,68.5,182770000,3128400,179650000,42226000,0,42226000,140550000,3128400,137420000,,,,163,1090;1135;1246;1247;3196;3197;3834;4240;4241;4283;4322;4323;4395;4396;4590;4591,True;True;True;True;True;True;True;True;True;True;True;True;True;True;True;True,1120;1167;1280;1281;3297;3298;3963;4386;4387;4429;4469;4470;4544;4545;4744;4745,1619;1687;1839;1840;4818;4819;5840;6484;6485;6547;6600;6601;6712;6713;6714;7003;7004;7005;7006,2337;2338;2428;2653;2654;6910;6911;6912;8543;9523;9524;9525;9526;9613;9681;9682;9683;9844;9845;9846;9847;9848;9849;10259;10260;10261;10262,2338;2428;2653;2654;6910;6911;8543;9523;9525;9613;9681;9683;9844;9849;10259;10262,,
sp|P0CX54|RL12B_YEAST;sp|P0CX53|RL12A_YEAST,sp|P0CX54|RL12B_YEAST;sp|P0CX53|RL12A_YEAST,10;10,10;10,10;10,;,2,10,10,10,3,10,3,10,3,10,61.2,61.2,61.2,17.822,165,165;165,0,38.505,37.783,21.722,66.347,2,2,Median,NaN,37.783,NaN,21.722,NaN,66.347,0,2,0,2,Median,Median,39.4,61.2,115870000,411130,115460000,16209000,0,16209000,99664000,411130,99253000,,,,164,473;474;475;875;1375;1376;1377;1500;3273;4094,True;True;True;True;True;True;True;True;True;True,489;490;491;901;1413;1414;1415;1416;1540;3380;4235,706;707;708;1298;1299;1300;2039;2040;2041;2042;2043;2226;2227;4939;6257,1009;1010;1011;1012;1013;1864;1865;1866;2950;2951;2952;2953;2954;2955;2956;2957;3210;3211;7078;7079;9156,1009;1011;1013;1864;2950;2951;2956;3210;7078;9156,67,116
sp|P0CX56|RS18B_YEAST;sp|P0CX55|RS18A_YEAST,sp|P0CX56|RS18B_YEAST;sp|P0CX55|RS18A_YEAST,6;6,6;6,6;6,;,2,6,6,6,2,4,2,4,2,4,35.6,35.6,35.6,17.037,146,146;146,0,64.362,NaN,NaN,NaN,1,1,Median,NaN,NaN,NaN,NaN,NaN,NaN,0,1,0,1,Median,Median,26,35.6,88638000,15300,88623000,9973600,0,9973600,78664000,15300,78649000,,,,165,770;771;2251;3426;3427;4579,True;True;True;True;True;True,792;793;2312;3539;3540;4733,1144;1145;3336;5166;5167;6988,1642;1643;1644;4835;4836;4837;7422;7423;7424;10239;10240;10241;10242,1643;1644;4836;7422;7424;10239,,
sp|P0CX73|YP11A_YEAST;sp|P0CX72|YL12A_YEAST;sp|P0CX71|YE11A_YEAST;sp|P0CX70|YD15A_YEAST;sp|Q6Q5H1|YP14A_YEAST;sp|P0C2I8|YL14A_YEAST;sp|Q92392|YO11A_YEAST,sp|P0CX73|YP11A_YEAST;sp|P0CX72|YL12A_YEAST;sp|P0CX71|YE11A_YEAST;sp|P0CX70|YD15A_YEAST;sp|Q6Q5H1|YP14A_YEAST;sp|P0C2I8|YL14A_YEAST;sp|Q92392|YO11A_YEAST,13;13;13;13;11;11;10,1;1;1;1;1;1;1,0;0;0;0;0;0;0,;;;;;;,7,13,1,0,10,12,1,1,0,0,36.6,4.8,0,48.953,440,440;440;440;440;440;440;440,0,7.4366,NaN,NaN,NaN,1,1,Median,NaN,NaN,NaN,NaN,NaN,NaN,0,1,0,1,Median,Median,33.9,32.5,26328000,650200,25677000,11312000,0,11312000,15015000,650200,14365000,,,,166,189;675;969;1955;2553;2554;2671;3590;3592;3685;3984;4329;4600,False;False;False;False;False;False;False;False;True;False;False;False;False,193;694;997;2010;2627;2628;2629;2758;3709;3711;3807;4121;4476;4754,281;1003;1435;1436;2900;2901;3817;3818;3819;3820;4014;4015;4016;4017;4018;4019;4020;5402;5403;5406;5407;5408;5409;5556;5557;5558;6085;6086;6608;7018,389;390;391;392;1426;2048;2049;4210;4211;4212;5507;5508;5509;5510;5511;5512;5774;5775;5776;5777;5778;5779;5780;5781;5782;7750;7751;7752;7753;7756;7757;7758;7759;7976;7977;7978;7979;7980;8915;8916;8917;9692;10279,389;1426;2049;4212;5507;5510;5780;7750;7758;7978;8917;9692;10279,3,1
sp|P0CX83|RL19B_YEAST;sp|P0CX82|RL19A_YEAST,sp|P0CX83|RL19B_YEAST;sp|P0CX82|RL19A_YEAST,12;12,12;12,12;12,;,2,12,12,12,2,11,2,11,2,11,49.7,49.7,49.7,21.704,189,189;189,0,47.044,89.045,61.212,224.85,4,4,Median,NaN,89.045,NaN,61.212,NaN,224.85,0,4,0,4,Median,Median,15.9,45.5,283650000,11856000,271790000,6552300,0,6552300,277100000,11856000,265240000,,,,167,63;285;793;1371;3019;3029;3080;3081;3082;4386;4387;4388,True;True;True;True;True;True;True;True;True;True;True;True,63;290;818;1408;3116;3126;3178;3179;3180;4535;4536;4537,92;425;1183;2034;4563;4579;4653;4654;4655;6699;6700;6701;6702,133;603;1714;2945;6548;6549;6550;6551;6552;6553;6554;6573;6574;6575;6576;6676;6677;6678;6679;9824;9825;9826;9827;9828;9829;9830;9831;9832;9833,133;603;1714;2945;6548;6574;6676;6677;6678;9824;9826;9829,,
sp|P0CX85|RL35B_YEAST;sp|P0CX84|RL35A_YEAST,sp|P0CX85|RL35B_YEAST;sp|P0CX84|RL35A_YEAST,11;11,11;11,11;11,;,2,11,11,11,6,10,6,10,6,10,65.8,65.8,65.8,13.909,120,120;120,0,41.051,20.682,7.9797,200.41,6,6,Median,18.434,23.204,4.3919,8.4142,241.92,144.39,3,3,3,3,Median,Median,43.3,57.5,136140000,2003900,134140000,29742000,662520,29080000,106400000,1341300,105060000,,,,168,516;891;929;1033;1034;1035;1786;1885;2399;3318;3361,True;True;True;True;True;True;True;True;True;True;True,532;917;957;1063;1064;1065;1834;1936;2464;3425;3471,774;775;1320;1379;1380;1534;1535;1536;1537;1538;2644;2645;2793;3554;5000;5070;5071,1110;1111;1890;1891;1892;1967;1968;2203;2204;2205;2206;2207;2208;2209;2210;2211;2212;3848;3849;4040;5146;7162;7163;7278;7279;7280,1110;1890;1968;2203;2204;2205;3848;4040;5146;7163;7279,,
sp|P10080|SSBP1_YEAST,sp|P10080|SSBP1_YEAST,2,2,2,,1,2,2,2,1,1,1,1,1,1,14.6,14.6,14.6,32.989,294,294,0,16.485,NaN,NaN,NaN,0,0,Median,NaN,NaN,NaN,NaN,NaN,NaN,0,0,0,0,Median,Median,4.8,9.9,3410800,0,3410800,1166200,0,1166200,2244600,0,2244600,,,,169,747;3158,True;True,769;3257,1109;4766,1580;6839,1580;6839,,
sp|P10081|IF4A_YEAST,sp|P10081|IF4A_YEAST,11,11,11,,1,11,11,11,3,11,3,11,3,11,38,38,38,44.697,395,395,0,80.663,12.78,8.163,72.13,5,5,Median,NaN,9.9803,NaN,7.2901,NaN,65.713,1,4,1,4,Median,Median,10.9,38,235680000,1294500,234390000,9696300,34642,9661600,225990000,1259800,224730000,,,,170,219;1107;1153;1232;1316;1441;1572;1829;3306;4048;4049,True;True;True;True;True;True;True;True;True;True;True,223;1138;1185;1266;1351;1481;1612;1877;3413;4188;4189,319;1647;1648;1711;1821;1934;1935;2139;2140;2327;2707;4983;6178;6179;6180;6181,444;445;446;447;448;2373;2374;2459;2460;2624;2776;2777;2778;2779;2780;2781;3084;3085;3348;3349;3926;7136;9053;9054;9055;9056;9057;9058,444;2374;2459;2624;2777;3084;3348;3926;7136;9053;9058,,
sp|P10363|PRI1_YEAST,sp|P10363|PRI1_YEAST,1,1,1,,1,1,1,1,1,1,1,1,1,1,1.7,1.7,1.7,47.69,409,409,0.0014065,1.1037,67.083,6.5292,174.55,2,2,Median,NaN,NaN,NaN,NaN,NaN,NaN,1,1,1,1,Median,Median,1.7,1.7,29916000,425290,29491000,13729000,118330,13610000,16188000,306960,15881000,,,,171,2900,TRUE,2996,4384;4385,6321;6322,6321,,
sp|P10591|HSP71_YEAST;sp|P22202|HSP74_YEAST;sp|P09435|HSP73_YEAST,sp|P10591|HSP71_YEAST,48;11;8,11;0;0,11;0;0,,3,48,11,11,26,38,9,6,9,6,61.5,18.5,18.5,69.656,642,642;642;649,0,61.587,NaN,NaN,NaN,1,1,Median,NaN,NaN,NaN,NaN,NaN,NaN,0,1,0,1,Median,Median,46,56.2,99389000,301190,99088000,32849000,0,32849000,66540000,301190,66239000,,,,172,367;368;412;591;592;707;817;820;913;944;945;1037;1043;1536;1665;1666;1764;1893;2029;2081;2082;2170;2191;2192;2206;2576;2624;2696;2697;2698;2777;2780;2781;2782;2818;2820;2891;3094;3244;3488;3489;3574;3811;3872;3923;4235;4236;4237,False;False;False;False;False;False;False;True;True;False;False;False;False;False;False;False;False;True;False;True;True;False;False;False;True;False;False;False;False;False;True;False;False;False;False;True;False;True;True;False;False;False;False;False;True;False;False;False,380;381;428;608;609;727;842;845;939;972;973;1067;1073;1576;1709;1710;1811;1944;2084;2136;2137;2228;2249;2250;2264;2651;2706;2707;2785;2786;2787;2788;2871;2872;2875;2876;2877;2914;2916;2987;3192;3193;3349;3604;3605;3693;3939;4003;4054;4381;4382;4383,552;553;620;621;877;878;1051;1217;1221;1351;1352;1401;1402;1403;1404;1540;1548;2278;2468;2469;2470;2614;2804;3014;3015;3091;3092;3221;3222;3249;3250;3251;3269;3849;3850;3934;3935;3936;3937;3938;3939;3940;4054;4055;4056;4057;4058;4059;4188;4189;4190;4191;4192;4196;4197;4198;4199;4200;4201;4250;4251;4255;4256;4370;4673;4674;4675;4676;4892;5252;5253;5254;5255;5256;5257;5379;5807;5808;5901;5902;5981;6477;6478;6479,801;802;893;894;1253;1254;1493;1761;1765;1925;1926;1994;1995;1996;1997;1998;1999;2000;2001;2214;2223;2224;2225;2226;2227;2228;2229;3278;3279;3280;3281;3282;3580;3581;3582;3583;3803;4052;4364;4365;4366;4367;4470;4471;4681;4682;4683;4716;4717;4718;4719;4742;5545;5546;5665;5666;5667;5668;5669;5670;5671;5672;5673;5674;5838;5839;5840;5841;5842;5843;5844;5845;5846;5847;5848;5849;5850;5851;5852;5853;6040;6041;6042;6043;6044;6045;6046;6050;6051;6052;6053;6054;6055;6056;6057;6058;6059;6060;6122;6123;6128;6129;6130;6306;6704;6705;6706;6707;6708;6709;6710;7013;7541;7542;7543;7544;7545;7546;7547;7548;7715;7716;8483;8484;8485;8629;8630;8742;8743;9504;9505;9506;9507;9508;9509;9510;9511;9512,801;802;893;1253;1254;1493;1761;1765;1925;1994;2001;2214;2226;3279;3580;3581;3803;4052;4365;4470;4471;4681;4716;4718;4742;5545;5666;5838;5842;5853;6043;6050;6053;6059;6122;6129;6306;6709;7013;7542;7548;7715;8484;8630;8742;9504;9507;9510,68;69;70;71;72,59;85;120;125;515
sp|P10592|HSP72_YEAST,sp|P10592|HSP72_YEAST,48,48,11,,1,48,48,11,25,39,25,39,8,7,61.2,61.2,18,69.469,639,639,0,323.31,15.714,18.181,154.29,21,19,Median,50.192,14.801,18.769,15.199,142.91,160.75,7,14,6,13,Median,Median,46,57.3,1260800000,19474000,1241400000,477100000,4557200,472540000,783740000,14917000,768820000,,,,173,93;94;367;368;412;591;592;707;817;914;944;945;1037;1043;1536;1665;1666;1736;1737;1764;1894;2029;2170;2191;2192;2576;2624;2695;2696;2697;2698;2776;2780;2781;2782;2818;2819;2891;3095;3265;3488;3489;3574;3811;3872;4235;4236;4237,True;True;True;True;True;True;True;True;True;True;True;True;True;True;True;True;True;True;True;True;True;True;True;True;True;True;True;True;True;True;True;True;True;True;True;True;True;True;True;True;True;True;True;True;True;True;True;True,94;95;380;381;428;608;609;727;842;940;941;972;973;1067;1073;1576;1709;1710;1782;1783;1811;1945;2084;2228;2249;2250;2651;2706;2707;2784;2785;2786;2787;2788;2869;2870;2875;2876;2877;2914;2915;2987;3194;3372;3604;3605;3693;3939;4003;4381;4382;4383,137;138;552;553;620;621;877;878;1051;1217;1353;1354;1401;1402;1403;1404;1540;1548;2278;2468;2469;2470;2570;2571;2572;2573;2614;2805;2806;3014;3015;3221;3222;3249;3250;3251;3849;3850;3934;3935;3936;3937;3938;3939;3940;4053;4054;4055;4056;4057;4058;4059;4180;4181;4182;4183;4184;4185;4186;4187;4196;4197;4198;4199;4200;4201;4250;4251;4252;4253;4254;4370;4677;4928;5252;5253;5254;5255;5256;5257;5379;5807;5808;5901;5902;6477;6478;6479,195;196;801;802;893;894;1253;1254;1493;1761;1927;1928;1929;1994;1995;1996;1997;1998;1999;2000;2001;2214;2223;2224;2225;2226;2227;2228;2229;3278;3279;3280;3281;3282;3580;3581;3582;3583;3751;3752;3753;3754;3755;3756;3803;4053;4054;4055;4056;4364;4365;4366;4367;4681;4682;4683;4716;4717;4718;4719;5545;5546;5665;5666;5667;5668;5669;5670;5671;5672;5673;5674;5835;5836;5837;5838;5839;5840;5841;5842;5843;5844;5845;5846;5847;5848;5849;5850;5851;5852;5853;6015;6016;6017;6018;6019;6020;6021;6022;6023;6024;6025;6026;6027;6028;6029;6030;6031;6032;6033;6034;6035;6036;6037;6038;6039;6050;6051;6052;6053;6054;6055;6056;6057;6058;6059;6060;6122;6123;6124;6125;6126;6127;6306;6711;6712;6713;7067;7541;7542;7543;7544;7545;7546;7547;7548;7715;7716;8483;8484;8485;8629;8630;9504;9505;9506;9507;9508;9509;9510;9511;9512,195;196;801;802;893;1253;1254;1493;1761;1929;1994;2001;2214;2226;3279;3580;3581;3751;3752;3803;4056;4365;4681;4716;4718;5545;5666;5835;5838;5842;5853;6024;6050;6053;6059;6122;6124;6306;6711;7067;7542;7548;7715;8484;8630;9504;9507;9510,68;69;70;73;74,59;120;125;515;602
sp|P10614|CP51_YEAST,sp|P10614|CP51_YEAST,1,1,1,,1,1,1,1,1,0,1,0,1,0,2.3,2.3,2.3,60.719,530,530,0,1.7047,NaN,NaN,NaN,0,0,Median,NaN,NaN,NaN,NaN,NaN,NaN,0,0,0,0,Median,Median,2.3,0,2076700,0,2076700,2076700,0,2076700,0,0,0,,,,174,3649,TRUE,3770,5499,7885;7886,7885,,
sp|P10622|RLA3_YEAST,sp|P10622|RLA3_YEAST,2,2,2,,1,2,2,2,2,1,2,1,2,1,47.2,47.2,47.2,10.667,106,106,0,24.123,NaN,NaN,NaN,1,1,Median,NaN,NaN,NaN,NaN,NaN,NaN,1,0,1,0,Median,Median,47.2,15.1,147520000,406140,147120000,72430000,406140,72023000,75093000,0,75093000,,,,175,19;876,True;True,19;902,28;29;1301,36;37;38;39;40;41;1867;1868,38;1867,,
sp|P10659|METK1_YEAST,sp|P10659|METK1_YEAST,15,15,7,,1,15,15,7,12,10,12,10,5,4,48.7,48.7,25.1,41.818,382,382,0,72.37,6.4751,2.2211,208.32,8,8,Median,10.24,4.063,0.82094,5.2948,268.12,128.49,4,4,4,4,Median,Median,45.3,33.8,139300000,4080900,135220000,71049000,1138500,69910000,68254000,2942400,65311000,,,,176,351;714;894;1516;1547;2687;3211;3245;3422;3699;3766;3885;4147;4491;4492,True;True;True;True;True;True;True;True;True;True;True;True;True;True;True,363;734;920;1556;1587;2776;3314;3350;3534;3821;3893;4016;4292;4645;4646,527;1059;1323;1324;2249;2250;2251;2293;4042;4043;4841;4842;4893;5158;5159;5584;5585;5721;5722;5921;6345;6866;6867;6868;6869,768;1502;1895;1896;1897;3240;3241;3242;3243;3244;3301;5814;5815;5816;5817;6944;6945;6946;7014;7409;7410;8027;8028;8029;8338;8339;8340;8653;9310;9311;9312;10084;10085;10086;10087,768;1502;1895;3242;3301;5816;6944;7014;7410;8027;8338;8653;9311;10084;10085,,
sp|P10664|RL4A_YEAST,sp|P10664|RL4A_YEAST,29,29,1,,1,29,29,1,7,29,7,29,1,1,72.7,72.7,4.4,39.092,362,362,0,139.9,70.967,293.42,172.78,22,21,Linear,75.097,45.7,5.0206,45.68,247.82,144.39,6,16,6,15,Median,Plateau,27.6,72.7,834480000,7514000,826970000,146280000,1728200,144550000,688200000,5785900,682410000,,,,177,164;165;296;459;460;471;802;1160;1226;1268;1538;1606;2038;2735;2841;3058;3108;3141;3303;3304;3778;3812;3813;4100;4101;4117;4118;4428;4436,True;True;True;True;True;True;True;True;True;True;True;True;True;True;True;True;True;True;True;True;True;True;True;True;True;True;True;True;True,166;167;301;475;476;487;827;1192;1260;1303;1578;1647;2093;2826;2937;3156;3207;3240;3410;3411;3905;3940;3941;4241;4242;4258;4259;4581;4589,240;241;242;243;440;684;685;702;703;1196;1197;1722;1812;1865;2281;2379;2380;3027;3028;4111;4112;4295;4621;4699;4744;4979;4980;5740;5741;5742;5809;5810;6264;6265;6266;6286;6287;6288;6768;6779,335;336;337;338;339;624;625;626;973;974;975;976;999;1000;1001;1002;1003;1729;1730;1731;1732;1733;2473;2615;2683;3287;3288;3289;3430;3431;4381;4382;4383;4384;4385;4386;4387;4388;5919;5920;6180;6181;6633;6634;6745;6746;6804;6805;7131;7132;7133;8370;8371;8372;8373;8374;8375;8376;8377;8486;8487;8488;8489;9165;9166;9167;9168;9169;9201;9202;9203;9204;9205;9938;9954,335;338;625;973;976;1002;1729;2473;2615;2683;3287;3430;4386;5919;6180;6633;6745;6804;7131;7132;8370;8487;8488;9166;9168;9201;9202;9938;9954,,
sp|P10964|RPA1_YEAST,sp|P10964|RPA1_YEAST,14,14,14,,1,14,14,14,8,9,8,9,8,9,12.7,12.7,12.7,186.43,1664,1664,0,28.254,NaN,NaN,NaN,1,1,Median,NaN,NaN,NaN,NaN,NaN,NaN,0,1,0,1,Median,Median,7.5,7.7,23307000,615700,22692000,11989000,0,11989000,11318000,615700,10702000,,,,178,242;401;681;1297;1952;2125;2337;2893;3348;3776;3912;4233;4503;4548,True;True;True;True;True;True;True;True;True;True;True;True;True;True,247;417;700;1332;2007;2182;2400;2989;3456;3903;4043;4379;4657;4702,350;606;1015;1016;1910;2896;3162;3163;3464;4373;5046;5047;5737;5966;6475;6883;6948,489;877;1446;1447;2747;4206;4603;4604;4605;4606;5033;6309;7240;7241;8365;8722;9502;10106;10187,489;877;1447;2747;4206;4604;5033;6309;7240;8365;8722;9502;10106;10187,,
sp|P19146|ARF2_YEAST;sp|P11076|ARF1_YEAST,sp|P19146|ARF2_YEAST;sp|P11076|ARF1_YEAST,1;1,1;1,1;1,;,2,1,1,1,0,1,0,1,0,1,5.5,5.5,5.5,20.657,181,181;181,0.0099626,0.38757,NaN,NaN,NaN,0,0,Median,NaN,NaN,NaN,NaN,NaN,NaN,0,0,0,0,Median,Median,0,5.5,1298800,0,1298800,0,0,0,1298800,0,1298800,,,,179,1483,TRUE,1523,2203,3167,3167,,
sp|P11154|PYC1_YEAST;sp|P32327|PYC2_YEAST,sp|P11154|PYC1_YEAST;sp|P32327|PYC2_YEAST,4;3,4;3,4;3,;,2,4,4,4,2,4,2,4,2,4,6.9,6.9,6.9,130.1,1178,1178;1180,0,8.364,5.0632,6.5981,128.83,3,3,Median,NaN,2.5345,NaN,2.3123,NaN,148.28,1,2,1,2,Median,Median,2,6.9,18658000,3020300,15637000,4210800,176030,4034800,14447000,2844300,11603000,,,,180,2736;3028;3450;4355,True;True;True;True,2827;3125;3566;4504,4113;4577;4578;5203;6651;6652,5921;6571;6572;7475;9750;9751;9752,5921;6571;7475;9750,,
sp|P11412|G6PD_YEAST,sp|P11412|G6PD_YEAST,2,2,2,,1,2,2,2,1,2,1,2,1,2,4.8,4.8,4.8,57.521,505,505,0,8.6928,NaN,NaN,NaN,0,0,Median,NaN,NaN,NaN,NaN,NaN,NaN,0,0,0,0,Median,Median,1.8,4.8,3417300,0,3417300,1977300,0,1977300,1440000,0,1440000,,,,181,2832;3240,True;True,2928;3345,4273;4885;4886,6154;7003;7004;7005,6154;7004,,
sp|P40150|SSB2_YEAST;sp|P11484|SSB1_YEAST,sp|P40150|SSB2_YEAST;sp|P11484|SSB1_YEAST,41;41,41;41,41;41,;,2,41,41,41,18,38,18,38,18,38,59.2,59.2,59.2,66.594,613,613;613,0,323.31,71.352,10.342,239.02,25,25,Plateau,47.941,182.09,3.1282,11.245,336.63,119.46,10,15,10,15,Median,Linear,36.4,57.4,1403400000,34465000,1368900000,492980000,24109000,468870000,910440000,10355000,900080000,,,,182,8;111;366;479;480;481;588;925;1444;1445;1537;1901;2269;2270;2629;2630;2631;2774;2775;2828;2829;2831;2970;2971;3041;3042;3331;3472;3473;3530;3531;3575;3576;3586;3587;3738;3739;3759;3760;3969;4128,True;True;True;True;True;True;True;True;True;True;True;True;True;True;True;True;True;True;True;True;True;True;True;True;True;True;True;True;True;True;True;True;True;True;True;True;True;True;True;True;True,8;112;379;495;496;497;605;953;1484;1485;1577;1952;2331;2332;2713;2714;2715;2716;2717;2867;2868;2924;2925;2927;3067;3068;3138;3139;3438;3588;3589;3648;3649;3694;3695;3705;3706;3863;3864;3865;3866;3886;3887;4105;4269,12;13;166;550;551;713;714;715;716;717;874;1372;2143;2144;2145;2279;2280;2816;3365;3366;3367;3368;3947;3948;3949;3950;3951;3952;3953;3954;3955;4176;4177;4178;4179;4269;4270;4272;4489;4490;4597;4598;5018;5019;5229;5230;5231;5318;5319;5380;5381;5382;5383;5396;5397;5398;5668;5669;5670;5671;5672;5673;5674;5675;5676;5677;5678;5679;5680;5713;5714;6059;6060;6300;6301,17;18;19;238;798;799;800;1018;1019;1020;1021;1022;1023;1024;1025;1026;1248;1249;1250;1958;3088;3089;3090;3283;3284;3285;3286;4066;4067;4883;4884;4885;4886;4887;4888;4889;4890;4891;4892;5681;5682;5683;5684;5685;5686;5687;5688;5689;5690;5691;5692;5693;5694;5695;5696;5697;5698;6005;6006;6007;6008;6009;6010;6011;6012;6013;6014;6149;6150;6152;6153;6461;6462;6597;6598;7185;7186;7187;7188;7189;7190;7511;7512;7513;7514;7632;7633;7634;7635;7636;7637;7638;7717;7718;7719;7720;7721;7722;7736;7737;7738;7739;7740;7741;7742;7743;7744;8244;8245;8246;8247;8248;8249;8250;8251;8252;8253;8254;8255;8256;8257;8258;8259;8260;8261;8262;8263;8264;8265;8266;8267;8268;8269;8270;8327;8328;8869;8870;8871;8872;8873;8874;8875;8876;9223;9224;9225;9226,18;238;800;1018;1024;1026;1248;1958;3088;3090;3283;4066;4883;4886;5684;5686;5698;6005;6010;6149;6150;6152;6461;6462;6597;6598;7186;7512;7513;7632;7637;7719;7722;7740;7743;8259;8267;8327;8328;8873;9225,75;76,124;522
sp|P11632|NHP6A_YEAST,sp|P11632|NHP6A_YEAST,1,1,1,,1,1,1,1,1,0,1,0,1,0,16.1,16.1,16.1,10.802,93,93,0.0066667,0.80361,NaN,NaN,NaN,0,0,Median,NaN,NaN,NaN,NaN,NaN,NaN,0,0,0,0,Median,Median,16.1,0,835460,0,835460,835460,0,835460,0,0,0,,,,183,4423,TRUE,4573,6751,9906,9906,,
sp|P11633|NHP6B_YEAST,sp|P11633|NHP6B_YEAST,1,1,1,,1,1,1,1,0,1,0,1,0,1,13.1,13.1,13.1,11.476,99,99,0,1.6909,NaN,NaN,NaN,0,0,Median,NaN,NaN,NaN,NaN,NaN,NaN,0,0,0,0,Median,Median,0,13.1,431400,0,431400,0,0,0,431400,0,431400,,,,184,300,TRUE,305,446,632,632,,
sp|P11745|RNA1_YEAST,sp|P11745|RNA1_YEAST,5,5,5,,1,5,5,5,4,3,4,3,4,3,22.4,22.4,22.4,45.815,407,407,0,32.631,NaN,NaN,NaN,1,1,Median,NaN,NaN,NaN,NaN,NaN,NaN,1,0,1,0,Median,Median,17,14.7,30009000,78295,29930000,13441000,78295,13363000,16567000,0,16567000,,,,185,429;907;2030;2062;2451,True;True;True;True;True,445;933;2085;2117;2518,642;643;1342;3016;3017;3062;3635,918;919;1915;4368;4369;4430;5248,919;1915;4369;4430;5248,,
sp|P12385|ERF1_YEAST,sp|P12385|ERF1_YEAST,5,5,5,,1,5,5,5,3,4,3,4,3,4,12.1,12.1,12.1,49.005,437,437,0,5.0692,NaN,NaN,NaN,1,1,Median,NaN,NaN,NaN,NaN,NaN,NaN,0,1,0,1,Median,Median,8,10.1,10285000,164090,10121000,4457900,0,4457900,5826800,164090,5662700,,,,186,249;582;1873;2488;3507,True;True;True;True;True,254;599;1924;2555;3624,359;867;2775;2776;3692;5282;5283,503;1240;4022;4023;5330;7578;7579,503;1240;4023;5330;7578,,
sp|P12612|TCPA_YEAST,sp|P12612|TCPA_YEAST,4,4,4,,1,4,4,4,1,3,1,3,1,3,10.4,10.4,10.4,60.48,559,559,0,14.941,NaN,NaN,NaN,0,0,Median,NaN,NaN,NaN,NaN,NaN,NaN,0,0,0,0,Median,Median,1.4,8.9,4447000,0,4447000,800970,0,800970,3646000,0,3646000,,,,187,954;1388;1635;3477,True;True;True;True,982;1427;1679;3593,1415;2060;2429;5237,2016;2991;3525;7520,2016;2991;3525;7520,,
sp|P12683|HMDH1_YEAST;sp|P12684|HMDH2_YEAST,sp|P12683|HMDH1_YEAST;sp|P12684|HMDH2_YEAST,2;1,2;1,2;1,;,2,2,2,2,2,0,2,0,2,0,2.7,2.7,2.7,115.62,1054,1054;1045,0,2.4132,NaN,NaN,NaN,0,0,Median,NaN,NaN,NaN,NaN,NaN,NaN,0,0,0,0,Median,Median,2.7,0,853130,0,853130,853130,0,853130,0,0,0,,,,188,220;1713,True;True,224;1757,320;2536,449;3682,449;3682,,
sp|P12695|ODP2_YEAST,sp|P12695|ODP2_YEAST,8,8,8,,1,8,8,8,5,7,5,7,5,7,24.1,24.1,24.1,51.817,482,482,0,19.506,NaN,NaN,NaN,1,1,Median,NaN,NaN,NaN,NaN,NaN,NaN,1,0,1,0,Median,Median,13.9,20.5,28325000,209010,28116000,11324000,209010,11115000,17001000,0,17001000,,,,189,67;676;1234;1253;2350;2377;3139;3225,True;True;True;True;True;True;True;True,67;695;1268;1287;2413;2440;3238;3328,100;101;1004;1823;1846;3481;3482;3520;3521;4741;4742;4861,143;144;1427;2626;2660;5057;5058;5101;5102;6801;6802;6969,144;1427;2626;2660;5058;5102;6801;6969,,
sp|P12709|G6PI_YEAST,sp|P12709|G6PI_YEAST,27,27,27,,1,27,27,27,17,24,17,24,17,24,58.5,58.5,58.5,61.298,554,554,0,225.6,18.328,8.7577,174.77,15,15,Median,16.068,23.573,0.59034,9.9185,163.66,68.974,6,9,6,9,Median,Median,42.6,57.2,485470000,6828300,478640000,204810000,2692700,202110000,280660000,4135500,276530000,,,,190,96;332;789;842;843;844;1208;1266;1348;1562;1844;2000;2001;2193;2194;2585;2586;2758;2792;3627;3741;3742;3847;3848;4086;4136;4137,True;True;True;True;True;True;True;True;True;True;True;True;True;True;True;True;True;True;True;True;True;True;True;True;True;True;True,97;341;813;814;868;869;870;1242;1301;1385;1602;1892;2055;2056;2251;2252;2661;2662;2663;2849;2887;3748;3868;3869;3976;3977;4227;4278;4279,140;141;142;497;1175;1176;1177;1178;1257;1258;1259;1260;1261;1262;1263;1786;1863;1994;1995;2314;2315;2724;2974;2975;2976;3252;3253;3254;3255;3867;3868;3869;3870;3871;3872;4153;4214;5463;5684;5685;5686;5687;5861;5862;5863;6242;6243;6244;6320;6321;6322,199;200;201;202;203;721;1696;1697;1698;1699;1700;1701;1702;1703;1812;1813;1814;1815;1816;1817;1818;2582;2681;2860;2861;2862;2863;2864;2865;2866;2867;2868;3332;3333;3334;3335;3945;4316;4317;4318;4319;4320;4720;4721;4722;4723;4724;4725;5569;5570;5571;5572;5573;5574;5575;5576;5977;6079;7834;8276;8277;8278;8279;8280;8281;8282;8283;8284;8285;8286;8287;8288;8289;8290;8291;8575;8576;8577;8578;8579;9138;9139;9140;9259;9260;9261,201;721;1703;1812;1814;1816;2582;2681;2865;3334;3945;4319;4320;4720;4725;5569;5574;5977;6079;7834;8279;8286;8575;8579;9139;9259;9261,77;78,93;433
sp|P12754|EI2BD_YEAST,sp|P12754|EI2BD_YEAST,1,1,1,,1,1,1,1,1,1,1,1,1,1,2.2,2.2,2.2,70.851,651,651,0,4.11,NaN,NaN,NaN,1,1,Median,NaN,NaN,NaN,NaN,NaN,NaN,0,1,0,1,Median,Median,2.2,2.2,1535600,83818,1451800,488300,0,488300,1047300,83818,963510,,,,191,2892,TRUE,2988,4371;4372,6307;6308,6307,,
sp|P13188|SYQ_YEAST,sp|P13188|SYQ_YEAST,9,9,9,,1,9,9,9,7,2,7,2,7,2,13.7,13.7,13.7,93.132,809,809,0,19.979,NaN,NaN,NaN,1,1,Median,NaN,NaN,NaN,NaN,NaN,NaN,1,0,1,0,Median,Median,11.4,4,13149000,261050,12888000,9789100,261050,9528100,3360100,0,3360100,,,,192,539;3124;3255;3583;3909;4095;4096;4141;4293,True;True;True;True;True;True;True;True;True,556;3223;3361;3702;4040;4236;4237;4283;4439,806;4723;4911;5392;5962;6258;6259;6326;6559,1149;6777;7039;7040;7731;8718;9157;9158;9265;9630,1149;6777;7039;7731;8718;9157;9158;9265;9630,,
sp|P13298|PYRE_YEAST,sp|P13298|PYRE_YEAST,3,3,3,,1,3,3,3,3,0,3,0,3,0,16.8,16.8,16.8,24.664,226,226,0,2.2836,NaN,NaN,NaN,1,1,Median,NaN,NaN,NaN,NaN,NaN,NaN,1,0,1,0,Median,Median,16.8,0,3144100,79604,3064500,3144100,79604,3064500,0,0,0,,,,193,662;860;1119,True;True;True,681;886;1150,989;1281;1664,1409;1842;2393,1409;1842;2393,,
sp|P13382|DPOA_YEAST,sp|P13382|DPOA_YEAST,1,1,1,,1,1,1,1,0,1,0,1,0,1,1.1,1.1,1.1,166.81,1468,1468,0,3.2559,NaN,NaN,NaN,0,0,Median,NaN,NaN,NaN,NaN,NaN,NaN,0,0,0,0,Median,Median,0,1.1,631250,0,631250,0,0,0,631250,0,631250,,,,194,3137,TRUE,3236,4739,6795,6795,,
sp|P13517|CAPZB_YEAST,sp|P13517|CAPZB_YEAST,1,1,1,,1,1,1,1,1,0,1,0,1,0,4.5,4.5,4.5,32.629,287,287,0,1.8855,NaN,NaN,NaN,0,0,Median,NaN,NaN,NaN,NaN,NaN,NaN,0,0,0,0,Median,Median,4.5,0,1101600,0,1101600,1101600,0,1101600,0,0,0,,,,195,2637,TRUE,2723,3963,5707,5707,,
sp|P13663|DHAS_YEAST,sp|P13663|DHAS_YEAST,3,3,3,,1,3,3,3,1,2,1,2,1,2,14,14,14,39.543,365,365,0,24.806,NaN,NaN,NaN,1,0,Median,NaN,NaN,NaN,NaN,NaN,NaN,0,1,0,0,Median,Median,3.8,10.1,20809000,539380,20270000,1432800,0,1432800,19377000,539380,18837000,,,,196,1837;2797;2862,True;True;True,1885;2892;2958,2717;4220;4329;4330,3937;6087;6088;6248;6249;6250,3937;6087;6248,,
sp|P14020|DPM1_YEAST,sp|P14020|DPM1_YEAST,4,4,4,,1,4,4,4,2,3,2,3,2,3,33,33,33,30.362,267,267,0,11.861,6.1079,0.69544,322.59,2,2,Median,6.1079,NaN,0.69544,NaN,322.59,NaN,2,0,2,0,Median,Median,14.2,24,15762000,534420,15228000,8973400,534420,8439000,6788900,0,6788900,,,,197,1283;1900;2100;3323,True;True;True;True,1318;1951;2155;3430,1885;2815;3116;3117;5009;5010,2714;4065;4514;4515;7176;7177,2714;4065;4514;7177,,
sp|P14065|GCY1_YEAST,sp|P14065|GCY1_YEAST,1,1,1,,1,1,1,1,1,1,1,1,1,1,4.2,4.2,4.2,35.079,312,312,0,10.734,NaN,NaN,NaN,0,0,Median,NaN,NaN,NaN,NaN,NaN,NaN,0,0,0,0,Median,Median,4.2,4.2,4040500,0,4040500,2276600,0,2276600,1763900,0,1763900,,,,198,478,TRUE,494,711;712,1016;1017,1016,,
sp|P14120|RL30_YEAST,sp|P14120|RL30_YEAST,8,8,8,,1,8,8,8,6,7,6,7,6,7,75.2,75.2,75.2,11.415,105,105,0,49.256,146.75,169.09,219.98,4,4,Linear,NaN,123.48,NaN,112.64,NaN,244.43,1,3,1,3,Median,Plateau,63.8,73.3,280040000,1681000,278360000,69372000,200910,69171000,210670000,1480100,209190000,,,,199,339;2109;2184;3251;3252;3367;3822;4404,True;True;True;True;True;True;True;True,348;2164;2242;3356;3357;3358;3477;3951;4553,505;3130;3131;3240;3241;3242;4902;4903;4904;4905;4906;4907;5078;5825;5826;6724;6725,732;733;734;4532;4533;4534;4535;4536;4705;4706;4707;4708;7027;7028;7029;7030;7031;7032;7033;7034;7035;7288;8514;8515;8516;8517;9864;9865;9866;9867;9868;9869,733;4534;4706;7027;7034;7288;8516;9867,79,61
sp|P14126|RL3_YEAST,sp|P14126|RL3_YEAST,23,23,23,,1,23,23,23,13,20,13,20,13,20,62,62,62,43.757,387,387,0,88.436,16.314,14.581,233.32,16,15,Median,9.1607,195.81,8.9513,178.52,228.72,220.61,7,9,7,8,Median,Plateau,37.5,57.1,560270000,15819000,544450000,105760000,9982700,95773000,454510000,5836600,448670000,,,,200,177;188;253;615;1065;1123;1196;1287;1341;1342;1739;1904;2665;3418;3419;3420;3807;3940;3941;3981;4043;4219;4452,True;True;True;True;True;True;True;True;True;True;True;True;True;True;True;True;True;True;True;True;True;True;True,180;181;192;258;632;1095;1154;1230;1322;1378;1379;1785;1955;1956;2751;2752;3530;3531;3532;3935;4071;4072;4118;4183;4365;4606,266;267;280;364;917;1584;1585;1586;1669;1772;1889;1890;1976;1977;1978;1979;2576;2577;2819;2820;2821;2822;4004;4005;4006;4007;5154;5155;5156;5798;5799;5800;6003;6004;6081;6082;6169;6170;6451;6452;6806,372;373;388;508;509;1300;1301;2281;2282;2283;2284;2402;2403;2563;2718;2719;2720;2835;2836;2837;2838;2839;3760;3761;4070;4071;4072;4073;4074;4075;4076;5760;5761;5762;5763;5764;7405;7406;7407;8463;8464;8465;8466;8467;8776;8777;8910;8911;8912;9042;9043;9044;9045;9475;9476;9988;9989,372;388;508;1301;2283;2403;2563;2718;2836;2839;3760;4074;5760;7405;7406;7407;8465;8776;8777;8910;9042;9476;9989,80;81;82,53;308;323
sp|P14540|ALF_YEAST,sp|P14540|ALF_YEAST,24,24,24,,1,24,24,24,14,24,14,24,14,24,67.1,67.1,67.1,39.62,359,359,0,217.18,59.522,14.921,220.89,20,15,Leave out requantified,28.055,59.522,2.4204,68.868,223.03,107.27,8,12,6,9,Median,Leave out requantified,54.3,67.1,1524600000,22097000,1502500000,378610000,9608800,369000000,1146000000,12488000,1133500000,,,,201,270;735;772;773;810;825;1050;1051;1183;1184;1235;1236;1318;1769;1801;3319;3320;3384;3457;3782;3783;4243;4244;4392,True;True;True;True;True;True;True;True;True;True;True;True;True;True;True;True;True;True;True;True;True;True;True;True,275;757;794;795;796;797;835;850;1080;1081;1217;1218;1269;1270;1353;1816;1817;1849;3426;3427;3495;3573;3910;3911;4389;4390;4541,394;395;396;397;398;1093;1146;1147;1148;1149;1150;1151;1152;1207;1227;1228;1229;1557;1558;1559;1560;1561;1750;1751;1752;1753;1754;1824;1825;1826;1827;1937;2620;2621;2622;2666;5001;5002;5003;5004;5106;5107;5211;5750;5751;5752;5753;5754;5755;6487;6488;6489;6490;6706;6707,552;553;554;555;556;557;558;559;560;1554;1555;1645;1646;1647;1648;1649;1650;1651;1652;1653;1654;1655;1656;1657;1658;1659;1660;1661;1662;1663;1747;1771;1772;1773;1774;1775;1776;2241;2242;2243;2244;2245;2246;2247;2248;2249;2250;2251;2534;2535;2536;2537;2538;2539;2540;2627;2628;2629;2630;2631;2632;2633;2634;2635;2636;2637;2638;2783;2784;3810;3811;3812;3873;3874;7164;7165;7166;7167;7168;7169;7170;7320;7321;7322;7323;7324;7325;7326;7327;7328;7329;7330;7331;7332;7333;7334;7335;7336;7337;7338;7339;7340;7341;7342;7343;7487;8391;8392;8393;8394;8395;8396;8397;8398;8399;8400;9528;9529;9530;9531;9532;9533;9534;9535;9837;9838;9839,558;1554;1648;1658;1747;1774;2241;2246;2535;2537;2627;2635;2783;3810;3873;7165;7170;7326;7487;8397;8399;9530;9532;9838,83,312
sp|P14742|GFA1_YEAST,sp|P14742|GFA1_YEAST,2,2,2,,1,2,2,2,1,1,1,1,1,1,3.5,3.5,3.5,80.046,717,717,0,3.4664,NaN,NaN,NaN,0,0,Median,NaN,NaN,NaN,NaN,NaN,NaN,0,0,0,0,Median,Median,1.7,1.8,2275700,0,2275700,574060,0,574060,1701600,0,1701600,,,,202,1298;3205,True;True,1333;3307,1911;4831,2748;6927,2748;6927,,
sp|P14743|NMT_YEAST,sp|P14743|NMT_YEAST,1,1,1,,1,1,1,1,0,1,0,1,0,1,2.4,2.4,2.4,52.837,455,455,0,1.6521,NaN,NaN,NaN,1,1,Median,NaN,NaN,NaN,NaN,NaN,NaN,0,1,0,1,Median,Median,0,2.4,841850,219760,622090,0,0,0,841850,219760,622090,,,,203,2265,TRUE,2326,3358,4865,4865,,
sp|P14747|PP2B2_YEAST,sp|P14747|PP2B2_YEAST,1,1,1,,1,1,1,1,0,1,0,1,0,1,2.3,2.3,2.3,68.527,604,604,0,1.5997,NaN,NaN,NaN,0,0,Median,NaN,NaN,NaN,NaN,NaN,NaN,0,0,0,0,Median,Median,0,2.3,0,0,0,0,0,0,0,0,0,,,,204,3231,TRUE,3336,4873,6986,6986,,
sp|P14832|CYPH_YEAST,sp|P14832|CYPH_YEAST,16,16,15,,1,16,16,15,9,16,9,16,8,15,66,66,66,17.39,162,162,0,110.55,24.613,6.6059,162.36,9,8,Median,45.202,22.914,2.1397,8.309,152,154.53,4,5,3,5,Median,Median,66,66,274020000,3853400,270160000,112390000,2032200,110360000,161630000,1821200,159810000,,,,205,245;1218;1219;1913;1914;2513;2514;2515;3357;3358;3490;3658;3659;4070;4071;4146,True;True;True;True;True;True;True;True;True;True;True;True;True;True;True;True,250;1252;1253;1965;1966;2580;2581;2582;3467;3468;3606;3780;3781;4211;4212;4291,354;1800;1801;1802;2835;2836;2837;2838;3732;3733;3734;3735;5064;5065;5066;5067;5258;5259;5514;5515;5516;6217;6218;6219;6220;6221;6344,496;2597;2598;2599;2600;2601;2602;2603;4094;4095;4096;4097;4098;4099;4100;5393;5394;5395;5396;5397;5398;5399;7267;7268;7269;7270;7271;7272;7273;7274;7275;7549;7550;7551;7904;7905;7906;9102;9103;9104;9105;9106;9107;9108;9109;9110;9111;9308;9309,496;2597;2602;4097;4100;5396;5397;5398;7267;7275;7549;7905;7906;9102;9111;9308,,
sp|P14843|AROF_YEAST,sp|P14843|AROF_YEAST,3,2,2,,1,3,2,2,2,2,2,1,2,1,9.2,5.7,5.7,41.069,370,370,0,1.7385,NaN,NaN,NaN,0,0,Median,NaN,NaN,NaN,NaN,NaN,NaN,0,0,0,0,Median,Median,5.7,6.2,1939300,0,1939300,1572900,0,1572900,366420,0,366420,,,,206,53;527;638,True;False;True,53;543;655,77;788;951;952,115;1127;1360;1361,115;1127;1360,,
sp|P14904|AMPL_YEAST,sp|P14904|AMPL_YEAST,1,1,1,,1,1,1,1,0,1,0,1,0,1,6.8,6.8,6.8,57.092,514,514,0.0099133,0.36609,NaN,NaN,NaN,0,0,Median,NaN,NaN,NaN,NaN,NaN,NaN,0,0,0,0,Median,Median,0,6.8,7420400,5241000,2179400,0,0,0,7420400,5241000,2179400,,,,207,2773,TRUE,2866,4175,6004,6004,,
sp|P14907|NSP1_YEAST,sp|P14907|NSP1_YEAST,5,5,5,,1,5,5,5,4,2,4,2,4,2,15.4,15.4,15.4,86.515,823,823,0,9.2412,NaN,NaN,NaN,0,0,Median,NaN,NaN,NaN,NaN,NaN,NaN,0,0,0,0,Median,Median,13.1,6,9029000,0,9029000,6072300,0,6072300,2956600,0,2956600,,,,208,147;1761;1763;2769;3161,True;True;True;True;True,149;1808;1810;2862;3260,219;2610;2611;2613;4171;4769,307;3799;3800;3802;6000;6843,307;3800;3802;6000;6843,,
sp|P15019|TAL1_YEAST,sp|P15019|TAL1_YEAST,8,8,8,,1,8,8,8,6,6,6,6,6,6,31.3,31.3,31.3,37.036,335,335,0,43.61,113.01,19.268,327.11,4,4,Linear,30.48,30.151,4.2072,19.53,477.24,263.96,2,2,2,2,Median,Median,28.1,28.4,81914000,457600,81456000,37682000,297910,37385000,44231000,159680,44071000,,,,209,393;1120;1130;2098;2169;2290;3999;4000,True;True;True;True;True;True;True;True,408;1151;1162;2153;2227;2352;2353;4138;4139,589;590;1665;1666;1679;1680;3113;3220;3394;3395;3396;6112;6113,857;858;859;2394;2395;2396;2397;2398;2399;2419;2420;4511;4680;4938;4939;4940;8952;8953,858;2399;2420;4511;4680;4938;8952;8953,84,265
sp|P15108|HSC82_YEAST,sp|P15108|HSC82_YEAST,35,35,10,,1,35,35,10,21,28,21,28,7,7,51.9,51.9,14.9,80.899,705,705,0,197.34,38.39,7.9469,236.12,11,11,Median,40.626,21.915,0.97025,10.928,273.79,196.19,6,5,6,5,Median,Median,39,44.8,676120000,4618500,671500000,176760000,1242200,175520000,499360000,3376200,495980000,,,,210,97;217;275;276;341;342;469;636;674;836;974;1178;1920;2068;2102;2148;2149;2172;2220;2221;2222;2268;2688;2689;2723;2732;2943;3021;3067;3344;3603;3728;3773;3818;4178,True;True;True;True;True;True;True;True;True;True;True;True;True;True;True;True;True;True;True;True;True;True;True;True;True;True;True;True;True;True;True;True;True;True;True,98;221;280;281;350;351;352;353;485;653;693;861;1002;1212;1972;2123;2157;2205;2206;2230;2278;2279;2280;2281;2282;2330;2777;2778;2813;2823;3040;3118;3165;3452;3722;3723;3852;3900;3947;4323;4324,143;144;317;406;407;408;507;508;509;510;511;512;513;514;515;700;949;1002;1243;1244;1443;1745;2844;3072;3073;3119;3192;3193;3194;3224;3289;3290;3291;3292;3293;3294;3295;3364;4044;4045;4090;4091;4107;4108;4453;4454;4565;4631;5040;5041;5425;5426;5427;5649;5650;5734;5820;5821;6387;6388;6389;6390,204;205;206;207;208;209;210;440;441;570;571;572;573;574;575;576;736;737;738;739;740;741;742;743;744;745;746;747;997;1354;1355;1356;1357;1425;1795;1796;2058;2059;2522;2523;4107;4442;4443;4444;4445;4446;4517;4518;4642;4643;4644;4645;4646;4647;4686;4767;4768;4769;4770;4771;4772;4773;4774;4775;4776;4880;4881;4882;5818;5819;5889;5890;5914;5915;6404;6405;6556;6647;7232;7233;7234;7785;7786;7787;7788;7789;7790;8205;8206;8207;8208;8209;8210;8362;8505;8506;8507;8508;9373;9374;9375;9376,205;440;570;576;738;745;997;1356;1425;1795;2059;2522;4107;4446;4518;4642;4644;4686;4767;4770;4771;4881;5818;5819;5890;5915;6405;6556;6647;7233;7787;8206;8362;8508;9376,28;29;30;31;32;33,84;460;585;589;599;603
sp|P15180|SYKC_YEAST,sp|P15180|SYKC_YEAST,12,12,12,,1,12,12,12,9,7,9,7,9,7,29.6,29.6,29.6,67.958,591,591,0,43.472,49.328,60.139,6.7331,2,2,Median,NaN,NaN,NaN,NaN,NaN,NaN,1,1,1,1,Median,Median,22.3,17.8,99540000,249420,99290000,38503000,113680,38389000,61037000,135740,60902000,,,,211,4;898;1077;1404;1813;1838;2469;3052;3076;3146;4084;4294,True;True;True;True;True;True;True;True;True;True;True;True,4;924;1107;1444;1861;1886;2536;3149;3174;3245;4225;4440,5;6;1332;1601;2084;2687;2688;2718;3661;4610;4646;4647;4750;6239;6240;6560,5;6;1905;2307;2308;3018;3900;3901;3902;3903;3904;3938;5282;6613;6614;6668;6669;6815;9134;9135;9136;9631,6;1905;2307;3018;3903;3938;5282;6613;6669;6815;9134;9631,,
sp|P15303|SEC23_YEAST,sp|P15303|SEC23_YEAST,1,1,1,,1,1,1,1,0,1,0,1,0,1,1.6,1.6,1.6,85.384,768,768,0,1.96,NaN,NaN,NaN,1,1,Median,NaN,NaN,NaN,NaN,NaN,NaN,0,1,0,1,Median,Median,0,1.6,1268800,41778,1227000,0,0,0,1268800,41778,1227000,,,,212,1078,TRUE,1108,1602,2309,2309,,
sp|P15454|KGUA_YEAST,sp|P15454|KGUA_YEAST,9,9,9,,1,9,9,9,4,8,4,8,4,8,69.5,69.5,69.5,20.637,187,187,0,32.39,2.3574,0.22945,297.06,2,2,Median,NaN,NaN,NaN,NaN,NaN,NaN,1,1,1,1,Median,Median,31.6,65.2,77418000,842530,76575000,20954000,493620,20460000,56464000,348910,56115000,,,,213,221;774;1094;2096;3089;3098;3502;3697;4157,True;True;True;True;True;True;True;True;True,225;798;1124;2151;3187;3197;3619;3819;4302,321;1153;1154;1624;3111;4668;4681;5274;5275;5580;5581;6357,450;1664;1665;2344;2345;4508;4509;6698;6719;7570;7571;8019;8020;8021;9328,450;1665;2344;4508;6698;6719;7571;8021;9328,,
sp|P15496|IDI1_YEAST,sp|P15496|IDI1_YEAST,1,1,1,,1,1,1,1,1,1,1,1,1,1,5.9,5.9,5.9,33.351,288,288,0,3.2009,NaN,NaN,NaN,0,0,Median,NaN,NaN,NaN,NaN,NaN,NaN,0,0,0,0,Median,Median,5.9,5.9,5705400,0,5705400,2517900,0,2517900,3187600,0,3187600,,,,214,3655,TRUE,3777,5509;5510,7898;7899;7900,7899,,
sp|P15565|TRM1_YEAST,sp|P15565|TRM1_YEAST,1,1,1,,1,1,1,1,1,0,1,0,1,0,2.5,2.5,2.5,64.052,570,570,0,1.334,NaN,NaN,NaN,0,0,Median,NaN,NaN,NaN,NaN,NaN,NaN,0,0,0,0,Median,Median,2.5,0,823110,0,823110,823110,0,823110,0,0,0,,,,215,2368,TRUE,2431,3510,5090,5090,,
sp|P15624|SYFB_YEAST,sp|P15624|SYFB_YEAST,14,14,14,,1,14,14,14,9,10,9,10,9,10,29.4,29.4,29.4,67.364,595,595,0,37.777,7.3263,0.71307,501.14,2,2,Median,NaN,NaN,NaN,NaN,NaN,NaN,1,1,1,1,Median,Median,21.3,20.7,49518000,334860,49183000,17208000,300180,16907000,32310000,34678,32276000,,,,216,531;1102;1164;1165;1652;2389;2614;2801;2875;2965;3559;3637;3828;3919,True;True;True;True;True;True;True;True;True;True;True;True;True;True,547;1133;1196;1197;1696;2453;2696;2896;2971;3062;3678;3758;3957;4050,793;1638;1726;1727;2452;2453;3539;3540;3921;4227;4228;4348;4483;5358;5479;5480;5833;5834;5976,1132;2362;2479;2480;3563;3564;5125;5126;5127;5650;6096;6097;6276;6454;7692;7859;7860;8533;8534;8735,1132;2362;2479;2480;3564;5127;5650;6096;6276;6454;7692;7859;8533;8735,,
sp|P15625|SYFA_YEAST,sp|P15625|SYFA_YEAST,7,7,7,,1,7,7,7,6,5,6,5,6,5,22.7,22.7,22.7,57.511,503,503,0,55.956,NaN,NaN,NaN,1,1,Median,NaN,NaN,NaN,NaN,NaN,NaN,1,0,1,0,Median,Median,20.7,17.9,51428000,473020,50955000,27050000,473020,26577000,24377000,0,24377000,,,,217,849;2196;2324;2655;3214;3573;4040,True;True;True;True;True;True;True,875;2254;2387;2741;3317;3692;4180,1269;3257;3258;3449;3450;3991;3992;4845;5376;5377;5378;6166,1825;4727;4728;5016;5017;5018;5741;5742;6949;7712;7713;7714;9038,1825;4727;5016;5742;6949;7713;9038,,
sp|P15646|FBRL_YEAST,sp|P15646|FBRL_YEAST,7,7,7,,1,7,7,7,6,3,6,3,6,3,39.1,39.1,39.1,34.465,327,327,0,20.659,NaN,NaN,NaN,1,1,Median,NaN,NaN,NaN,NaN,NaN,NaN,1,0,1,0,Median,Median,34.6,14.1,35796000,309530,35486000,20696000,309530,20387000,15099000,0,15099000,,,,218,323;809;1958;2761;4074;4226;4365,True;True;True;True;True;True;True,330;834;2013;2852;4215;4372;4514,480;1206;2905;2906;4157;4158;6224;6463;6666,692;1746;4220;4221;5981;5982;9114;9487;9488;9780;9781,692;1746;4221;5982;9114;9488;9780,,
sp|P15705|STI1_YEAST,sp|P15705|STI1_YEAST,27,27,27,,1,27,27,27,19,17,19,17,19,17,51.6,51.6,51.6,66.264,589,589,0,87.668,7.942,6.9555,182.21,7,7,Median,17.689,6.6388,15.462,6.6828,304.67,42.457,3,4,3,4,Plateau,Median,45.2,34.3,102870000,1873000,100990000,44842000,527860,44315000,58024000,1345200,56679000,,,,219,84;198;202;203;204;256;257;375;404;586;858;859;982;1131;1337;1601;1621;1733;1742;2291;3229;3269;3413;3414;3415;3798;3901,True;True;True;True;True;True;True;True;True;True;True;True;True;True;True;True;True;True;True;True;True;True;True;True;True;True;True,85;202;206;207;208;261;262;389;420;603;884;885;1010;1163;1374;1642;1662;1779;1788;2354;3334;3376;3525;3526;3527;3926;4032,125;292;293;298;299;300;301;369;370;371;372;562;609;871;872;1279;1280;1455;1681;1970;1971;2373;2397;2398;2565;2566;2580;3397;4871;4933;5149;5150;5151;5782;5948;5949,179;406;407;413;414;415;416;417;515;516;517;518;519;813;880;1244;1245;1246;1840;1841;2075;2421;2829;2830;3424;3466;3467;3744;3745;3764;4941;4942;6984;7072;7400;7401;7402;8437;8695;8696,179;406;413;414;415;517;518;813;880;1246;1840;1841;2075;2421;2830;3424;3466;3745;3764;4941;6984;7072;7400;7401;7402;8437;8696,,
sp|P15731|UBC4_YEAST;sp|P15732|UBC5_YEAST,sp|P15731|UBC4_YEAST,4;1,4;1,4;1,,2,4,4,4,3,2,3,2,3,2,44.6,44.6,44.6,16.456,148,148;148,0,29.284,NaN,NaN,NaN,1,1,Median,NaN,NaN,NaN,NaN,NaN,NaN,1,0,1,0,Median,Median,32.4,37.8,22872000,172510,22699000,9801200,172510,9628700,13070000,0,13070000,,,,220,725;1719;4194;4477,True;True;True;True,747;1765;4340;4631,1081;2547;6415;6416;6846,1542;3711;3712;9424;9425;9426;10049,1542;3712;9425;10049,,
sp|P15873|PCNA_YEAST,sp|P15873|PCNA_YEAST,2,2,2,,1,2,2,2,1,2,1,2,1,2,7.8,7.8,7.8,28.916,258,258,0.0089629,0.56396,23.289,27.824,32.664,2,2,Median,NaN,NaN,NaN,NaN,NaN,NaN,1,1,1,1,Median,Median,3.9,7.8,16388000,106060,16282000,1233500,68174,1165300,15155000,37890,15117000,,,,221,730;1767,True;True,752;1814,1088;2617;2618,1549;3806;3807;3808,1549;3808,,
sp|P15891|ABP1_YEAST,sp|P15891|ABP1_YEAST,8,8,8,,1,8,8,8,6,3,6,3,6,3,20.6,20.6,20.6,65.575,592,592,0,34.649,NaN,NaN,NaN,1,1,Median,NaN,NaN,NaN,NaN,NaN,NaN,0,1,0,1,Median,Median,15.2,8.8,27069000,66517,27003000,16587000,0,16587000,10482000,66517,10416000,,,,222,261;386;812;1041;1534;1789;3256;3282,True;True;True;True;True;True;True;True,266;401;837;1071;1574;1837;3362;3389,380;381;575;1209;1546;2276;2649;4912;4952,533;534;535;829;1749;2221;3276;3853;7041;7042;7098,535;829;1749;2221;3276;3853;7042;7098,,
sp|P16120|THRC_YEAST,sp|P16120|THRC_YEAST,11,11,11,,1,11,11,11,6,9,6,9,6,9,34,34,34,57.474,514,514,0,75.508,0.44463,0.75981,103.19,3,3,Median,NaN,0.70657,NaN,0.63101,NaN,145.14,1,2,1,2,Median,Median,21,30.7,115450000,14810000,100640000,39291000,3910600,35380000,76162000,10899000,65263000,,,,223,154;646;1003;1004;1886;1979;2369;2512;2644;2872;3336,True;True;True;True;True;True;True;True;True;True;True,156;663;1031;1032;1937;2034;2432;2579;2730;2968;3444,227;965;966;1487;1488;2794;2795;2943;2944;3511;3731;3971;4345;5026;5027;5028;5029,319;1374;1375;1376;1377;1378;1379;2120;2121;2122;2123;4041;4042;4277;4278;4279;5091;5392;5717;6272;7205;7206;7207;7208;7209,319;1378;2120;2122;4042;4277;5091;5392;5717;6272;7209,,
sp|P16140|VATB_YEAST,sp|P16140|VATB_YEAST,12,12,12,,1,12,12,12,5,9,5,9,5,9,26.3,26.3,26.3,57.749,517,517,0,52.398,20.344,7.9995,211.46,3,3,Median,NaN,14.362,NaN,11.215,NaN,47.785,1,2,1,2,Median,Median,11.4,24.4,54766000,327960,54438000,16541000,100140,16441000,38225000,227820,37997000,,,,224,507;580;661;1755;2382;2383;2898;3166;3734;3735;4213;4214,True;True;True;True;True;True;True;True;True;True;True;True,523;597;680;1802;2445;2446;2994;3265;3266;3858;3859;4359;4360,757;758;865;988;2600;3528;3529;3530;4382;4775;4776;4777;5659;5660;5661;6444;6445,1077;1078;1238;1408;3788;5110;5111;5112;5113;6319;6850;6851;6852;8222;8223;8224;8225;8226;9468;9469,1077;1238;1408;3788;5110;5113;6319;6851;8222;8225;9468;9469,85,391
sp|P16387|ODPA_YEAST,sp|P16387|ODPA_YEAST,11,11,11,,1,11,11,11,7,8,7,8,7,8,38.8,38.8,38.8,46.343,420,420,0,29.327,NaN,NaN,NaN,1,1,Median,NaN,NaN,NaN,NaN,NaN,NaN,1,0,1,0,Median,Median,33.6,26.9,31545000,176680,31368000,16321000,176680,16144000,15224000,0,15224000,,,,225,430;485;486;1228;2041;2042;2506;3060;3102;3180;3514,True;True;True;True;True;True;True;True;True;True;True,446;501;502;1262;2096;2097;2573;3158;3201;3280;3631,644;645;721;722;723;1814;1815;3031;3032;3722;4624;4686;4795;4796;5294,920;921;922;1031;1032;1033;2617;2618;4391;4392;5380;6639;6724;6879;6880;6881;7603,922;1031;1032;2617;4391;4392;5380;6639;6724;6880;7603,,
sp|P16451|ODPX_YEAST,sp|P16451|ODPX_YEAST,1,1,1,,1,1,1,1,1,1,1,1,1,1,4.9,4.9,4.9,45.361,410,410,0,9.4552,NaN,NaN,NaN,0,0,Median,NaN,NaN,NaN,NaN,NaN,NaN,0,0,0,0,Median,Median,4.9,4.9,7701600,0,7701600,1666000,0,1666000,6035600,0,6035600,,,,226,3322,TRUE,3429,5007;5008,7173;7174;7175,7175,,
sp|P16474|GRP78_YEAST,sp|P16474|GRP78_YEAST,17,15,15,,1,17,15,15,13,13,13,11,13,11,31.8,31.8,31.8,74.467,682,682,0,93.302,7.2819,1.1359,229.41,4,4,Linear,8.3229,NaN,0.12344,NaN,105.23,NaN,3,1,3,1,Plateau,Median,29.9,25.4,77824000,1827500,75996000,40346000,1680100,38666000,37478000,147460,37330000,,,,227,591;593;1019;1038;1370;1897;2579;2787;2788;2891;3717;4014;4087;4208;4268;4324;4394,False;True;True;True;True;True;True;True;True;False;True;True;True;True;True;True;True,608;610;1048;1068;1407;1948;2655;2882;2883;2987;3840;4154;4228;4354;4414;4471;4543,877;879;1511;1541;1542;2033;2810;2811;3857;4206;4207;4208;4370;5609;5610;6134;6245;6246;6433;6434;6523;6524;6602;6603;6710;6711,1253;1255;2166;2215;2216;2217;2942;2943;2944;4060;4061;5556;6067;6068;6069;6306;8055;8056;8057;8058;8059;8060;8991;9141;9142;9452;9453;9454;9455;9583;9584;9684;9685;9686;9842;9843,1253;1255;2166;2215;2943;4061;5556;6067;6069;6306;8059;8991;9142;9453;9584;9684;9843,,
sp|P16521|EF3A_YEAST;sp|P53978|EF3B_YEAST,sp|P16521|EF3A_YEAST,41;4,41;4,41;4,,2,41,41,41,20,37,20,37,20,37,49.5,49.5,49.5,115.94,1044,1044;1044,0,323.31,154.44,2.4904,206.27,17,17,Linear,174.4,6.013,1.1956,3.0538,221.33,173.57,9,8,9,8,Linear,Median,30.4,42.7,870950000,13632000,857320000,301750000,8184500,293560000,569200000,5447700,563750000,,,,228,231;277;284;419;514;515;632;655;723;786;838;870;871;1121;1252;1261;1397;1418;1526;2173;2255;2458;2476;2620;2625;2756;2757;2928;3144;3193;3221;3258;3437;3438;3439;3845;4110;4174;4330;4331;4533,True;True;True;True;True;True;True;True;True;True;True;True;True;True;True;True;True;True;True;True;True;True;True;True;True;True;True;True;True;True;True;True;True;True;True;True;True;True;True;True;True,236;282;289;435;530;531;649;673;674;744;745;810;863;896;897;1152;1286;1296;1437;1458;1566;2231;2316;2525;2543;2702;2708;2709;2847;2848;3025;3243;3293;3294;3324;3364;3365;3553;3554;3555;3974;4251;4319;4477;4478;4687,335;409;410;411;421;422;423;424;629;769;770;771;772;773;944;978;979;980;1077;1078;1172;1247;1248;1249;1292;1293;1667;1845;1857;2075;2103;2104;2264;3225;3343;3646;3647;3670;3671;3929;3941;3942;3943;4150;4151;4152;4429;4747;4812;4813;4814;4815;4853;4854;4915;4916;4917;4918;4919;4920;5186;5187;5188;5859;6277;6380;6381;6609;6610;6924;6925,469;577;578;579;580;596;597;598;599;600;601;602;903;1102;1103;1104;1105;1106;1107;1108;1109;1346;1347;1348;1397;1398;1399;1400;1537;1538;1692;1799;1800;1801;1802;1803;1854;1855;1856;1857;2400;2659;2674;3009;3038;3039;3040;3041;3262;4687;4844;5259;5260;5261;5262;5263;5291;5292;5293;5294;5295;5659;5675;5676;5677;5970;5971;5972;5973;5974;5975;5976;6377;6809;6902;6903;6904;6905;6906;6907;6960;6961;6962;7046;7047;7048;7049;7050;7051;7052;7053;7054;7055;7056;7448;7449;7450;7451;7452;8571;9181;9182;9355;9356;9357;9358;9359;9360;9361;9693;9694;9695;9696;10154;10155,469;577;601;903;1104;1107;1346;1400;1538;1692;1801;1854;1855;2400;2659;2674;3009;3039;3262;4687;4844;5262;5294;5659;5677;5974;5976;6377;6809;6907;6961;7046;7448;7449;7451;8571;9181;9359;9693;9695;10155,86;87;88;89;90;91,179;273;832;833;852;971
sp|P16550|APA1_YEAST,sp|P16550|APA1_YEAST,7,7,7,,1,7,7,7,4,4,4,4,4,4,26.2,26.2,26.2,36.492,321,321,0,28.774,NaN,NaN,NaN,1,1,Median,NaN,NaN,NaN,NaN,NaN,NaN,0,1,0,1,Median,Median,13.7,16.5,31040000,209190,30831000,6949300,0,6949300,24091000,209190,23882000,,,,229,131;301;981;1084;1484;3160;3333,True;True;True;True;True;True;True,132;306;1009;1114;1524;3259;3440,195;447;1454;1611;1612;2204;4768;5021,272;633;2074;2326;2327;2328;3168;6842;7192,272;633;2074;2327;3168;6842;7192,,
sp|P16603|NCPR_YEAST,sp|P16603|NCPR_YEAST,2,2,2,,1,2,2,2,1,2,1,2,1,2,3.8,3.8,3.8,76.771,691,691,0,1.9772,NaN,NaN,NaN,0,0,Median,NaN,NaN,NaN,NaN,NaN,NaN,0,0,0,0,Median,Median,1.7,3.8,1420100,0,1420100,1420100,0,1420100,0,0,0,,,,230,1330;3347,True;True,1367;3455,1960;5044;5045,2819;7237;7238;7239,2819;7239,,
sp|P16861|PFKA1_YEAST,sp|P16861|PFKA1_YEAST,20,20,20,,1,20,20,20,12,16,12,16,12,16,26.8,26.8,26.8,107.97,987,987,0,101.49,3.6234,2.1432,196.54,7,7,Median,2.5879,5.9103,0.29465,2.1432,300.71,129.6,2,5,2,5,Median,Median,16.3,18.3,100270000,2185500,98083000,31836000,966240,30869000,68433000,1219300,67214000,,,,231,357;358;487;587;834;1213;1356;1419;1420;1482;1542;1695;1832;2280;2343;2366;2367;2531;3328;3801,True;True;True;True;True;True;True;True;True;True;True;True;True;True;True;True;True;True;True;True,370;371;503;604;859;1247;1393;1459;1460;1522;1582;1739;1880;2342;2406;2429;2430;2598;3435;3929,537;538;539;724;873;1240;1241;1792;1793;2010;2105;2106;2201;2202;2286;2510;2511;2711;3381;3472;3506;3507;3508;3509;3759;5015;5785;5786,781;782;783;1034;1247;1792;1793;2588;2589;2911;3042;3043;3165;3166;3294;3632;3633;3931;4922;4923;5042;5086;5087;5088;5089;5429;5430;7182;8440;8441,782;783;1034;1247;1792;2588;2911;3042;3043;3166;3294;3632;3931;4923;5042;5087;5089;5430;7182;8440,,
sp|P16862|PFKA2_YEAST,sp|P16862|PFKA2_YEAST,14,14,14,,1,14,14,14,5,13,5,13,5,13,18.5,18.5,18.5,104.62,959,959,0,63.848,11.479,6.1564,202.07,3,3,Median,NaN,8.8054,NaN,7.6833,NaN,31.333,1,2,1,2,Median,Median,9.1,17.6,62551000,679680,61872000,24108000,185690,23923000,38443000,494000,37949000,,,,232,24;136;196;197;456;1103;1574;2163;2659;3868;3869;3916;4124;4138,True;True;True;True;True;True;True;True;True;True;True;True;True;True,24;137;200;201;472;1134;1614;2220;2745;3998;3999;4047;4265;4280,35;203;290;291;680;1639;1640;2330;3211;3996;3997;5894;5895;5896;5971;5972;5973;6296;6323,47;280;403;404;405;968;2363;2364;2365;3353;4669;5746;5747;5748;5749;5750;8621;8622;8623;8729;8730;8731;9217;9262,47;280;403;404;968;2365;3353;4669;5749;8621;8623;8731;9217;9262,,
sp|P17076|RL8A_YEAST,sp|P17076|RL8A_YEAST,27,8,8,,1,27,8,8,16,24,5,8,5,8,85.5,25,25,28.124,256,256,0,23.919,13.862,6.8847,190.22,5,5,Median,19.347,10.779,2.5699,6.8847,348.91,83.527,2,3,2,3,Median,Median,55.9,83.2,79799000,2379500,77419000,26143000,939030,25204000,53655000,1440400,52215000,,,,233,373;779;1240;1384;1875;2104;2147;2217;2478;2479;2493;2494;2495;2566;2691;2692;2895;2896;3368;3446;3899;4001;4508;4509;4510;4572;4593,False;True;False;False;True;False;False;False;False;False;False;False;False;True;False;False;False;True;False;True;False;False;True;True;True;False;False,387;803;1274;1423;1926;2159;2204;2275;2545;2546;2560;2561;2562;2641;2780;2781;2991;2992;3478;3562;4030;4140;4662;4663;4664;4726;4747,560;1162;1163;1831;2054;2055;2779;2780;3121;3122;3123;3191;3284;3285;3673;3674;3697;3698;3699;3700;3701;3836;4047;4048;4049;4376;4377;4378;4379;5079;5080;5198;5944;5945;5946;6114;6115;6890;6891;6892;6893;6894;6979;6980;7008;7009,809;810;811;1679;1680;1681;1682;2645;2972;2973;2974;2975;2976;2977;2978;2979;2980;2981;2982;2983;4026;4027;4520;4521;4522;4523;4640;4641;4760;4761;4762;5297;5298;5335;5336;5337;5338;5339;5340;5341;5342;5529;5821;5822;5823;5824;5825;5826;5827;5828;5829;5830;5831;6312;6313;6314;6315;6316;7289;7290;7291;7466;8686;8687;8688;8689;8690;8691;8692;8693;8954;8955;8956;8957;8958;8959;10113;10114;10115;10116;10117;10118;10119;10224;10225;10226;10227;10228;10229;10264;10265;10266;10267,809;1682;2645;2974;4026;4523;4640;4761;5297;5298;5336;5340;5342;5529;5826;5830;6313;6316;7291;7466;8688;8954;10114;10116;10118;10228;10265,,
sp|P17106|CBF1_YEAST,sp|P17106|CBF1_YEAST,2,2,2,,1,2,2,2,2,0,2,0,2,0,8.5,8.5,8.5,39.387,351,351,0,1.6264,NaN,NaN,NaN,0,0,Median,NaN,NaN,NaN,NaN,NaN,NaN,0,0,0,0,Median,Median,8.5,0,1188500,0,1188500,1188500,0,1188500,0,0,0,,,,234,2271;3065,True;True,2333;3163,3369;4629,4893;6645,4893;6645,,
sp|P17157|PHO85_YEAST,sp|P17157|PHO85_YEAST,1,1,1,,1,1,1,1,0,1,0,1,0,1,3.6,3.6,3.6,34.906,305,305,0,2.1467,NaN,NaN,NaN,0,0,Median,NaN,NaN,NaN,NaN,NaN,NaN,0,0,0,0,Median,Median,0,3.6,1188700,0,1188700,0,0,0,1188700,0,1188700,,,,235,3539,TRUE,3657,5330,7651,7651,,
sp|P17255|VATA_YEAST,sp|P17255|VATA_YEAST,29,29,29,,1,29,29,29,17,23,17,23,17,23,33.5,33.5,33.5,118.64,1071,1071,0,118.94,10.687,5.3587,149.01,21,20,Median,16.073,9.2022,2.9194,5.6596,201.53,73.169,10,11,9,11,Median,Median,19.7,25.9,200130000,6465500,193660000,72077000,2230400,69846000,128050000,4235100,123820000,,,,236,119;141;142;452;706;1052;1053;1177;1285;1304;1309;1353;1559;1560;1653;1748;1965;1966;1996;2273;3215;3223;3392;3647;3802;3949;3955;4103;4587,True;True;True;True;True;True;True;True;True;True;True;True;True;True;True;True;True;True;True;True;True;True;True;True;True;True;True;True;True,120;143;144;468;726;1082;1083;1211;1320;1339;1344;1390;1599;1600;1697;1795;2020;2021;2051;2335;3318;3326;3504;3768;3930;4080;4088;4244;4741,177;212;213;214;675;1050;1562;1563;1564;1565;1566;1567;1568;1744;1887;1918;1924;2003;2004;2308;2309;2310;2454;2590;2917;2918;2919;2920;2966;2967;3372;3373;4846;4857;4858;5121;5495;5496;5497;5787;5788;6019;6020;6036;6268;7000,250;300;301;302;962;1492;2252;2253;2254;2255;2256;2257;2258;2521;2716;2755;2756;2765;2895;2896;2897;3325;3326;3327;3565;3776;4241;4242;4243;4244;4306;4307;4308;4896;4897;4898;4899;6950;6951;6965;6966;7366;7878;7879;7880;7881;7882;7883;8442;8443;8444;8801;8802;8834;9171;10255,250;300;302;962;1492;2252;2256;2521;2716;2755;2765;2895;3325;3327;3565;3776;4241;4243;4306;4898;6950;6965;7366;7883;8442;8801;8834;9171;10255,,
sp|P17423|KHSE_YEAST,sp|P17423|KHSE_YEAST,2,2,2,,1,2,2,2,0,2,0,2,0,2,8.1,8.1,8.1,38.712,357,357,0,5.1485,NaN,NaN,NaN,0,0,Median,NaN,NaN,NaN,NaN,NaN,NaN,0,0,0,0,Median,Median,0,8.1,5885500,0,5885500,0,0,0,5885500,0,5885500,,,,237,559;4571,True;True,576;4725,837;6978,1204;10223,1204;10223,,
sp|P17505|MDHM_YEAST,sp|P17505|MDHM_YEAST,1,1,1,,1,1,1,1,0,1,0,1,0,1,4.2,4.2,4.2,35.65,334,334,0,2.4527,NaN,NaN,NaN,0,0,Median,NaN,NaN,NaN,NaN,NaN,NaN,0,0,0,0,Median,Median,0,4.2,1772400,0,1772400,0,0,0,1772400,0,1772400,,,,238,2101,TRUE,2156,3118,4516,4516,,
sp|P17536|TPM1_YEAST,sp|P17536|TPM1_YEAST,13,13,13,,1,13,13,13,11,6,11,6,11,6,69.3,69.3,69.3,23.54,199,199,0,30.699,6.7791,0.65981,344.58,2,2,Median,NaN,NaN,NaN,NaN,NaN,NaN,1,1,1,1,Median,Median,66.8,32.7,29932000,3204800,26727000,19371000,3090300,16281000,10561000,114510,10446000,,,,239,688;957;1787;1882;2051;2052;2053;2679;2719;2954;2955;2983;3421,True;True;True;True;True;True;True;True;True;True;True;True;True,707;985;1835;1933;2106;2107;2108;2766;2809;3051;3052;3080;3533,1024;1420;2646;2647;2790;3045;3046;3047;3048;4029;4084;4085;4469;4470;4471;4510;5157,1456;2025;3850;3851;4037;4408;4409;4410;4411;5793;5794;5883;5884;6434;6435;6436;6483;7408,1456;2025;3850;4037;4408;4410;4411;5793;5883;6435;6436;6483;7408,,
sp|P17555|CAP_YEAST,sp|P17555|CAP_YEAST,3,3,3,,1,3,3,3,2,2,2,2,2,2,8.4,8.4,8.4,57.521,526,526,0,18.1,NaN,NaN,NaN,0,0,Median,NaN,NaN,NaN,NaN,NaN,NaN,0,0,0,0,Median,Median,4.2,6.1,9047100,0,9047100,3322300,0,3322300,5724800,0,5724800,,,,240,581;3484;4586,True;True;True,598;3600;4740,866;5246;6998;6999,1239;7532;7533;10253;10254,1239;7532;10254,,
sp|P17695|GLRX2_YEAST,sp|P17695|GLRX2_YEAST,3,3,3,,1,3,3,3,2,2,2,2,2,2,25.9,25.9,25.9,15.861,143,143,0,6.8602,NaN,NaN,NaN,0,0,Median,NaN,NaN,NaN,NaN,NaN,NaN,0,0,0,0,Median,Median,14.7,18.2,7653900,0,7653900,2344600,0,2344600,5309200,0,5309200,,,,241,433;1970;2635,True;True;True,449;2025;2721,648;2926;2927;3961,926;4250;4251;5705,926;4251;5705,,
sp|P17709|HXKG_YEAST,sp|P17709|HXKG_YEAST,2,2,2,,1,2,2,2,1,2,1,2,1,2,5.4,5.4,5.4,55.377,500,500,0,4.7301,NaN,NaN,NaN,1,1,Median,NaN,NaN,NaN,NaN,NaN,NaN,1,0,1,0,Median,Median,2.4,5.4,6966300,32079,6934200,2286300,32079,2254200,4680000,0,4680000,,,,242,2406;3199,True;True,2471;3300,3563;3564;4821,5159;5160;6914,5159;6914,,
sp|P17967|PDI_YEAST,sp|P17967|PDI_YEAST,10,10,10,,1,10,10,10,7,8,7,8,7,8,28.2,28.2,28.2,58.226,522,522,0,48.287,5.8115,0.66169,164.19,2,2,Median,5.8115,NaN,0.66169,NaN,164.19,NaN,2,0,2,0,Median,Median,23.9,23.8,83523000,371020,83152000,40031000,371020,39660000,43492000,0,43492000,,,,243,309;641;1071;1251;1999;2025;2026;2760;3262;3464,True;True;True;True;True;True;True;True;True;True,314;658;1101;1285;2054;2080;2081;2851;3369;3580,457;458;955;956;1593;1844;2972;2973;3009;3010;3011;4155;4156;4925;5218;5219;5220;5221,646;647;648;649;1364;1365;2294;2658;4313;4314;4315;4358;4359;4360;4361;5979;5980;7064;7497;7498;7499;7500;7501;7502,646;1364;2294;2658;4313;4358;4361;5979;7064;7502,,
sp|P18239|ADT2_YEAST;sp|P18238|ADT3_YEAST,sp|P18239|ADT2_YEAST,6;1,6;1,6;1,,2,6,6,6,4,5,4,5,4,5,24.5,24.5,24.5,34.426,318,318;307,0,25.767,8.3382,0.13584,191.84,3,3,Median,7.4864,NaN,0.11103,NaN,28.516,NaN,2,1,2,1,Median,Median,18.9,21.1,31152000,273370,30878000,13374000,247830,13126000,17778000,25535,17752000,,,,244,1687;1688;1792;2239;3529;3654,True;True;True;True;True;True,1731;1732;1840;2300;3647;3776,2500;2501;2502;2653;2654;3321;5316;5317;5508,3621;3622;3623;3859;3860;3861;4817;7627;7628;7629;7630;7631;7897,3622;3623;3859;4817;7629;7897,,
sp|P18562|UPP_YEAST,sp|P18562|UPP_YEAST,3,3,3,,1,3,3,3,0,3,0,3,0,3,16.2,16.2,16.2,24.594,216,216,0,3.0057,NaN,NaN,NaN,1,1,Median,NaN,NaN,NaN,NaN,NaN,NaN,0,1,0,1,Median,Median,0,16.2,8904100,119290,8784900,0,0,0,8904100,119290,8784900,,,,245,1425;1571;2278,True;True;True,1465;1611;2340,2112;2326;3379,3049;3347;4920,3049;3347;4920,,
sp|P18899|DDR48_YEAST,sp|P18899|DDR48_YEAST,2,2,2,,1,2,2,2,1,2,1,2,1,2,5.6,5.6,5.6,46.233,430,430,0,3.3663,NaN,NaN,NaN,0,0,Median,NaN,NaN,NaN,NaN,NaN,NaN,0,0,0,0,Median,Median,3.7,5.6,2957000,0,2957000,1506300,0,1506300,1450700,0,1450700,,,,246,100;3365,True;True,101;3475,147;148;5076,215;216;7286,215;7286,,
sp|P19097|FAS2_YEAST,sp|P19097|FAS2_YEAST,62,62,62,,1,62,62,62,40,44,40,44,40,44,41.4,41.4,41.4,206.94,1887,1887,0,301.72,8.0925,4.1248,193.91,18,18,Median,7.506,9.4183,0.17729,4.479,213.65,105.55,7,11,7,11,Median,Median,29.2,29.6,435350000,6239400,429110000,162250000,3185800,159070000,273100000,3053600,270050000,,,,247,10;16;123;229;295;503;643;667;741;763;885;919;938;966;1055;1106;1181;1225;1299;1301;1369;1558;1588;1728;2201;2241;2397;2520;2534;2567;2570;2601;2650;2683;2708;2727;2899;2966;2967;2998;3002;3110;3179;3235;3305;3382;3387;3668;3706;3726;3829;3830;3961;4169;4297;4384;4418;4454;4455;4468;4485;4486,True;True;True;True;True;True;True;True;True;True;True;True;True;True;True;True;True;True;True;True;True;True;True;True;True;True;True;True;True;True;True;True;True;True;True;True;True;True;True;True;True;True;True;True;True;True;True;True;True;True;True;True;True;True;True;True;True;True;True;True;True;True,10;16;124;233;300;519;660;686;763;785;911;946;966;994;1085;1137;1215;1259;1334;1336;1406;1598;1628;1774;2259;2302;2461;2462;2587;2601;2642;2645;2681;2736;2770;2771;2798;2817;2995;3063;3064;3095;3099;3209;3279;3340;3412;3493;3499;3790;3828;3850;3958;3959;4096;4314;4443;4533;4568;4608;4609;4622;4639;4640,15;24;184;185;332;439;751;959;995;1101;1102;1129;1313;1314;1361;1362;1392;1393;1432;1571;1645;1646;1748;1809;1810;1811;1912;1913;1915;2032;2307;2349;2559;3264;3323;3550;3551;3552;3741;3763;3837;3841;3900;3982;3983;3984;4033;4034;4035;4071;4097;4383;4484;4485;4533;4534;4540;4701;4794;4878;4981;4982;5102;5103;5115;5532;5533;5594;5646;5835;5836;6046;6047;6048;6375;6563;6564;6696;6697;6744;6809;6810;6811;6812;6829;6830;6831;6856;6857;6858,22;32;257;258;465;466;623;1069;1368;1417;1418;1568;1569;1570;1613;1882;1883;1940;1941;1942;1981;1982;1983;2045;2264;2371;2372;2529;2530;2611;2612;2613;2614;2749;2750;2752;2941;3324;3385;3736;4737;4819;4820;5137;5138;5139;5140;5405;5434;5530;5534;5621;5730;5731;5732;5799;5800;5801;5802;5867;5897;6320;6455;6456;6516;6517;6523;6748;6876;6877;6878;6993;7134;7135;7314;7315;7358;7936;7937;7938;8039;8199;8535;8536;8537;8849;8850;8851;9349;9634;9635;9820;9821;9822;9896;9897;9992;9993;9994;9995;10023;10024;10025;10026;10027;10061;10062;10063;10064,22;32;258;465;623;1069;1368;1417;1570;1613;1883;1942;1981;2045;2264;2372;2529;2614;2750;2752;2941;3324;3385;3736;4737;4819;5140;5405;5434;5530;5534;5621;5730;5799;5867;5897;6320;6455;6456;6517;6523;6748;6877;6993;7135;7315;7358;7938;8039;8199;8535;8537;8850;9349;9634;9822;9896;9993;9995;10026;10061;10064,92;93,529;1560
sp|P19262|ODO2_YEAST,sp|P19262|ODO2_YEAST,1,1,1,,1,1,1,1,1,0,1,0,1,0,4.8,4.8,4.8,50.43,463,463,0,3.8236,NaN,NaN,NaN,0,0,Median,NaN,NaN,NaN,NaN,NaN,NaN,0,0,0,0,Median,Median,4.8,0,1278100,0,1278100,1278100,0,1278100,0,0,0,,,,248,347,TRUE,359,522,760,760,,
sp|P19358|METK2_YEAST,sp|P19358|METK2_YEAST,13,5,5,,1,13,5,5,10,11,3,5,3,5,49.7,24.2,24.2,42.255,384,384,0,28.474,NaN,NaN,NaN,0,0,Median,NaN,NaN,NaN,NaN,NaN,NaN,0,0,0,0,Median,Median,41.9,42.4,37711000,0,37711000,17641000,0,17641000,20070000,0,20070000,,,,249,714;895;1516;1547;2048;2687;3209;3422;3698;3766;3884;4491;4492,False;True;False;False;True;False;True;False;True;False;True;False;False,734;921;1556;1587;2103;2776;3311;3534;3820;3893;4015;4645;4646,1059;1325;1326;2249;2250;2251;2293;3041;4042;4043;4836;4837;5158;5159;5582;5583;5721;5722;5920;6866;6867;6868;6869,1502;1898;1899;3240;3241;3242;3243;3244;3301;4404;5814;5815;5816;5817;6934;6935;6936;6937;7409;7410;8022;8023;8024;8025;8026;8338;8339;8340;8652;10084;10085;10086;10087,1502;1899;3242;3301;4404;5816;6934;7410;8024;8338;8652;10084;10085,,
sp|P19414|ACON_YEAST,sp|P19414|ACON_YEAST,8,8,8,,1,8,8,8,5,7,5,7,5,7,13,13,13,85.367,778,778,0,36.34,1.0404,0.58575,83.611,2,2,Median,NaN,NaN,NaN,NaN,NaN,NaN,1,1,1,1,Median,Median,9.1,13,69827000,3086700,66741000,33990000,2796900,31193000,35837000,289790,35547000,,,,250,716;1095;1977;2598;3015;3431;4252;4253,True;True;True;True;True;True;True;True,736;1125;2032;2678;3112;3544;3545;4398;4399,1061;1625;2938;2939;2940;3897;4556;4557;5172;5173;6501;6502;6503,1504;2346;4270;4271;4272;4273;4274;5618;6540;6541;7429;7430;9557;9558;9559,1504;2346;4270;5618;6540;7429;9557;9559,94,299
sp|P19882|HSP60_YEAST,sp|P19882|HSP60_YEAST,18,18,18,,1,18,18,18,11,15,11,15,11,15,36.9,36.9,36.9,60.751,572,572,0,71.539,5.6621,2.1811,218.29,8,8,Median,10.43,3.4148,14.174,6.3561,265.49,61.929,4,4,4,4,Linear,Linear,24.5,35.5,112670000,5422700,107250000,38017000,1359900,36657000,74653000,4062700,70591000,,,,251,49;207;406;883;1785;2219;2261;2373;2834;3267;3350;3857;3858;4015;4054;4055;4099;4129,True;True;True;True;True;True;True;True;True;True;True;True;True;True;True;True;True;True,49;211;422;909;1833;2277;2322;2436;2930;3374;3458;3987;3988;4155;4195;4196;4240;4270,73;304;611;612;1311;2641;2642;2643;3287;3288;3351;3516;4275;4276;4930;5050;5051;5876;5877;6135;6192;6193;6194;6195;6263;6302;6303,110;420;882;883;884;885;1880;3843;3844;3845;3846;3847;4764;4765;4766;4854;5097;6157;6158;7069;7246;7247;7248;7249;8595;8596;8597;8992;8993;8994;9071;9072;9073;9074;9075;9076;9163;9164;9227;9228;9229;9230,110;420;882;1880;3844;4764;4854;5097;6157;7069;7246;8595;8597;8992;9073;9076;9163;9229,,
sp|P20081|FKBP_YEAST,sp|P20081|FKBP_YEAST,6,6,6,,1,6,6,6,5,4,5,4,5,4,66.7,66.7,66.7,12.158,114,114,0,62.219,NaN,NaN,NaN,1,1,Median,NaN,NaN,NaN,NaN,NaN,NaN,1,0,1,0,Median,Median,54.4,47.4,42875000,24406,42850000,23769000,24406,23745000,19106000,0,19106000,,,,252,374;1030;1031;1331;1437;1438,True;True;True;True;True;True,388;1060;1061;1368;1477;1478,561;1529;1530;1961;1962;2131;2132;2133;2134;2135,812;2195;2196;2197;2820;2821;3074;3075;3076;3077;3078;3079,812;2195;2197;2820;3075;3079,,
sp|P20434|RPAB1_YEAST,sp|P20434|RPAB1_YEAST,1,1,1,,1,1,1,1,0,1,0,1,0,1,6.5,6.5,6.5,25.079,215,215,0,2.5492,NaN,NaN,NaN,0,0,Median,NaN,NaN,NaN,NaN,NaN,NaN,0,0,0,0,Median,Median,0,6.5,3154400,0,3154400,0,0,0,3154400,0,3154400,,,,253,2538,TRUE,2606,3776,5450,5450,,
sp|P20436|RPAB3_YEAST,sp|P20436|RPAB3_YEAST,1,1,1,,1,1,1,1,1,1,1,1,1,1,10.3,10.3,10.3,16.511,146,146,0,4.0615,NaN,NaN,NaN,0,0,Median,NaN,NaN,NaN,NaN,NaN,NaN,0,0,0,0,Median,Median,10.3,10.3,4885000,0,4885000,2476800,0,2476800,2408300,0,2408300,,,,254,4019,TRUE,4159,6139;6140,8998;8999,8999,,
sp|P20447|DBP3_YEAST,sp|P20447|DBP3_YEAST,2,2,2,,1,2,2,2,1,1,1,1,1,1,5.4,5.4,5.4,58.826,523,523,0,1.8818,NaN,NaN,NaN,0,0,Median,NaN,NaN,NaN,NaN,NaN,NaN,0,0,0,0,Median,Median,3.8,1.5,1937700,0,1937700,1136300,0,1136300,801350,0,801350,,,,255,3448;4186,True;True,3564;4332,5200;6401,7468;9407,7468;9407,,
sp|P20449|DBP5_YEAST,sp|P20449|DBP5_YEAST,3,3,3,,1,3,3,3,2,2,2,2,2,2,8.1,8.1,8.1,53.873,482,482,0,4.444,NaN,NaN,NaN,1,1,Median,NaN,NaN,NaN,NaN,NaN,NaN,0,1,0,1,Median,Median,5,5.8,5216600,957040,4259600,1760900,0,1760900,3455700,957040,2498600,,,,256,1679;3031;3480,True;True;True,1723;3128;3596,2487;2488;4581;5241,3603;3604;6578;7525;7526,3604;6578;7525,,
sp|P20459|IF2A_YEAST,sp|P20459|IF2A_YEAST,2,2,2,,1,2,2,2,1,2,1,2,1,2,5.6,5.6,5.6,34.717,304,304,0,1.5347,NaN,NaN,NaN,1,1,Median,NaN,NaN,NaN,NaN,NaN,NaN,0,1,0,1,Median,Median,2.3,5.6,5866100,434460,5431700,1626400,0,1626400,4239700,434460,3805300,,,,257,1660;3115,True;True,1704;3214,2462;2463;4707,3573;3574;3575;6756,3575;6756,,
sp|P20606|SAR1_YEAST,sp|P20606|SAR1_YEAST,2,2,2,,1,2,2,2,1,2,1,2,1,2,18.4,18.4,18.4,21.45,190,190,0,15.547,NaN,NaN,NaN,0,0,Median,NaN,NaN,NaN,NaN,NaN,NaN,0,0,0,0,Median,Median,5.8,18.4,8651500,0,8651500,2858700,0,2858700,5792800,0,5792800,,,,258,2230;2670,True;True,2291;2757,3310;3311;4013,4804;4805;5772;5773,4804;5772,,
sp|P21147|ACO1_YEAST,sp|P21147|ACO1_YEAST,1,1,1,,1,1,1,1,1,0,1,0,1,0,3.1,3.1,3.1,58.402,510,510,0,12.713,NaN,NaN,NaN,0,0,Median,NaN,NaN,NaN,NaN,NaN,NaN,0,0,0,0,Median,Median,3.1,0,1086200,0,1086200,1086200,0,1086200,0,0,0,,,,259,2874,TRUE,2970,4347,6274;6275,6274,,
sp|P21242|PSA7_YEAST,sp|P21242|PSA7_YEAST,1,1,1,,1,1,1,1,1,1,1,1,1,1,4.2,4.2,4.2,31.536,288,288,0,2.0215,NaN,NaN,NaN,0,0,Median,NaN,NaN,NaN,NaN,NaN,NaN,0,0,0,0,Median,Median,4.2,4.2,958670,0,958670,958670,0,958670,0,0,0,,,,260,1551,TRUE,1591,2297;2298,3305;3306;3307,3307,,
sp|P21243|PSA1_YEAST,sp|P21243|PSA1_YEAST,5,5,5,,1,5,5,5,4,3,4,3,4,3,36.5,36.5,36.5,28.001,252,252,0,22.417,NaN,NaN,NaN,0,0,Median,NaN,NaN,NaN,NaN,NaN,NaN,0,0,0,0,Median,Median,27,18.7,12241000,0,12241000,7320500,0,7320500,4920300,0,4920300,,,,261,438;2666;2964;3286;3711,True;True;True;True;True,454;2753;3061;3393;3833,656;4008;4009;4482;4957;5599;5600,937;5765;5766;6453;7104;8044;8045,937;5765;6453;7104;8044,,
sp|P21304|PWP1_YEAST,sp|P21304|PWP1_YEAST,2,2,2,,1,2,2,2,2,2,2,2,2,2,4.7,4.7,4.7,63.803,576,576,0,3.7156,NaN,NaN,NaN,1,1,Median,NaN,NaN,NaN,NaN,NaN,NaN,0,1,0,1,Median,Median,4.7,4.7,3778200,399120,3379100,859910,0,859910,2918300,399120,2519200,,,,262,3250;4495,True;True,3355;4649,4900;4901;6872;6873,7025;7026;10091;10092,7025;10091,,
sp|P21306|ATP5E_YEAST,sp|P21306|ATP5E_YEAST,1,1,1,,1,1,1,1,1,1,1,1,1,1,21,21,21,6.7425,62,62,0,6.4402,NaN,NaN,NaN,0,0,Median,NaN,NaN,NaN,NaN,NaN,NaN,0,0,0,0,Median,Median,21,21,2572300,0,2572300,946480,0,946480,1625800,0,1625800,,,,263,2710,TRUE,2800,4073;4074,5870;5871,5871,,
sp|P21576|VPS1_YEAST,sp|P21576|VPS1_YEAST,1,1,1,,1,1,1,1,1,1,1,1,1,1,2.6,2.6,2.6,78.736,704,704,0,3.2366,NaN,NaN,NaN,0,0,Median,NaN,NaN,NaN,NaN,NaN,NaN,0,0,0,0,Median,Median,2.6,2.6,2616400,0,2616400,1114400,0,1114400,1502000,0,1502000,,,,264,1991,TRUE,2046,2959;2960,4296;4297,4296,,
sp|P21827|RCC1_YEAST,sp|P21827|RCC1_YEAST,1,1,1,,1,1,1,1,0,1,0,1,0,1,2.9,2.9,2.9,53.013,482,482,0.0014085,1.1253,NaN,NaN,NaN,0,0,Median,NaN,NaN,NaN,NaN,NaN,NaN,0,0,0,0,Median,Median,0,2.9,820330,0,820330,0,0,0,820330,0,820330,,,,265,4525,TRUE,4679,6914,10141,10141,,
sp|P21954|IDHP_YEAST,sp|P21954|IDHP_YEAST,4,4,4,,1,4,4,4,3,4,3,4,3,4,10,10,10,48.19,428,428,0,9.3404,1.3948,0.049353,188.57,3,3,Median,NaN,0.43569,NaN,0.20968,NaN,204.58,1,2,1,2,Median,Median,7.2,10,18009000,5824400,12185000,5625700,358680,5267000,12384000,5465800,6917800,,,,266,546;1674;1868;3053,True;True;True;True,563;1718;1919;3150,817;818;2480;2481;2767;2768;4611,1170;1171;3594;3595;4014;4015;6615,1170;3594;4015;6615,,
sp|P22137|CLH_YEAST,sp|P22137|CLH_YEAST,7,7,7,,1,7,7,7,6,4,6,4,6,4,6.1,6.1,6.1,187.23,1653,1653,0,28.783,6.167,0.091465,285.22,3,2,Median,3.705,NaN,0.054951,NaN,72.057,NaN,2,1,2,0,Median,Median,5.7,3.4,22938000,643110,22295000,11907000,554040,11353000,11031000,89071,10942000,,,,267,44;176;658;1659;1720;1998;3979,True;True;True;True;True;True;True,44;179;677;1703;1766;2053;4116,65;265;985;2461;2548;2549;2970;2971;6078;6079,93;371;1405;3572;3713;3714;3715;4311;4312;8907;8908,93;371;1405;3572;3715;4312;8907,,
sp|P22146|GAS1_YEAST,sp|P22146|GAS1_YEAST,2,2,2,,1,2,2,2,0,2,0,2,0,2,5.4,5.4,5.4,59.582,559,559,0,3.8204,NaN,NaN,NaN,1,1,Median,NaN,NaN,NaN,NaN,NaN,NaN,0,1,0,1,Median,Median,0,5.4,13577000,81026,13496000,0,0,0,13577000,81026,13496000,,,,268,26;1841,True;True,26;1889,38;2721,53;3941,53;3941,,
sp|P22147|XRN1_YEAST,sp|P22147|XRN1_YEAST,4,4,4,,1,4,4,4,1,3,1,3,1,3,3.1,3.1,3.1,175.46,1528,1528,0,6.9748,NaN,NaN,NaN,1,1,Median,NaN,NaN,NaN,NaN,NaN,NaN,0,1,0,1,Median,Median,0.7,2.4,2440000,60093,2379900,451060,0,451060,1989000,60093,1928900,,,,269,1061;2393;4441;4567,True;True;True;True,1091;2457;4594;4721,1579;3546;6787;6972,2272;5133;9966;10212,2272;5133;9966;10212,,
sp|P22203|VATE_YEAST,sp|P22203|VATE_YEAST,9,9,9,,1,9,9,9,9,6,9,6,9,6,39.1,39.1,39.1,26.471,233,233,0,41.962,11.039,13.492,86.746,4,4,Median,12.826,NaN,16.237,NaN,21.392,NaN,3,1,3,1,Median,Median,39.1,24.5,57356000,828330,56528000,32102000,386930,31715000,25254000,441400,24813000,,,,270,318;611;711;1453;1745;2602;3860;3861;4212,True;True;True;True;True;True;True;True;True,325;628;731;1493;1791;2682;3990;3991;4358,474;475;908;909;1056;2158;2584;2585;3901;5880;5881;5882;5883;6441;6442;6443,686;687;1290;1291;1499;3104;3768;3769;5622;8600;8601;8602;8603;8604;8605;9462;9463;9464;9465;9466;9467,686;1290;1499;3104;3769;5622;8602;8605;9465,,
sp|P22217|TRX1_YEAST,sp|P22217|TRX1_YEAST,6,4,4,,1,6,4,4,5,6,3,4,3,4,66,48.5,48.5,11.235,103,103,0,21.501,NaN,NaN,NaN,0,0,Median,NaN,NaN,NaN,NaN,NaN,NaN,0,0,0,0,Median,Median,54.4,66,29407000,0,29407000,19392000,0,19392000,10014000,0,10014000,,,,271,1132;1133;2569;2684;3687;4358,True;True;False;True;True;False,1164;1165;2644;2772;2773;3809;4507,1682;1683;1684;3839;3840;4036;4037;5560;5561;6655;6656,2422;2423;2424;2425;5532;5533;5803;5804;5805;7982;7983;7984;7985;7986;9755;9756,2423;2425;5533;5803;7983;9755,95,72
sp|P22515|UBA1_YEAST,sp|P22515|UBA1_YEAST,10,10,10,,1,10,10,10,7,6,7,6,7,6,12.2,12.2,12.2,114.26,1024,1024,0,24.212,1.7177,1.1724,200.19,2,2,Median,NaN,NaN,NaN,NaN,NaN,NaN,1,1,1,1,Median,Median,9.6,8.2,27026000,822430,26204000,14755000,123520,14631000,12271000,698910,11572000,,,,272,355;2425;2603;2604;2947;2968;3397;3925;4073;4082,True;True;True;True;True;True;True;True;True;True,368;2490;2683;2684;3044;3065;3509;4056;4214;4223,535;3595;3902;3903;4459;4460;4486;5130;5984;5985;6223;6235;6236,779;5196;5623;5624;6417;6418;6457;7379;8749;8750;8751;9113;9129;9130;9131,779;5196;5623;5624;6418;6457;7379;8749;9113;9130,,
sp|P22768|ASSY_YEAST,sp|P22768|ASSY_YEAST,4,4,4,,1,4,4,4,3,2,3,2,3,2,9.5,9.5,9.5,46.927,420,420,0,12.832,1.528,0.17397,154.5,2,2,Median,1.528,NaN,0.17397,NaN,154.5,NaN,2,0,2,0,Median,Median,7.4,5,8784600,1097800,7686800,5681200,1097800,4583400,3103400,0,3103400,,,,273,192;696;1233;1267,True;True;True;True,196;716;1267;1302,284;285;1037;1822;1864,395;396;1479;2625;2682,395;1479;2625;2682,,
sp|P22803|TRX2_YEAST,sp|P22803|TRX2_YEAST,8,8,6,,1,8,8,6,6,8,6,8,4,6,73.1,73.1,65.4,11.204,104,104,0,34.259,11.72,4.25,104.53,3,3,Median,NaN,11.72,NaN,4.25,NaN,104.53,0,3,0,3,Median,Median,66.3,73.1,104510000,576640,103930000,35791000,0,35791000,68716000,576640,68139000,,,,274,112;979;1006;1223;2044;2569;3186;4358,True;True;True;True;True;True;True;True,113;1007;1035;1257;2099;2644;3286;4507,167;168;1450;1492;1493;1806;1807;3035;3036;3839;3840;4803;4804;6655;6656,239;240;2066;2129;2130;2131;2607;2608;4395;4396;5532;5533;6892;6893;6894;9755;9756,239;2066;2131;2608;4396;5533;6892;9755,,
sp|P22943|HSP12_YEAST,sp|P22943|HSP12_YEAST,1,1,1,,1,1,1,1,0,1,0,1,0,1,10.1,10.1,10.1,11.693,109,109,0.0041322,0.99616,NaN,NaN,NaN,0,0,Median,NaN,NaN,NaN,NaN,NaN,NaN,0,0,0,0,Median,Median,0,10.1,1547300,0,1547300,0,0,0,1547300,0,1547300,,,,275,3206,TRUE,3308,4832,6928,6928,,
sp|P23201|SPA2_YEAST,sp|P23201|SPA2_YEAST,1,1,1,,1,1,1,1,0,1,0,1,0,1,0.8,0.8,0.8,163.14,1466,1466,1,-2,NaN,NaN,NaN,0,0,Median,NaN,NaN,NaN,NaN,NaN,NaN,0,0,0,0,Median,Median,0,0.8,0,0,0,0,0,0,0,0,0,+,,,276,4072,TRUE,4213,6222,9112,9112,96,913
sp|P23248|RS3A2_YEAST,sp|P23248|RS3A2_YEAST,14,5,5,,1,14,5,5,7,11,1,5,1,5,62.7,20,20,28.812,255,255,0,18.425,NaN,NaN,NaN,1,1,Median,NaN,NaN,NaN,NaN,NaN,NaN,0,1,0,1,Median,Median,29.8,59.6,36063000,789520,35274000,1977000,0,1977000,34086000,789520,33297000,,,,277,669;873;977;980;1032;1928;2190;2242;2353;2749;3564;4161;4290;4356,False;False;True;False;False;True;False;False;False;False;True;True;True;False,688;899;1005;1008;1062;1980;2248;2303;2416;2840;3683;4306;4436;4505,997;1295;1296;1448;1451;1452;1453;1531;1532;1533;2853;3248;3324;3485;4138;5365;6363;6364;6556;6653,1420;1859;1860;1861;2064;2067;2068;2069;2070;2071;2072;2073;2198;2199;2200;2201;2202;4120;4121;4715;4821;4822;5061;5953;7699;9334;9335;9624;9753,1420;1859;2064;2067;2198;4120;4715;4821;5061;5953;7699;9335;9624;9753,,
sp|P23254|TKT1_YEAST,sp|P23254|TKT1_YEAST,21,21,21,,1,21,21,21,11,18,11,18,11,18,42.2,42.2,42.2,73.805,680,680,0,96.505,3.7438,4.4542,164.79,5,5,Median,5.1861,41.664,6.4115,1.7739,51.512,229.7,2,3,2,3,Median,Plateau,27.2,36.8,205210000,2227100,202980000,82205000,323010,81882000,123000000,1904100,121100000,,,,278,336;380;686;1054;1062;1200;1380;1554;2009;2365;2375;2381;2621;2622;2958;3099;3285;3409;3804;3877;4445,True;True;True;True;True;True;True;True;True;True;True;True;True;True;True;True;True;True;True;True;True,345;395;705;1084;1092;1234;1419;1594;2064;2428;2438;2444;2703;2704;3055;3198;3392;3521;3932;4008;4598,502;568;1022;1569;1570;1580;1581;1777;2046;2047;2048;2301;2985;2986;3505;3518;3526;3527;3930;3931;3932;4475;4682;4683;4955;4956;5144;5791;5792;5793;5911;6791;6792;6793;6794,729;822;1454;2259;2260;2261;2262;2263;2273;2274;2275;2276;2571;2960;2961;2962;3311;4331;4332;5085;5099;5108;5109;5660;5661;5662;5663;6441;6720;6721;7101;7102;7103;7395;8447;8448;8449;8450;8451;8641;9971;9972;9973;9974;9975,729;822;1454;2259;2273;2571;2962;3311;4331;5085;5099;5109;5660;5662;6441;6720;7101;7395;8447;8641;9974,,
sp|P23301|IF5A1_YEAST,sp|P23301|IF5A1_YEAST,9,9,9,,1,9,9,9,8,7,8,7,8,7,79,79,79,17.114,157,157,0,88.502,65.318,0.39122,111.5,4,4,Linear,2.8343,0.61295,0.39122,0.52693,111.3,154.98,2,2,2,2,Median,Median,63.1,60.5,173760000,11179000,162580000,70133000,4600500,65533000,103630000,6578100,97051000,,,,279,617;701;1856;2056;2704;3210;3501;4121;4122,True;True;True;True;True;True;True;True;True,634;721;1904;1905;2111;2794;3312;3313;3617;3618;4262;4263,920;1044;2744;2745;2746;2747;3052;3053;4066;4838;4839;4840;5271;5272;5273;6291;6292;6293;6294,1306;1486;3967;3968;3969;3970;3971;3972;3973;4415;4416;4417;5861;6938;6939;6940;6941;6942;6943;7566;7567;7568;7569;9208;9209;9210;9211;9212;9213;9214;9215,1306;1486;3972;4415;5861;6940;7567;9212;9215,97;98;99,21;44;80
sp|P23542|AATC_YEAST,sp|P23542|AATC_YEAST,9,9,9,,1,9,9,9,7,6,7,6,7,6,39,39,39,46.057,418,418,0,32.645,3.1656,4.4512,29.716,4,4,Median,4.0323,NaN,5.0527,NaN,36.345,NaN,3,1,3,1,Plateau,Median,31.6,28,37673000,1385300,36288000,18546000,849270,17696000,19127000,535990,18591000,,,,280,394;607;1531;1543;2183;2229;2410;3803;4029,True;True;True;True;True;True;True;True;True,409;624;1571;1583;2241;2290;2475;3931;4169,591;902;2272;2273;2287;3238;3239;3309;3572;3573;5789;5790;6153,860;1283;3271;3272;3295;4702;4703;4704;4802;4803;5169;5170;8445;8446;9017,860;1283;3272;3295;4704;4802;5170;8446;9017,,
sp|P23638|PSA3_YEAST,sp|P23638|PSA3_YEAST,2,2,2,,1,2,2,2,2,1,2,1,2,1,10.9,10.9,10.9,28.714,258,258,0,11.879,NaN,NaN,NaN,0,0,Median,NaN,NaN,NaN,NaN,NaN,NaN,0,0,0,0,Median,Median,10.9,5.4,4950500,0,4950500,2104900,0,2104900,2845600,0,2845600,,,,281,4021;4341,True;True,4161;4490,6144;6630;6631,9003;9723;9724,9003;9723,,
sp|P23639|PSA2_YEAST,sp|P23639|PSA2_YEAST,2,2,2,,1,2,2,2,2,1,2,1,2,1,8.4,8.4,8.4,27.162,250,250,0,11.658,NaN,NaN,NaN,0,0,Median,NaN,NaN,NaN,NaN,NaN,NaN,0,0,0,0,Median,Median,8.4,5.2,7951700,0,7951700,4698600,0,4698600,3253100,0,3253100,,,,282,2282;2449,True;True,2344;2516,3384;3632;3633,4926;5244;5245;5246,4926;5246,,
sp|P23641|MPCP_YEAST,sp|P23641|MPCP_YEAST,1,1,1,,1,1,1,1,0,1,0,1,0,1,8,8,8,32.812,311,311,0,2.1995,NaN,NaN,NaN,0,0,Median,NaN,NaN,NaN,NaN,NaN,NaN,0,0,0,0,Median,Median,0,8,0,0,0,0,0,0,0,0,0,,,,283,1009,TRUE,1038,1496,2135,2135,,
sp|P23644|TOM40_YEAST,sp|P23644|TOM40_YEAST,2,2,2,,1,2,2,2,2,2,2,2,2,2,10.3,10.3,10.3,42.038,387,387,0,7.606,NaN,NaN,NaN,1,1,Median,NaN,NaN,NaN,NaN,NaN,NaN,1,0,1,0,Median,Median,10.3,10.3,12732000,185430,12546000,5917900,185430,5732400,6814000,0,6814000,,,,284,132;4487,True;True,133;4641,196;197;6859;6860,273;274;10065;10066;10067,274;10066,,
sp|P24000|RL24B_YEAST,sp|P24000|RL24B_YEAST,6,1,1,,1,6,1,1,3,5,1,1,1,1,33.5,7.7,7.7,17.547,155,155,0,6.2144,NaN,NaN,NaN,0,0,Median,NaN,NaN,NaN,NaN,NaN,NaN,0,0,0,0,Median,Median,18.7,27.7,20674000,0,20674000,6755300,0,6755300,13919000,0,13919000,,,,285,1308;1422;1474;1723;1817;2581,False;False;False;False;False;True,1343;1462;1514;1769;1865;2657,1923;2109;2189;2190;2552;2553;2692;3859;3860;3861,2763;2764;3046;3145;3146;3147;3148;3149;3150;3151;3718;3719;3720;3721;3722;3723;3908;3909;5558;5559;5560;5561,2763;3046;3146;3718;3908;5560,,
sp|P24031|PPA3_YEAST;sp|P38693|PPAC_YEAST;sp|P35842|PPAB_YEAST;sp|P00635|PPA5_YEAST,sp|P24031|PPA3_YEAST,3;1;1;1,3;1;1;1,3;1;1;1,,4,3,3,3,1,2,1,2,1,2,6.6,6.6,6.6,52.776,467,467;467;467;467,0,3.1419,4.5949,2.5869,37.206,2,1,Median,NaN,NaN,NaN,NaN,NaN,NaN,1,1,0,1,Median,Median,3,3.6,5122500,712660,4409800,2911100,606320,2304800,2211400,106340,2105000,,,,286,1357;2953;3636,True;True;True,1394;3050;3757,2011;4468;5478,2912;6433;7858,2912;6433;7858,,
sp|P24280|SEC14_YEAST,sp|P24280|SEC14_YEAST,6,6,6,,1,6,6,6,5,5,5,5,5,5,24.3,24.3,24.3,34.9,304,304,0,26.018,NaN,NaN,NaN,0,0,Median,NaN,NaN,NaN,NaN,NaN,NaN,0,0,0,0,Median,Median,19.1,21.4,15303000,0,15303000,6293200,0,6293200,9009400,0,9009400,,,,287,769;797;908;1468;2929;4339,True;True;True;True;True;True,791;822;934;1508;3026;4488,1142;1143;1189;1343;1344;2181;2182;4430;4431;6628,1640;1641;1721;1916;1917;3136;3137;6378;6379;9721,1640;1721;1917;3136;6379;9721,,
sp|P24783|DBP2_YEAST,sp|P24783|DBP2_YEAST,5,5,5,,1,5,5,5,3,4,3,4,3,4,12.6,12.6,12.6,60.999,546,546,0,38.751,NaN,NaN,NaN,0,0,Median,NaN,NaN,NaN,NaN,NaN,NaN,0,0,0,0,Median,Median,6.6,9.7,16412000,0,16412000,4405000,0,4405000,12007000,0,12007000,,,,288,146;1627;4544;4545;4554,True;True;True;True;True,148;1671;4698;4699;4708,218;2420;6942;6943;6944;6945;6956,306;3514;10177;10178;10179;10180;10181;10182;10196,306;3514;10177;10181;10196,,
sp|P25043|PSB2_YEAST,sp|P25043|PSB2_YEAST,1,1,1,,1,1,1,1,1,1,1,1,1,1,5,5,5,28.268,261,261,0.007762,0.62425,NaN,NaN,NaN,1,1,Median,NaN,NaN,NaN,NaN,NaN,NaN,1,0,1,0,Median,Median,5,5,4054300,413330,3640900,2710100,413330,2296800,1344100,0,1344100,,,,289,3644,TRUE,3765,5490;5491,7872;7873,7872,,
sp|P25045|LCB1_YEAST,sp|P25045|LCB1_YEAST,1,1,1,,1,1,1,1,0,1,0,1,0,1,2.5,2.5,2.5,62.206,558,558,0.0014225,1.1604,NaN,NaN,NaN,0,0,Median,NaN,NaN,NaN,NaN,NaN,NaN,0,0,0,0,Median,Median,0,2.5,0,0,0,0,0,0,0,0,0,,,,290,2286,TRUE,2348,3390,4934,4934,,
sp|P25087|ERG6_YEAST,sp|P25087|ERG6_YEAST,12,12,12,,1,12,12,12,8,7,8,7,8,7,46.7,46.7,46.7,43.43,383,383,0,28.338,2.0375,0.62537,348.32,3,3,Median,7.0307,NaN,0.97484,NaN,491.27,NaN,2,1,2,1,Median,Median,29.5,29.8,48554000,2181100,46373000,26200000,933720,25266000,22354000,1247400,21107000,,,,291,978;1210;1423;1902;1951;2071;2113;2133;3763;4393;4555;4597,True;True;True;True;True;True;True;True;True;True;True;True,1006;1244;1463;1953;2006;2126;2168;2190;3890;4542;4709;4751,1449;1789;2110;2817;2894;2895;3077;3078;3137;3173;5717;6708;6709;6957;7013,2065;2585;3047;4068;4203;4204;4205;4450;4451;4543;4616;8331;9840;9841;10197;10273,2065;2585;3047;4068;4204;4450;4543;4616;8331;9841;10197;10273,,
sp|P25293|NAP1_YEAST,sp|P25293|NAP1_YEAST,5,5,5,,1,5,5,5,2,4,2,4,2,4,15.8,15.8,15.8,47.884,417,417,0,12.489,NaN,NaN,NaN,1,1,Median,NaN,NaN,NaN,NaN,NaN,NaN,0,1,0,1,Median,Median,9.6,12.2,7772100,547370,7224700,649230,0,649230,7122900,547370,6575500,,,,292,1544;2709;3220;3498;3528,True;True;True;True;True,1584;2799;3323;3614;3646,2288;4072;4852;5268;5314;5315,3296;5868;5869;6959;7562;7625;7626,3296;5868;6959;7562;7626,,
sp|P25294|SIS1_YEAST,sp|P25294|SIS1_YEAST,5,5,5,,1,5,5,5,3,2,3,2,3,2,19.3,19.3,19.3,37.59,352,352,0,14.864,NaN,NaN,NaN,1,1,Median,NaN,NaN,NaN,NaN,NaN,NaN,1,0,1,0,Median,Median,10.5,8.8,11173000,121130,11052000,5682200,121130,5561100,5491000,0,5491000,,,,293,33;2509;3036;3840;3878,True;True;True;True;True,33;2576;3133;3969;4009,51;3727;4589;5852;5912,75;5387;5388;6589;8562;8642,75;5387;6589;8562;8642,,
sp|P25296|CANB_YEAST,sp|P25296|CANB_YEAST,1,1,1,,1,1,1,1,1,1,1,1,1,1,5.7,5.7,5.7,19.639,175,175,0,1.3626,NaN,NaN,NaN,0,0,Median,NaN,NaN,NaN,NaN,NaN,NaN,0,0,0,0,Median,Median,5.7,5.7,1420300,0,1420300,636430,0,636430,783840,0,783840,,,,294,2645,TRUE,2731,3972;3973,5718;5719;5720,5718,,
sp|P25340|ERG4_YEAST,sp|P25340|ERG4_YEAST,1,1,1,,1,1,1,1,1,1,1,1,1,1,1.7,1.7,1.7,56.039,473,473,0,3.1301,3.9164,0.38118,215.24,2,2,Median,NaN,NaN,NaN,NaN,NaN,NaN,1,1,1,1,Median,Median,1.7,1.7,2490300,427210,2063100,1278900,229560,1049300,1211400,197650,1013700,,,,295,2341,TRUE,2404,3469;3470,5038;5039,5038,,
sp|P25343|RV161_YEAST,sp|P25343|RV161_YEAST,1,1,1,,1,1,1,1,1,1,1,1,1,1,4.2,4.2,4.2,30.25,265,265,0,1.288,NaN,NaN,NaN,0,0,Median,NaN,NaN,NaN,NaN,NaN,NaN,0,0,0,0,Median,Median,4.2,4.2,1538200,0,1538200,802650,0,802650,735510,0,735510,,,,296,4210,TRUE,4356,6437;6438,9458;9459,9459,,
sp|P25349|YCP4_YEAST,sp|P25349|YCP4_YEAST,1,1,1,,1,1,1,1,1,0,1,0,1,0,6.5,6.5,6.5,26.35,247,247,0,4.2972,NaN,NaN,NaN,0,0,Median,NaN,NaN,NaN,NaN,NaN,NaN,0,0,0,0,Median,Median,6.5,0,2283200,0,2283200,2283200,0,2283200,0,0,0,,,,297,2596,TRUE,2675,3893,5608,5608,,
sp|P25367|RNQ1_YEAST,sp|P25367|RNQ1_YEAST,1,1,1,,1,1,1,1,1,0,1,0,1,0,4.9,4.9,4.9,42.579,405,405,0.0014286,1.1736,NaN,NaN,NaN,0,0,Median,NaN,NaN,NaN,NaN,NaN,NaN,0,0,0,0,Median,Median,4.9,0,1331300,0,1331300,1331300,0,1331300,0,0,0,,,,298,2198,TRUE,2256,3261,4734,4734,,
sp|P25375|PRTD_YEAST,sp|P25375|PRTD_YEAST,1,1,1,,1,1,1,1,0,1,0,1,0,1,1.5,1.5,1.5,81.933,712,712,0,1.5028,NaN,NaN,NaN,0,0,Median,NaN,NaN,NaN,NaN,NaN,NaN,0,0,0,0,Median,Median,0,1.5,1247300,0,1247300,0,0,0,1247300,0,1247300,,,,299,2681,TRUE,2768,4031,5797,5797,,
sp|P25443|RS2_YEAST,sp|P25443|RS2_YEAST,22,22,22,,1,22,22,22,11,18,11,18,11,18,82.7,82.7,82.7,27.449,254,254,0,204.46,18.696,15.618,131.36,3,3,Median,NaN,18.696,NaN,15.618,NaN,131.36,0,3,0,3,Median,Median,68.1,76,590470000,1263100,589210000,255140000,0,255140000,335330000,1263100,334070000,,,,300,17;508;509;555;841;965;1291;1340;1684;1866;2188;2189;2262;2263;2264;2414;2415;2813;3066;3176;3177;3895,True;True;True;True;True;True;True;True;True;True;True;True;True;True;True;True;True;True;True;True;True;True,17;524;525;572;866;867;993;1326;1377;1728;1916;2246;2247;2323;2324;2325;2479;2480;2909;3164;3276;3277;4026,25;26;759;760;761;762;831;832;1253;1254;1255;1256;1431;1896;1975;2494;2495;2764;3246;3247;3352;3353;3354;3355;3356;3357;3579;3580;3581;4243;4630;4791;4792;5940,33;34;1079;1080;1081;1082;1197;1198;1808;1809;1810;1811;2044;2727;2834;3611;3612;3613;3614;3615;3616;4008;4712;4713;4714;4855;4856;4857;4858;4859;4860;4861;4862;4863;4864;5177;5178;5179;6115;6646;6873;6874;8682,33;1080;1081;1197;1809;2044;2727;2834;3615;4008;4712;4713;4855;4859;4861;5177;5178;6115;6646;6873;6874;8682,100,81
sp|P25491|MAS5_YEAST,sp|P25491|MAS5_YEAST,8,8,8,,1,8,8,8,6,6,6,6,6,6,29.8,29.8,29.8,44.67,409,409,0,27.543,13.099,32.761,366.99,3,3,Plateau,NaN,13.099,NaN,8.4849,NaN,285.31,1,2,1,2,Median,Median,21.8,22.2,50424000,1023300,49401000,17278000,361700,16917000,33146000,661580,32484000,,,,301,543;795;1144;1176;1561;2063;2927;4109,True;True;True;True;True;True;True;True,560;820;1176;1210;1601;2118;3024;4250,813;1185;1186;1699;1742;1743;2311;2312;2313;3063;3064;3065;4428;6276,1163;1164;1716;1717;1718;2447;2519;2520;3328;3329;3330;3331;4431;4432;4433;4434;4435;6376;9180,1164;1716;2447;2519;3330;4433;6376;9180,,
sp|P25567|SRO9_YEAST,sp|P25567|SRO9_YEAST,3,3,3,,1,3,3,3,2,1,2,1,2,1,13.1,13.1,13.1,48.059,434,434,0,7.739,NaN,NaN,NaN,0,0,Median,NaN,NaN,NaN,NaN,NaN,NaN,0,0,0,0,Median,Median,9,4.1,8970700,0,8970700,4302800,0,4302800,4668000,0,4668000,,,,302,852;1984;3369,True;True;True,878;2039;3479,1272;2950;5081,1828;4287;7292,1828;4287;7292,,
sp|P25574|EMC1_YEAST,sp|P25574|EMC1_YEAST,1,1,1,,1,1,1,1,1,0,1,0,1,0,2,2,2,87.18,760,760,0.0027894,1.0472,NaN,NaN,NaN,0,0,Median,NaN,NaN,NaN,NaN,NaN,NaN,0,0,0,0,Median,Median,2,0,572140,0,572140,572140,0,572140,0,0,0,,,,303,2244,TRUE,2305,3326,4824,4824,,
sp|P25605|ILV6_YEAST,sp|P25605|ILV6_YEAST,1,1,1,,1,1,1,1,1,1,1,1,1,1,5.2,5.2,5.2,33.986,309,309,0,4.366,NaN,NaN,NaN,1,1,Median,NaN,NaN,NaN,NaN,NaN,NaN,0,1,0,1,Median,Median,5.2,5.2,6708200,252340,6455900,3707800,0,3707800,3000400,252340,2748100,,,,304,2909,TRUE,3006,4403;4404,6342;6343,6342,,
sp|P25644|PAT1_YEAST,sp|P25644|PAT1_YEAST,1,1,1,,1,1,1,1,1,0,1,0,1,0,2.8,2.8,2.8,88.51,796,796,0.0099256,0.37011,NaN,NaN,NaN,0,0,Median,NaN,NaN,NaN,NaN,NaN,NaN,0,0,0,0,Median,Median,2.8,0,380880,0,380880,380880,0,380880,0,0,0,,,,305,722,TRUE,743,1076,1536,1536,,
sp|P25694|CDC48_YEAST,sp|P25694|CDC48_YEAST,17,17,17,,1,17,17,17,10,11,10,11,10,11,34,34,34,91.995,835,835,0,57.865,35.486,22.975,349.71,4,4,Linear,7.5919,27.503,1.2086,22.975,524.22,73.238,2,2,2,2,Median,Median,17.8,24.8,65037000,658170,64379000,30687000,379940,30307000,34350000,278230,34071000,,,,306,101;116;209;440;462;866;961;971;1067;1198;1206;1906;1963;2078;2528;2956;4060,True;True;True;True;True;True;True;True;True;True;True;True;True;True;True;True;True,102;117;213;456;478;892;989;999;1097;1232;1240;1958;2018;2133;2595;3053;4201,149;172;173;306;307;308;659;687;1288;1425;1439;1588;1774;1784;2825;2915;3085;3754;3755;4472;4473;6203,217;244;245;422;423;424;940;941;978;1850;2036;2054;2287;2567;2579;2580;4080;4239;4463;5424;5425;6437;6438;6439;9085;9086,217;244;422;940;978;1850;2036;2054;2287;2567;2579;4080;4239;4463;5424;6439;9085,,
sp|P25719|CYPC_YEAST,sp|P25719|CYPC_YEAST,2,1,1,,1,2,1,1,2,2,1,1,1,1,13.2,6,6,19.919,182,182,0,5.907,NaN,NaN,NaN,0,0,Median,NaN,NaN,NaN,NaN,NaN,NaN,0,0,0,0,Median,Median,13.2,13.2,6424100,0,6424100,2565600,0,2565600,3858500,0,3858500,,,,307,3658;4077,False;True,3780;4218,5514;5515;6228;6229,7904;7905;9120;9121,7905;9120,,
sp|P26321|RL5_YEAST,sp|P26321|RL5_YEAST,7,7,7,,1,7,7,7,3,6,3,6,3,6,26.6,26.6,26.6,33.714,297,297,0,32.775,NaN,NaN,NaN,1,1,Median,NaN,NaN,NaN,NaN,NaN,NaN,0,1,0,1,Median,Median,16.8,23.9,73047000,268240,72779000,8320700,0,8320700,64727000,268240,64458000,,,,308,1146;1387;2134;3517;3518;4080;4081,True;True;True;True;True;True;True,1178;1426;2191;3634;3635;4221;4222,1701;1702;2059;3174;3175;5298;5299;6233;6234,2449;2450;2990;4617;4618;4619;4620;4621;4622;7607;7608;9126;9127;9128,2450;2990;4617;7607;7608;9126;9128,,
sp|P26637|SYLC_YEAST,sp|P26637|SYLC_YEAST,16,16,16,,1,16,16,16,9,13,9,13,9,13,23.9,23.9,23.9,124.14,1090,1090,0,65.735,7.1727,5.6058,308.18,7,7,Median,8.3244,7.1727,0.12346,9.3472,371.26,32.467,4,3,4,3,Median,Median,12.8,18,87207000,3586100,83621000,22050000,859170,21191000,65156000,2726900,62429000,,,,309,697;1108;1392;1424;1446;1527;1709;2111;3020;3054;3522;3523;3565;3973;4056;4505,True;True;True;True;True;True;True;True;True;True;True;True;True;True;True;True,717;1139;1431;1464;1486;1567;1753;2166;3117;3151;3639;3640;3684;4109;4197;4659,1038;1649;2065;2066;2111;2146;2265;2266;2530;3134;3135;4564;4612;5305;5306;5366;5367;6067;6068;6196;6197;6886,1480;2375;2996;2997;3048;3091;3263;3264;3667;3668;4539;4540;4541;6555;6616;7615;7616;7700;7701;8891;8892;9077;9078;10109,1480;2375;2996;3048;3091;3263;3667;4540;6555;6616;7615;7616;7701;8892;9078;10109,,
sp|P26783|RS5_YEAST,sp|P26783|RS5_YEAST,14,14,14,,1,14,14,14,4,13,4,13,4,13,46.7,46.7,46.7,25.038,225,225,0,139.23,60.739,1.5182,191.42,4,3,Median,60.739,24.259,0.90085,8.7969,58.857,233.51,2,2,1,2,Median,Median,27.1,45.3,349980000,1986400,347990000,137330000,1282900,136050000,212650000,703470,211940000,,,,310,343;601;602;627;628;781;1762;2442;2962;3793;4246;4247;4430;4431,True;True;True;True;True;True;True;True;True;True;True;True;True;True,354;355;618;619;644;645;805;1809;2509;3059;3921;4392;4393;4583;4584,516;517;518;892;893;894;895;936;937;1165;2612;3624;4479;5774;5775;5776;6492;6493;6494;6770;6771;6772,748;749;750;751;752;753;754;1270;1271;1272;1273;1274;1275;1331;1332;1333;1334;1684;3801;5232;6447;8427;8428;8429;8430;9537;9538;9539;9940;9941;9942;9943;9944;9945,752;1270;1271;1331;1333;1684;3801;5232;6447;8428;9537;9538;9940;9945,101;102,98;99
sp|P26784|RL16A_YEAST,sp|P26784|RL16A_YEAST,15,10,10,,1,15,10,10,11,12,8,7,8,7,51.3,37.7,37.7,22.201,199,199,0,53.091,18.617,16.273,98.002,3,3,Median,NaN,19.302,NaN,9.2893,NaN,130.82,1,2,1,2,Median,Median,41.7,50.8,103720000,589900,103130000,45040000,71642,44968000,58681000,518260,58163000,,,,311,30;32;1230;1909;2407;2408;2935;3140;3609;3610;4004;4076;4304;4305;4479,False;True;True;True;False;False;True;False;True;True;True;True;True;True;False,30;32;1264;1961;2472;2473;3032;3239;3730;3731;4143;4217;4451;4452;4633,46;49;50;1817;1818;2828;2829;3565;3566;3567;3568;3569;4440;4743;5437;5438;6118;6119;6227;6574;6575;6576;6848;6849,63;64;69;70;71;72;73;74;2620;2621;4083;4084;5161;5162;5163;5164;5165;5166;6390;6803;7804;7805;8962;8963;8964;8965;8966;8967;8968;9119;9645;9646;9647;10051;10052,63;69;2621;4083;5162;5166;6390;6803;7804;7805;8966;9119;9645;9647;10051,,
sp|P26785|RL16B_YEAST,sp|P26785|RL16B_YEAST,16,16,11,,1,16,16,11,9,16,9,16,6,11,51.5,51.5,45.5,22.249,198,198,0,71.889,32.093,10.556,266.39,7,7,Median,8.4905,42.672,0.12593,15.474,188.05,103.11,2,5,2,5,Median,Median,31.8,51.5,260360000,2715000,257650000,84354000,1512600,82842000,176010000,1202400,174800000,,,,312,30;31;86;663;1465;1466;1929;2407;2408;2409;3140;3481;3482;3483;4306;4479,True;True;True;True;True;True;True;True;True;True;True;True;True;True;True;True,30;31;87;682;1505;1506;1981;2472;2473;2474;3239;3597;3598;3599;4453;4633,46;47;48;127;990;2176;2177;2178;2854;2855;3565;3566;3567;3568;3569;3570;3571;4743;5242;5243;5244;5245;6577;6578;6848;6849,63;64;65;66;67;68;183;1410;1411;1412;3129;3130;3131;3132;4122;4123;4124;5161;5162;5163;5164;5165;5166;5167;5168;6803;7527;7528;7529;7530;7531;9648;9649;9650;9651;9652;9653;10051;10052,63;65;183;1410;3131;3132;4122;5162;5166;5167;6803;7527;7529;7530;9652;10051,,
sp|P26786|RS7A_YEAST,sp|P26786|RS7A_YEAST,15,8,8,,1,15,8,8,12,13,6,7,6,7,53.2,42.1,42.1,21.622,190,190,0,43.491,21.494,3.628,173.94,4,4,Median,21.494,20.689,2.4472,9.957,139.86,226.96,2,2,2,2,Median,Median,44.2,53.2,282130000,3233700,278900000,110470000,1267300,109200000,171660000,1966400,169700000,,,,313,98;240;241;753;754;1557;2086;2087;2088;2428;2445;3337;3338;4189;4190,True;True;True;False;False;True;False;False;True;True;False;True;True;False;False,99;245;246;775;776;1597;2141;2142;2143;2493;2512;3445;3446;4335;4336,145;346;347;348;349;1116;1117;1118;1119;2305;2306;3097;3098;3099;3100;3598;3599;3627;5030;5031;5032;6406;6407;6408;6409;6410,211;212;481;482;483;484;485;486;487;488;1589;1590;1591;1592;1593;1594;1595;1596;3319;3320;3321;3322;3323;4477;4478;4479;4480;4481;4482;4483;4484;4485;5199;5200;5236;5237;5238;5239;7210;7211;7212;7213;7214;7215;7216;7217;9413;9414;9415;9416;9417;9418,211;483;487;1589;1593;3321;4477;4483;4484;5200;5236;7210;7217;9414;9416,,
sp|P27351|AP2B_YEAST,sp|P27351|AP2B_YEAST,1,1,1,,1,1,1,1,0,1,0,1,0,1,1.7,1.7,1.7,80.452,700,700,0.00978,0.32095,NaN,NaN,NaN,0,0,Median,NaN,NaN,NaN,NaN,NaN,NaN,0,0,0,0,Median,Median,0,1.7,3115400,0,3115400,0,0,0,3115400,0,3115400,,,,314,3492,TRUE,3608,5261,7553,7553,,
sp|P27476|NSR1_YEAST,sp|P27476|NSR1_YEAST,4,4,4,,1,4,4,4,2,3,2,3,2,3,15.5,15.5,15.5,44.535,414,414,0,14.19,26.876,9.746,93.137,3,3,Median,NaN,16.984,NaN,6.1589,NaN,64.906,1,2,1,2,Median,Median,8,12.1,13245000,372520,12873000,5447900,59569,5388300,7797200,312950,7484300,,,,315,1358;1359;1782;3232,True;True;True;True,1395;1396;1830;3337,2012;2013;2014;2637;4874,2913;2914;2915;3837;3838;6987;6988,2913;2915;3837;6987,,
sp|P27514|PHO91_YEAST,sp|P27514|PHO91_YEAST,1,1,1,,1,1,1,1,0,1,0,1,0,1,2,2,2,99.489,894,894,0,1.7212,NaN,NaN,NaN,0,0,Median,NaN,NaN,NaN,NaN,NaN,NaN,0,0,0,0,Median,Median,0,2,861870,0,861870,0,0,0,861870,0,861870,,,,316,441,TRUE,457,660,942,942,,
sp|P27810|KTR1_YEAST,sp|P27810|KTR1_YEAST,1,1,1,,1,1,1,1,0,1,0,1,0,1,2,2,2,46.022,393,393,0.010038,0.40883,NaN,NaN,NaN,0,0,Median,NaN,NaN,NaN,NaN,NaN,NaN,0,0,0,0,Median,Median,0,2,0,0,0,0,0,0,0,0,0,,,,317,422,TRUE,438,633,908,908,,
sp|P28007|GAR1_YEAST,sp|P28007|GAR1_YEAST,3,3,3,,1,3,3,3,2,1,2,1,2,1,23.9,23.9,23.9,21.48,205,205,0,6.8652,NaN,NaN,NaN,1,1,Median,NaN,NaN,NaN,NaN,NaN,NaN,1,0,1,0,Median,Median,15.1,8.8,3610800,703450,2907400,3610800,703450,2907400,0,0,0,,,,318,552;3332;4026,True;True;True,569;3439;4166,828;5020;6150,1193;7191;9014,1193;7191;9014,,
sp|P28241|IDH2_YEAST,sp|P28241|IDH2_YEAST,3,3,3,,1,3,3,3,2,2,2,2,2,2,12.2,12.2,12.2,39.739,369,369,0,7.8646,NaN,NaN,NaN,0,0,Median,NaN,NaN,NaN,NaN,NaN,NaN,0,0,0,0,Median,Median,7.6,7.9,6658400,0,6658400,4327200,0,4327200,2331200,0,2331200,,,,319,3569;3730;4589,True;True;True,3688;3854;4743,5371;5652;5653;7002,7705;8212;8213;10258,7705;8212;10258,,
sp|P28272|PYRD_YEAST,sp|P28272|PYRD_YEAST,1,1,1,,1,1,1,1,0,1,0,1,0,1,6.4,6.4,6.4,34.801,314,314,0,7.0423,NaN,NaN,NaN,0,0,Median,NaN,NaN,NaN,NaN,NaN,NaN,0,0,0,0,Median,Median,0,6.4,2111900,0,2111900,0,0,0,2111900,0,2111900,,,,320,2701,TRUE,2791,4063,5857,5857,,
sp|P28274|URA7_YEAST,sp|P28274|URA7_YEAST,3,3,3,,1,3,3,3,1,2,1,2,1,2,8.6,8.6,8.6,64.71,579,579,0,15.266,NaN,NaN,NaN,0,0,Median,NaN,NaN,NaN,NaN,NaN,NaN,0,0,0,0,Median,Median,2.9,5.7,7420200,0,7420200,812970,0,812970,6607200,0,6607200,,,,321,444;2140;2718,True;True;True,460;2197;2808,665;3182;4083,947;4629;4630;5882,947;4630;5882,,
sp|P28496|LAC1_YEAST,sp|P28496|LAC1_YEAST,1,1,1,,1,1,1,1,0,1,0,1,0,1,3.6,3.6,3.6,48.991,418,418,0,13.145,NaN,NaN,NaN,0,0,Median,NaN,NaN,NaN,NaN,NaN,NaN,0,0,0,0,Median,Median,0,3.6,0,0,0,0,0,0,0,0,0,,,,322,3568,TRUE,3687,5370,7704,7704,,
sp|P28707|SBA1_YEAST,sp|P28707|SBA1_YEAST,1,1,1,,1,1,1,1,0,1,0,1,0,1,6.5,6.5,6.5,24.081,216,216,0,3.1133,NaN,NaN,NaN,0,0,Median,NaN,NaN,NaN,NaN,NaN,NaN,0,0,0,0,Median,Median,0,6.5,2875600,0,2875600,0,0,0,2875600,0,2875600,,,,323,3218,TRUE,3321,4850,6957,6957,,
sp|P28777|AROC_YEAST,sp|P28777|AROC_YEAST,5,5,5,,1,5,5,5,3,4,3,4,3,4,21.3,21.3,21.3,40.838,376,376,0,6.2293,NaN,NaN,NaN,0,0,Median,NaN,NaN,NaN,NaN,NaN,NaN,0,0,0,0,Median,Median,11.4,16,19930000,0,19930000,8000700,0,8000700,11929000,0,11929000,,,,324,2054;2110;2599;3599;4039,True;True;True;True;True,2109;2165;2679;3718;4179,3049;3132;3133;3898;5417;5418;6165,4412;4537;4538;5619;7767;7768;9036;9037,4412;4538;5619;7768;9036,,
sp|P28834|IDH1_YEAST,sp|P28834|IDH1_YEAST,2,2,2,,1,2,2,2,2,0,2,0,2,0,8.1,8.1,8.1,39.324,360,360,0,5.4298,NaN,NaN,NaN,0,0,Median,NaN,NaN,NaN,NaN,NaN,NaN,0,0,0,0,Median,Median,8.1,0,5069600,0,5069600,5069600,0,5069600,0,0,0,,,,325,2122;3720,True;True,2179;3843,3159;5613,4599;8064,4599;8064,,
sp|P29311|BMH1_YEAST,sp|P29311|BMH1_YEAST,12,12,6,,1,12,12,6,6,11,6,11,3,6,44.6,44.6,24,30.091,267,267,0,55.195,53.283,8.7239,143.2,8,7,Median,103.09,26.181,1.529,13.173,3.1749,113.94,2,6,1,6,Median,Median,32.6,42.7,166980000,1983200,164990000,55157000,335760,54821000,111820000,1647500,110170000,,,,326,434;1205;1458;1707;1971;3241;3242;3364;3588;3938;3939;4538,True;True;True;True;True;True;True;True;True;True;True;True,450;1239;1498;1751;2026;3346;3347;3474;3707;4069;4070;4692,649;650;1783;2165;2166;2527;2928;2929;2930;4887;4888;4889;4890;5075;5399;6000;6001;6002;6933,927;928;929;2578;3115;3116;3117;3664;4252;4253;4254;4255;4256;7006;7007;7008;7009;7010;7011;7285;7745;7746;7747;8769;8770;8771;8772;8773;8774;8775;10168,929;2578;3117;3664;4256;7006;7008;7285;7745;8772;8775;10168,,
sp|P29453|RL8B_YEAST,sp|P29453|RL8B_YEAST,30,30,11,,1,30,30,11,16,27,16,27,5,11,86.7,86.7,29.7,28.111,256,256,0,187.41,344.55,9.0044,162.56,21,21,Linear,56.695,354.85,1.3229,20.172,87.685,153.34,6,15,6,15,Median,Linear,53.1,84.4,855580000,12383000,843200000,232680000,2630400,230050000,622910000,9752900,613150000,,,,327,373;778;1240;1384;1874;2104;2147;2217;2478;2479;2493;2494;2495;2563;2564;2565;2691;2692;2895;2897;3368;3445;3899;4001;4511;4512;4513;4572;4593;4594,True;True;True;True;True;True;True;True;True;True;True;True;True;True;True;True;True;True;True;True;True;True;True;True;True;True;True;True;True;True,387;802;1274;1423;1925;2159;2204;2275;2545;2546;2560;2561;2562;2638;2639;2640;2780;2781;2991;2993;3478;3561;4030;4140;4665;4666;4667;4726;4747;4748,560;1161;1831;2054;2055;2777;2778;3121;3122;3123;3191;3284;3285;3673;3674;3697;3698;3699;3700;3701;3833;3834;3835;4047;4048;4049;4376;4377;4380;4381;5079;5080;5197;5944;5945;5946;6114;6115;6895;6896;6897;6898;6899;6900;6901;6979;6980;7008;7009;7010,809;810;811;1678;2645;2972;2973;2974;2975;2976;2977;2978;2979;2980;2981;2982;2983;4024;4025;4520;4521;4522;4523;4640;4641;4760;4761;4762;5297;5298;5335;5336;5337;5338;5339;5340;5341;5342;5526;5527;5528;5821;5822;5823;5824;5825;5826;5827;5828;5829;5830;5831;6312;6313;6317;6318;7289;7290;7291;7462;7463;7464;7465;8686;8687;8688;8689;8690;8691;8692;8693;8954;8955;8956;8957;8958;8959;10120;10121;10122;10123;10124;10125;10126;10127;10128;10224;10225;10226;10227;10228;10229;10264;10265;10266;10267;10268;10269,809;1678;2645;2974;4025;4523;4640;4761;5297;5298;5336;5340;5342;5526;5527;5528;5826;5830;6313;6318;7291;7464;8688;8954;10124;10125;10128;10228;10265;10268,,
sp|P29509|TRXB1_YEAST;sp|P38816|TRXB2_YEAST,sp|P29509|TRXB1_YEAST,10;1,10;1,10;1,,2,10,10,10,6,7,6,7,6,7,43.9,43.9,43.9,34.238,319,319;342,0,66.732,12.406,6.9843,311.09,2,2,Median,NaN,NaN,NaN,NaN,NaN,NaN,1,1,1,1,Median,Median,23.8,35.1,58746000,741080,58005000,26435000,97392,26337000,32312000,643690,31668000,,,,328,664;1072;1452;1691;1876;2245;2680;2734;3103;4326,True;True;True;True;True;True;True;True;True;True,683;1102;1492;1735;1927;2306;2767;2825;3202;4473,991;1594;1595;2157;2505;2781;2782;3327;4030;4110;4687;4688;6605,1413;2295;2296;2297;2298;3103;3627;4028;4029;4825;5795;5796;5918;6725;6726;6727;6728;6729;9688;9689,1413;2295;3103;3627;4029;4825;5796;5918;6725;9689,,
sp|P29547|EF1G1_YEAST,sp|P29547|EF1G1_YEAST,6,4,4,,1,6,4,4,4,4,3,2,3,2,18.1,15.4,15.4,47.087,415,415,0,14.492,NaN,NaN,NaN,1,1,Median,NaN,NaN,NaN,NaN,NaN,NaN,1,0,1,0,Median,Median,15.2,10.8,6732400,151510,6580900,3226400,151510,3074900,3506000,0,3506000,,,,329,637;1775;2046;3469;3561;3562,True;True;True;True;False;False,654;1823;2101;3585;3680;3681,950;2628;3038;3039;5226;5360;5361;5362,1358;1359;3826;4399;4400;4401;7508;7694;7695;7696,1359;3826;4400;7508;7694;7696,,
sp|P29952|MPI_YEAST,sp|P29952|MPI_YEAST,9,9,9,,1,9,9,9,6,6,6,6,6,6,35.9,35.9,35.9,48.188,429,429,0,32.219,NaN,NaN,NaN,1,1,Median,NaN,NaN,NaN,NaN,NaN,NaN,1,0,1,0,Median,Median,28.7,23.1,29090000,917640,28172000,13228000,917640,12311000,15862000,0,15862000,,,,330,672;937;1508;2108;2257;2759;2805;4215;4216,True;True;True;True;True;True;True;True;True,691;965;1548;2163;2318;2850;2900;4361;4362,1000;1390;1391;2237;2238;3128;3129;3345;4154;4233;6446;6447,1423;1979;1980;3227;3228;3229;4528;4529;4530;4531;4846;5978;6102;6103;9470;9471,1423;1980;3229;4528;4846;5978;6102;9470;9471,,
sp|P30605|ITR1_YEAST,sp|P30605|ITR1_YEAST,1,1,1,,1,1,1,1,1,0,1,0,1,0,2.4,2.4,2.4,63.569,584,584,0.0066489,0.79725,NaN,NaN,NaN,0,0,Median,NaN,NaN,NaN,NaN,NaN,NaN,0,0,0,0,Median,Median,2.4,0,453350,0,453350,453350,0,453350,0,0,0,,,,331,3122,TRUE,3221,4721,6775,6775,,
sp|P30624|LCF1_YEAST,sp|P30624|LCF1_YEAST,1,1,1,,1,1,1,1,0,1,0,1,0,1,2,2,2,77.865,700,700,0,2.3078,NaN,NaN,NaN,0,0,Median,NaN,NaN,NaN,NaN,NaN,NaN,0,0,0,0,Median,Median,0,2,1762700,0,1762700,0,0,0,1762700,0,1762700,,,,332,738,TRUE,760,1098,1565,1565,,
sp|P30657|PSB7_YEAST,sp|P30657|PSB7_YEAST,1,1,1,,1,1,1,1,0,1,0,1,0,1,3.8,3.8,3.8,29.443,266,266,0,3.2896,NaN,NaN,NaN,1,1,Median,NaN,NaN,NaN,NaN,NaN,NaN,0,1,0,1,Median,Median,0,3.8,3823200,2175600,1647600,0,0,0,3823200,2175600,1647600,,,,333,673,TRUE,692,1001,1424,1424,,
sp|P30822|XPO1_YEAST,sp|P30822|XPO1_YEAST,1,1,1,,1,1,1,1,1,1,1,1,1,1,1.7,1.7,1.7,124.1,1084,1084,0,5.4269,NaN,NaN,NaN,0,0,Median,NaN,NaN,NaN,NaN,NaN,NaN,0,0,0,0,Median,Median,1.7,1.7,2976400,0,2976400,1642500,0,1642500,1333900,0,1333900,,,,334,2888,TRUE,2984,4366;4367,6301;6302;6303,6302,,
sp|P31116|DHOM_YEAST,sp|P31116|DHOM_YEAST,13,13,13,,1,13,13,13,9,11,9,11,9,11,54.3,54.3,54.3,38.502,359,359,0,81.652,8.2903,3.3485,172.08,6,6,Median,51.317,4.8885,5.8429,3.3485,343.61,83.355,2,4,2,4,Median,Median,35.4,51.5,157310000,4025500,153280000,67175000,379150,66796000,90133000,3646300,86487000,,,,335,133;644;1155;1156;1637;3149;3156;3157;3571;3626;3836;3910;4476,True;True;True;True;True;True;True;True;True;True;True;True;True,134;661;1187;1188;1681;3248;3255;3256;3690;3747;3965;4041;4630,198;960;961;1714;1715;1716;1717;1718;2431;4755;4756;4764;4765;5373;5374;5462;5843;5844;5963;5964;6844;6845,275;1369;1370;2465;2466;2467;2468;2469;3528;6824;6825;6826;6835;6836;6837;6838;7708;7709;7710;7833;8546;8547;8548;8549;8550;8551;8719;8720;10047;10048,275;1369;2465;2469;3528;6826;6835;6837;7708;7833;8548;8720;10048,,
sp|P31373|CYS3_YEAST,sp|P31373|CYS3_YEAST,9,9,9,,1,9,9,9,8,8,8,8,8,8,35,35,35,42.542,394,394,0,49.439,10.344,12.611,85.608,4,3,Median,9.64,13.689,12.44,15.839,87.186,117.48,2,2,2,1,Median,Median,35,31.2,121050000,1352800,119700000,51308000,269930,51038000,69742000,1082900,68659000,,,,336,1020;1391;2112;2502;2503;3790;3832;3839;3998,True;True;True;True;True;True;True;True;True,1049;1430;2167;2569;2570;3918;3961;3968;4137,1512;1513;2063;2064;3136;3713;3714;3715;3716;5769;5770;5838;5848;5849;5850;5851;6110;6111,2167;2168;2169;2994;2995;4542;5369;5370;5371;5372;5373;5374;8419;8420;8539;8540;8541;8555;8556;8557;8558;8559;8560;8561;8949;8950;8951,2167;2995;4542;5369;5371;8420;8540;8559;8951,,
sp|P31382|PMT2_YEAST,sp|P31382|PMT2_YEAST,2,2,2,,1,2,2,2,1,1,1,1,1,1,4.3,4.3,4.3,86.869,759,759,0,5.8642,NaN,NaN,NaN,1,1,Median,NaN,NaN,NaN,NaN,NaN,NaN,1,0,1,0,Median,Median,2.2,2.1,4291000,32976,4258000,3480400,32976,3447400,810620,0,810620,,,,337,1488;3567,True;True,1528;3686,2209;5369,3174;7703,3174;7703,,
sp|P31412|VATC_YEAST,sp|P31412|VATC_YEAST,3,3,3,,1,3,3,3,3,2,3,2,3,2,15.1,15.1,15.1,44.188,392,392,0,17.848,NaN,NaN,NaN,0,0,Median,NaN,NaN,NaN,NaN,NaN,NaN,0,0,0,0,Median,Median,15.1,7.9,12968000,0,12968000,7828700,0,7828700,5138800,0,5138800,,,,338,693;2848;3253,True;True;True,713;2944;3359,1032;4309;4310;4908;4909,1469;6225;6226;6227;7036;7037,1469;6227;7037,,
sp|P31539|HS104_YEAST,sp|P31539|HS104_YEAST,9,9,9,,1,9,9,9,3,9,3,9,3,9,17.2,17.2,17.2,102.03,908,908,0,30.213,21.42,16.005,77.819,2,2,Median,NaN,NaN,NaN,NaN,NaN,NaN,1,1,1,1,Median,Median,5.1,17.2,45586000,335350,45251000,9086500,142300,8944200,36500000,193040,36307000,,,,339,608;1462;1649;2301;3293;4134;4376;4446;4523,True;True;True;True;True;True;True;True;True,625;1502;1693;2364;3400;4276;4525;4599;4677,903;904;2172;2449;3412;4967;6316;6317;6685;6795;6796;6912,1284;1285;1286;3123;3558;4961;7116;9255;9256;9803;9976;9977;10139,1284;3123;3558;4961;7116;9256;9803;9976;10139,,
sp|P31688|TPS2_YEAST,sp|P31688|TPS2_YEAST,1,1,1,,1,1,1,1,0,1,0,1,0,1,1.2,1.2,1.2,102.98,896,896,0,3.4614,NaN,NaN,NaN,0,0,Median,NaN,NaN,NaN,NaN,NaN,NaN,0,0,0,0,Median,Median,0,1.2,797270,0,797270,0,0,0,797270,0,797270,,,,340,3927,TRUE,4058,5987,8753,8753,,
sp|P31787|ACBP_YEAST,sp|P31787|ACBP_YEAST,6,6,6,,1,6,6,6,5,3,5,3,5,3,70.1,70.1,70.1,10.061,87,87,0,20.258,NaN,NaN,NaN,1,1,Median,NaN,NaN,NaN,NaN,NaN,NaN,1,0,1,0,Median,Median,62.1,56.3,58860000,982540,57878000,32256000,982540,31274000,26604000,0,26604000,,,,341,234;490;987;3463;4302;4413,True;True;True;True;True;True,239;506;1015;3579;4449;4563,339;727;728;1463;5217;6571;6572;6739,473;1037;1038;2086;7495;7496;9642;9643;9891,473;1038;2086;7496;9643;9891,,
sp|P32047|MLF3_YEAST,sp|P32047|MLF3_YEAST,1,1,1,,1,1,1,1,1,0,1,0,1,0,3.3,3.3,3.3,49.21,452,452,0.009901,0.36568,NaN,NaN,NaN,0,0,Median,NaN,NaN,NaN,NaN,NaN,NaN,0,0,0,0,Median,Median,3.3,0,543380,0,543380,543380,0,543380,0,0,0,,,,342,1985,TRUE,2040,2951,4288,4288,,
sp|P32074|COPG_YEAST,sp|P32074|COPG_YEAST,3,3,3,,1,3,3,3,3,0,3,0,3,0,4,4,4,104.83,935,935,0,7.7316,NaN,NaN,NaN,0,0,Median,NaN,NaN,NaN,NaN,NaN,NaN,0,0,0,0,Median,Median,4,0,2989400,0,2989400,2989400,0,2989400,0,0,0,,,,343,2489;2904;3263,True;True;True,2556;3001;3370,3693;4395;4926,5331;6334;7065,5331;6334;7065,,
sp|P32288|GLNA_YEAST,sp|P32288|GLNA_YEAST,1,1,1,,1,1,1,1,1,0,1,0,1,0,2.2,2.2,2.2,41.766,370,370,0.0014265,1.1725,NaN,NaN,NaN,0,0,Median,NaN,NaN,NaN,NaN,NaN,NaN,0,0,0,0,Median,Median,2.2,0,3878200,0,3878200,3878200,0,3878200,0,0,0,,,,344,4527,TRUE,4681,6916,10143;10144,10143,,
sp|P32324|EF2_YEAST,sp|P32324|EF2_YEAST,48,48,48,,1,48,48,48,20,41,20,41,20,41,61,61,61,93.288,842,842,0,248.46,86.116,192.85,167.25,23,22,Linear,312.07,179.76,2.1554,145.96,135.39,168.6,8,15,7,15,Linear,Linear,30.2,57.8,1082200000,12001000,1070200000,208470000,5959600,202510000,873730000,6041600,867690000,,,,345,69;151;152;153;226;370;450;500;501;530;631;740;835;862;1142;1143;1157;1158;1175;1314;1361;1585;1612;1613;1614;1645;1710;1711;2593;2594;2633;2767;2883;2890;2906;3059;3545;3546;3577;3578;3779;3991;3992;4034;4035;4276;4277;4333,True;True;True;True;True;True;True;True;True;True;True;True;True;True;True;True;True;True;True;True;True;True;True;True;True;True;True;True;True;True;True;True;True;True;True;True;True;True;True;True;True;True;True;True;True;True;True;True,69;153;154;155;230;383;384;466;516;517;546;648;762;860;888;1174;1175;1189;1190;1209;1349;1398;1625;1653;1654;1655;1689;1754;1755;2671;2672;2673;2719;2859;2860;2979;2986;3003;3157;3664;3665;3696;3697;3906;3907;4128;4129;4130;4131;4174;4175;4422;4423;4480;4481,104;105;223;224;225;226;327;555;556;557;673;745;746;747;748;792;941;942;943;1100;1242;1283;1695;1696;1697;1698;1719;1720;1741;1931;2017;2344;2345;2386;2387;2388;2441;2442;2443;2531;2532;3883;3884;3885;3886;3887;3888;3889;3890;3958;3959;4167;4168;4359;4369;4398;4622;4623;5340;5341;5342;5384;5385;5386;5743;5744;5745;5746;5747;6096;6097;6098;6099;6100;6101;6102;6103;6160;6161;6537;6538;6539;6612;6613;6614;6615;6616;6617,147;148;149;312;313;314;315;316;317;318;456;804;805;806;960;1061;1062;1063;1064;1065;1066;1131;1338;1339;1340;1341;1342;1343;1344;1345;1567;1794;1844;2438;2439;2440;2441;2442;2443;2444;2445;2446;2470;2471;2518;2773;2924;3377;3378;3379;3380;3439;3440;3441;3442;3545;3546;3547;3548;3549;3550;3551;3552;3669;3670;3671;5593;5594;5595;5596;5597;5598;5599;5600;5601;5602;5603;5604;5605;5701;5702;5703;5995;5996;5997;6294;6305;6337;6635;6636;6637;6638;7668;7669;7670;7671;7672;7673;7674;7723;7724;7725;8378;8379;8380;8381;8382;8383;8384;8928;8929;8930;8931;8932;8933;8934;8935;8936;8937;8938;8939;8940;9030;9031;9032;9600;9601;9602;9699;9700;9701;9702;9703;9704;9705;9706;9707,147;315;317;318;456;805;960;1061;1066;1131;1341;1567;1794;1844;2438;2444;2470;2471;2518;2773;2924;3379;3439;3440;3442;3545;3669;3671;5593;5601;5701;5995;6294;6305;6337;6636;7669;7673;7723;7724;8378;8931;8939;9030;9031;9600;9602;9705,103;104;105;106;107;108;109,9;13;22;240;241;478;619
sp|P32337|IMB3_YEAST,sp|P32337|IMB3_YEAST,1,1,1,,1,1,1,1,1,1,1,1,1,1,1.6,1.6,1.6,121.03,1089,1089,0,3.1138,NaN,NaN,NaN,0,0,Median,NaN,NaN,NaN,NaN,NaN,NaN,0,0,0,0,Median,Median,1.6,1.6,1904300,0,1904300,1108600,0,1108600,795730,0,795730,,,,346,2064,TRUE,2119,3066;3067,4436;4437,4436,,
sp|P32353|ERG3_YEAST,sp|P32353|ERG3_YEAST,1,1,1,,1,1,1,1,0,1,0,1,0,1,4.4,4.4,4.4,42.73,365,365,0.0066845,0.82215,NaN,NaN,NaN,0,0,Median,NaN,NaN,NaN,NaN,NaN,NaN,0,0,0,0,Median,Median,0,4.4,1207100,0,1207100,0,0,0,1207100,0,1207100,,,,347,4199,TRUE,4345,6421,9431,9431,,
sp|P32366|VA0D_YEAST,sp|P32366|VA0D_YEAST,1,1,1,,1,1,1,1,1,1,1,1,1,1,5.2,5.2,5.2,39.79,345,345,0,6.0138,NaN,NaN,NaN,0,0,Median,NaN,NaN,NaN,NaN,NaN,NaN,0,0,0,0,Median,Median,5.2,5.2,4571500,0,4571500,2111400,0,2111400,2460100,0,2460100,,,,348,2511,TRUE,2578,3729;3730,5390;5391,5391,,
sp|P32377|MVD1_YEAST,sp|P32377|MVD1_YEAST,6,6,6,,1,6,6,6,5,2,5,2,5,2,28.5,28.5,28.5,44.115,396,396,0,14.162,NaN,NaN,NaN,1,1,Median,NaN,NaN,NaN,NaN,NaN,NaN,1,0,1,0,Median,Median,25.3,5.1,8129300,81625,8047600,4675400,81625,4593800,3453800,0,3453800,,,,349,634;749;1807;2097;2156;2518,True;True;True;True;True;True,651;771;1855;2152;2213;2585,946;947;1112;2674;3112;3203;3739,1351;1352;1583;3883;4510;4657;5403,1352;1583;3883;4510;4657;5403,,
sp|P32379|PSA5_YEAST,sp|P32379|PSA5_YEAST,2,2,2,,1,2,2,2,2,0,2,0,2,0,8.5,8.5,8.5,28.617,260,260,0,1.5869,NaN,NaN,NaN,1,1,Median,NaN,NaN,NaN,NaN,NaN,NaN,1,0,1,0,Median,Median,8.5,0,2575500,198170,2377300,2575500,198170,2377300,0,0,0,,,,350,865;2019,True;True,891;2074,1287;3000,1849;4349,1849;4349,,
sp|P32419|MDHP_YEAST,sp|P32419|MDHP_YEAST,1,1,1,,1,1,1,1,0,1,0,1,0,1,4.1,4.1,4.1,37.186,343,343,0.0041436,1.0076,NaN,NaN,NaN,0,0,Median,NaN,NaN,NaN,NaN,NaN,NaN,0,0,0,0,Median,Median,0,4.1,0,0,0,0,0,0,0,0,0,,,,351,2394,TRUE,2458,3547,5134,5134,,
sp|P32445|RIM1_YEAST,sp|P32445|RIM1_YEAST,4,4,4,,1,4,4,4,3,4,3,4,3,4,51.9,51.9,51.9,15.386,135,135,0,20.102,NaN,NaN,NaN,0,0,Median,NaN,NaN,NaN,NaN,NaN,NaN,0,0,0,0,Median,Median,51.9,51.9,13311000,0,13311000,6335700,0,6335700,6974800,0,6974800,,,,352,1185;1506;1854;2613,True;True;True;True,1219;1546;1902;2695,1755;1756;2235;2741;2742;3919;3920,2541;2542;2543;3221;3222;3963;3964;5647;5648;5649,2541;3221;3964;5649,,
sp|P32449|AROG_YEAST,sp|P32449|AROG_YEAST,5,5,4,,1,5,5,4,4,2,4,2,4,1,19.2,19.2,15.7,39.749,370,370,0,27.477,NaN,NaN,NaN,1,1,Median,NaN,NaN,NaN,NaN,NaN,NaN,1,0,1,0,Median,Median,15.7,9.2,12362000,51198,12311000,9206100,51198,9154900,3156300,0,3156300,,,,353,352;527;1362;3598;4522,True;True;True;True;True,364;543;1399;3717;4676,528;529;788;2018;5416;6911,769;770;1127;2925;7766;10138,770;1127;2925;7766;10138,,
sp|P32454|APE2_YEAST,sp|P32454|APE2_YEAST,1,1,1,,1,1,1,1,1,1,1,1,1,1,1.4,1.4,1.4,107.75,952,952,0,2.1184,NaN,NaN,NaN,1,1,Median,NaN,NaN,NaN,NaN,NaN,NaN,0,1,0,1,Median,Median,1.4,1.4,2637800,138230,2499600,979120,0,979120,1658700,138230,1520400,,,,354,362,TRUE,375,545;546,790;791,790,,
sp|P32457|CDC3_YEAST,sp|P32457|CDC3_YEAST,1,1,1,,1,1,1,1,0,1,0,1,0,1,1.7,1.7,1.7,60.054,520,520,0.0014451,1.2382,NaN,NaN,NaN,0,0,Median,NaN,NaN,NaN,NaN,NaN,NaN,0,0,0,0,Median,Median,0,1.7,887370,0,887370,0,0,0,887370,0,887370,,,,355,567,TRUE,584,849,1217,1217,,
sp|P32463|ACPM_YEAST,sp|P32463|ACPM_YEAST,2,2,2,,1,2,2,2,2,2,2,2,2,2,27.2,27.2,27.2,13.943,125,125,0,13.486,NaN,NaN,NaN,1,1,Median,NaN,NaN,NaN,NaN,NaN,NaN,0,1,0,1,Median,Median,27.2,27.2,18814000,395880,18418000,8801000,0,8801000,10013000,395880,9617300,,,,356,724;2804,True;True,746;2899,1079;1080;4231;4232,1539;1540;1541;6100;6101,1539;6100,,
sp|P32468|CDC12_YEAST,sp|P32468|CDC12_YEAST,1,1,1,,1,1,1,1,1,0,1,0,1,0,3.2,3.2,3.2,46.667,407,407,0,6.8653,NaN,NaN,NaN,0,0,Median,NaN,NaN,NaN,NaN,NaN,NaN,0,0,0,0,Median,Median,3.2,0,2234900,0,2234900,2234900,0,2234900,0,0,0,,,,357,3917,TRUE,4048,5974,8732,8732,,
sp|P32471|EF1B_YEAST,sp|P32471|EF1B_YEAST,15,15,15,,1,15,15,15,12,10,12,10,12,10,71.4,71.4,71.4,22.627,206,206,0,164.84,38.559,18.557,123.79,6,6,Median,46.71,45.169,23.771,16.38,168.47,95.647,3,3,3,3,Median,Plateau,70.9,70.9,377890000,2560400,375330000,228350000,765330,227590000,149540000,1795000,147740000,,,,358,103;104;128;199;200;1460;1461;1870;2320;2321;2951;2952;3355;3642;4298,True;True;True;True;True;True;True;True;True;True;True;True;True;True;True,104;105;129;203;204;1500;1501;1921;2383;2384;3048;3049;3464;3465;3763;4444;4445,152;153;154;190;191;294;295;296;2168;2169;2170;2171;2770;2771;3443;3444;3445;4465;4466;4467;5059;5060;5061;5062;5486;6565;6566,220;221;222;223;263;264;265;266;267;268;408;409;410;411;3119;3120;3121;3122;4017;4018;5007;5008;5009;5010;5011;6430;6431;6432;7260;7261;7262;7263;7264;7265;7868;9636;9637,221;223;264;408;411;3121;3122;4017;5008;5010;6431;6432;7264;7868;9637,110;111,139;203
sp|P32472|FKBP2_YEAST,sp|P32472|FKBP2_YEAST,1,1,1,,1,1,1,1,1,1,1,1,1,1,7.4,7.4,7.4,14.487,135,135,0.001443,1.219,NaN,NaN,NaN,0,0,Median,NaN,NaN,NaN,NaN,NaN,NaN,0,0,0,0,Median,Median,7.4,7.4,0,0,0,0,0,0,0,0,0,,,,359,3078,TRUE,3176,4649;4650,6672;6673,6673,,
sp|P32473|ODPB_YEAST,sp|P32473|ODPB_YEAST,1,1,1,,1,1,1,1,0,1,0,1,0,1,2.5,2.5,2.5,40.053,366,366,0,1.2855,NaN,NaN,NaN,1,1,Median,NaN,NaN,NaN,NaN,NaN,NaN,0,1,0,1,Median,Median,0,2.5,3122800,331240,2791600,0,0,0,3122800,331240,2791600,,,,360,482,TRUE,498,718,1027,1027,,
sp|P32474|EUG1_YEAST,sp|P32474|EUG1_YEAST,1,1,1,,1,1,1,1,1,1,1,1,1,1,2.3,2.3,2.3,58.981,517,517,0,2.1794,NaN,NaN,NaN,1,1,Median,NaN,NaN,NaN,NaN,NaN,NaN,0,1,0,1,Median,Median,2.3,2.3,2169100,112700,2056400,904370,0,904370,1264700,112700,1152000,,,,361,775,TRUE,799,1155;1156,1666;1667;1668,1668,,
sp|P32481|IF2G_YEAST,sp|P32481|IF2G_YEAST,8,8,8,,1,8,8,8,5,6,5,6,5,6,22,22,22,57.865,527,527,0,25.864,NaN,NaN,NaN,1,1,Median,NaN,NaN,NaN,NaN,NaN,NaN,0,1,0,1,Median,Median,15,15.6,26853000,432750,26420000,11999000,0,11999000,14854000,432750,14421000,,,,362,71;570;626;2212;2306;2323;3034;4032,True;True;True;True;True;True;True;True,71;587;643;2270;2369;2386;3131;4172,107;108;852;853;934;935;3277;3419;3448;4586;6157,151;152;1220;1221;1222;1328;1329;1330;4753;4968;5014;5015;6584;6585;9021,152;1220;1328;4753;4968;5014;6584;9021,,
sp|P32495|NHP2_YEAST,sp|P32495|NHP2_YEAST,1,1,1,,1,1,1,1,0,1,0,1,0,1,14.1,14.1,14.1,17.122,156,156,0.0097324,0.27803,NaN,NaN,NaN,0,0,Median,NaN,NaN,NaN,NaN,NaN,NaN,0,0,0,0,Median,Median,0,14.1,4620500,0,4620500,0,0,0,4620500,0,4620500,,,,363,3942,TRUE,4073,6005,8778,8778,,
sp|P32496|RPN12_YEAST,sp|P32496|RPN12_YEAST,2,2,2,,1,2,2,2,1,1,1,1,1,1,8,8,8,31.919,274,274,0,2.2134,NaN,NaN,NaN,1,1,Median,NaN,NaN,NaN,NaN,NaN,NaN,1,0,1,0,Median,Median,3.3,4.7,3233400,641160,2592300,1676500,641160,1035400,1556900,0,1556900,,,,364,282;3168,True;True,287;3268,418;4780,592;6856,592;6856,,
sp|P32497|EIF3C_YEAST,sp|P32497|EIF3C_YEAST,3,3,3,,1,3,3,3,3,2,3,2,3,2,6.5,6.5,6.5,93.203,812,812,0,19.916,5.4248,2.3876,17.21,4,4,Linear,2.012,4.1601,2.132,2.6946,12.479,13.573,2,2,2,2,Median,Median,6.5,4.8,21652000,3832800,17819000,8778600,1504800,7273900,12873000,2328100,10545000,,,,365,2370;3017;4347,True;True;True,2433;3114;4496,3512;3513;4560;6639;6640,5092;5093;5094;6545;9732;9733;9734,5093;6545;9734,,
sp|P32521|PAN1_YEAST,sp|P32521|PAN1_YEAST,2,2,2,,1,2,2,2,0,2,0,2,0,2,1.9,1.9,1.9,160.27,1480,1480,0,1.4753,NaN,NaN,NaN,0,0,Median,NaN,NaN,NaN,NaN,NaN,NaN,0,0,0,0,Median,Median,0,1.9,2612600,0,2612600,0,0,0,2612600,0,2612600,,,,366,3356;3748,True;True,3466;3875,5063;5697,7266;8305,7266;8305,,
sp|P32527|ZUO1_YEAST,sp|P32527|ZUO1_YEAST,12,12,12,,1,12,12,12,6,10,6,10,6,10,31.2,31.2,31.2,49.019,433,433,0,87.198,6.9194,29.24,131.27,6,6,Plateau,NaN,5.8607,NaN,2.1252,NaN,140.53,1,5,1,5,Median,Median,19.6,24.7,68971000,941000,68030000,22506000,214210,22292000,46465000,726790,45738000,,,,367,322;417;445;446;1126;1905;2349;2465;2974;2975;3023;3808,True;True;True;True;True;True;True;True;True;True;True;True,329;433;461;462;1158;1957;2412;2532;3071;3072;3120;3936,479;627;666;667;1675;2823;2824;3480;3657;4494;4495;4496;4497;4568;4569;4570;5801,691;900;901;948;949;950;2415;4077;4078;4079;5056;5275;5276;5277;6466;6467;6468;6469;6559;6560;6561;8468;8469,691;901;948;949;2415;4078;5056;5275;6466;6469;6560;8468,,
sp|P32558|SPT16_YEAST,sp|P32558|SPT16_YEAST,2,2,2,,1,2,2,2,2,1,2,1,2,1,2.3,2.3,2.3,118.63,1035,1035,0,6.01,0.93389,1.2138,52.776,2,2,Median,NaN,NaN,NaN,NaN,NaN,NaN,1,1,1,1,Median,Median,2.3,1.4,6975300,1416800,5558400,3481700,503560,2978100,3493600,913260,2580400,,,,368,239;3087,True;True,244;3185,345;4664;4665,480;6693;6694,480;6693,,
sp|P32565|RPN2_YEAST,sp|P32565|RPN2_YEAST,3,3,3,,1,3,3,3,1,2,1,2,1,2,4.6,4.6,4.6,104.23,945,945,0,19.019,NaN,NaN,NaN,0,0,Median,NaN,NaN,NaN,NaN,NaN,NaN,0,0,0,0,Median,Median,1.4,3.2,5930000,0,5930000,1476000,0,1476000,4454000,0,4454000,,,,369,3417;3467;4006,True;True;True,3529;3583;4145,5153;5224;6122;6123,7404;7506;8972;8973;8974,7404;7506;8974,,
sp|P32566|SMI1_YEAST,sp|P32566|SMI1_YEAST,1,1,1,,1,1,1,1,0,1,0,1,0,1,2.2,2.2,2.2,57.079,505,505,0.009816,0.32643,NaN,NaN,NaN,0,0,Median,NaN,NaN,NaN,NaN,NaN,NaN,0,0,0,0,Median,Median,0,2.2,1097000,0,1097000,0,0,0,1097000,0,1097000,,,,370,4563,TRUE,4717,6966,10206,10206,,
sp|P32582|CBS_YEAST,sp|P32582|CBS_YEAST,22,22,22,,1,22,22,22,17,16,17,16,17,16,53.8,53.8,53.8,56.021,507,507,0,129.92,3.8724,4.1034,277.88,6,6,Median,5.7182,NaN,4.9981,NaN,215.77,NaN,5,1,5,1,Median,Median,43,45,231920000,36149000,195780000,107330000,15658000,91676000,124590000,20491000,104100000,,,,371,264;265;267;690;691;1339;1573;1869;1880;2055;2080;2171;2302;2361;2374;2379;2380;2808;3708;3819;4061;4443,True;True;True;True;True;True;True;True;True;True;True;True;True;True;True;True;True;True;True;True;True;True,269;270;272;710;711;1376;1613;1920;1931;2110;2135;2229;2365;2424;2437;2442;2443;2903;3830;3948;4202;4596,384;385;386;388;389;1028;1029;1030;1973;1974;2328;2329;2769;2788;3050;3051;3087;3088;3089;3090;3223;3413;3414;3499;3500;3517;3523;3524;3525;4236;4237;5596;5822;6204;6789,538;539;540;541;542;543;545;546;1464;1465;1466;1467;2832;2833;3350;3351;3352;4016;4035;4413;4414;4466;4467;4468;4469;4684;4685;4962;4963;5076;5077;5078;5079;5098;5104;5105;5106;5107;6106;6107;6108;6109;8041;8509;9087;9968,541;543;546;1464;1467;2832;3352;4016;4035;4413;4468;4684;4963;5078;5098;5104;5107;6109;8041;8509;9087;9968,,
sp|P32589|HSP7F_YEAST;sp|P32590|HSP79_YEAST,sp|P32589|HSP7F_YEAST,30;4,30;4,30;4,,2,30,30,30,22,24,22,24,22,24,43.3,43.3,43.3,77.365,693,693;693,0,189.66,14.001,6.9317,143.4,13,12,Median,14.554,14.001,4.6173,9.8215,174.57,113.1,6,7,5,7,Median,Median,33.3,39.1,290710000,5451900,285250000,123150000,2351200,120800000,167560000,3100700,164460000,,,,372,95;532;533;612;613;1036;1179;1180;1432;1760;1867;2060;2061;2319;2354;2454;2463;2464;2793;2794;2821;2830;2901;2979;3073;3745;3816;4185;4480;4481,True;True;True;True;True;True;True;True;True;True;True;True;True;True;True;True;True;True;True;True;True;True;True;True;True;True;True;True;True;True,96;548;549;629;630;1066;1213;1214;1472;1807;1917;1918;2115;2116;2382;2417;2521;2530;2531;2888;2889;2917;2926;2997;2998;3076;3171;3872;3944;4331;4634;4635,139;794;795;796;910;911;912;913;914;1539;1746;1747;2123;2124;2608;2609;2765;2766;3058;3059;3060;3061;3441;3442;3486;3487;3640;3654;3655;3656;4215;4216;4257;4258;4271;4386;4387;4388;4389;4390;4391;4392;4502;4503;4641;4642;4643;5692;5693;5814;6399;6400;6850;6851,197;198;1133;1134;1135;1292;1293;1294;1295;1296;2213;2524;2525;2526;2527;2528;3065;3066;3797;3798;4009;4010;4011;4012;4013;4423;4424;4425;4426;4427;4428;4429;5005;5006;5062;5063;5253;5272;5273;5274;6080;6081;6131;6132;6133;6151;6323;6324;6325;6326;6327;6328;6329;6330;6331;6474;6475;6476;6660;6661;6662;6663;6664;6665;8296;8297;8298;8495;9405;9406;10053;10054,197;1133;1135;1294;1296;2213;2524;2525;3066;3798;4009;4423;4426;5005;5063;5253;5272;5274;6080;6081;6131;6151;6330;6475;6661;8296;8495;9405;10053;10054,112;113;114,557;662;665
sp|P32599|FIMB_YEAST,sp|P32599|FIMB_YEAST,5,5,5,,1,5,5,5,5,2,5,2,5,2,16.5,16.5,16.5,71.772,642,642,0,18.401,NaN,NaN,NaN,1,1,Median,NaN,NaN,NaN,NaN,NaN,NaN,1,0,1,0,Median,Median,16.5,8.6,27738000,2169200,25569000,14667000,2169200,12497000,13071000,0,13071000,,,,373,1546;2186;2331;3744;4556,True;True;True;True;True,1586;2244;2394;3871;4710,2291;2292;3244;3457;5690;5691;6958,3299;3300;4710;5025;8294;8295;10198,3300;4710;5025;8295;10198,,
sp|P32602|SEC17_YEAST,sp|P32602|SEC17_YEAST,1,1,1,,1,1,1,1,1,1,1,1,1,1,5.8,5.8,5.8,32.802,292,292,0.010013,0.40408,NaN,NaN,NaN,0,0,Median,NaN,NaN,NaN,NaN,NaN,NaN,0,0,0,0,Median,Median,5.8,5.8,2087600,0,2087600,707990,0,707990,1379600,0,1379600,,,,374,1738,TRUE,1784,2574;2575,3757;3758;3759,3759,,
sp|P32610|VATD_YEAST,sp|P32610|VATD_YEAST,1,1,1,,1,1,1,1,0,1,0,1,0,1,4.3,4.3,4.3,29.194,256,256,0.0053908,0.89152,NaN,NaN,NaN,0,0,Median,NaN,NaN,NaN,NaN,NaN,NaN,0,0,0,0,Median,Median,0,4.3,1998100,0,1998100,0,0,0,1998100,0,1998100,,,,375,3300,TRUE,3407,4976,7128,7128,,
sp|P32623|CRH2_YEAST,sp|P32623|CRH2_YEAST,1,1,1,,1,1,1,1,0,1,0,1,0,1,2.4,2.4,2.4,49.906,467,467,0.0078534,0.70897,NaN,NaN,NaN,1,1,Median,NaN,NaN,NaN,NaN,NaN,NaN,0,1,0,1,Median,Median,0,2.4,1517900,306430,1211500,0,0,0,1517900,306430,1211500,,,,376,2803,TRUE,2898,4230,6099,6099,,
sp|P32628|RAD23_YEAST,sp|P32628|RAD23_YEAST,2,2,2,,1,2,2,2,1,2,1,2,1,2,4.8,4.8,4.8,42.366,398,398,0,3.5055,NaN,NaN,NaN,0,0,Median,NaN,NaN,NaN,NaN,NaN,NaN,0,0,0,0,Median,Median,3.3,4.8,4036600,0,4036600,1566600,0,1566600,2469900,0,2469900,,,,377,1987;1988,True;True,2042;2043,2953;2954;2955,4290;4291;4292,4291;4292,,
sp|P32771|FADH_YEAST,sp|P32771|FADH_YEAST,1,1,1,,1,1,1,1,0,1,0,1,0,1,2.6,2.6,2.6,41.042,386,386,0,3.2102,NaN,NaN,NaN,0,0,Median,NaN,NaN,NaN,NaN,NaN,NaN,0,0,0,0,Median,Median,0,2.6,3318400,0,3318400,0,0,0,3318400,0,3318400,,,,378,3155,TRUE,3254,4763,6834,6834,,
sp|P32774|T2AG_YEAST,sp|P32774|T2AG_YEAST,1,1,1,,1,1,1,1,0,1,0,1,0,1,10.7,10.7,10.7,13.458,122,122,0.007772,0.6251,NaN,NaN,NaN,0,0,Median,NaN,NaN,NaN,NaN,NaN,NaN,0,0,0,0,Median,Median,0,10.7,410510,0,410510,0,0,0,410510,0,410510,,,,379,4345,TRUE,4494,6637,9730,9730,,
sp|P32790|SLA1_YEAST,sp|P32790|SLA1_YEAST,1,1,1,,1,1,1,1,1,1,1,1,1,1,0.9,0.9,0.9,135.85,1244,1244,0,2.5069,NaN,NaN,NaN,0,0,Median,NaN,NaN,NaN,NaN,NaN,NaN,0,0,0,0,Median,Median,0.9,0.9,833610,0,833610,0,0,0,833610,0,833610,,,,380,2390,TRUE,2454,3541;3542,5128;5129,5128,,
sp|P32835|GSP1_YEAST;sp|P32836|GSP2_YEAST,sp|P32835|GSP1_YEAST;sp|P32836|GSP2_YEAST,4;4,4;4,4;4,;,2,4,4,4,4,3,4,3,4,3,16.9,16.9,16.9,24.81,219,219;220,0,19.044,70.615,65.528,249.17,4,4,Median,58.866,76.225,8.1254,65.528,377.7,5.2878,2,2,2,2,Median,Median,16.9,10,84490000,871530,83618000,43025000,514890,42510000,41465000,356640,41108000,,,,381,1879;2482;2754;3455,True;True;True;True,1930;2549;2845;3571,2786;2787;3679;3680;4145;4146;5209,4033;4034;5310;5311;5312;5962;5963;5964;5965;7484;7485,4034;5311;5965;7484,,
sp|P32861|UGPA1_YEAST,sp|P32861|UGPA1_YEAST,6,6,6,,1,6,6,6,3,5,3,5,3,5,17.2,17.2,17.2,55.987,499,499,0,38.371,NaN,NaN,NaN,1,1,Median,NaN,NaN,NaN,NaN,NaN,NaN,0,1,0,1,Median,Median,10,16.2,16518000,952990,15565000,3413800,0,3413800,13104000,952990,12151000,,,,382,1044;1045;2295;3494;3791;4483,True;True;True;True;True;True,1074;1075;2358;3610;3919;4637,1549;1550;3402;3403;5264;5771;6853;6854,2230;2231;4948;4949;7557;8421;8422;10056;10057,2230;2231;4948;7557;8421;10056,,
sp|P32867|SSO1_YEAST;sp|P39926|SSO2_YEAST,sp|P32867|SSO1_YEAST;sp|P39926|SSO2_YEAST,2;2,2;2,2;2,;,2,2,2,2,1,1,1,1,1,1,6.2,6.2,6.2,33.106,290,290;295,0.0014025,1.0799,NaN,NaN,NaN,0,0,Median,NaN,NaN,NaN,NaN,NaN,NaN,0,0,0,0,Median,Median,6.2,3.1,1391600,0,1391600,1391600,0,1391600,0,0,0,,,,383,3671;3672,True;True,3793;3794,5538;5539,7947;7948,7947;7948,,
sp|P32895|KPR1_YEAST,sp|P32895|KPR1_YEAST,2,2,2,,1,2,2,2,1,1,1,1,1,1,8.4,8.4,8.4,47.047,427,427,0,2.4588,NaN,NaN,NaN,1,0,Median,NaN,NaN,NaN,NaN,NaN,NaN,1,0,0,0,Median,Median,5.6,2.8,5641200,1244300,4396800,3202000,1244300,1957700,2439200,0,2439200,,,,384,1656;3207,True;True,1700;3309,2457;4833,3568;6929,3568;6929,,
sp|P32897|TIM23_YEAST,sp|P32897|TIM23_YEAST,1,1,1,,1,1,1,1,1,1,1,1,1,1,5.4,5.4,5.4,23.243,222,222,0.0066578,0.79892,NaN,NaN,NaN,0,0,Median,NaN,NaN,NaN,NaN,NaN,NaN,0,0,0,0,Median,Median,5.4,5.4,2871100,0,2871100,1487400,0,1487400,1383700,0,1383700,,,,385,2322,TRUE,2385,3446;3447,5012;5013,5012,,
sp|P32905|RSSA1_YEAST,sp|P32905|RSSA1_YEAST,11,11,4,,1,11,11,4,1,11,1,11,0,4,48,48,16.3,28.024,252,252,0,79.137,52.26,63.891,151.14,3,3,Plateau,NaN,24.928,NaN,26.065,NaN,126.8,1,2,1,2,Median,Median,9.9,48,283640000,1950500,281690000,2411500,197450,2214100,281230000,1753100,279470000,,,,386,997;998;1148;1519;1520;1521;2474;2849;2850;3407;3731,True;True;True;True;True;True;True;True;True;True;True,1025;1026;1180;1559;1560;1561;2541;2945;2946;3519;3855,1476;1477;1478;1479;1704;2255;2256;2257;2258;3668;4311;4312;4313;5142;5654,2104;2105;2106;2107;2108;2109;2110;2111;2112;2452;3248;3249;3250;3251;3252;3253;3254;3255;5289;6228;6229;6230;6231;7393;8214,2104;2107;2452;3249;3252;3254;5289;6228;6231;7393;8214,,
sp|P32911|SUI1_YEAST,sp|P32911|SUI1_YEAST,3,3,3,,1,3,3,3,2,2,2,2,2,2,51.9,51.9,51.9,12.312,108,108,0,16.335,NaN,NaN,NaN,1,1,Median,NaN,NaN,NaN,NaN,NaN,NaN,0,1,0,1,Median,Median,38.9,26.9,11985000,520800,11465000,5512300,0,5512300,6473000,520800,5952200,,,,387,633;3849;4016,True;True;True,650;3978;4156,945;5864;5865;6136,1349;1350;8580;8581;8995,1349;8580;8995,,
sp|P32939|YPT7_YEAST,sp|P32939|YPT7_YEAST,1,1,1,,1,1,1,1,1,1,1,1,1,1,6.2,6.2,6.2,23.042,208,208,0,2.4903,NaN,NaN,NaN,0,0,Median,NaN,NaN,NaN,NaN,NaN,NaN,0,0,0,0,Median,Median,6.2,6.2,4063900,0,4063900,1542300,0,1542300,2521600,0,2521600,,,,388,3386,TRUE,3498,5113;5114,7356;7357,7357,,
sp|P33201|MRT4_YEAST,sp|P33201|MRT4_YEAST,2,2,2,,1,2,2,2,1,1,1,1,1,1,8.1,8.1,8.1,27.058,236,236,0,3.5039,NaN,NaN,NaN,1,1,Median,NaN,NaN,NaN,NaN,NaN,NaN,1,0,1,0,Median,Median,3.8,4.2,4553900,1383600,3170300,3541100,1383600,2157600,1012800,0,1012800,,,,389,2499;2733,True;True,2566;2824,3710;4109,5366;5916;5917,5366;5916,,
sp|P33297|PRS6A_YEAST,sp|P33297|PRS6A_YEAST,2,2,2,,1,2,2,2,1,1,1,1,1,1,3.9,3.9,3.9,48.255,434,434,0,7.0028,NaN,NaN,NaN,0,0,Median,NaN,NaN,NaN,NaN,NaN,NaN,0,0,0,0,Median,Median,3.9,2.8,3935800,0,3935800,1728700,0,1728700,2207100,0,2207100,,,,390,55;3833,True;True,55;3962,79;5839,118;8542,118;8542,,
sp|P33299|PRS7_YEAST,sp|P33299|PRS7_YEAST,1,1,1,,1,1,1,1,1,1,1,1,1,1,2.1,2.1,2.1,51.982,467,467,0.0079051,0.73674,NaN,NaN,NaN,0,0,Median,NaN,NaN,NaN,NaN,NaN,NaN,0,0,0,0,Median,Median,2.1,2.1,909590,0,909590,909590,0,909590,0,0,0,,,,391,3641,TRUE,3762,5484;5485,7866;7867,7867,,
sp|P33302|PDR5_YEAST,sp|P33302|PDR5_YEAST,5,5,5,,1,5,5,5,4,2,4,2,4,2,6.2,6.2,6.2,170.44,1511,1511,0,31.273,NaN,NaN,NaN,0,0,Median,NaN,NaN,NaN,NaN,NaN,NaN,0,0,0,0,Median,Median,5,3,13690000,0,13690000,7849800,0,7849800,5840200,0,5840200,,,,392,1654;1993;2755;3345;4442,True;True;True;True;True,1698;2048;2846;3453;4595,2455;2963;4147;4148;4149;5042;6788,3566;4300;5966;5967;5968;5969;7235;9967,3566;4300;5966;7235;9967,,
sp|P33313|CNS1_YEAST,sp|P33313|CNS1_YEAST,1,1,1,,1,1,1,1,0,1,0,1,0,1,3.9,3.9,3.9,44.112,385,385,0.0027855,1.045,NaN,NaN,NaN,0,0,Median,NaN,NaN,NaN,NaN,NaN,NaN,0,0,0,0,Median,Median,0,3.9,755570,0,755570,0,0,0,755570,0,755570,,,,393,3154,TRUE,3253,4762,6833,6833,,
sp|P33317|DUT_YEAST,sp|P33317|DUT_YEAST,1,1,1,,1,1,1,1,1,0,1,0,1,0,7.5,7.5,7.5,15.307,147,147,0.009828,0.32973,NaN,NaN,NaN,0,0,Median,NaN,NaN,NaN,NaN,NaN,NaN,0,0,0,0,Median,Median,7.5,0,898370,0,898370,898370,0,898370,0,0,0,,,,394,1202,TRUE,1236,1779,2573,2573,,
sp|P33322|CBF5_YEAST,sp|P33322|CBF5_YEAST,8,8,8,,1,8,8,8,5,6,5,6,5,6,23.2,23.2,23.2,54.704,483,483,0,27.017,14.458,8.1398,22.236,2,2,Median,NaN,NaN,NaN,NaN,NaN,NaN,1,1,1,1,Median,Median,19.3,20.1,39289000,663360,38626000,17969000,290640,17678000,21320000,372720,20948000,,,,395,731;967;1795;1796;2281;3291;3643;4516,True;True;True;True;True;True;True;True,753;995;1843;1844;2343;3398;3764;4670,1089;1433;2659;2660;3382;3383;4965;5487;5488;5489;6904;6905,1550;2046;3866;3867;4924;4925;7114;7869;7870;7871;10131;10132,1550;2046;3866;3867;4924;7114;7869;10132,,
sp|P33330|SERC_YEAST,sp|P33330|SERC_YEAST,10,10,10,,1,10,10,10,7,6,7,6,7,6,38,38,38,43.415,395,395,0,54.659,7.5171,3.6177,172.91,4,4,Median,6.3635,7.5171,1.0131,3.6177,270.87,10.872,2,2,2,2,Median,Median,28.9,22.3,38584000,818230,37766000,16635000,493750,16141000,21949000,324480,21624000,,,,396,498;499;652;692;1402;1583;1814;2600;3092;3383,True;True;True;True;True;True;True;True;True;True,514;515;670;712;1442;1623;1862;2680;3190;3494,742;743;744;975;1031;2081;2082;2342;2689;3899;4671;5104;5105,1058;1059;1060;1391;1468;3015;3016;3373;3374;3905;5620;6702;7316;7317;7318;7319,1058;1060;1391;1468;3016;3373;3905;5620;6702;7319,,
sp|P33331|NTF2_YEAST,sp|P33331|NTF2_YEAST,1,1,1,,1,1,1,1,0,1,0,1,0,1,6.4,6.4,6.4,14.453,125,125,0,2.412,NaN,NaN,NaN,0,0,Median,NaN,NaN,NaN,NaN,NaN,NaN,0,0,0,0,Median,Median,0,6.4,9247900,0,9247900,0,0,0,9247900,0,9247900,,,,397,2492,TRUE,2559,3696,5334,5334,,
sp|P33338|SLA2_YEAST,sp|P33338|SLA2_YEAST,2,2,2,,1,2,2,2,2,1,2,1,2,1,2,2,2,108.91,968,968,0,3.3071,NaN,NaN,NaN,0,0,Median,NaN,NaN,NaN,NaN,NaN,NaN,0,0,0,0,Median,Median,2,1,3151800,0,3151800,1517700,0,1517700,1634100,0,1634100,,,,398,3497;4254,True;True,3613;4400,5267;6504;6505,7561;9560;9561,7561;9560,,
sp|P33401|PGM1_YEAST,sp|P33401|PGM1_YEAST,2,2,2,,1,2,2,2,1,2,1,2,1,2,10.7,10.7,10.7,63.111,570,570,0,8.8273,NaN,NaN,NaN,0,0,Median,NaN,NaN,NaN,NaN,NaN,NaN,0,0,0,0,Median,Median,4.2,10.7,10660000,0,10660000,3757700,0,3757700,6902500,0,6902500,,,,399,208;2471,True;True,212;2538,305;3663;3664,421;5284;5285,421;5285,,
sp|P33442|RS3A1_YEAST,sp|P33442|RS3A1_YEAST,15,15,6,,1,15,15,6,11,12,11,12,5,6,60.4,60.4,17.6,28.743,255,255,0,83.523,26.224,25.781,241.65,6,6,Median,NaN,28.272,NaN,28.143,NaN,101.3,1,5,1,5,Median,Median,42.4,57.3,234420000,2908200,231510000,112200000,1026700,111170000,122220000,1881400,120340000,,,,400,669;873;976;980;1032;1552;1932;2190;2242;2353;2749;4150;4151;4321;4356,True;True;True;True;True;True;True;True;True;True;True;True;True;True;True,688;899;1004;1008;1062;1592;1984;2248;2303;2416;2840;4295;4296;4468;4505,997;1295;1296;1446;1447;1451;1452;1453;1531;1532;1533;2299;2859;2860;3248;3324;3485;4138;6348;6349;6350;6351;6598;6599;6653,1420;1859;1860;1861;2062;2063;2067;2068;2069;2070;2071;2072;2073;2198;2199;2200;2201;2202;3308;4133;4134;4715;4821;4822;5061;5953;9316;9317;9318;9319;9320;9321;9678;9679;9680;9753,1420;1859;2062;2067;2198;3308;4133;4715;4821;5061;5953;9316;9320;9679;9753,,
sp|P33734|HIS5_YEAST,sp|P33734|HIS5_YEAST,1,1,1,,1,1,1,1,1,0,1,0,1,0,2.4,2.4,2.4,61.067,552,552,0,2.0083,NaN,NaN,NaN,0,0,Median,NaN,NaN,NaN,NaN,NaN,NaN,0,0,0,0,Median,Median,2.4,0,995200,0,995200,995200,0,995200,0,0,0,,,,401,4295,TRUE,4441,6561,9632,9632,,
sp|P33754|SEC66_YEAST,sp|P33754|SEC66_YEAST,1,1,1,,1,1,1,1,0,1,0,1,0,1,6.3,6.3,6.3,24.231,206,206,0,1.3648,NaN,NaN,NaN,0,0,Median,NaN,NaN,NaN,NaN,NaN,NaN,0,0,0,0,Median,Median,0,6.3,1026100,0,1026100,0,0,0,1026100,0,1026100,,,,402,34,TRUE,34,52,76,76,,
sp|P33892|GCN1_YEAST,sp|P33892|GCN1_YEAST,6,6,6,,1,6,6,6,2,4,2,4,2,4,2.8,2.8,2.8,296.69,2672,2672,0,6.9591,NaN,NaN,NaN,0,0,Median,NaN,NaN,NaN,NaN,NaN,NaN,0,0,0,0,Median,Median,0.9,1.9,8303000,0,8303000,2589100,0,2589100,5713900,0,5713900,,,,403,525;1008;1631;2195;2243;4197,True;True;True;True;True;True,541;1037;1675;2253;2304;4343,786;1495;2425;3256;3325;6419,1125;2134;3519;4726;4823;9429,1125;2134;3519;4726;4823;9429,,
sp|P34167|IF4B_YEAST,sp|P34167|IF4B_YEAST,5,5,5,,1,5,5,5,3,3,3,3,3,3,16.7,16.7,16.7,48.521,436,436,0,11.49,19.872,24.227,36.499,2,2,Median,NaN,NaN,NaN,NaN,NaN,NaN,1,1,1,1,Median,Median,12.6,9.2,19344000,185750,19159000,9701500,119740,9581800,9642900,66017,9576900,,,,404,828;1187;1663;2772;4020,True;True;True;True;True,853;1221;1707;2865;4160,1232;1759;2466;4174;6141;6142;6143,1779;2548;3578;6003;9000;9001;9002,1779;2548;3578;6003;9001,,
sp|P34216|EDE1_YEAST,sp|P34216|EDE1_YEAST,3,3,3,,1,3,3,3,3,0,3,0,3,0,2.9,2.9,2.9,150.78,1381,1381,0.0014006,1.0788,NaN,NaN,NaN,0,0,Median,NaN,NaN,NaN,NaN,NaN,NaN,0,0,0,0,Median,Median,2.9,0,2268700,0,2268700,2268700,0,2268700,0,0,0,,,,405,1138;1149;1159,True;True;True,1170;1181;1191,1690;1705;1721,2431;2453;2472,2431;2453;2472,,
sp|P34223|UBX1_YEAST,sp|P34223|UBX1_YEAST,1,1,1,,1,1,1,1,1,1,1,1,1,1,3.1,3.1,3.1,46.987,423,423,0,2.4836,NaN,NaN,NaN,1,1,Median,NaN,NaN,NaN,NaN,NaN,NaN,0,1,0,1,Median,Median,3.1,3.1,2237400,76370,2161000,1131400,0,1131400,1106000,76370,1029700,,,,406,3040,TRUE,3137,4595;4596,6595;6596,6596,,
sp|P34730|BMH2_YEAST,sp|P34730|BMH2_YEAST,10,4,4,,1,10,4,4,6,8,3,3,3,3,43.6,23.4,23.4,31.061,273,273,0,26.266,NaN,NaN,NaN,0,0,Median,NaN,NaN,NaN,NaN,NaN,NaN,0,0,0,0,Median,Median,28.2,37.4,50694000,0,50694000,21372000,0,21372000,29321000,0,29321000,,,,407,439;461;1205;1458;1707;1971;3243;3364;3487;4538,True;True;False;False;False;False;True;False;True;False,455;477;1239;1498;1751;2026;3348;3474;3603;4692,657;658;686;1783;2165;2166;2527;2928;2929;2930;4891;5075;5250;5251;6933,938;939;977;2578;3115;3116;3117;3664;4252;4253;4254;4255;4256;7012;7285;7538;7539;7540;10168,939;977;2578;3117;3664;4256;7012;7285;7538;10168,,
sp|P34758|SCD5_YEAST,sp|P34758|SCD5_YEAST,1,1,1,,1,1,1,1,1,0,1,0,1,0,1.3,1.3,1.3,97.304,872,872,0.010025,0.40598,NaN,NaN,NaN,0,0,Median,NaN,NaN,NaN,NaN,NaN,NaN,0,0,0,0,Median,Median,1.3,0,7243900,7243900,0,7243900,7243900,0,0,0,0,,,,408,1600,TRUE,1641,2372,3421;3422;3423,3422,,
sp|P34760|TSA1_YEAST,sp|P34760|TSA1_YEAST,3,3,3,,1,3,3,3,2,2,2,2,2,2,26,26,26,21.589,196,196,0,18.381,NaN,NaN,NaN,1,1,Median,NaN,NaN,NaN,NaN,NaN,NaN,1,0,1,0,Median,Median,13.8,26,37935000,269280,37666000,22065000,269280,21796000,15870000,0,15870000,,,,409,984;2711;3696,True;True;True,1012;2801;3818,1459;4075;5577;5578;5579,2080;5872;8012;8013;8014;8015;8016;8017;8018,2080;5872;8016,,
sp|P35176|CYPD_YEAST,sp|P35176|CYPD_YEAST,2,2,2,,1,2,2,2,1,1,1,1,1,1,8,8,8,25.326,225,225,0,1.8348,NaN,NaN,NaN,0,0,Median,NaN,NaN,NaN,NaN,NaN,NaN,0,0,0,0,Median,Median,3.6,4.4,2820800,0,2820800,1183200,0,1183200,1637700,0,1637700,,,,410,2568;3324,True;True,2643;3431,3838;5011,5531;7178,5531;7178,,
sp|P35179|SC61G_YEAST,sp|P35179|SC61G_YEAST,1,1,1,,1,1,1,1,1,1,1,1,1,1,22.5,22.5,22.5,8.9435,80,80,0,3.4846,NaN,NaN,NaN,0,0,Median,NaN,NaN,NaN,NaN,NaN,NaN,0,0,0,0,Median,Median,22.5,22.5,11043000,0,11043000,3409700,0,3409700,7633300,0,7633300,,,,411,2457,TRUE,2524,3644;3645,5257;5258,5257,,
sp|P35187|SGS1_YEAST,sp|P35187|SGS1_YEAST,1,1,1,,1,1,1,1,1,0,1,0,1,0,0.6,0.6,0.6,163.84,1447,1447,1,-2,NaN,NaN,NaN,0,0,Median,NaN,NaN,NaN,NaN,NaN,NaN,0,0,0,0,Median,Median,0.6,0,0,0,0,0,0,0,0,0,0,+,,,412,2274,TRUE,2336,3374,4900,4900,115,1186
sp|P35189|TAF14_YEAST,sp|P35189|TAF14_YEAST,2,2,2,,1,2,2,2,1,2,1,2,1,2,12.7,12.7,12.7,27.44,244,244,0,4.3999,NaN,NaN,NaN,0,0,Median,NaN,NaN,NaN,NaN,NaN,NaN,0,0,0,0,Median,Median,6.6,12.7,1253900,0,1253900,390730,0,390730,863130,0,863130,,,,413,3307;3775,True;True,3414;3902,4984;4985;5736,7137;7138;7139;8364,7139;8364,,
sp|P35691|TCTP_YEAST,sp|P35691|TCTP_YEAST,10,10,10,,1,10,10,10,9,8,9,8,9,8,38.9,38.9,38.9,18.741,167,167,0,36.739,15.072,10.964,224.64,6,6,Median,14.027,79.203,7.8352,50.588,221.76,136.38,3,3,3,3,Plateau,Median,34.1,26.3,242150000,5764500,236390000,70266000,3237300,67029000,171890000,2527200,169360000,,,,414,237;1360;1895;1896;2317;2318;2330;2571;3278;3279,True;True;True;True;True;True;True;True;True;True,242;1397;1946;1947;2380;2381;2393;2646;3385;3386,342;343;2015;2016;2807;2808;2809;3437;3438;3439;3440;3456;3842;4946;4947;4948;4949,476;477;478;2916;2917;2918;2919;2920;2921;2922;2923;4057;4058;4059;4996;4997;4998;4999;5000;5001;5002;5003;5004;5024;5535;7087;7088;7089;7090;7091;7092;7093;7094,477;2920;4057;4059;4998;5000;5024;5535;7089;7093,,
sp|P35719|MRP8_YEAST,sp|P35719|MRP8_YEAST,1,1,1,,1,1,1,1,1,1,1,1,1,1,9.1,9.1,9.1,25.097,219,219,0,3.4461,NaN,NaN,NaN,0,0,Median,NaN,NaN,NaN,NaN,NaN,NaN,0,0,0,0,Median,Median,9.1,9.1,4479100,0,4479100,1714600,0,1714600,2764500,0,2764500,,,,415,4044,TRUE,4184,6171;6172,9046;9047,9046,,
sp|P35723|YET1_YEAST,sp|P35723|YET1_YEAST,1,1,1,,1,1,1,1,1,0,1,0,1,0,6.3,6.3,6.3,23.459,206,206,0.0077922,0.63382,NaN,NaN,NaN,0,0,Median,NaN,NaN,NaN,NaN,NaN,NaN,0,0,0,0,Median,Median,6.3,0,1299800,0,1299800,1299800,0,1299800,0,0,0,,,,416,2785,TRUE,2880,4204,6064,6064,,
sp|P35732|DEF1_YEAST,sp|P35732|DEF1_YEAST,2,2,2,,1,2,2,2,1,2,1,2,1,2,6.2,6.2,6.2,83.972,738,738,0,14.484,NaN,NaN,NaN,0,0,Median,NaN,NaN,NaN,NaN,NaN,NaN,0,0,0,0,Median,Median,3.1,6.2,6190300,0,6190300,2193600,0,2193600,3996700,0,3996700,,,,417,1790;3532,True;True,1838;3650,2650;2651;5320,3854;3855;3856;3857;7639,3856;7639,,
sp|P35736|YKF0_YEAST,sp|P35736|YKF0_YEAST,2,2,2,,1,2,2,2,0,2,0,2,0,2,3.3,3.3,3.3,103.14,922,922,0.007722,0.59935,NaN,NaN,NaN,0,0,Median,NaN,NaN,NaN,NaN,NaN,NaN,0,0,0,0,Median,Median,0,3.3,4884000,0,4884000,0,0,0,4884000,0,4884000,,,,418,2993;3831,True;True,3090;3960,4523;5837,6506;8538,6506;8538,,
sp|P35817|BDF1_YEAST,sp|P35817|BDF1_YEAST,1,1,1,,1,1,1,1,0,1,0,1,0,1,2,2,2,76.977,686,686,0.0099502,0.38491,NaN,NaN,NaN,0,0,Median,NaN,NaN,NaN,NaN,NaN,NaN,0,0,0,0,Median,Median,0,2,1367900,0,1367900,0,0,0,1367900,0,1367900,,,,419,3074,TRUE,3172,4644,6666,6666,,
sp|P35844|KES1_YEAST,sp|P35844|KES1_YEAST,1,1,1,,1,1,1,1,1,0,1,0,1,0,2.3,2.3,2.3,49.491,434,434,0,1.6635,NaN,NaN,NaN,0,0,Median,NaN,NaN,NaN,NaN,NaN,NaN,0,0,0,0,Median,Median,2.3,0,1844000,0,1844000,1844000,0,1844000,0,0,0,,,,420,1995,TRUE,2050,2965,4305,4305,,
sp|P38711|RS27B_YEAST;sp|P35997|RS27A_YEAST,sp|P38711|RS27B_YEAST;sp|P35997|RS27A_YEAST,5;5,5;5,5;5,;,2,5,5,5,2,5,2,5,2,5,35.4,35.4,35.4,8.8653,82,82;82,0,12.96,78.577,12.518,153.32,3,2,Plateau,NaN,34.52,NaN,12.518,NaN,187.23,1,2,0,2,Median,Median,23.2,35.4,159740000,5225500,154510000,13401000,2763900,10637000,146340000,2461600,143880000,,,,421,2362;2363;4222;4223;4224,True;True;True;True;True,2425;2426;4368;4369;4370,3501;3502;6456;6457;6458;6459;6460;6461,5080;5081;9480;9481;9482;9483;9484;9485,5080;5081;9480;9482;9485,,
sp|P36008|EF1G2_YEAST,sp|P36008|EF1G2_YEAST,15,15,13,,1,15,15,13,7,12,7,12,6,10,37.9,37.9,35.2,46.52,412,412,0,39.475,163.2,5.2396,219.43,8,8,Linear,24.753,159.3,0.36712,140.47,2.8092,174.5,2,6,2,6,Median,Linear,15.3,30.8,107870000,1454400,106410000,25302000,317970,24984000,82565000,1136500,81429000,,,,422,302;303;848;1436;2036;2045;2237;2855;2886;2887;3470;3471;3561;3562;4409,True;True;True;True;True;True;True;True;True;True;True;True;True;True;True,307;308;874;1476;2091;2100;2298;2951;2982;2983;3586;3587;3680;3681;4558,448;449;450;451;1268;2130;3024;3037;3319;4320;4363;4364;4365;5227;5228;5360;5361;5362;6732,634;635;636;637;638;639;1824;3073;4377;4378;4397;4398;4815;6238;6298;6299;6300;7509;7510;7694;7695;7696;9883,637;638;1824;3073;4377;4397;4815;6238;6298;6300;7509;7510;7694;7696;9883,,
sp|P36010|NDK_YEAST,sp|P36010|NDK_YEAST,3,3,3,,1,3,3,3,2,2,2,2,2,2,23.5,23.5,23.5,17.166,153,153,0,7.6142,NaN,NaN,NaN,0,0,Median,NaN,NaN,NaN,NaN,NaN,NaN,0,0,0,0,Median,Median,19,23.5,6494700,0,6494700,2211000,0,2211000,4283700,0,4283700,,,,423,2226;3301;3302,True;True;True,2287;3408;3409,3304;3305;4977;4978,4796;4797;7129;7130,4796;7129;7130,,
sp|P36015|YKT6_YEAST,sp|P36015|YKT6_YEAST,2,2,2,,1,2,2,2,2,0,2,0,2,0,9.5,9.5,9.5,22.707,200,200,0,1.9467,NaN,NaN,NaN,0,0,Median,NaN,NaN,NaN,NaN,NaN,NaN,0,0,0,0,Median,Median,9.5,0,1023000,0,1023000,1023000,0,1023000,0,0,0,,,,424,259;3797,True;True,264;3925,375;5781,522;8436,522;8436,,
sp|P36018|YPT52_YEAST,sp|P36018|YPT52_YEAST,1,1,1,,1,1,1,1,1,1,1,1,1,1,6.8,6.8,6.8,26.132,234,234,0,4.2572,NaN,NaN,NaN,0,0,Median,NaN,NaN,NaN,NaN,NaN,NaN,0,0,0,0,Median,Median,6.8,6.8,3852100,0,3852100,1807700,0,1807700,2044400,0,2044400,,,,425,3003,TRUE,3100,4541;4542,6524;6525,6525,,
sp|P36046|MIA40_YEAST,sp|P36046|MIA40_YEAST,1,1,1,,1,1,1,1,0,1,0,1,0,1,2.5,2.5,2.5,44.536,403,403,0.0099751,0.39197,NaN,NaN,NaN,0,0,Median,NaN,NaN,NaN,NaN,NaN,NaN,0,0,0,0,Median,Median,0,2.5,750590,0,750590,0,0,0,750590,0,750590,,,,426,1788,TRUE,1836,2648,3852,3852,,
sp|P36049|EBP2_YEAST,sp|P36049|EBP2_YEAST,2,2,2,,1,2,2,2,2,1,2,1,2,1,6.8,6.8,6.8,49.734,427,427,0,5.1863,NaN,NaN,NaN,0,0,Median,NaN,NaN,NaN,NaN,NaN,NaN,0,0,0,0,Median,Median,6.8,3.7,2488000,0,2488000,1765200,0,1765200,722730,0,722730,,,,427,829;964,True;True,854;992,1233;1429;1430,1780;2041;2042;2043,1780;2041,,
sp|P36069|PMU1_YEAST,sp|P36069|PMU1_YEAST,1,1,1,,1,1,1,1,0,1,0,1,0,1,6.1,6.1,6.1,33.776,295,295,0,2.0501,NaN,NaN,NaN,0,0,Median,NaN,NaN,NaN,NaN,NaN,NaN,0,0,0,0,Median,Median,0,6.1,0,0,0,0,0,0,0,0,0,,,,428,4348,TRUE,4497,6641,9735,9735,,
sp|P36105|RL14A_YEAST,sp|P36105|RL14A_YEAST,11,1,1,,1,11,1,1,5,10,1,1,1,1,56.5,6.5,6.5,15.167,138,138,0,1.8596,NaN,NaN,NaN,1,1,Median,NaN,NaN,NaN,NaN,NaN,NaN,1,0,1,0,Median,Median,26.1,51.4,16012000,210690,15802000,6200100,210690,5989400,9812400,0,9812400,,,,429,36;403;1124;1923;1959;1960;2467;2468;3550;4405;4407,False;False;False;False;False;False;False;False;False;True;False,36;419;1155;1975;2014;2015;2534;2535;3669;4554;4556,54;608;1670;2848;2907;2908;2909;2910;2911;3659;3660;5346;6726;6727;6729;6730,78;879;2404;4114;4115;4222;4223;4224;4225;4226;4227;4228;4229;4230;4231;4232;4233;4234;4235;5279;5280;5281;7678;9870;9871;9872;9873;9875;9876;9877;9878;9879;9880,78;879;2404;4114;4228;4233;5279;5281;7678;9872;9875,,
sp|P36135|UTH1_YEAST,sp|P36135|UTH1_YEAST,1,1,1,,1,1,1,1,1,0,1,0,1,0,6.6,6.6,6.6,36.955,365,365,0.0040928,0.97726,NaN,NaN,NaN,0,0,Median,NaN,NaN,NaN,NaN,NaN,NaN,0,0,0,0,Median,Median,6.6,0,681240,0,681240,681240,0,681240,0,0,0,,,,430,2519,TRUE,2586,3740,5404,5404,,
sp|P36136|SHB17_YEAST,sp|P36136|SHB17_YEAST,2,2,2,,1,2,2,2,1,1,1,1,1,1,7,7,7,31.022,271,271,0,3.4169,NaN,NaN,NaN,0,0,Median,NaN,NaN,NaN,NaN,NaN,NaN,0,0,0,0,Median,Median,7,4.8,3576600,0,3576600,2528700,0,2528700,1048000,0,1048000,,,,431,560;2873,True;True,577;2969,838;4346,1205;6273,1205;6273,,
sp|P36421|SYYC_YEAST,sp|P36421|SYYC_YEAST,7,7,7,,1,7,7,7,5,6,5,6,5,6,25.1,25.1,25.1,44.019,394,394,0,34.584,5.2354,5.147,63.182,2,2,Median,NaN,5.2354,NaN,5.147,NaN,63.182,0,2,0,2,Median,Median,19.8,22.3,33497000,565700,32931000,15541000,0,15541000,17956000,565700,17390000,,,,432,1338;1435;1478;1511;1512;3014;3859,True;True;True;True;True;True;True,1375;1475;1518;1551;1552;3111;3989,1972;2128;2129;2196;2197;2243;2244;2245;4554;4555;5878;5879,2831;3070;3071;3072;3160;3161;3234;3235;3236;6538;6539;8598;8599,2831;3070;3161;3234;3236;6538;8598,,
sp|P37291|GLYC_YEAST,sp|P37291|GLYC_YEAST,15,15,15,,1,15,15,15,10,9,10,9,10,9,39,39,39,52.218,469,469,0,64.308,3.4272,0.90059,230.59,5,5,Median,5.8154,11.85,0.08625,6.8127,74.779,147.09,2,3,2,3,Median,Plateau,25.2,26.2,72127000,2721600,69406000,37875000,279250,37596000,34252000,2442300,31810000,,,,433,262;991;992;1596;1629;2202;2289;2646;2876;2879;4024;4025;4217;4218;4419,True;True;True;True;True;True;True;True;True;True;True;True;True;True;True,267;1019;1020;1637;1673;2260;2351;2732;2972;2975;4164;4165;4363;4364;4569,382;1469;1470;1471;2364;2365;2423;3265;3393;3974;4349;4350;4354;6147;6148;6149;6448;6449;6450;6745,536;2097;2098;2099;3412;3413;3517;4738;4937;5721;5722;6277;6278;6284;9010;9011;9012;9013;9472;9473;9474;9898;9899,536;2097;2099;3412;3517;4738;4937;5721;6278;6284;9011;9012;9472;9473;9898,,
sp|P37292|GLYM_YEAST,sp|P37292|GLYM_YEAST,5,5,5,,1,5,5,5,3,3,3,3,3,3,14.1,14.1,14.1,53.686,490,490,0,6.5013,1.2958,0.98869,33.738,2,2,Median,NaN,1.2958,NaN,0.98869,NaN,33.738,0,2,0,2,Median,Median,12.4,5.9,24355000,5825100,18530000,7394400,0,7394400,16961000,5825100,11136000,,,,434,489;3308;4155;4156;4414,True;True;True;True;True,505;3415;4300;4301;4564,726;4986;4987;6355;6356;6740,1036;7140;7141;9326;9327;9892,1036;7141;9326;9327;9892,,
sp|P37302|APE3_YEAST,sp|P37302|APE3_YEAST,6,6,6,,1,6,6,6,6,5,6,5,6,5,15.8,15.8,15.8,60.137,537,537,0,30.073,5.879,5.3309,232.91,4,4,Median,4.4355,11.947,0.70613,7.631,315.62,80.469,2,2,2,2,Median,Median,15.8,12.8,33178000,1016000,32162000,17795000,597640,17198000,15382000,418320,14964000,,,,435,765;1064;1381;2165;2462;2923,True;True;True;True;True;True,787;1094;1420;2222;2529;3020,1131;1132;1583;2049;2050;3213;3214;3652;3653;4423;4424,1615;1616;2279;2280;2963;2964;2965;2966;2967;2968;4671;4672;4673;4674;5269;5270;5271;6371;6372,1615;2279;2963;4673;5269;6371,,
sp|P37303|GLY1_YEAST,sp|P37303|GLY1_YEAST,4,4,4,,1,4,4,4,3,2,3,2,3,2,17.6,17.6,17.6,42.815,387,387,0,13.277,14.62,9.3382,298.27,3,3,Median,22.213,NaN,2.5291,NaN,408.11,NaN,2,1,2,1,Median,Median,12.9,9.8,6307900,248750,6059200,4989000,200480,4788500,1318900,48266,1270700,,,,436,45;2288;3430;3478,True;True;True;True,45;2350;3543;3594,66;3392;5171;5238;5239,94;95;96;4936;7428;7521;7522,94;4936;7428;7521,116,215
sp|P37370|VRP1_YEAST,sp|P37370|VRP1_YEAST,1,1,1,,1,1,1,1,1,0,1,0,1,0,2.9,2.9,2.9,82.593,817,817,0.0099379,0.37384,NaN,NaN,NaN,0,0,Median,NaN,NaN,NaN,NaN,NaN,NaN,0,0,0,0,Median,Median,2.9,0,0,0,0,0,0,0,0,0,0,,,,437,144,TRUE,146,216,304,304,,
sp|P38009|PUR92_YEAST,sp|P38009|PUR92_YEAST,5,3,3,,1,5,3,3,5,2,3,0,3,0,13,8.4,8.4,65.262,592,592,0,5.1021,1.5334,1.3403,100.18,2,2,Median,1.5334,NaN,1.3403,NaN,100.18,NaN,2,0,2,0,Median,Median,13,4.6,4573400,390870,4182600,4573400,390870,4182600,0,0,0,,,,438,118;2716;3670;3761;4115,False;True;False;True;True,119;2806;3792;3888;4256,175;176;4080;5536;5537;5715;6284,248;249;5879;7945;7946;8329;9199,249;5879;7946;8329;9199,,
sp|P38011|GBLP_YEAST,sp|P38011|GBLP_YEAST,20,20,20,,1,20,20,20,12,17,12,17,12,17,66.8,66.8,66.8,34.805,319,319,0,140.08,12.452,5.5577,165.03,10,10,Median,62.673,11.068,0.92953,7.7685,99.962,88.01,3,7,3,7,Plateau,Median,48.3,51.4,310630000,3011300,307620000,131770000,986120,130790000,178860000,2025200,176830000,,,,439,64;65;321;399;400;512;648;649;1074;1273;1306;1746;1752;3227;3228;3843;3844;4378;4390;4391,True;True;True;True;True;True;True;True;True;True;True;True;True;True;True;True;True;True;True;True,64;65;328;414;415;416;528;665;666;667;1104;1308;1341;1792;1793;1799;3330;3331;3332;3333;3972;3973;4527;4539;4540,93;94;95;478;597;598;599;600;601;602;603;604;605;766;767;968;969;970;971;972;1598;1871;1921;2586;2587;2588;2596;4863;4864;4865;4866;4867;4868;4869;4870;5856;5857;5858;6688;6704;6705,134;135;136;137;690;867;868;869;870;871;872;873;874;875;876;1099;1100;1381;1382;1383;1384;1385;1386;1387;2302;2691;2692;2761;3770;3771;3772;3773;3774;3783;6971;6972;6973;6974;6975;6976;6977;6978;6979;6980;6981;6982;6983;8566;8567;8568;8569;8570;9807;9808;9809;9810;9835;9836,134;136;690;869;876;1100;1383;1386;2302;2692;2761;3770;3783;6976;6980;8566;8570;9808;9835;9836,117;118;119;120,111;121;221;231
sp|P38013|AHP1_YEAST,sp|P38013|AHP1_YEAST,7,7,7,,1,7,7,7,7,3,7,3,7,3,58.5,58.5,58.5,19.114,176,176,0,101.43,220.51,140.84,293.55,3,2,Median,NaN,333.81,NaN,286.97,NaN,100.65,1,2,0,2,Median,Median,58.5,27.3,503700000,1567400,502140000,203640000,757370,202890000,300060000,810000,299250000,,,,440,887;1018;1125;1918;3394;4139;4140,True;True;True;True;True;True;True,913;1047;1156;1157;1970;3506;4281;4282,1316;1509;1510;1671;1672;1673;1674;2842;5124;5125;5126;6324;6325,1885;2154;2155;2156;2157;2158;2159;2160;2161;2162;2163;2164;2165;2405;2406;2407;2408;2409;2410;2411;2412;2413;2414;4104;4105;7369;7370;7371;7372;7373;9263;9264,1885;2156;2412;4105;7372;9263;9264,121,33
sp|P38061|RL32_YEAST,sp|P38061|RL32_YEAST,10,10,10,,1,10,10,10,8,10,8,10,8,10,57.7,57.7,57.7,14.771,130,130,0,34.541,50.771,16.281,176.65,14,14,Median,65.015,32.376,0.96426,20.902,41.624,94.79,5,9,5,9,Median,Median,45.4,57.7,387360000,6732000,380630000,138260000,2040800,136220000,249100000,4691200,244410000,,,,441,268;689;1104;1127;2799;3736;3737;3814;3970;4332,True;True;True;True;True;True;True;True;True;True,273;708;709;1135;1159;2894;3860;3861;3862;3942;4106;4479,390;391;1025;1026;1027;1641;1642;1676;4223;4224;5662;5663;5664;5665;5666;5667;5811;5812;6061;6062;6063;6064;6611,547;548;1457;1458;1459;1460;1461;1462;1463;2366;2367;2368;2416;6091;6092;8227;8228;8229;8230;8231;8232;8233;8234;8235;8236;8237;8238;8239;8240;8241;8242;8243;8490;8491;8877;8878;8879;8880;8881;8882;8883;8884;8885;8886;8887;9697;9698,548;1459;2366;2416;6092;8229;8235;8491;8887;9697,122,87
sp|P38063|KPR4_YEAST,sp|P38063|KPR4_YEAST,1,1,1,,1,1,1,1,0,1,0,1,0,1,4.6,4.6,4.6,35.72,326,326,0.0097442,0.28477,NaN,NaN,NaN,0,0,Median,NaN,NaN,NaN,NaN,NaN,NaN,0,0,0,0,Median,Median,0,4.6,1469000,0,1469000,0,0,0,1469000,0,1469000,,,,442,1685,TRUE,1729,2496,3617,3617,,
sp|P38077|ATPG_YEAST,sp|P38077|ATPG_YEAST,4,4,4,,1,4,4,4,3,2,3,2,3,2,19.3,19.3,19.3,34.35,311,311,0,11.45,NaN,NaN,NaN,1,1,Median,NaN,NaN,NaN,NaN,NaN,NaN,1,0,1,0,Median,Median,16.7,7.1,6699600,49408,6650200,4147300,49408,4097900,2552300,0,2552300,,,,443,600;1641;2378;2739,True;True;True;True,617;1685;2441;2830,890;891;2437;3522;4116,1268;1269;3540;5103;5924,1269;3540;5103;5924,,
sp|P38088|SYG_YEAST,sp|P38088|SYG_YEAST,20,20,20,,1,20,20,20,8,17,8,17,8,17,36.8,36.8,36.8,78.183,690,690,0,82.367,NaN,NaN,NaN,0,0,Median,NaN,NaN,NaN,NaN,NaN,NaN,0,0,0,0,Median,Median,14.5,33.2,85563000,0,85563000,30422000,0,30422000,55141000,0,55141000,,,,444,50;51;364;483;484;599;1109;1336;1724;2031;2208;2224;2626;3001;3475;3622;3747;4062;4069;4196,True;True;True;True;True;True;True;True;True;True;True;True;True;True;True;True;True;True;True;True,50;51;377;499;500;616;1140;1373;1770;2086;2266;2284;2710;3098;3591;3743;3874;4203;4210;4342,74;75;548;719;720;888;889;1650;1969;2554;3018;3272;3297;3298;3944;4538;4539;5234;5235;5455;5696;6205;6215;6216;6418,111;112;113;796;1028;1029;1030;1265;1266;1267;2376;2828;3724;4370;4747;4778;4779;5678;6521;6522;7517;7518;7825;8304;9088;9100;9101;9428,111;113;796;1028;1030;1267;2376;2828;3724;4370;4747;4779;5678;6522;7518;7825;8304;9088;9101;9428,,
sp|P38143|GPX2_YEAST,sp|P38143|GPX2_YEAST,5,5,3,,1,5,5,3,3,4,3,4,1,3,42.6,42.6,31.5,18.406,162,162,0,11.662,NaN,NaN,NaN,0,0,Median,NaN,NaN,NaN,NaN,NaN,NaN,0,0,0,0,Median,Median,25.9,37.7,13921000,0,13921000,4569500,0,4569500,9352000,0,9352000,,,,445,171;553;3926;4371;4379,True;True;True;True;True,173;570;4057;4520;4528,254;829;5986;6677;6678;6689;6690,357;1194;1195;8752;9795;9796;9811;9812,357;1194;8752;9796;9811,,
sp|P38174|MAP2_YEAST,sp|P38174|MAP2_YEAST,2,2,2,,1,2,2,2,2,1,2,1,2,1,5.7,5.7,5.7,47.518,421,421,0,3.4542,NaN,NaN,NaN,0,0,Median,NaN,NaN,NaN,NaN,NaN,NaN,0,0,0,0,Median,Median,5.7,2.4,2450600,0,2450600,1775700,0,1775700,674990,0,674990,,,,446,1794;2285,True;True,1842;2347,2656;2657;2658;3389,3863;3864;3865;4933,3865;4933,,
sp|P38197|PLPHP_YEAST,sp|P38197|PLPHP_YEAST,2,2,2,,1,2,2,2,1,2,1,2,1,2,11.7,11.7,11.7,29.123,257,257,0,6.8083,NaN,NaN,NaN,0,0,Median,NaN,NaN,NaN,NaN,NaN,NaN,0,0,0,0,Median,Median,4.3,11.7,4052600,0,4052600,783150,0,783150,3269500,0,3269500,,,,447,3563;3881,True;True,3682;4012,5363;5364;5917,7697;7698;8648,7697;8648,,
sp|P38199|HEK2_YEAST,sp|P38199|HEK2_YEAST,1,1,1,,1,1,1,1,0,1,0,1,0,1,2.1,2.1,2.1,41.682,381,381,0,1.3076,NaN,NaN,NaN,0,0,Median,NaN,NaN,NaN,NaN,NaN,NaN,0,0,0,0,Median,Median,0,2.1,1035400,0,1035400,0,0,0,1035400,0,1035400,,,,448,2750,TRUE,2841,4139,5954,5954,,
sp|P38205|NCL1_YEAST,sp|P38205|NCL1_YEAST,2,2,2,,1,2,2,2,2,1,2,1,2,1,4.8,4.8,4.8,77.878,684,684,0.0014347,1.1865,NaN,NaN,NaN,0,0,Median,NaN,NaN,NaN,NaN,NaN,NaN,0,0,0,0,Median,Median,4.8,2.3,3631300,0,3631300,2604100,0,2604100,1027300,0,1027300,,,,449,2403;3700,True;True,2468;3822,3559;3560;5586,5153;5154;8030,5153;8030,,
sp|P38218|POA1_YEAST,sp|P38218|POA1_YEAST,1,1,1,,1,1,1,1,1,0,1,0,1,0,7.9,7.9,7.9,19.938,177,177,0.0040595,0.94151,NaN,NaN,NaN,0,0,Median,NaN,NaN,NaN,NaN,NaN,NaN,0,0,0,0,Median,Median,7.9,0,652250,0,652250,652250,0,652250,0,0,0,,,,450,3444,TRUE,3560,5196,7461,7461,,
sp|P38219|OLA1_YEAST,sp|P38219|OLA1_YEAST,11,11,11,,1,11,11,11,6,10,6,10,6,10,24.4,24.4,24.4,44.174,394,394,0,23.409,18.16,2.3789,139.06,2,2,Median,NaN,NaN,NaN,NaN,NaN,NaN,1,1,1,1,Median,Median,17,19.5,55551000,531220,55020000,17632000,166590,17465000,37919000,364640,37554000,,,,451,166;1777;1778;1871;1925;2012;2228;2338;3560;3688;4191,True;True;True;True;True;True;True;True;True;True;True,168;1825;1826;1922;1977;2067;2289;2401;3679;3810;4337,244;245;2631;2632;2772;2773;2850;2989;3307;3308;3465;3466;5359;5562;6411;6412,340;341;342;343;3829;3830;4019;4020;4117;4335;4799;4800;4801;5034;5035;7693;7987;9419;9420,341;3829;3830;4019;4117;4335;4801;5035;7693;7987;9420,,
sp|P38221|CDS1_YEAST,sp|P38221|CDS1_YEAST,1,1,1,,1,1,1,1,0,1,0,1,0,1,1.5,1.5,1.5,51.822,457,457,0.010191,0.50382,NaN,NaN,NaN,1,1,Median,NaN,NaN,NaN,NaN,NaN,NaN,0,1,0,1,Median,Median,0,1.5,40261000,481800,39780000,0,0,0,40261000,481800,39780000,,,,452,2174,TRUE,2232,3226,4688,4688,,
sp|P38248|ECM33_YEAST,sp|P38248|ECM33_YEAST,2,2,2,,1,2,2,2,2,2,2,2,2,2,7,7,7,43.768,429,429,0,17.158,NaN,NaN,NaN,0,0,Median,NaN,NaN,NaN,NaN,NaN,NaN,0,0,0,0,Median,Median,7,7,24002000,0,24002000,11450000,0,11450000,12552000,0,12552000,,,,453,2333;4111,True;True,2396;4252,3459;3460;6278;6279,5027;5028;9183;9184;9185;9186;9187,5028;9186,,
sp|P38249|EIF3A_YEAST,sp|P38249|EIF3A_YEAST,13,13,13,,1,13,13,13,9,10,9,10,9,10,20.7,20.7,20.7,110.34,964,964,0,48.373,6.9846,0.49732,282.62,5,5,Median,2.5036,8.717,0.037132,7.2816,145.09,166.14,2,3,2,3,Median,Median,13.6,16.5,41670000,2301100,39369000,19723000,789900,18933000,21947000,1511200,20436000,,,,454,338;819;1231;2058;2250;2521;2573;2877;3022;3381;3400;3663;3974,True;True;True;True;True;True;True;True;True;True;True;True;True,347;844;1265;2113;2311;2588;2648;2973;3119;3492;3512;3785;4110,504;1219;1220;1819;1820;3055;3335;3742;3743;3845;3846;4351;4566;4567;5100;5101;5133;5134;5522;6069,731;1763;1764;2622;2623;4419;4834;5406;5407;5408;5541;5542;6279;6557;6558;7312;7313;7382;7383;7917;8893,731;1764;2623;4419;4834;5406;5542;6279;6558;7312;7382;7917;8893,,
sp|P38250|IST2_YEAST,sp|P38250|IST2_YEAST,1,1,1,,1,1,1,1,1,1,1,1,1,1,1.6,1.6,1.6,105.85,946,946,0,6.0218,NaN,NaN,NaN,0,0,Median,NaN,NaN,NaN,NaN,NaN,NaN,0,0,0,0,Median,Median,1.6,1.6,1650700,0,1650700,739060,0,739060,911620,0,911620,,,,455,1421,TRUE,1461,2107;2108,3044;3045,3045,,
sp|P38264|PHO88_YEAST,sp|P38264|PHO88_YEAST,3,3,3,,1,3,3,3,3,1,3,1,3,1,19.7,19.7,19.7,21.137,188,188,0,8.5598,NaN,NaN,NaN,0,0,Median,NaN,NaN,NaN,NaN,NaN,NaN,0,0,0,0,Median,Median,19.7,8.5,5815800,0,5815800,4799200,0,4799200,1016500,0,1016500,,,,456,2668;3321;4592,True;True;True,2755;3428;4746,4011;5005;5006;7007,5768;5769;7171;7172;10263,5768;7172;10263,,
sp|P38286|MKAR_YEAST,sp|P38286|MKAR_YEAST,1,1,1,,1,1,1,1,1,0,1,0,1,0,3.7,3.7,3.7,38.708,347,347,0.0027739,1.0311,NaN,NaN,NaN,0,0,Median,NaN,NaN,NaN,NaN,NaN,NaN,0,0,0,0,Median,Median,3.7,0,890490,0,890490,890490,0,890490,0,0,0,,,,457,4458,TRUE,4612,6816,10005,10005,,
sp|P38295|MCFS2_YEAST,sp|P38295|MCFS2_YEAST,1,1,1,,1,1,1,1,0,1,0,1,0,1,1.8,1.8,1.8,51.255,451,451,0.0078431,0.70442,NaN,NaN,NaN,0,0,Median,NaN,NaN,NaN,NaN,NaN,NaN,0,0,0,0,Median,Median,0,1.8,0,0,0,0,0,0,0,0,0,,,,458,194,TRUE,198,288,401,401,,
sp|P38328|ARPC1_YEAST,sp|P38328|ARPC1_YEAST,1,1,1,,1,1,1,1,1,0,1,0,1,0,3.9,3.9,3.9,42.474,384,384,0,1.7488,NaN,NaN,NaN,0,0,Median,NaN,NaN,NaN,NaN,NaN,NaN,0,0,0,0,Median,Median,3.9,0,929660,0,929660,929660,0,929660,0,0,0,,,,459,2475,TRUE,2542,3669,5290,5290,,
sp|P38333|ENP1_YEAST,sp|P38333|ENP1_YEAST,1,1,1,,1,1,1,1,0,1,0,1,0,1,4.6,4.6,4.6,55.136,483,483,0,3.4626,NaN,NaN,NaN,0,0,Median,NaN,NaN,NaN,NaN,NaN,NaN,0,0,0,0,Median,Median,0,4.6,536280,0,536280,0,0,0,536280,0,536280,,,,460,1986,TRUE,2041,2952,4289,4289,,
sp|P38431|IF5_YEAST,sp|P38431|IF5_YEAST,5,5,5,,1,5,5,5,4,3,4,3,4,3,16,16,16,45.261,405,405,0,16.882,NaN,NaN,NaN,0,0,Median,NaN,NaN,NaN,NaN,NaN,NaN,0,0,0,0,Median,Median,13.8,13.1,20208000,0,20208000,9440500,0,9440500,10767000,0,10767000,,,,461,13;48;1729;1809;3695,True;True;True;True;True,13;48;1775;1857;3817,19;71;72;2560;2677;5575;5576,26;108;109;3737;3886;8010;8011,26;108;3737;3886;8010,,
sp|P38523|GRPE_YEAST,sp|P38523|GRPE_YEAST,2,2,2,,1,2,2,2,1,1,1,1,1,1,10.5,10.5,10.5,26.066,228,228,0,3.8105,NaN,NaN,NaN,0,0,Median,NaN,NaN,NaN,NaN,NaN,NaN,0,0,0,0,Median,Median,4.8,5.7,2376500,0,2376500,1032700,0,1032700,1343800,0,1343800,,,,462,1861;3597,True;True,1910;3716,2754;5415,3981;7765,3981;7765,,
sp|P38555|YPT31_YEAST,sp|P38555|YPT31_YEAST,1,1,1,,1,1,1,1,1,0,1,0,1,0,5.4,5.4,5.4,24.469,223,223,0,2.0276,NaN,NaN,NaN,0,0,Median,NaN,NaN,NaN,NaN,NaN,NaN,0,0,0,0,Median,Median,5.4,0,1235600,0,1235600,1235600,0,1235600,0,0,0,,,,463,117,TRUE,118,174,246;247,246,,
sp|P38616|YGP1_YEAST,sp|P38616|YGP1_YEAST,2,2,2,,1,2,2,2,2,0,2,0,2,0,6.2,6.2,6.2,37.327,354,354,0,1.8706,NaN,NaN,NaN,1,1,Median,NaN,NaN,NaN,NaN,NaN,NaN,1,0,1,0,Median,Median,6.2,0,2181300,295280,1886100,2181300,295280,1886100,0,0,0,,,,464,3063;3511,True;True,3161;3628,4627;5290,6643;7598,6643;7598,,
sp|P38624|PSB1_YEAST,sp|P38624|PSB1_YEAST,1,1,1,,1,1,1,1,1,0,1,0,1,0,11.2,11.2,11.2,23.547,215,215,0.010076,0.4228,NaN,NaN,NaN,0,0,Median,NaN,NaN,NaN,NaN,NaN,NaN,0,0,0,0,Median,Median,11.2,0,1352400,0,1352400,1352400,0,1352400,0,0,0,,,,465,659,TRUE,678,986,1406,1406,,
sp|P38625|GUAA_YEAST,sp|P38625|GUAA_YEAST,11,11,11,,1,11,11,11,4,8,4,8,4,8,36,36,36,58.482,525,525,0,40.676,NaN,NaN,NaN,1,1,Median,NaN,NaN,NaN,NaN,NaN,NaN,0,1,0,1,Median,Median,8.2,29.9,32184000,235480,31949000,5067700,0,5067700,27117000,235480,26881000,,,,466,175;931;1533;1730;2155;2292;2346;2686;2961;3616;3795,True;True;True;True;True;True;True;True;True;True;True,178;959;1573;1776;2212;2355;2409;2775;3058;3737;3923,264;1382;2275;2561;3202;3398;3476;4040;4041;4478;5446;5778,370;1970;3275;3738;4656;4943;5047;5810;5811;5812;5813;6445;6446;7814;8432,370;1970;3275;3738;4656;4943;5047;5811;6445;7814;8432,,
sp|P38626|NCB5R_YEAST,sp|P38626|NCB5R_YEAST,3,3,3,,1,3,3,3,1,2,1,2,1,2,14.4,14.4,14.4,31.493,284,284,0,3.6744,NaN,NaN,NaN,1,1,Median,NaN,NaN,NaN,NaN,NaN,NaN,0,1,0,1,Median,Median,3.9,10.6,4406900,54330,4352600,860880,0,860880,3546000,54330,3491700,,,,467,195;1066;3648,True;True;True,199;1096;3769,289;1587;5498,402;2285;2286;7884,402;2285;7884,,
sp|P38631|FKS1_YEAST;sp|P40989|FKS2_YEAST,sp|P38631|FKS1_YEAST;sp|P40989|FKS2_YEAST,2;1,2;1,2;1,;,2,2,2,2,1,1,1,1,1,1,2,2,2,214.85,1876,1876;1895,0,14.975,NaN,NaN,NaN,0,0,Median,NaN,NaN,NaN,NaN,NaN,NaN,0,0,0,0,Median,Median,0.7,1.3,4256800,0,4256800,1995300,0,1995300,2261500,0,2261500,,,,468,2283;2615,True;True,2345;2697,3385;3922,4927;5651;5652,4927;5651,,
sp|P38682|GLO3_YEAST,sp|P38682|GLO3_YEAST,3,3,3,,1,3,3,3,1,3,1,3,1,3,9.1,9.1,9.1,55.093,493,493,0,9.5722,NaN,NaN,NaN,1,1,Median,NaN,NaN,NaN,NaN,NaN,NaN,1,0,1,0,Median,Median,4.1,9.1,4276000,211390,4064600,1756600,211390,1545200,2519400,0,2519400,,,,469,2314;2949;3461,True;True;True,2377;3046;3577,3432;3433;4463;5215,4991;4992;6428;7493,4991;6428;7493,,
sp|P38687|SRP68_YEAST,sp|P38687|SRP68_YEAST,1,1,1,,1,1,1,1,0,1,0,1,0,1,2.7,2.7,2.7,69.005,599,599,0.0014327,1.1748,NaN,NaN,NaN,0,0,Median,NaN,NaN,NaN,NaN,NaN,NaN,0,0,0,0,Median,Median,0,2.7,0,0,0,0,0,0,0,0,0,,,,470,1644,TRUE,1688,2440,3544,3544,,
sp|P38689|KPR3_YEAST,sp|P38689|KPR3_YEAST,3,3,3,,1,3,3,3,2,3,2,3,2,3,15.6,15.6,15.6,35.123,320,320,0,13.196,NaN,NaN,NaN,0,0,Median,NaN,NaN,NaN,NaN,NaN,NaN,0,0,0,0,Median,Median,10.6,15.6,9046200,0,9046200,3611800,0,3611800,5434300,0,5434300,,,,471,11;2218;3617,True;True;True,11;2276;3738,16;17;3286;5447;5448,23;24;4763;7815;7816;7817,23;4763;7816,,
sp|P38697|IMDH2_YEAST;sp|O42831|YA075_YEAST;sp|P39567|IMDH1_YEAST,sp|P38697|IMDH2_YEAST,4;1;1,1;0;1,1;0;1,,3,4,1,1,2,4,1,1,1,1,9,1.3,1.3,56.529,523,523;157;403,0,1.406,NaN,NaN,NaN,1,1,Median,NaN,NaN,NaN,NaN,NaN,NaN,1,0,1,0,Median,Median,3.8,9,1397600,37111,1360500,1397600,37111,1360500,0,0,0,,,,472,27;535;2784;3686,True;False;False;False,27;551;552;2879;3808,39;40;798;799;800;4203;5559,54;55;56;1137;1138;1139;6062;6063;7981,54;1138;6063;7981,123,418
sp|P38701|RS20_YEAST,sp|P38701|RS20_YEAST,15,15,15,,1,15,15,15,5,15,5,15,5,15,69.4,69.4,69.4,13.907,121,121,0,104.63,11.788,6.6368,128.69,4,4,Median,NaN,11.263,NaN,4.0844,NaN,141.09,1,3,1,3,Median,Median,45.5,69.4,238220000,1044600,237170000,19239000,124100,19115000,218980000,920550,218060000,,,,473,888;1271;1623;1668;1669;1821;2940;2941;3145;3213;3967;3968;4052;4053;4164,True;True;True;True;True;True;True;True;True;True;True;True;True;True;True,914;1306;1664;1712;1713;1869;3037;3038;3244;3316;4102;4103;4104;4193;4194;4309,1317;1869;2401;2472;2473;2696;2697;4447;4448;4449;4450;4451;4748;4749;4844;6056;6057;6058;6189;6190;6191;6368;6369,1886;2689;3474;3585;3586;3913;3914;3915;6397;6398;6399;6400;6401;6402;6810;6811;6812;6813;6814;6948;8866;8867;8868;9066;9067;9068;9069;9070;9339;9340;9341;9342,1886;2689;3474;3585;3586;3913;6397;6402;6810;6948;8866;8868;9067;9069;9341,124,84
sp|P38707|SYNC_YEAST,sp|P38707|SYNC_YEAST,3,3,3,,1,3,3,3,2,3,2,3,2,3,11.4,11.4,11.4,62.206,554,554,0,11.693,NaN,NaN,NaN,0,0,Median,NaN,NaN,NaN,NaN,NaN,NaN,0,0,0,0,Median,Median,8.7,11.4,35656000,0,35656000,14040000,0,14040000,21615000,0,21615000,,,,474,799;3035;4519,True;True;True,824;3132;4673,1192;1193;4587;4588;6908,1724;1725;1726;6586;6587;6588;10135,1725;6587;10135,,
sp|P38708|YHI0_YEAST,sp|P38708|YHI0_YEAST,13,13,13,,1,13,13,13,10,7,10,7,10,7,31.1,31.1,31.1,77.385,688,688,0,44.011,39.698,2.5161,285.76,6,6,Linear,4.1306,25.586,0.3517,21.995,232.28,139.06,4,2,4,2,Linear,Median,23.8,18.3,68013000,2582700,65430000,33265000,1679900,31585000,34748000,902830,33845000,,,,475,183;900;1007;1097;1098;1139;2014;2178;2557;2789;3379;4107;4349,True;True;True;True;True;True;True;True;True;True;True;True;True,187;926;1036;1127;1128;1171;2069;2236;2632;2884;3490;4248;4498,274;275;1334;1335;1494;1628;1629;1630;1691;2992;3231;3825;4209;5098;6273;6274;6642,381;382;1907;1908;2132;2133;2349;2350;2351;2432;4339;4340;4694;5517;6070;7310;9177;9178;9736,382;1908;2132;2349;2350;2432;4339;4694;5517;6070;7310;9178;9736,,
sp|P38712|RRP3_YEAST,sp|P38712|RRP3_YEAST,1,1,1,,1,1,1,1,1,0,1,0,1,0,2.4,2.4,2.4,55.968,501,501,0.010139,0.46192,NaN,NaN,NaN,0,0,Median,NaN,NaN,NaN,NaN,NaN,NaN,0,0,0,0,Median,Median,2.4,0,607120,0,607120,607120,0,607120,0,0,0,,,,476,1747,TRUE,1794,2589,3775,3775,,
sp|P38715|GRE3_YEAST,sp|P38715|GRE3_YEAST,1,1,1,,1,1,1,1,0,1,0,1,0,1,4.9,4.9,4.9,37.118,327,327,0,3.9155,NaN,NaN,NaN,0,0,Median,NaN,NaN,NaN,NaN,NaN,NaN,0,0,0,0,Median,Median,0,4.9,1596100,0,1596100,0,0,0,1596100,0,1596100,,,,477,4303,TRUE,4450,6573,9644,9644,,
sp|P38720|6PGD1_YEAST,sp|P38720|6PGD1_YEAST,8,8,8,,1,8,8,8,5,5,5,5,5,5,28.6,28.6,28.6,53.543,489,489,0,45.011,NaN,NaN,NaN,1,1,Median,NaN,NaN,NaN,NaN,NaN,NaN,0,1,0,1,Median,Median,14.3,20.2,31915000,167290,31747000,8488800,0,8488800,23426000,167290,23259000,,,,478,145;671;1816;2721;3091;3216;4028;4201,True;True;True;True;True;True;True;True,147;690;1864;2811;3189;3319;4168;4347,217;999;2691;4087;4088;4670;4847;4848;6152;6424,305;1422;3907;5886;5887;6700;6701;6952;6953;6954;6955;9016;9437,305;1422;3907;5887;6700;6954;9016;9437,,
sp|P38754|RL14B_YEAST,sp|P38754|RL14B_YEAST,12,12,2,,1,12,12,2,6,10,6,10,2,1,57.2,57.2,7.2,15.153,138,138,0,40.987,98.109,70.737,331.57,3,3,Plateau,39.583,NaN,5.4638,NaN,419.71,NaN,2,1,2,1,Median,Median,26.8,52.2,219310000,871350,218440000,97283000,598670,96684000,122020000,272670,121750000,,,,479,36;403;1124;1923;1940;1959;1960;2467;2468;3550;4406;4407,True;True;True;True;True;True;True;True;True;True;True;True,36;419;1155;1975;1995;2014;2015;2534;2535;3669;4555;4556,54;608;1670;2848;2880;2881;2907;2908;2909;2910;2911;3659;3660;5346;6728;6729;6730,78;879;2404;4114;4115;4189;4190;4222;4223;4224;4225;4226;4227;4228;4229;4230;4231;4232;4233;4234;4235;5279;5280;5281;7678;9874;9875;9876;9877;9878;9879;9880,78;879;2404;4114;4189;4228;4233;5279;5281;7678;9874;9875,,
sp|P38764|RPN1_YEAST,sp|P38764|RPN1_YEAST,3,3,3,,1,3,3,3,2,2,2,2,2,2,3.5,3.5,3.5,109.49,993,993,0,5.7217,NaN,NaN,NaN,0,0,Median,NaN,NaN,NaN,NaN,NaN,NaN,0,0,0,0,Median,Median,2.5,2,4265500,0,4265500,1697800,0,1697800,2567700,0,2567700,,,,480,1888;2364;2937,True;True;True,1939;2427;3034,2798;3503;3504;4443,4046;5082;5083;5084;6393,4046;5084;6393,,
sp|P38765|YHI9_YEAST,sp|P38765|YHI9_YEAST,1,1,1,,1,1,1,1,1,0,1,0,1,0,4.1,4.1,4.1,32.563,294,294,0,1.8457,NaN,NaN,NaN,0,0,Median,NaN,NaN,NaN,NaN,NaN,NaN,0,0,0,0,Median,Median,4.1,0,389940,0,389940,389940,0,389940,0,0,0,,,,481,2827,TRUE,2923,4268,6148,6148,,
sp|P38777|FSH1_YEAST,sp|P38777|FSH1_YEAST,2,2,2,,1,2,2,2,0,2,0,2,0,2,11.1,11.1,11.1,27.339,243,243,0,2.6456,NaN,NaN,NaN,0,0,Median,NaN,NaN,NaN,NaN,NaN,NaN,0,0,0,0,Median,Median,0,11.1,2670600,0,2670600,0,0,0,2670600,0,2670600,,,,482,2231;4170,True;True,2292;4315,3312;6376,4806;9350,4806;9350,,
sp|P38779|CIC1_YEAST,sp|P38779|CIC1_YEAST,5,5,5,,1,5,5,5,4,4,4,4,4,4,17.3,17.3,17.3,42.529,376,376,0,8.5287,NaN,NaN,NaN,1,1,Median,NaN,NaN,NaN,NaN,NaN,NaN,1,0,1,0,Median,Median,14.1,14.6,8165000,54397,8110600,3073000,54397,3018600,5092000,0,5092000,,,,483,534;845;1150;1878;4400,True;True;True;True;True,550;871;1182;1929;4549,797;1264;1265;1706;1707;2784;2785;6718,1136;1819;1820;2454;2455;4031;4032;9853,1136;1819;2454;4032;9853,,
sp|P38788|SSZ1_YEAST,sp|P38788|SSZ1_YEAST,18,18,18,,1,18,18,18,13,13,13,13,13,13,45.5,45.5,45.5,58.237,538,538,0,83.391,NaN,NaN,NaN,1,1,Median,NaN,NaN,NaN,NaN,NaN,NaN,0,1,0,1,Median,Median,28.3,37.2,158600000,87557,158510000,73831000,0,73831000,84764000,87557,84677000,,,,484,544;647;804;1197;1207;1957;2287;2452;2522;2605;2656;2675;2817;3768;3827;4075;4097;4098,True;True;True;True;True;True;True;True;True;True;True;True;True;True;True;True;True;True,561;664;829;1231;1241;2012;2349;2519;2589;2685;2742;2762;2913;3895;3956;4216;4238;4239,814;815;967;1199;1200;1773;1785;2903;2904;3391;3636;3637;3638;3744;3745;3904;3993;4025;4248;4249;5725;5832;6225;6226;6260;6261;6262,1165;1166;1167;1168;1380;1735;1736;1737;2564;2565;2566;2581;4215;4216;4217;4218;4219;4935;5249;5250;5251;5409;5410;5411;5625;5743;5787;5788;6120;6121;8345;8531;8532;9115;9116;9117;9118;9159;9160;9161;9162,1167;1380;1737;2564;2581;4219;4935;5250;5409;5625;5743;5787;6120;8345;8531;9115;9159;9161,,
sp|P38791|DHYS_YEAST,sp|P38791|DHYS_YEAST,2,2,2,,1,2,2,2,2,2,2,2,2,2,9.6,9.6,9.6,42.892,387,387,0,14.063,NaN,NaN,NaN,1,1,Median,NaN,NaN,NaN,NaN,NaN,NaN,0,1,0,1,Median,Median,9.6,9.6,15035000,700670,14334000,7025000,0,7025000,8010000,700670,7309300,,,,485,565;1603,True;True,582;1644,845;846;2375;2376,1213;1214;3426;3427,1213;3427,,
sp|P38810|SFB3_YEAST,sp|P38810|SFB3_YEAST,2,2,2,,1,2,2,2,0,2,0,2,0,2,2.8,2.8,2.8,103.95,929,929,0,4.7327,NaN,NaN,NaN,0,0,Median,NaN,NaN,NaN,NaN,NaN,NaN,0,0,0,0,Median,Median,0,2.8,2318900,0,2318900,0,0,0,2318900,0,2318900,,,,486,1980;4309,True;True,2035;4456,2945;6582,4280;9659,4280;9659,,
sp|P38817|GGA2_YEAST,sp|P38817|GGA2_YEAST,1,1,1,,1,1,1,1,1,0,1,0,1,0,2.4,2.4,2.4,64.346,585,585,0,2.477,NaN,NaN,NaN,0,0,Median,NaN,NaN,NaN,NaN,NaN,NaN,0,0,0,0,Median,Median,2.4,0,857510,0,857510,857510,0,857510,0,0,0,,,,487,2325,TRUE,2388,3451,5019,5019,,
sp|P38825|TOM71_YEAST,sp|P38825|TOM71_YEAST,1,1,1,,1,1,1,1,1,0,1,0,1,0,1.7,1.7,1.7,71.855,639,639,0.010127,0.43404,NaN,NaN,NaN,0,0,Median,NaN,NaN,NaN,NaN,NaN,NaN,0,0,0,0,Median,Median,1.7,0,669800,0,669800,669800,0,669800,0,0,0,,,,488,2316,TRUE,2379,3436,4995,4995,,
sp|P38845|CRP1_YEAST,sp|P38845|CRP1_YEAST,1,1,1,,1,1,1,1,1,1,1,1,1,1,2.4,2.4,2.4,51.115,465,465,0,1.8875,NaN,NaN,NaN,1,1,Median,NaN,NaN,NaN,NaN,NaN,NaN,0,1,0,1,Median,Median,2.4,2.4,2412200,239710,2172500,1200700,0,1200700,1211500,239710,971800,,,,489,4067,TRUE,4208,6211;6212,9096;9097,9097,,
sp|P38870|YHY2_YEAST,sp|P38870|YHY2_YEAST,1,1,1,,1,1,1,1,1,0,1,0,1,0,0.9,0.9,0.9,90.108,785,785,0.0014124,1.1297,NaN,NaN,NaN,0,0,Median,NaN,NaN,NaN,NaN,NaN,NaN,0,0,0,0,Median,Median,0.9,0,3096000,0,3096000,3096000,0,3096000,0,0,0,,,,490,3395,TRUE,3507,5127,7374,7374,,
sp|P38879|NACA_YEAST,sp|P38879|NACA_YEAST,8,8,8,,1,8,8,8,5,7,5,7,5,7,56.9,56.9,56.9,18.709,174,174,0,38.248,NaN,NaN,NaN,1,1,Median,NaN,NaN,NaN,NaN,NaN,NaN,1,0,1,0,Median,Median,46.6,48.9,104680000,464720,104210000,48442000,464720,47977000,56235000,0,56235000,,,,491,273;610;719;2136;2930;3162;3167;4033,True;True;True;True;True;True;True;True,278;627;740;2193;3027;3261;3267;4173,402;403;404;907;1065;3178;4432;4433;4770;4778;4779;6158;6159,564;565;566;567;568;1289;1510;4625;6380;6381;6844;6853;6854;6855;9022;9023;9024;9025;9026;9027;9028;9029,567;1289;1510;4625;6380;6844;6854;9023,,
sp|P38891|BCA1_YEAST,sp|P38891|BCA1_YEAST,5,5,5,,1,5,5,5,4,4,4,4,4,4,28.2,28.2,28.2,43.596,393,393,0,14.712,NaN,NaN,NaN,0,0,Median,NaN,NaN,NaN,NaN,NaN,NaN,0,0,0,0,Median,Median,21.1,22.4,12939000,0,12939000,5633200,0,5633200,7305700,0,7305700,,,,492,502;1862;2034;2176;2992,True;True;True;True;True,518;1911;2089;2234;3089,749;750;2755;2756;3022;3228;4521;4522,1067;1068;3982;3983;4374;4690;6504;6505,1067;3983;4374;4690;6505,,
sp|P38902|RPB11_YEAST,sp|P38902|RPB11_YEAST,1,1,1,,1,1,1,1,1,0,1,0,1,0,7.5,7.5,7.5,13.615,120,120,0.007732,0.60575,NaN,NaN,NaN,0,0,Median,NaN,NaN,NaN,NaN,NaN,NaN,0,0,0,0,Median,Median,7.5,0,717080,0,717080,717080,0,717080,0,0,0,,,,493,2639,TRUE,2725,3965,5710,5710,,
sp|P38910|CH10_YEAST,sp|P38910|CH10_YEAST,3,3,3,,1,3,3,3,2,3,2,3,2,3,50,50,50,11.372,106,106,0,16.363,NaN,NaN,NaN,0,0,Median,NaN,NaN,NaN,NaN,NaN,NaN,0,0,0,0,Median,Median,37.7,50,13236000,0,13236000,4645000,0,4645000,8590700,0,8590700,,,,494,2307;3351;3689,True;True;True,2370;3459;3811,3420;3421;5052;5563;5564,4969;4970;4971;4972;7250;7251;7988;7989,4971;7250;7989,,
sp|P38911|FKBP3_YEAST,sp|P38911|FKBP3_YEAST,5,5,5,,1,5,5,5,2,4,2,4,2,4,18,18,18,46.553,411,411,0,17.292,NaN,NaN,NaN,0,0,Median,NaN,NaN,NaN,NaN,NaN,NaN,0,0,0,0,Median,Median,7.3,15.6,12769000,0,12769000,5002300,0,5002300,7766500,0,7766500,,,,495,687;1535;1670;2826;4177,True;True;True;True;True,706;1575;1714;2922;4322,1023;2277;2474;4267;6385;6386,1455;3277;3587;6147;9371;9372,1455;3277;3587;6147;9372,,
sp|P38912|IF1A_YEAST,sp|P38912|IF1A_YEAST,4,4,4,,1,4,4,4,3,3,3,3,3,3,28.1,28.1,28.1,17.435,153,153,0,9.2773,10.474,1.0194,20.229,2,2,Median,NaN,NaN,NaN,NaN,NaN,NaN,1,1,1,1,Median,Median,24.2,28.1,16072000,101080,15971000,6946600,20775,6925800,9125200,80305,9044900,,,,496,821;2587;2778;3038,True;True;True;True,846;2664;2873;3135,1222;3873;3874;4193;4194;4592,1766;5577;5578;6047;6048;6592,1766;5578;6047;6592,,
sp|P38934|BFR1_YEAST,sp|P38934|BFR1_YEAST,11,11,11,,1,11,11,11,8,7,8,7,8,7,33.8,33.8,33.8,54.639,470,470,0,40.467,NaN,NaN,NaN,0,0,Median,NaN,NaN,NaN,NaN,NaN,NaN,0,0,0,0,Median,Median,25.3,22.1,26728000,0,26728000,12994000,0,12994000,13734000,0,13734000,,,,497,609;710;756;827;1141;1605;1853;2185;2300;2814;4344,True;True;True;True;True;True;True;True;True;True;True,626;730;778;852;1173;1646;1901;2243;2363;2910;4493,905;906;1054;1055;1121;1231;1693;1694;2378;2740;3243;3411;4244;4245;6636,1287;1288;1496;1497;1498;1599;1778;2435;2436;2437;3429;3962;4709;4960;6116;6117;9729,1288;1496;1599;1778;2436;3429;3962;4709;4960;6117;9729,,
sp|P38968|SEC31_YEAST,sp|P38968|SEC31_YEAST,6,6,6,,1,6,6,6,3,3,3,3,3,3,5.3,5.3,5.3,138.72,1273,1273,0,6.9916,13.063,11.229,316.44,2,2,Median,NaN,13.063,NaN,11.229,NaN,316.44,0,2,0,2,Median,Median,2.5,2.7,6502500,180110,6322400,1179000,0,1179000,5323500,180110,5143400,,,,498,225;379;2388;3405;3406;3526,True;True;True;True;True;True,229;394;2452;3517;3518;3643,326;567;3538;5140;5141;5309,455;821;5124;7390;7391;7392;7619,455;821;5124;7391;7392;7619,,
sp|P38972|PUR4_YEAST,sp|P38972|PUR4_YEAST,11,11,11,,1,11,11,11,9,9,9,9,9,9,10.6,10.6,10.6,148.9,1358,1358,0,49.706,5.682,4.0619,264.06,3,3,Plateau,NaN,5.3903,NaN,4.9178,NaN,27.04,1,2,1,2,Median,Median,8.7,9.1,35745000,908770,34836000,15814000,470570,15344000,19931000,438200,19493000,,,,499,297;437;1220;1493;2204;2359;2411;2412;3039;3915;3921,True;True;True;True;True;True;True;True;True;True;True,302;453;1254;1533;2262;2422;2476;2477;3136;4046;4052,441;654;655;1803;2217;2218;3267;3495;3496;3574;3575;3576;3577;4593;4594;5970;5978;5979,627;935;936;2604;3198;3199;4740;5072;5073;5171;5172;5173;5174;5175;6593;6594;8728;8738;8739,627;935;2604;3198;4740;5072;5171;5173;6593;8728;8739,,
sp|P38986|ASPG1_YEAST,sp|P38986|ASPG1_YEAST,3,3,3,,1,3,3,3,3,0,3,0,3,0,12.3,12.3,12.3,41.395,381,381,0,12.007,NaN,NaN,NaN,0,0,Median,NaN,NaN,NaN,NaN,NaN,NaN,0,0,0,0,Median,Median,12.3,0,6274200,0,6274200,6274200,0,6274200,0,0,0,,,,500,811;1566;3479,True;True;True,836;1606;3595,1208;2320;5240,1748;3340;7523;7524,1748;3340;7524,,
sp|P47912|LCF4_YEAST;sp|P39002|LCF3_YEAST,sp|P47912|LCF4_YEAST;sp|P39002|LCF3_YEAST,1;1,1;1,1;1,;,2,1,1,1,1,1,1,1,1,1,1.6,1.6,1.6,77.266,694,694;694,0,1.4024,NaN,NaN,NaN,1,1,Median,NaN,NaN,NaN,NaN,NaN,NaN,0,1,0,1,Median,Median,1.6,1.6,2834700,1642400,1192300,0,0,0,2834700,1642400,1192300,,,,501,3835,TRUE,3964,5841;5842,8544;8545,8545,,
sp|P39005|KRE9_YEAST,sp|P39005|KRE9_YEAST,1,1,1,,1,1,1,1,1,0,1,0,1,0,4,4,4,29.988,276,276,0.0079365,0.77595,NaN,NaN,NaN,0,0,Median,NaN,NaN,NaN,NaN,NaN,NaN,0,0,0,0,Median,Median,4,0,0,0,0,0,0,0,0,0,0,,,,502,1673,TRUE,1717,2479,3593,3593,,
sp|P39015|STM1_YEAST,sp|P39015|STM1_YEAST,19,19,19,,1,19,19,19,13,18,13,18,13,18,70.7,70.7,70.7,29.995,273,273,0,105.04,14.414,12.824,112.84,8,7,Median,14.919,13.927,12.148,13.537,144.24,99.37,3,5,3,4,Median,Median,61.2,70.3,408670000,3117300,405550000,138040000,1302700,136740000,270630000,1814600,268810000,,,,503,790;805;806;988;1188;1263;1731;1732;1819;1911;1927;2690;2796;3449;3682;3683;4064;4248;4249,True;True;True;True;True;True;True;True;True;True;True;True;True;True;True;True;True;True;True,815;830;831;1016;1222;1298;1777;1778;1867;1963;1979;2779;2891;3565;3804;3805;4205;4394;4395,1179;1180;1201;1202;1203;1464;1465;1760;1859;1860;2562;2563;2564;2694;2831;2832;2833;2852;4046;4218;4219;5201;5202;5551;5552;5553;5554;6207;6208;6495;6496;6497,1704;1705;1706;1707;1708;1709;1710;1711;1738;1739;1740;1741;1742;2087;2088;2089;2090;2091;2092;2093;2549;2550;2676;2677;3739;3740;3741;3742;3743;3911;4086;4087;4088;4089;4090;4119;5820;6083;6084;6085;6086;7469;7470;7471;7472;7473;7474;7969;7970;7971;7972;7973;7974;9090;9091;9092;9540;9541;9542,1710;1738;1742;2087;2549;2676;3739;3743;3911;4086;4119;5820;6083;7469;7969;7974;9092;9541;9542,,
sp|P39076|TCPB_YEAST,sp|P39076|TCPB_YEAST,3,3,3,,1,3,3,3,2,2,2,2,2,2,6.3,6.3,6.3,57.203,527,527,0,8.3086,5.8838,5.3628,108.01,3,2,Median,NaN,2.3549,NaN,2.4183,NaN,112.63,1,2,1,1,Median,Median,4.6,4.4,8468700,1294500,7174200,3220900,181630,3039300,5247800,1112900,4134900,,,,504,1568;3335;3378,True;True;True,1608;3443;3489,2322;2323;5025;5097,3342;3343;3344;7204;7309,3343;7204;7309,,
sp|P39077|TCPG_YEAST,sp|P39077|TCPG_YEAST,3,3,3,,1,3,3,3,2,1,2,1,2,1,6.9,6.9,6.9,58.814,534,534,0,3.2439,NaN,NaN,NaN,1,1,Median,NaN,NaN,NaN,NaN,NaN,NaN,1,0,1,0,Median,Median,4.9,2.1,2385100,62476,2322700,2385100,62476,2322700,0,0,0,,,,505,1344;2532;2889,True;True;True,1381;2599;2985,1981;3760;4368,2841;5431;6304,2841;5431;6304,,
sp|P39078|TCPD_YEAST,sp|P39078|TCPD_YEAST,5,5,5,,1,5,5,5,1,4,1,4,1,4,17.2,17.2,17.2,57.603,528,528,0,26.149,NaN,NaN,NaN,0,0,Median,NaN,NaN,NaN,NaN,NaN,NaN,0,0,0,0,Median,Median,3.8,13.4,9442500,0,9442500,1492800,0,1492800,7949700,0,7949700,,,,506,569;1495;3329;3596;4299,True;True;True;True;True,586;1535;3436;3715;4446,851;2221;5016;5414;6567,1219;3202;7183;7764;9638,1219;3202;7183;7764;9638,,
sp|P39079|TCPZ_YEAST,sp|P39079|TCPZ_YEAST,3,3,3,,1,3,3,3,3,1,3,1,3,1,7.5,7.5,7.5,59.923,546,546,0,1.7221,NaN,NaN,NaN,0,0,Median,NaN,NaN,NaN,NaN,NaN,NaN,0,0,0,0,Median,Median,7.5,2,3299700,0,3299700,2216000,0,2216000,1083700,0,1083700,,,,507,604;1154;3757,True;True;True,621;1186;3884,897;1712;1713;5711,1277;2461;2462;2463;2464;8325,1277;2463;8325,,
sp|P39101|CAJ1_YEAST,sp|P39101|CAJ1_YEAST,3,3,3,,1,3,3,3,0,3,0,3,0,3,13,13,13,44.854,391,391,0,6.2207,NaN,NaN,NaN,0,0,Median,NaN,NaN,NaN,NaN,NaN,NaN,0,0,0,0,Median,Median,0,13,2598900,0,2598900,0,0,0,2598900,0,2598900,,,,508,313;1118;3200,True;True;True,318;1149;3301,464;1663;4822,656;2392;6915,656;2392;6915,,
sp|P39103|COX14_YEAST,sp|P39103|COX14_YEAST,1,1,1,,1,1,1,1,1,0,1,0,1,0,14.3,14.3,14.3,7.9589,70,70,0.0014306,1.1739,NaN,NaN,NaN,0,0,Median,NaN,NaN,NaN,NaN,NaN,NaN,0,0,0,0,Median,Median,14.3,0,0,0,0,0,0,0,0,0,0,,,,509,1947,TRUE,2002,2888,4197,4197,,
sp|P39107|MNN9_YEAST,sp|P39107|MNN9_YEAST,1,1,1,,1,1,1,1,1,0,1,0,1,0,4.1,4.1,4.1,45.954,395,395,0.0041096,0.98938,NaN,NaN,NaN,0,0,Median,NaN,NaN,NaN,NaN,NaN,NaN,0,0,0,0,Median,Median,4.1,0,1545800,0,1545800,1545800,0,1545800,0,0,0,,,,510,214,TRUE,218,313,435,435,,
sp|P39516|RS14B_YEAST,sp|P39516|RS14B_YEAST,16,2,2,,1,16,2,2,5,14,1,1,1,1,88.4,26.1,26.1,14.65,138,138,0,11.123,NaN,NaN,NaN,0,0,Median,NaN,NaN,NaN,NaN,NaN,NaN,0,0,0,0,Median,Median,51.4,88.4,12577000,0,12577000,4169100,0,4169100,8408300,0,8408300,,,,511,76;77;326;327;423;563;951;952;968;1447;1503;1714;1715;3820;3821;4158,False;False;True;True;False;False;False;False;False;False;False;False;False;False;False;False,76;77;78;333;334;335;439;580;979;980;996;1487;1543;1758;1759;3949;3950;4303,113;114;115;116;486;487;488;634;841;842;843;1412;1413;1434;2147;2230;2231;2537;2538;5823;5824;6358;6359,159;160;161;162;163;164;165;701;702;703;909;1208;1209;1210;1211;2013;2014;2047;3092;3214;3215;3216;3217;3683;3684;3685;3686;3687;3688;8510;8511;8512;8513;9329;9330,160;165;701;703;909;1208;2013;2014;2047;3092;3215;3683;3688;8511;8512;9330,57;58,47;62
sp|P39517|DHH1_YEAST,sp|P39517|DHH1_YEAST,1,1,1,,1,1,1,1,0,1,0,1,0,1,3,3,3,57.543,506,506,0,3.221,NaN,NaN,NaN,0,0,Median,NaN,NaN,NaN,NaN,NaN,NaN,0,0,0,0,Median,Median,0,3,1432700,0,1432700,0,0,0,1432700,0,1432700,,,,512,1843,TRUE,1891,2723,3944,3944,,
sp|P39522|ILV3_YEAST,sp|P39522|ILV3_YEAST,9,9,9,,1,9,9,9,7,7,7,7,7,7,27.2,27.2,27.2,62.86,585,585,0,54.708,NaN,NaN,NaN,1,1,Median,NaN,NaN,NaN,NaN,NaN,NaN,0,1,0,1,Median,Median,21.7,19.1,59845000,1504700,58340000,36798000,0,36798000,23047000,1504700,21543000,,,,513,785;1661;1749;1968;1969;2982;3856;4557;4583,True;True;True;True;True;True;True;True;True,809;1705;1796;2023;2024;3079;3985;3986;4711;4737,1171;2464;2591;2922;2923;2924;2925;4507;4508;4509;5874;5875;6959;6960;6994;6995,1691;3576;3777;4246;4247;4248;4249;6480;6481;6482;8593;8594;10199;10200;10249;10250,1691;3576;3777;4247;4249;6482;8594;10200;10250,125,269
sp|P39533|ACON2_YEAST,sp|P39533|ACON2_YEAST,2,2,2,,1,2,2,2,2,0,2,0,2,0,4.4,4.4,4.4,86.582,789,789,0,3.6105,NaN,NaN,NaN,0,0,Median,NaN,NaN,NaN,NaN,NaN,NaN,0,0,0,0,Median,Median,4.4,0,2859000,0,2859000,2859000,0,2859000,0,0,0,,,,514,181;4167,True;True,185;4312,271;6372,377;9346,377;9346,,
sp|P39676|FHP_YEAST,sp|P39676|FHP_YEAST,9,9,9,,1,9,9,9,6,7,6,7,6,7,36.3,36.3,36.3,44.646,399,399,0,77.623,6.6202,3.7271,24.886,2,2,Median,NaN,NaN,NaN,NaN,NaN,NaN,1,1,1,1,Median,Median,26.6,28.3,74339000,223050,74115000,32081000,171100,31910000,42257000,51949,42205000,,,,515,290;449;568;994;2543;2707;2765;4089;4090,True;True;True;True;True;True;True;True;True,295;465;585;1022;2614;2797;2857;4230;4231,430;431;671;672;850;1473;3793;3794;4070;4164;4165;6248;6249;6250,609;610;611;955;956;957;958;959;1218;2101;5472;5473;5474;5475;5476;5866;5990;5991;5992;5993;9144;9145;9146,611;956;1218;2101;5472;5866;5990;9145;9146,,
sp|P39683|NPT1_YEAST,sp|P39683|NPT1_YEAST,2,2,2,,1,2,2,2,1,1,1,1,1,1,8.6,8.6,8.6,49.018,429,429,0,3.2171,NaN,NaN,NaN,0,0,Median,NaN,NaN,NaN,NaN,NaN,NaN,0,0,0,0,Median,Median,2.8,5.8,2199100,0,2199100,1069300,0,1069300,1129800,0,1129800,,,,516,1525;3281,True;True,1565;3388,2263;4951,3261;7097,3261;7097,,
sp|P39715|ECM1_YEAST,sp|P39715|ECM1_YEAST,1,1,1,,1,1,1,1,1,0,1,0,1,0,6.1,6.1,6.1,23.891,212,212,0,2.221,NaN,NaN,NaN,0,0,Median,NaN,NaN,NaN,NaN,NaN,NaN,0,0,0,0,Median,Median,6.1,0,0,0,0,0,0,0,0,0,0,,,,517,3709,TRUE,3831,5597,8042,8042,,
sp|P39730|IF2P_YEAST,sp|P39730|IF2P_YEAST,13,13,13,,1,13,13,13,8,7,8,7,8,7,17.2,17.2,17.2,112.27,1002,1002,0,47.66,NaN,NaN,NaN,1,1,Median,NaN,NaN,NaN,NaN,NaN,NaN,0,1,0,1,Median,Median,11.8,8.1,27603000,24017,27579000,15332000,0,15332000,12270000,24017,12246000,,,,518,130;497;703;784;818;1615;2981;3113;3128;3129;3582;3713;4152,True;True;True;True;True;True;True;True;True;True;True;True;True,131;513;723;808;843;1656;3078;3212;3227;3228;3701;3835;4297,194;740;741;1046;1170;1218;2389;4505;4506;4704;4727;4728;4729;5391;5603;6352,271;1056;1057;1488;1690;1762;3443;6478;6479;6752;6781;6782;6783;6784;7730;8048;9322,271;1056;1488;1690;1762;3443;6479;6752;6781;6783;7730;8048;9322,,
sp|P39742|SEC72_YEAST,sp|P39742|SEC72_YEAST,1,1,1,,1,1,1,1,0,1,0,1,0,1,5.2,5.2,5.2,21.607,193,193,0,5.6667,NaN,NaN,NaN,0,0,Median,NaN,NaN,NaN,NaN,NaN,NaN,0,0,0,0,Median,Median,0,5.2,1364600,0,1364600,0,0,0,1364600,0,1364600,,,,519,4328,TRUE,4475,6607,9691,9691,,
sp|P39743|RV167_YEAST,sp|P39743|RV167_YEAST,3,3,3,,1,3,3,3,3,1,3,1,3,1,8.7,8.7,8.7,52.774,482,482,0,12.304,3.1063,3.1239,111.83,2,2,Median,NaN,NaN,NaN,NaN,NaN,NaN,1,1,1,1,Median,Median,8.7,1.5,8072500,540640,7531900,6234600,232560,6002000,1837900,308090,1529800,,,,520,1820;3148;3274,True;True;True,1868;3247;3381,2695;4754;4940;4941,3912;6822;6823;7080;7081,3912;6823;7080,,
sp|P39744|NOC2_YEAST,sp|P39744|NOC2_YEAST,3,3,3,,1,3,3,3,2,2,2,2,2,2,4.8,4.8,4.8,81.6,710,710,0,9.887,NaN,NaN,NaN,0,0,Median,NaN,NaN,NaN,NaN,NaN,NaN,0,0,0,0,Median,Median,2.8,3.5,6119600,0,6119600,1493700,0,1493700,4625900,0,4625900,,,,521,60;576;2310,True;True;True,60;593;2373,87;860;3426;3427,126;127;1231;4985;4986,127;1231;4986,,
sp|P39935|IF4F1_YEAST,sp|P39935|IF4F1_YEAST,10,10,10,,1,10,10,10,9,5,9,5,9,5,15.8,15.8,15.8,107.1,952,952,0,36.926,NaN,NaN,NaN,0,0,Median,NaN,NaN,NaN,NaN,NaN,NaN,0,0,0,0,Median,Median,14.1,8,17083000,0,17083000,10824000,0,10824000,6258400,0,6258400,,,,522,61;407;930;2207;2334;2335;3159;3704;3716;3920,True;True;True;True;True;True;True;True;True;True,61;423;958;2265;2397;2398;3258;3826;3839;4051,88;89;613;614;1381;3270;3271;3461;3462;4767;5590;5591;5608;5977,128;129;130;886;887;1969;4743;4744;4745;4746;5029;5030;5031;6840;6841;8034;8035;8036;8054;8736;8737,130;886;1969;4746;5029;5031;6841;8036;8054;8737,,
sp|P39939|RS26B_YEAST;sp|P39938|RS26A_YEAST,sp|P39939|RS26B_YEAST;sp|P39938|RS26A_YEAST,3;3,3;3,3;3,;,2,3,3,3,0,3,0,3,0,3,33.6,33.6,33.6,13.447,119,119;119,0,7.6933,NaN,NaN,NaN,0,0,Median,NaN,NaN,NaN,NaN,NaN,NaN,0,0,0,0,Median,Median,0,33.6,41430000,0,41430000,0,0,0,41430000,0,41430000,,,,523,2161;2729;2730,True;True;True,2218;2819;2820,3209;4099;4100,4666;4667;5899;5900,4666;5899;5900,,
sp|P39940|RSP5_YEAST,sp|P39940|RSP5_YEAST,1,1,1,,1,1,1,1,1,1,1,1,1,1,1.1,1.1,1.1,91.815,809,809,0,2.1448,2.1087,0.20524,206.36,2,2,Median,NaN,NaN,NaN,NaN,NaN,NaN,1,1,1,1,Median,Median,1.1,1.1,1410000,330070,1079900,585920,98981,486940,824080,231090,592990,,,,524,157,TRUE,159,231;232,323;324;325,324,,
sp|P39954|SAHH_YEAST,sp|P39954|SAHH_YEAST,20,20,20,,1,20,20,20,9,18,9,18,9,18,37.6,37.6,37.6,49.125,449,449,0,90.4,29.849,10.736,160.66,9,9,Median,27.915,37.303,1.6682,19.048,169.83,110.9,4,5,4,5,Median,Median,21.4,34.7,244470000,2468800,242000000,67967000,873210,67094000,176500000,1595600,174900000,,,,525,523;857;872;1029;1076;1191;1389;1555;1556;1784;2216;3025;3175;3362;3769;3770;4011;4012;4270;4271,True;True;True;True;True;True;True;True;True;True;True;True;True;True;True;True;True;True;True;True,539;883;898;1059;1106;1225;1428;1595;1596;1832;2274;3122;3275;3472;3896;3897;4150;4151;4152;4416;4417,783;784;1278;1294;1528;1600;1766;1767;2061;2302;2303;2304;2640;3283;4573;4790;5072;5073;5726;5727;5728;5729;5730;6129;6130;6131;6132;6527;6528;6529;6530;6531;6532,1121;1122;1123;1839;1858;2193;2194;2304;2305;2306;2557;2558;2992;3312;3313;3314;3315;3316;3317;3318;3842;4759;6565;6566;6567;6872;7281;7282;7283;8346;8347;8348;8349;8350;8351;8352;8353;8354;8355;8356;8357;8985;8986;8987;8988;8989;9587;9588;9589;9590;9591;9592;9593;9594;9595,1122;1839;1858;2193;2304;2557;2992;3315;3317;3842;4759;6567;6872;7281;8351;8355;8985;8988;9590;9594,126;127,213;238
sp|P39958|GDI1_YEAST,sp|P39958|GDI1_YEAST,2,2,2,,1,2,2,2,1,1,1,1,1,1,6.4,6.4,6.4,51.206,451,451,0,4.9724,NaN,NaN,NaN,0,0,Median,NaN,NaN,NaN,NaN,NaN,NaN,0,0,0,0,Median,Median,1.8,4.7,3554600,0,3554600,1272700,0,1272700,2281900,0,2281900,,,,526,2146;2235,True;True,2203;2296,3190;3317,4639;4813,4639;4813,,
sp|P39960|BEM2_YEAST,sp|P39960|BEM2_YEAST,1,1,1,,1,1,1,1,0,1,0,1,0,1,0.7,0.7,0.7,245.43,2167,2167,0,5.598,NaN,NaN,NaN,1,1,Median,NaN,NaN,NaN,NaN,NaN,NaN,0,1,0,1,Median,Median,0,0.7,862690,139690,723000,0,0,0,862690,139690,723000,,,,527,1889,TRUE,1940,2799,4047,4047,,
sp|P39966|PP2C2_YEAST,sp|P39966|PP2C2_YEAST,1,1,1,,1,1,1,1,1,1,1,1,1,1,3,3,3,50.388,464,464,0,2.4231,NaN,NaN,NaN,0,0,Median,NaN,NaN,NaN,NaN,NaN,NaN,0,0,0,0,Median,Median,3,3,2429800,0,2429800,1192700,0,1192700,1237100,0,1237100,,,,528,298,TRUE,303,442;443,628;629,629,,
sp|P39968|VAC8_YEAST,sp|P39968|VAC8_YEAST,1,1,1,,1,1,1,1,1,0,1,0,1,0,2.1,2.1,2.1,63.207,578,578,0.007874,0.71944,NaN,NaN,NaN,0,0,Median,NaN,NaN,NaN,NaN,NaN,NaN,0,0,0,0,Median,Median,2.1,0,916370,0,916370,916370,0,916370,0,0,0,,,,529,1415,TRUE,1455,2099,3034,3034,,
sp|P39976|DLD3_YEAST,sp|P39976|DLD3_YEAST,9,9,9,,1,9,9,9,7,5,7,5,7,5,28.2,28.2,28.2,55.224,496,496,0,28.142,NaN,NaN,NaN,0,0,Median,NaN,NaN,NaN,NaN,NaN,NaN,0,0,0,0,Median,Median,23.6,14.5,22524000,0,22524000,13978000,0,13978000,8546500,0,8546500,,,,530,713;1824;1953;2162;2199;2420;2925;3624;3653,True;True;True;True;True;True;True;True;True,733;1872;2008;2219;2257;2485;3022;3745;3774;3775,1058;2701;2897;2898;3210;3262;3587;4426;5458;5459;5504;5505;5506;5507,1501;3919;4207;4208;4668;4735;5187;6374;7829;7830;7892;7893;7894;7895;7896,1501;3919;4207;4668;4735;5187;6374;7829;7894,,
sp|P39986|ATC6_YEAST,sp|P39986|ATC6_YEAST,4,4,4,,1,4,4,4,3,1,3,1,3,1,5,5,5,135.27,1215,1215,0,2.783,NaN,NaN,NaN,0,0,Median,NaN,NaN,NaN,NaN,NaN,NaN,0,0,0,0,Median,Median,3.8,1.2,3052700,0,3052700,3052700,0,3052700,0,0,0,,,,531,2027;3045;3283;3284,True;True;True;True,2082;3142;3390;3391,3012;4601;4953;4954,4362;6601;7099;7100,4362;6601;7099;7100,,
sp|P39990|SNU13_YEAST,sp|P39990|SNU13_YEAST,1,1,1,,1,1,1,1,0,1,0,1,0,1,19,19,19,13.569,126,126,0.010178,0.50346,NaN,NaN,NaN,0,0,Median,NaN,NaN,NaN,NaN,NaN,NaN,0,0,0,0,Median,Median,0,19,2404600,0,2404600,0,0,0,2404600,0,2404600,,,,532,126,TRUE,127,188,261,261,,
sp|P40008|FMP52_YEAST,sp|P40008|FMP52_YEAST,1,1,1,,1,1,1,1,1,0,1,0,1,0,4.8,4.8,4.8,25.086,231,231,0.0040816,0.95965,NaN,NaN,NaN,0,0,Median,NaN,NaN,NaN,NaN,NaN,NaN,0,0,0,0,Median,Median,4.8,0,407860,0,407860,407860,0,407860,0,0,0,,,,533,4346,TRUE,4495,6638,9731,9731,,
sp|P40010|NUG1_YEAST,sp|P40010|NUG1_YEAST,7,7,7,,1,7,7,7,4,5,4,5,4,5,18.5,18.5,18.5,57.708,520,520,0,14.815,NaN,NaN,NaN,0,0,Median,NaN,NaN,NaN,NaN,NaN,NaN,0,0,0,0,Median,Median,14.8,13.3,151870000,137370000,14495000,8175300,0,8175300,143690000,137370000,6319500,,,,534,874;1222;3212;3521;3543;3544;4030,True;True;True;True;True;True;True,900;1256;3315;3638;3662;3663;4170,1297;1805;4843;5303;5304;5338;5339;6154;6155,1862;1863;2606;6947;7612;7613;7614;7666;7667;9018;9019,1863;2606;6947;7612;7666;7667;9019,,
sp|P40016|RPN3_YEAST,sp|P40016|RPN3_YEAST,1,1,1,,1,1,1,1,0,1,0,1,0,1,4.2,4.2,4.2,60.392,523,523,0,1.4318,NaN,NaN,NaN,0,0,Median,NaN,NaN,NaN,NaN,NaN,NaN,0,0,0,0,Median,Median,0,4.2,1272300,0,1272300,0,0,0,1272300,0,1272300,,,,535,409,TRUE,425,617,890,890,,
sp|P40024|ARB1_YEAST,sp|P40024|ARB1_YEAST,8,8,8,,1,8,8,8,7,5,7,5,7,5,19.8,19.8,19.8,68.376,610,610,0,48.747,11.41,1.2991,307.32,2,2,Median,11.41,NaN,1.2991,NaN,307.32,NaN,2,0,2,0,Median,Median,17.7,11.3,37076000,457610,36618000,21992000,457610,21534000,15084000,0,15084000,,,,536,653;777;1408;1803;2150;2421;2544;3890,True;True;True;True;True;True;True;True,671;801;1448;1851;2207;2486;2615;4021,976;1159;1160;2089;2090;2668;2669;3195;3588;3589;3795;5928;5929,1392;1393;1394;1676;1677;3024;3025;3876;3877;4648;5188;5189;5477;8663;8664,1392;1676;3024;3876;4648;5188;5477;8664,,
sp|P40032|TPA1_YEAST,sp|P40032|TPA1_YEAST,2,2,2,,1,2,2,2,0,2,0,2,0,2,3.3,3.3,3.3,74.041,644,644,0,2.8543,NaN,NaN,NaN,0,0,Median,NaN,NaN,NaN,NaN,NaN,NaN,0,0,0,0,Median,Median,0,3.3,1955000,0,1955000,0,0,0,1955000,0,1955000,,,,537,3008;3710,True;True,3105;3832,4548;5598,6532;8043,6532;8043,,
sp|P40037|HMF1_YEAST,sp|P40037|HMF1_YEAST,2,2,2,,1,2,2,2,1,2,1,2,1,2,39.5,39.5,39.5,13.906,129,129,0,4.1565,NaN,NaN,NaN,0,0,Median,NaN,NaN,NaN,NaN,NaN,NaN,0,0,0,0,Median,Median,18.6,39.5,10262000,0,10262000,2919900,0,2919900,7341800,0,7341800,,,,538,4245;4342,True;True,4391;4491,6491;6632;6633,9536;9725;9726,9536;9726,,
sp|P40046|VTC1_YEAST,sp|P40046|VTC1_YEAST,2,2,2,,1,2,2,2,1,2,1,2,1,2,10.1,10.1,10.1,14.371,129,129,0,4.8858,NaN,NaN,NaN,0,0,Median,NaN,NaN,NaN,NaN,NaN,NaN,0,0,0,0,Median,Median,9.3,10.1,10152000,0,10152000,4973800,0,4973800,5178500,0,5178500,,,,539,3515;3516,True;True,3632;3633,5295;5296;5297,7604;7605;7606,7604;7606,,
sp|P40048|PTP3_YEAST,sp|P40048|PTP3_YEAST,1,1,1,,1,1,1,1,1,0,1,0,1,0,1.1,1.1,1.1,105.22,928,928,0.0098765,0.35741,NaN,NaN,NaN,1,0,Median,NaN,NaN,NaN,NaN,NaN,NaN,1,0,0,0,Median,Median,1.1,0,931330,371650,559680,931330,371650,559680,0,0,0,,,,540,1847,TRUE,1895,2732,3954,3954,,
sp|P40053|AIM9_YEAST,sp|P40053|AIM9_YEAST,1,1,1,,1,1,1,1,0,1,0,1,0,1,2.1,2.1,2.1,72.413,627,627,0,1.478,NaN,NaN,NaN,0,0,Median,NaN,NaN,NaN,NaN,NaN,NaN,0,0,0,0,Median,Median,0,2.1,1331200,0,1331200,0,0,0,1331200,0,1331200,,,,541,4274,TRUE,4420,6535,9598,9598,,
sp|P40056|GET2_YEAST,sp|P40056|GET2_YEAST,1,1,1,,1,1,1,1,0,1,0,1,0,1,4.6,4.6,4.6,31.493,285,285,0,3.683,NaN,NaN,NaN,0,0,Median,NaN,NaN,NaN,NaN,NaN,NaN,0,0,0,0,Median,Median,0,4.6,825900,0,825900,0,0,0,825900,0,825900,,,,542,1805,TRUE,1853,2672,3881,3881,,
sp|P40069|IMB4_YEAST,sp|P40069|IMB4_YEAST,10,10,10,,1,10,10,10,6,8,6,8,6,8,14.1,14.1,14.1,122.6,1113,1113,0,49.819,12.548,11.448,255.19,2,2,Median,NaN,12.548,NaN,11.448,NaN,255.19,0,2,0,2,Median,Median,9.1,12.4,57704000,32954000,24749000,7405600,0,7405600,50298000,32954000,17344000,,,,543,745;939;1152;2141;2539;3714;3908;4066;4398;4399,True;True;True;True;True;True;True;True;True;True,767;967;1184;2198;2607;3836;4039;4207;4547;4548,1107;1394;1395;1709;1710;3183;3777;3778;5604;5605;5961;6210;6716;6717,1578;1984;1985;2457;2458;4631;5451;5452;8049;8050;8716;8717;9094;9095;9851;9852,1578;1984;2457;4631;5452;8050;8716;9095;9851;9852,,
sp|P40075|SCS2_YEAST,sp|P40075|SCS2_YEAST,5,5,5,,1,5,5,5,3,3,3,3,3,3,32,32,32,26.925,244,244,0,23.055,NaN,NaN,NaN,1,1,Median,NaN,NaN,NaN,NaN,NaN,NaN,1,0,1,0,Median,Median,19.7,18.4,13437000,650800,12786000,4042200,650800,3391400,9394800,0,9394800,,,,544,454;973;1781;2987;4550,True;True;True;True;True,470;1001;1829;3084;4704,677;1441;1442;2636;4515;6950,964;2056;2057;3835;3836;6488;10189;10190,964;2056;3835;6488;10189,,
sp|P40089|LSM5_YEAST,sp|P40089|LSM5_YEAST,1,1,1,,1,1,1,1,0,1,0,1,0,1,19.4,19.4,19.4,10.423,93,93,0,6.3293,NaN,NaN,NaN,0,0,Median,NaN,NaN,NaN,NaN,NaN,NaN,0,0,0,0,Median,Median,0,19.4,2088500,0,2088500,0,0,0,2088500,0,2088500,,,,545,3408,TRUE,3520,5143,7394,7394,,
sp|P40093|YEY6_YEAST,sp|P40093|YEY6_YEAST,3,3,3,,1,3,3,3,0,3,0,3,0,3,13.6,13.6,13.6,38.174,338,338,0,2.0688,NaN,NaN,NaN,0,0,Median,NaN,NaN,NaN,NaN,NaN,NaN,0,0,0,0,Median,Median,0,13.6,3440400,0,3440400,0,0,0,3440400,0,3440400,,,,546,304;1549;3360,True;True;True,309;1589;3470,452;2295;5069,640;3303;7277,640;3303;7277,,
sp|P40106|GPP2_YEAST,sp|P40106|GPP2_YEAST,4,1,1,,1,4,1,1,4,1,1,0,1,0,16.4,4.8,4.8,27.813,250,250,0.0078947,0.73164,NaN,NaN,NaN,0,0,Median,NaN,NaN,NaN,NaN,NaN,NaN,0,0,0,0,Median,Median,16.4,6.8,2199600,0,2199600,2199600,0,2199600,0,0,0,,,,547,2013;2050;3370;4382,False;True;False;False,2068;2105;3480;4531,2990;2991;3044;5082;5083;6694,4336;4337;4338;4407;7293;7294;9816;9817;9818,4336;4407;7294;9816,,
sp|P40159|YNU8_YEAST,sp|P40159|YNU8_YEAST,2,2,2,,1,2,2,2,2,1,2,1,2,1,17.1,17.1,17.1,20.151,199,199,0,24.519,NaN,NaN,NaN,0,0,Median,NaN,NaN,NaN,NaN,NaN,NaN,0,0,0,0,Median,Median,17.1,9,11265000,0,11265000,8369300,0,8369300,2895900,0,2895900,,,,548,1243;2376,True;True,1277;2439,1834;1835;3519,2648;2649;5100,2648;5100,,
sp|P40185|MMF1_YEAST,sp|P40185|MMF1_YEAST,7,7,7,,1,7,7,7,5,7,5,7,5,7,58.6,58.6,58.6,15.908,145,145,0,32.381,2.4146,0.88382,213.49,5,5,Median,3.1596,3.132,0.046861,2.0658,139.1,59.672,2,3,2,3,Median,Plateau,52.4,58.6,71746000,11829000,59917000,27229000,4106500,23122000,44517000,7722700,36795000,,,,549,102;334;1983;2685;2724;2725;4258,True;True;True;True;True;True;True,103;343;2038;2774;2814;2815;4404,150;151;499;500;2948;2949;4038;4039;4092;4093;4094;6512,218;219;725;726;727;4283;4284;4285;4286;5806;5807;5808;5809;5891;5892;5893;9568,218;725;4286;5808;5892;5893;9568,,
sp|P40202|CCS1_YEAST,sp|P40202|CCS1_YEAST,1,1,1,,1,1,1,1,1,0,1,0,1,0,6.8,6.8,6.8,27.33,249,249,0.007926,0.76593,NaN,NaN,NaN,0,0,Median,NaN,NaN,NaN,NaN,NaN,NaN,0,0,0,0,Median,Median,6.8,0,1466900,0,1466900,1466900,0,1466900,0,0,0,,,,550,743,TRUE,765,1105,1576,1576,,
sp|P40217|EIF3I_YEAST,sp|P40217|EIF3I_YEAST,8,8,8,,1,8,8,8,5,5,5,5,5,5,30.3,30.3,30.3,38.755,347,347,0,15.553,NaN,NaN,NaN,1,1,Median,NaN,NaN,NaN,NaN,NaN,NaN,0,1,0,1,Median,Median,23.9,23.1,15408000,44026,15364000,8017400,0,8017400,7390300,44026,7346300,,,,551,758;851;2426;2427;3639;4287;4460;4474,True;True;True;True;True;True;True;True,780;877;2491;2492;3760;4433;4614;4628,1123;1271;3596;3597;5482;6552;6553;6818;6840;6841,1601;1827;5197;5198;7863;7864;9619;9620;10007;10042;10043,1601;1827;5197;5198;7863;9620;10007;10043,,
sp|P40302|PSA6_YEAST,sp|P40302|PSA6_YEAST,3,3,3,,1,3,3,3,3,1,3,1,3,1,28.6,28.6,28.6,25.604,234,234,0,8.5904,NaN,NaN,NaN,1,1,Median,NaN,NaN,NaN,NaN,NaN,NaN,1,0,1,0,Median,Median,28.6,12.8,15352000,109270,15242000,12154000,109270,12044000,3198000,0,3198000,,,,552,2003;2823;3288,True;True;True,2058;2919;3395,2978;4260;4959;4960,4322;6135;7106;7107,4322;6135;7107,,
sp|P40303|PSA4_YEAST,sp|P40303|PSA4_YEAST,4,4,4,,1,4,4,4,4,0,4,0,4,0,28.3,28.3,28.3,28.439,254,254,0,23.365,NaN,NaN,NaN,0,0,Median,NaN,NaN,NaN,NaN,NaN,NaN,0,0,0,0,Median,Median,28.3,0,6580400,0,6580400,6580400,0,6580400,0,0,0,,,,553,2453;2664;2856;3310,True;True;True;True,2520;2750;2952;3417,3639;4003;4321;4989,5252;5759;6239;7144,5252;5759;6239;7144,,
sp|P40319|ELO3_YEAST,sp|P40319|ELO3_YEAST,1,1,1,,1,1,1,1,1,1,1,1,1,1,6.4,6.4,6.4,39.465,345,345,0,3.9021,NaN,NaN,NaN,0,0,Median,NaN,NaN,NaN,NaN,NaN,NaN,0,0,0,0,Median,Median,6.4,6.4,1581300,0,1581300,1032800,0,1032800,548500,0,548500,,,,554,934,TRUE,962,1385;1386;1387,1973;1974;1975;1976,1975,,
sp|P40326|YG5N_YEAST,sp|P40326|YG5N_YEAST,1,1,1,,1,1,1,1,1,1,1,1,1,1,11.1,11.1,11.1,12.279,108,108,0.0078329,0.67347,NaN,NaN,NaN,0,0,Median,NaN,NaN,NaN,NaN,NaN,NaN,0,0,0,0,Median,Median,11.1,11.1,53859000,53859000,0,21695000,21695000,0,32164000,32164000,0,,,,555,2871,TRUE,2967,4343;4344,6267;6268;6269;6270;6271,6270,,
sp|P40327|PRS4_YEAST,sp|P40327|PRS4_YEAST,2,2,2,,1,2,2,2,1,2,1,2,1,2,4.8,4.8,4.8,48.828,437,437,0,5.9799,NaN,NaN,NaN,0,0,Median,NaN,NaN,NaN,NaN,NaN,NaN,0,0,0,0,Median,Median,4.8,4.8,9315500,0,9315500,5039300,0,5039300,4276200,0,4276200,,,,556,457;458,True;True,473;474,681;682;683,969;970;971;972,969;971,,
sp|P40413|TCPE_YEAST,sp|P40413|TCPE_YEAST,4,4,4,,1,4,4,4,3,1,3,1,3,1,9.1,9.1,9.1,61.913,562,562,0,3.4773,NaN,NaN,NaN,1,1,Median,NaN,NaN,NaN,NaN,NaN,NaN,1,0,1,0,Median,Median,7.1,2,7798900,66874,7732000,7798900,66874,7732000,0,0,0,,,,557,901;2279;2575;3962,True;True;True;True,927;2341;2650;4097,1336;3380;3848;6049,1909;4921;5544;8852,1909;4921;5544;8852,,
sp|P40414|TPM2_YEAST,sp|P40414|TPM2_YEAST,4,4,4,,1,4,4,4,4,1,4,1,4,1,31.7,31.7,31.7,19.093,161,161,0,6.5816,NaN,NaN,NaN,1,1,Median,NaN,NaN,NaN,NaN,NaN,NaN,1,0,1,0,Median,Median,31.7,11.2,4808300,100510,4707800,4121400,100510,4020900,686900,0,686900,,,,558,1881;2084;2090;2936,True;True;True;True,1932;2139;2145;3033,2789;3094;3103;4441;4442,4036;4473;4474;4489;6391;6392,4036;4474;4489;6392,,
sp|P40422|RPAB4_YEAST,sp|P40422|RPAB4_YEAST,2,2,2,,1,2,2,2,2,1,2,1,2,1,51.4,51.4,51.4,7.7159,70,70,0,19.188,NaN,NaN,NaN,0,0,Median,NaN,NaN,NaN,NaN,NaN,NaN,0,0,0,0,Median,Median,51.4,38.6,12201000,0,12201000,7910500,0,7910500,4290100,0,4290100,,,,559,3493;4526,True;True,3609;4680,5262;5263;6915,7554;7555;7556;10142,7555;10142,,
sp|P40462|TM108_YEAST,sp|P40462|TM108_YEAST,1,1,1,,1,1,1,1,1,0,1,0,1,0,1.6,1.6,1.6,107.72,946,946,0.010114,0.43378,NaN,NaN,NaN,0,0,Median,NaN,NaN,NaN,NaN,NaN,NaN,0,0,0,0,Median,Median,1.6,0,700550,0,700550,700550,0,700550,0,0,0,,,,560,2444,TRUE,2511,3626,5234;5235,5234,,
sp|P40472|SIM1_YEAST,sp|P40472|SIM1_YEAST,1,1,1,,1,1,1,1,1,0,1,0,1,0,1.5,1.5,1.5,48.189,476,476,0.0041551,1.0151,NaN,NaN,NaN,0,0,Median,NaN,NaN,NaN,NaN,NaN,NaN,0,0,0,0,Median,Median,1.5,0,0,0,0,0,0,0,0,0,0,,,,561,186,TRUE,190,278,386,386,,
sp|P40482|SEC24_YEAST,sp|P40482|SEC24_YEAST,1,1,1,,1,1,1,1,1,0,1,0,1,0,1.5,1.5,1.5,103.63,926,926,0,2.1632,NaN,NaN,NaN,0,0,Median,NaN,NaN,NaN,NaN,NaN,NaN,0,0,0,0,Median,Median,1.5,0,0,0,0,0,0,0,0,0,0,,,,562,2332,TRUE,2395,3458,5026,5026,,
sp|P40495|LYS12_YEAST,sp|P40495|LYS12_YEAST,3,3,3,,1,3,3,3,2,2,2,2,2,2,13.7,13.7,13.7,40.068,371,371,0,14.32,NaN,NaN,NaN,0,0,Median,NaN,NaN,NaN,NaN,NaN,NaN,0,0,0,0,Median,Median,8.1,10,12487000,0,12487000,7202800,0,7202800,5284400,0,5284400,,,,563,411;3416;3975,True;True;True,427;3528;4111,619;5152;6070;6071,892;7403;8894;8895;8896,892;7403;8894,,
sp|P40518|ARPC5_YEAST,sp|P40518|ARPC5_YEAST,1,1,1,,1,1,1,1,0,1,0,1,0,1,12.3,12.3,12.3,17.134,154,154,0,4.0096,NaN,NaN,NaN,0,0,Median,NaN,NaN,NaN,NaN,NaN,NaN,0,0,0,0,Median,Median,0,12.3,1748700,0,1748700,0,0,0,1748700,0,1748700,,,,564,3621,TRUE,3742,5454,7824,7824,,
sp|P40525|RL34B_YEAST,sp|P40525|RL34B_YEAST,8,8,2,,1,8,8,2,3,7,3,7,1,1,56.2,56.2,10.7,13.641,121,121,0,38.756,62.761,24.098,152.47,5,5,Linear,NaN,40.11,NaN,22.698,NaN,120.4,1,4,1,4,Median,Linear,43,56.2,191080000,1787800,189290000,99426000,76879,99349000,91649000,1711000,89938000,,,,565,124;125;524;550;551;932;1704;4369,True;True;True;True;True;True;True;True,125;126;540;567;568;960;1748;4518,186;187;785;824;825;826;827;1383;2522;6673;6674;6675,259;260;1124;1186;1187;1188;1189;1190;1191;1192;1971;3645;3646;9788;9789;9790;9791;9792;9793,259;260;1124;1186;1188;1971;3645;9790,,
sp|P40529|AGE2_YEAST,sp|P40529|AGE2_YEAST,1,1,1,,1,1,1,1,1,1,1,1,1,1,2.7,2.7,2.7,32.638,298,298,0.0078637,0.71434,NaN,NaN,NaN,0,0,Median,NaN,NaN,NaN,NaN,NaN,NaN,0,0,0,0,Median,Median,2.7,2.7,614700,0,614700,614700,0,614700,0,0,0,,,,566,3589,TRUE,3708,5400;5401,7748;7749,7748,,
sp|P40531|GVP36_YEAST,sp|P40531|GVP36_YEAST,6,6,6,,1,6,6,6,4,4,4,4,4,4,26.4,26.4,26.4,36.67,326,326,0,31.64,NaN,NaN,NaN,0,0,Median,NaN,NaN,NaN,NaN,NaN,NaN,0,0,0,0,Median,Median,22.1,19.9,31887000,0,31887000,12235000,0,12235000,19652000,0,19652000,,,,567,340;1407;1617;2424;3996;4529,True;True;True;True;True;True,349;1447;1658;2489;4135;4683,506;2088;2393;3593;3594;6107;6108;6919,735;3023;3462;5194;5195;8946;8947;10147,735;3023;3462;5195;8947;10147,,
sp|P40579|YIV5_YEAST,sp|P40579|YIV5_YEAST,1,1,1,,1,1,1,1,0,1,0,1,0,1,7.1,7.1,7.1,27.48,254,254,0.0014245,1.1611,NaN,NaN,NaN,0,0,Median,NaN,NaN,NaN,NaN,NaN,NaN,0,0,0,0,Median,Median,0,7.1,1329200,0,1329200,0,0,0,1329200,0,1329200,,,,568,35,TRUE,35,53,77,77,,
sp|P40581|GPX3_YEAST,sp|P40581|GPX3_YEAST,4,2,2,,1,4,2,2,4,3,2,2,2,2,28.2,17.2,17.2,18.641,163,163,0,4.9807,NaN,NaN,NaN,1,1,Median,NaN,NaN,NaN,NaN,NaN,NaN,0,1,0,1,Median,Median,28.2,23.3,4916800,242590,4674200,2771900,0,2771900,2145000,242590,1902400,,,,569,553;1822;3296;4371,False;True;True;False,570;1870;3403;4520,829;2698;2699;4971;4972;6677;6678,1194;1195;3916;3917;7120;7121;9795;9796,1194;3916;7121;9796,,
sp|P40693|RLP7_YEAST,sp|P40693|RLP7_YEAST,2,2,2,,1,2,2,2,0,2,0,2,0,2,7.8,7.8,7.8,36.559,322,322,0,2.2799,NaN,NaN,NaN,0,0,Median,NaN,NaN,NaN,NaN,NaN,NaN,0,0,0,0,Median,Median,0,7.8,557600,0,557600,0,0,0,557600,0,557600,,,,570,360;2466,True;True,373;2533,542;3658,786;5278,786;5278,,
sp|P40825|SYA_YEAST,sp|P40825|SYA_YEAST,10,10,10,,1,10,10,10,9,5,9,5,9,5,17,17,17,110.06,983,983,0,26.645,3.0686,3.2706,92.521,2,2,Median,NaN,NaN,NaN,NaN,NaN,NaN,1,1,1,1,Median,Median,16.2,6.6,32417000,537700,31880000,22409000,324610,22084000,10008000,213090,9795300,,,,571,162;230;603;1766;2144;3359;4434;4496;4517;4575,True;True;True;True;True;True;True;True;True;True,164;234;235;620;1813;2201;3469;4587;4650;4671;4729,237;238;333;334;896;2616;3187;3188;5068;6775;6776;6874;6906;6984,332;333;467;468;1276;3805;4636;4637;7276;9948;9949;10093;10133;10235,332;467;1276;3805;4636;7276;9949;10093;10133;10235,128,894
sp|P40991|NOP2_YEAST,sp|P40991|NOP2_YEAST,2,2,2,,1,2,2,2,1,1,1,1,1,1,7.6,7.6,7.6,69.811,618,618,0,8.1411,NaN,NaN,NaN,0,0,Median,NaN,NaN,NaN,NaN,NaN,NaN,0,0,0,0,Median,Median,5,2.6,2943400,0,2943400,1800900,0,1800900,1142500,0,1142500,,,,572,2105;2816,True;True,2160;2912,3124;4247,4524;6119,4524;6119,,
sp|P41056|RL33B_YEAST;sp|P05744|RL33A_YEAST,sp|P41056|RL33B_YEAST;sp|P05744|RL33A_YEAST,8;7,8;7,8;7,;,2,8,8,8,4,6,4,6,4,6,74.8,74.8,74.8,12.168,107,107;107,0,31.245,5.2173,3.3504,198.58,7,7,Median,4.4712,6.9001,0.37372,4.4191,204.78,119.51,3,4,3,4,Median,Median,45.8,57.9,157820000,4442500,153380000,24060000,2692500,21368000,133760000,1750000,132010000,,,,573,107;421;1450;1470;1628;3069;3138;3729,True;True;True;True;True;True;True;True,108;437;1490;1510;1672;3167;3237;3853,159;632;2153;2154;2184;2421;2422;4634;4635;4740;5651,228;229;906;907;3098;3099;3100;3139;3515;3516;6650;6651;6796;6797;6798;6799;6800;8211,229;907;3099;3139;3516;6651;6798;8211,,
sp|P41057|RS29A_YEAST,sp|P41057|RS29A_YEAST,3,3,3,,1,3,3,3,1,3,1,3,1,3,37.5,37.5,37.5,6.6606,56,56,0,3.8309,NaN,NaN,NaN,1,1,Median,NaN,NaN,NaN,NaN,NaN,NaN,0,1,0,1,Median,Median,17.9,37.5,34897000,109430,34787000,10405000,0,10405000,24491000,109430,24382000,,,,574,325;4514;4515,True;True;True,332;4668;4669,484;485;6902;6903,698;699;700;10129;10130,698;10129;10130,,
sp|P41058|RS29B_YEAST,sp|P41058|RS29B_YEAST,1,1,1,,1,1,1,1,1,1,1,1,1,1,17.9,17.9,17.9,6.7276,56,56,0,1.5201,NaN,NaN,NaN,1,1,Median,NaN,NaN,NaN,NaN,NaN,NaN,1,0,1,0,Median,Median,17.9,17.9,20878000,522140,20356000,17935000,522140,17413000,2943500,0,2943500,,,,575,324,TRUE,331,481;482;483,693;694;695;696;697,696,,
sp|P41277|GPP1_YEAST,sp|P41277|GPP1_YEAST,12,12,9,,1,12,12,9,11,7,11,7,8,6,40,40,33.2,27.947,250,250,0,57.987,13.328,15.42,136.7,7,7,Median,14.71,5.1127,18.186,11.904,130.15,107.12,4,3,4,3,Median,Plateau,34.4,35.2,159050000,1387600,157660000,93877000,586090,93291000,65170000,801520,64368000,,,,576,1013;1014;1015;1553;2013;2070;2870;3370;4382;4410;4498;4499,True;True;True;True;True;True;True;True;True;True;True;True,1042;1043;1044;1593;2068;2125;2966;3480;4531;4559;4560;4652;4653,1501;1502;1503;1504;1505;2300;2990;2991;3075;3076;4341;4342;5082;5083;6694;6733;6734;6735;6877;6878,2142;2143;2144;2145;2146;2147;2148;2149;2150;3309;3310;4336;4337;4338;4448;4449;6263;6264;6265;6266;7293;7294;9816;9817;9818;9884;9885;9886;10096;10097;10098,2142;2145;2147;3309;4336;4448;6266;7294;9816;9886;10096;10098,129,121
sp|P41338|THIL_YEAST,sp|P41338|THIL_YEAST,9,9,9,,1,9,9,9,5,7,5,7,5,7,42,42,42,41.728,398,398,0,58.177,NaN,NaN,NaN,1,1,Median,NaN,NaN,NaN,NaN,NaN,NaN,0,1,0,1,Median,Median,28.6,28.9,49753000,2475700,47278000,13688000,0,13688000,36065000,2475700,33590000,,,,577,545;554;1070;1510;2035;3693;3870;4259;4383,True;True;True;True;True;True;True;True;True,562;571;1100;1550;2090;3815;4000;4405;4532,816;830;1591;1592;2241;2242;3023;5571;5572;5897;6513;6695,1169;1196;2291;2292;2293;3232;3233;4375;4376;8005;8006;8624;9569;9819,1169;1196;2291;3233;4376;8006;8624;9569;9819,,
sp|P41805|RL10_YEAST,sp|P41805|RL10_YEAST,15,15,15,,1,15,15,15,3,15,3,15,3,15,65.2,65.2,65.2,25.361,221,221,0,55.772,8.3741,6.9952,137.66,5,5,Median,NaN,8.3741,NaN,6.9952,NaN,137.66,0,5,0,5,Median,Median,23.1,65.2,257060000,4723900,252340000,28529000,2724800,25804000,228540000,1999100,226540000,,,,578,382;447;448;491;760;1624;1825;1942;2590;3032;4123;4416;4417;4532;4561,True;True;True;True;True;True;True;True;True;True;True;True;True;True;True,397;463;464;507;782;1665;1873;1997;2667;3129;4264;4566;4567;4686;4715,570;668;669;670;729;1125;2402;2403;2702;2883;3877;4582;4583;4584;6295;6742;6743;6923;6964,824;951;952;953;954;1039;1040;1041;1604;3475;3476;3920;3921;4192;5581;5582;5583;6579;6580;6581;6582;9216;9894;9895;10151;10152;10153;10204,824;951;953;1040;1604;3475;3920;4192;5581;6581;9216;9894;9895;10152;10204,,
sp|P41807|VATH_YEAST,sp|P41807|VATH_YEAST,1,1,1,,1,1,1,1,1,1,1,1,1,1,3.1,3.1,3.1,54.415,478,478,0,4.0941,NaN,NaN,NaN,0,0,Median,NaN,NaN,NaN,NaN,NaN,NaN,0,0,0,0,Median,Median,3.1,3.1,2185900,0,2185900,1087500,0,1087500,1098400,0,1098400,,,,579,68,TRUE,68,102;103,145;146,146,,
sp|P41810|COPB_YEAST,sp|P41810|COPB_YEAST,1,1,1,,1,1,1,1,1,0,1,0,1,0,1.7,1.7,1.7,109.02,973,973,0.0040706,0.95497,NaN,NaN,NaN,0,0,Median,NaN,NaN,NaN,NaN,NaN,NaN,0,0,0,0,Median,Median,1.7,0,612790,0,612790,612790,0,612790,0,0,0,,,,580,1195,TRUE,1229,1771,2562,2562,,
sp|P41811|COPB2_YEAST,sp|P41811|COPB2_YEAST,3,3,3,,1,3,3,3,0,3,0,3,0,3,3.8,3.8,3.8,99.444,889,889,0,4.8029,NaN,NaN,NaN,0,0,Median,NaN,NaN,NaN,NaN,NaN,NaN,0,0,0,0,Median,Median,0,3.8,4245700,0,4245700,0,0,0,4245700,0,4245700,,,,581,266;861;923,True;True;True,271;887;951,387;1282;1370,544;1843;1955,544;1843;1955,,
sp|P41818|GLC8_YEAST,sp|P41818|GLC8_YEAST,1,1,1,,1,1,1,1,1,0,1,0,1,0,6.1,6.1,6.1,26.649,229,229,0,2.4249,NaN,NaN,NaN,0,0,Median,NaN,NaN,NaN,NaN,NaN,NaN,0,0,0,0,Median,Median,6.1,0,756890,0,756890,756890,0,756890,0,0,0,,,,582,746,TRUE,768,1108,1579,1579,,
sp|P41911|GPD2_YEAST,sp|P41911|GPD2_YEAST,2,1,1,,1,2,1,1,2,1,1,0,1,0,7.5,4.1,4.1,49.421,440,440,0,5.69,NaN,NaN,NaN,0,0,Median,NaN,NaN,NaN,NaN,NaN,NaN,0,0,0,0,Median,Median,7.5,3.4,1421900,0,1421900,1421900,0,1421900,0,0,0,,,,583,1480;4343,True;False,1520;4492,2199;6634;6635,3163;9727;9728,3163;9727,,
sp|P41920|YRB1_YEAST,sp|P41920|YRB1_YEAST,9,9,9,,1,9,9,9,6,4,6,4,6,4,40.3,40.3,40.3,22.953,201,201,0,25.889,5.7738,7.0564,93.968,4,4,Median,5.7738,7.8576,7.0564,4.6235,38.697,152.33,2,2,2,2,Median,Median,32.8,18.4,23381000,597300,22784000,15793000,222540,15570000,7588200,374760,7213400,,,,584,850;1774;1783;2107;3520;3853;3854;3855;4041,True;True;True;True;True;True;True;True;True,876;1822;1831;2162;3637;3982;3983;3984;4181,1270;2627;2638;2639;3126;3127;5302;5871;5872;5873;6167,1826;3824;3825;3839;3840;3841;4526;4527;7611;8589;8590;8591;8592;9039,1826;3824;3839;4527;7611;8589;8590;8592;9039,,
sp|P41921|GSHR_YEAST,sp|P41921|GSHR_YEAST,4,4,4,,1,4,4,4,4,1,4,1,4,1,12.4,12.4,12.4,53.44,483,483,0,13.133,NaN,NaN,NaN,0,0,Median,NaN,NaN,NaN,NaN,NaN,NaN,0,0,0,0,Median,Median,12.4,1.9,8834200,0,8834200,7275900,0,7275900,1558300,0,1558300,,,,585,1028;1693;2047;4042,True;True;True;True,1058;1737;2102;4182,1527;2507;2508;3040;6168,2192;3629;3630;4402;4403;9040;9041,2192;3629;4402;9040,,
sp|P41940|MPG1_YEAST,sp|P41940|MPG1_YEAST,17,17,17,,1,17,17,17,9,12,9,12,9,12,53.7,53.7,53.7,39.565,361,361,0,81.795,9.8282,3.4903,188,4,4,Median,37.588,NaN,3.6407,NaN,229.61,NaN,3,1,3,1,Plateau,Median,32.4,38,182040000,996110,181040000,76769000,538200,76230000,105270000,457910,104810000,,,,586,625;642;847;890;948;1305;1497;1498;1499;1675;1849;2577;3340;3630;4202;4203;4521,True;True;True;True;True;True;True;True;True;True;True;True;True;True;True;True;True,642;659;873;916;976;1340;1537;1538;1539;1719;1897;2652;3448;3751;4348;4349;4675,933;957;958;1267;1319;1408;1919;1920;2223;2224;2225;2482;2734;2735;3851;5034;5035;5466;6425;6426;6910,1326;1327;1366;1367;1823;1889;2009;2757;2758;2759;2760;3204;3205;3206;3207;3208;3209;3596;3956;3957;5547;7219;7220;7221;7838;9438;9439;9440;10137,1326;1366;1823;1889;2009;2757;3204;3205;3208;3596;3957;5547;7221;7838;9438;9440;10137,,
sp|P42846|KRI1_YEAST,sp|P42846|KRI1_YEAST,1,1,1,,1,1,1,1,1,1,1,1,1,1,2.9,2.9,2.9,68.653,591,591,0,3.5534,NaN,NaN,NaN,0,0,Median,NaN,NaN,NaN,NaN,NaN,NaN,0,0,0,0,Median,Median,2.9,2.9,1472700,0,1472700,746820,0,746820,725900,0,725900,,,,587,3902,TRUE,4033,5950;5951,8697;8698,8697,,
sp|P42943|TCPH_YEAST,sp|P42943|TCPH_YEAST,2,2,2,,1,2,2,2,2,2,2,2,2,2,3.3,3.3,3.3,59.735,550,550,0,2.1607,NaN,NaN,NaN,0,0,Median,NaN,NaN,NaN,NaN,NaN,NaN,0,0,0,0,Median,Median,3.3,3.3,4174900,0,4174900,2514100,0,2514100,1660800,0,1660800,,,,588,504;2969,True;True,520;3066,752;753;4487;4488,1070;1071;6458;6459;6460,1071;6460,,
sp|P42949|TIM16_YEAST,sp|P42949|TIM16_YEAST,1,1,1,,1,1,1,1,1,0,1,0,1,0,10.1,10.1,10.1,16.216,149,149,0,3.7523,NaN,NaN,NaN,0,0,Median,NaN,NaN,NaN,NaN,NaN,NaN,0,0,0,0,Median,Median,10.1,0,539590,0,539590,539590,0,539590,0,0,0,,,,589,113,TRUE,114,169,241,241,,
sp|P43123|UAP1_YEAST,sp|P43123|UAP1_YEAST,2,2,2,,1,2,2,2,1,1,1,1,1,1,5,5,5,53.475,477,477,0,1.6821,NaN,NaN,NaN,1,0,Median,NaN,NaN,NaN,NaN,NaN,NaN,1,0,0,0,Median,Median,2.5,2.5,9757900,358060,9399800,8934700,358060,8576700,823150,0,823150,,,,590,846;1390,True;True,872;1429,1266;2062,1821;1822;2993,1821;2993,,
sp|P43535|GCN20_YEAST,sp|P43535|GCN20_YEAST,3,3,3,,1,3,3,3,2,2,2,2,2,2,4.8,4.8,4.8,85.026,752,752,0,4.2591,NaN,NaN,NaN,0,0,Median,NaN,NaN,NaN,NaN,NaN,NaN,0,0,0,0,Median,Median,3.1,2.9,7567400,0,7567400,3788000,0,3788000,3779300,0,3779300,,,,591,293;395;2653,True;True;True,298;410;2739,437;592;593;3988,619;861;862;5737,619;862;5737,,
sp|P43588|RPN11_YEAST,sp|P43588|RPN11_YEAST,2,2,2,,1,2,2,2,2,0,2,0,2,0,11.4,11.4,11.4,34.398,306,306,0,2.16,NaN,NaN,NaN,0,0,Median,NaN,NaN,NaN,NaN,NaN,NaN,0,0,0,0,Median,Median,11.4,0,3397100,0,3397100,3397100,0,3397100,0,0,0,,,,592,2548;3271,True;True,2621;3378,3806;4936,5495;7075,5495;7075,,
sp|P43593|UBP6_YEAST,sp|P43593|UBP6_YEAST,1,1,1,,1,1,1,1,0,1,0,1,0,1,2.2,2.2,2.2,57.11,499,499,0.0041379,1.0019,NaN,NaN,NaN,0,0,Median,NaN,NaN,NaN,NaN,NaN,NaN,0,0,0,0,Median,Median,0,2.2,834770,0,834770,0,0,0,834770,0,834770,,,,593,92,TRUE,93,136,194,194,,
sp|P43616|DUG1_YEAST,sp|P43616|DUG1_YEAST,6,6,6,,1,6,6,6,4,5,4,5,4,5,14.1,14.1,14.1,52.871,481,481,0,38.713,5.2051,0.40128,223.37,4,4,Median,5.2051,5.334,0.077198,3.4069,9.1575,78.542,2,2,2,2,Median,Median,10.4,11.9,38006000,2358400,35648000,18692000,1128000,17564000,19315000,1230400,18084000,,,,594,1086;1439;1440;1569;2028;3316,True;True;True;True;True;True,1116;1479;1480;1609;2083;3423,1614;1615;2136;2137;2138;2324;3013;4997;4998,2330;2331;2332;2333;3080;3081;3082;3083;3345;4363;7159;7160,2333;3080;3082;3345;4363;7160,,
sp|P43621|COPD_YEAST,sp|P43621|COPD_YEAST,3,3,3,,1,3,3,3,2,2,2,2,2,2,6,6,6,60.627,546,546,0,5.091,NaN,NaN,NaN,1,1,Median,NaN,NaN,NaN,NaN,NaN,NaN,1,0,1,0,Median,Median,4.4,4.2,2618000,138800,2479200,1050700,138800,911950,1567300,0,1567300,,,,595,1964;2200;3789,True;True;True,2019;2258;3917,2916;3263;5767;5768,4240;4736;8416;8417;8418,4240;4736;8417,,
sp|P46367|ALDH4_YEAST,sp|P46367|ALDH4_YEAST,2,2,2,,1,2,2,2,1,1,1,1,1,1,7.1,7.1,7.1,56.723,519,519,0,8.6353,NaN,NaN,NaN,0,0,Median,NaN,NaN,NaN,NaN,NaN,NaN,0,0,0,0,Median,Median,2.7,4.4,2906900,0,2906900,856710,0,856710,2050200,0,2050200,,,,596,1403;3990,True;True,1443;4127,2083;6095,3017;8927,3017;8927,,
sp|P46654|RSSA2_YEAST,sp|P46654|RSSA2_YEAST,10,3,3,,1,10,3,3,1,10,0,3,0,3,48,16.3,16.3,27.962,252,252,0,13.913,NaN,NaN,NaN,1,1,Median,NaN,NaN,NaN,NaN,NaN,NaN,0,1,0,1,Median,Median,9.9,48,49491000,167370,49323000,0,0,0,49491000,167370,49323000,,,,597,997;998;1148;1519;1522;1523;2473;2849;2850;3407,False;False;False;False;True;True;True;False;False;False,1025;1026;1180;1559;1562;1563;2540;2945;2946;3519,1476;1477;1478;1479;1704;2255;2259;2260;2261;3667;4311;4312;4313;5142,2104;2105;2106;2107;2108;2109;2110;2111;2112;2452;3248;3249;3256;3257;3258;3259;5288;6228;6229;6230;6231;7393,2104;2107;2452;3249;3256;3258;5288;6228;6231;7393,,
sp|P46655|SYEC_YEAST,sp|P46655|SYEC_YEAST,13,13,13,,1,13,13,13,8,8,8,8,8,8,22,22,22,80.842,708,708,0,53.424,5.4914,2.6919,160.02,8,7,Median,5.4914,3.4172,2.6919,3.6691,172.06,170.95,4,4,4,3,Median,Median,15.7,11.2,51225000,4166000,47059000,17968000,590300,17378000,33257000,3575700,29682000,,,,598,513;950;999;1000;1443;1481;1701;1830;2016;2396;2559;3399;4438,True;True;True;True;True;True;True;True;True;True;True;True;True,529;978;1027;1028;1483;1521;1745;1878;2071;2460;2634;3511;4591,768;1411;1480;1481;1482;1483;2142;2200;2518;2708;2994;2995;3549;3827;3828;5132;6781;6782,1101;2012;2113;2114;2115;2116;3087;3164;3641;3927;4342;4343;5136;5520;5521;7381;9956;9957;9958,1101;2012;2113;2115;3087;3164;3641;3927;4342;5136;5521;7381;9956,,
sp|P46672|ARC1_YEAST,sp|P46672|ARC1_YEAST,10,10,10,,1,10,10,10,9,5,9,5,9,5,35.6,35.6,35.6,42.083,376,376,0,51.558,4.2244,4.0727,68.737,4,4,Median,4.4741,NaN,4.3554,NaN,83.278,NaN,3,1,3,1,Median,Median,34,15.4,63156000,822820,62333000,31930000,630120,31300000,31226000,192700,31033000,,,,599,213;709;1049;2072;3219;3547;4005;4057;4058;4078,True;True;True;True;True;True;True;True;True;True,217;729;1079;2127;3322;3666;4144;4198;4199;4219,312;1053;1555;1556;3079;4851;5343;6120;6121;6198;6199;6200;6230;6231,434;1495;2238;2239;2240;4452;6958;7675;8969;8970;8971;9079;9080;9081;9082;9122;9123;9124,434;1495;2240;4452;6958;7675;8970;9079;9082;9123,,
sp|P46682|AP3B_YEAST,sp|P46682|AP3B_YEAST,1,1,1,,1,1,1,1,1,0,1,0,1,0,1.9,1.9,1.9,91.606,809,809,0,3.3883,NaN,NaN,NaN,0,0,Median,NaN,NaN,NaN,NaN,NaN,NaN,0,0,0,0,Median,Median,1.9,0,1141500,0,1141500,1141500,0,1141500,0,0,0,,,,600,4037,TRUE,4177,6163,9034,9034,,
sp|P46969|RPE_YEAST,sp|P46969|RPE_YEAST,2,2,2,,1,2,2,2,2,1,2,1,2,1,20.6,20.6,20.6,25.967,238,238,0,10.524,4.0249,4.907,1.0916,2,2,Median,NaN,NaN,NaN,NaN,NaN,NaN,1,1,1,1,Median,Median,20.6,9.7,8199000,359830,7839200,6007500,214740,5792800,2191500,145100,2046400,,,,601,143;4163,True;True,145;4308,215;6366;6367,303;9337;9338,303;9338,,
sp|P46990|RL17B_YEAST,sp|P46990|RL17B_YEAST,20,20,2,,1,20,20,2,8,19,8,19,0,2,78.3,78.3,8.7,20.551,184,184,0,112.18,36.388,13.895,137.04,10,10,Median,20.628,36.388,2.8473,14.012,223.72,94.121,2,8,2,8,Median,Median,45.7,78.3,363980000,2726100,361250000,80316000,620570,79696000,283660000,2105500,281550000,,,,602,222;381;839;1113;1168;1169;1598;2525;2526;2527;2824;2825;3047;3182;3183;3619;3620;4484;4539;4540,True;True;True;True;True;True;True;True;True;True;True;True;True;True;True;True;True;True;True;True,226;396;864;1144;1202;1203;1639;2592;2593;2594;2920;2921;3144;3282;3283;3740;3741;4638;4693;4694,322;569;1250;1251;1655;1732;1733;1734;1735;2370;3749;3750;3751;3752;3753;4261;4262;4263;4264;4265;4266;4603;4798;4799;5450;5451;5452;5453;6855;6934;6935,451;823;1804;1805;1806;2381;2496;2497;2498;2499;2500;2501;2502;2503;2504;2505;2506;2507;2508;2509;2510;3419;5417;5418;5419;5420;5421;5422;5423;6136;6137;6138;6139;6140;6141;6142;6143;6144;6145;6146;6603;6883;6884;6885;6886;7819;7820;7821;7822;7823;10058;10059;10060;10169;10170,451;823;1804;2381;2503;2509;3419;5418;5420;5422;6136;6146;6603;6883;6885;7820;7822;10059;10169;10170,,
sp|P47018|MTC1_YEAST,sp|P47018|MTC1_YEAST,3,3,3,,1,3,3,3,2,1,2,1,2,1,8.4,8.4,8.4,53.477,478,478,0,5.8836,NaN,NaN,NaN,0,0,Median,NaN,NaN,NaN,NaN,NaN,NaN,0,0,0,0,Median,Median,5.4,2.9,2798300,0,2798300,2333800,0,2333800,464460,0,464460,,,,603,1604;1974;2106,True;True;True,1645;2029;2161,2377;2933;3125,3428;4261;4525,3428;4261;4525,,
sp|P47019|ALB1_YEAST,sp|P47019|ALB1_YEAST,2,2,2,,1,2,2,2,1,1,1,1,1,1,12.6,12.6,12.6,19.287,175,175,0.0014472,1.2455,NaN,NaN,NaN,0,0,Median,NaN,NaN,NaN,NaN,NaN,NaN,0,0,0,0,Median,Median,4.6,8,1669700,0,1669700,825930,0,825930,843820,0,843820,,,,604,172;2277,True;True,174;2339,255;3378,358;4918;4919,358;4918,,
sp|P47035|NET1_YEAST,sp|P47035|NET1_YEAST,1,1,1,,1,1,1,1,0,1,0,1,0,1,0.8,0.8,0.8,128.53,1189,1189,0.0014514,1.2669,NaN,NaN,NaN,0,0,Median,NaN,NaN,NaN,NaN,NaN,NaN,0,0,0,0,Median,Median,0,0.8,0,0,0,0,0,0,0,0,0,,,,605,3011,TRUE,3108,4551,6535,6535,,
sp|P47044|YJF5_YEAST,sp|P47044|YJF5_YEAST,1,1,1,,1,1,1,1,1,1,1,1,1,1,6.5,6.5,6.5,26.864,245,245,0,1.3128,NaN,NaN,NaN,0,0,Median,NaN,NaN,NaN,NaN,NaN,NaN,0,0,0,0,Median,Median,6.5,6.5,5398200,0,5398200,2254000,0,2254000,3144200,0,3144200,,,,606,310,TRUE,315,459;460,650;651,650,,
sp|P47047|MTR4_YEAST,sp|P47047|MTR4_YEAST,2,2,2,,1,2,2,2,1,1,1,1,1,1,3.4,3.4,3.4,122.05,1073,1073,0.0040984,0.98383,NaN,NaN,NaN,0,0,Median,NaN,NaN,NaN,NaN,NaN,NaN,0,0,0,0,Median,Median,1.5,2,1179900,0,1179900,351790,0,351790,828090,0,828090,,,,607,312;2641,True;True,317;2727,463;3967,655;5712,655;5712,,
sp|P47079|TCPQ_YEAST,sp|P47079|TCPQ_YEAST,7,7,7,,1,7,7,7,5,5,5,5,5,5,19.9,19.9,19.9,61.662,568,568,0,28.131,NaN,NaN,NaN,0,0,Median,NaN,NaN,NaN,NaN,NaN,NaN,0,0,0,0,Median,Median,13.6,14.6,14364000,0,14364000,9850300,0,9850300,4513800,0,4513800,,,,608,1586;2253;2922;3411;4010;4221;4500,True;True;True;True;True;True;True,1626;2314;3019;3523;4149;4367;4654,2346;3339;3340;4421;4422;5146;5147;6128;6455;6879,3381;3382;4840;4841;6369;6370;7397;7398;8984;9479;10099;10100,3381;4841;6370;7398;8984;9479;10099,,
sp|P47089|DENR_YEAST,sp|P47089|DENR_YEAST,5,5,5,,1,5,5,5,4,1,4,1,4,1,28.8,28.8,28.8,22.495,198,198,0,7.0104,NaN,NaN,NaN,0,0,Median,NaN,NaN,NaN,NaN,NaN,NaN,0,0,0,0,Median,Median,28.8,4.5,4759900,0,4759900,3708900,0,3708900,1051000,0,1051000,,,,609,1021;1972;2510;3725;4389,True;True;True;True;True,1050;2027;2577;3849;4538,1514;2931;3728;5645;6703,2170;4257;5389;8198;9834,2170;4257;5389;8198;9834,,
sp|P47117|ARP3_YEAST,sp|P47117|ARP3_YEAST,2,2,2,,1,2,2,2,1,2,1,2,1,2,8.5,8.5,8.5,49.541,449,449,0,7.4797,NaN,NaN,NaN,1,1,Median,NaN,NaN,NaN,NaN,NaN,NaN,0,1,0,1,Median,Median,2.4,8.5,5048100,148340,4899800,1426700,0,1426700,3621400,148340,3473100,,,,610,1016;2128,True;True,1045;2185,1506;1507;3166,2151;2152;4609,2152;4609,,
sp|P47120|DOHH_YEAST,sp|P47120|DOHH_YEAST,4,4,4,,1,4,4,4,3,2,3,2,3,2,18.2,18.2,18.2,36.164,325,325,0,7.7459,NaN,NaN,NaN,0,0,Median,NaN,NaN,NaN,NaN,NaN,NaN,0,0,0,0,Median,Median,15.7,6.8,9089800,0,9089800,4478300,0,4478300,4611500,0,4611500,,,,611,684;1740;3934;3950,True;True;True;True,703;1786;4065;4081,1020;2578;5995;5996;6021,1452;3762;8764;8765;8803,1452;3762;8765;8803,,
sp|P47122|GPN1_YEAST,sp|P47122|GPN1_YEAST,1,1,1,,1,1,1,1,1,1,1,1,1,1,3.1,3.1,3.1,43.194,385,385,0,2.1572,NaN,NaN,NaN,0,0,Median,NaN,NaN,NaN,NaN,NaN,NaN,0,0,0,0,Median,Median,3.1,3.1,1707300,0,1707300,662190,0,662190,1045100,0,1045100,,,,612,3691,TRUE,3813,5567;5568,8001;8002,8002,,
sp|P47143|ADK_YEAST,sp|P47143|ADK_YEAST,12,12,12,,1,12,12,12,10,8,10,8,10,8,44.7,44.7,44.7,36.372,340,340,0,60.663,5.0872,25.876,97.505,5,5,Linear,22.979,9.5583,28.142,7.2929,129.4,64.048,3,2,3,2,Plateau,Median,44.7,32.9,131440000,2386300,129060000,79612000,1846600,77765000,51832000,539640,51293000,,,,613,541;542;685;924;1134;1313;2114;2248;2530;3435;3948;4578,True;True;True;True;True;True;True;True;True;True;True;True,558;559;704;952;1166;1348;2169;2309;2597;3550;3551;4079;4732,809;810;811;812;1021;1371;1685;1686;1929;1930;3138;3139;3333;3757;3758;5180;5181;5182;5183;6017;6018;6987,1154;1155;1156;1157;1158;1159;1160;1161;1162;1453;1956;1957;2426;2427;2770;2771;2772;4544;4545;4832;5427;5428;7439;7440;7441;7442;7443;7444;8797;8798;8799;8800;10238,1154;1156;1453;1956;2426;2771;4545;4832;5428;7443;8800;10238,130,109
sp|P47160|ENT3_YEAST,sp|P47160|ENT3_YEAST,1,1,1,,1,1,1,1,1,0,1,0,1,0,2.5,2.5,2.5,45.091,408,408,0.009768,0.30758,NaN,NaN,NaN,1,1,Median,NaN,NaN,NaN,NaN,NaN,NaN,1,0,1,0,Median,Median,2.5,0,476940,53997,422950,476940,53997,422950,0,0,0,,,,614,383,TRUE,398,571,825,825,,
sp|P48164|RS7B_YEAST,sp|P48164|RS7B_YEAST,17,17,10,,1,17,17,10,13,13,13,13,7,7,67.9,67.9,51.6,21.634,190,190,0,109.98,16.846,3.7959,197.13,6,5,Median,88.286,14.048,1.3094,16.254,120.71,37.673,3,3,3,2,Plateau,Median,48.9,67.9,307420000,2163800,305250000,116390000,741160,115650000,191020000,1422600,189600000,,,,615,70;306;307;753;754;1579;1744;2086;2087;2429;2445;3339;3732;3733;4173;4189;4190,True;True;True;True;True;True;True;True;True;True;True;True;True;True;True;True;True,70;311;312;775;776;1619;1790;2141;2142;2494;2512;3447;3856;3857;4318;4335;4336,106;454;455;1116;1117;1118;1119;2335;2336;2582;2583;3097;3098;3099;3600;3601;3627;5033;5655;5656;5657;5658;6379;6406;6407;6408;6409;6410,150;642;643;644;1589;1590;1591;1592;1593;1594;1595;1596;3358;3359;3360;3361;3766;3767;4477;4478;4479;4480;4481;4482;4483;5201;5202;5236;5237;5238;5239;7218;8215;8216;8217;8218;8219;8220;8221;9353;9354;9413;9414;9415;9416;9417;9418,150;642;643;1589;1593;3360;3766;4477;4483;5201;5236;7218;8215;8220;9353;9414;9416,,
sp|P48363|PFD3_YEAST,sp|P48363|PFD3_YEAST,1,1,1,,1,1,1,1,1,1,1,1,1,1,6.5,6.5,6.5,23.115,199,199,0.0041152,0.98986,NaN,NaN,NaN,0,0,Median,NaN,NaN,NaN,NaN,NaN,NaN,0,0,0,0,Median,Median,6.5,6.5,1963100,0,1963100,1444500,0,1444500,518550,0,518550,,,,616,361,TRUE,374,543;544,787;788;789,789,,
sp|P48510|DSK2_YEAST,sp|P48510|DSK2_YEAST,2,2,2,,1,2,2,2,2,1,2,1,2,1,7.2,7.2,7.2,39.345,373,373,0,4.6374,NaN,NaN,NaN,0,0,Median,NaN,NaN,NaN,NaN,NaN,NaN,0,0,0,0,Median,Median,7.2,5.4,5137800,0,5137800,3090500,0,3090500,2047300,0,2047300,,,,617,614;3403,True;True,631;3515,915;916;5137,1297;1298;1299;7387,1298;7387,,
sp|P48570|HOSC_YEAST,sp|P48570|HOSC_YEAST,5,1,1,,1,5,1,1,4,1,1,0,1,0,18.5,4,4,47.098,428,428,0,3.3946,NaN,NaN,NaN,1,1,Median,NaN,NaN,NaN,NaN,NaN,NaN,1,0,1,0,Median,Median,12.6,5.8,3355400,1250900,2104500,3355400,1250900,2104500,0,0,0,,,,618,715;1513;2124;3192;4009,False;False;True;False;False,735;1553;2181;3292;4148,1060;2246;3161;4811;6127,1503;3237;4602;6901;8983,1503;3237;4602;6901;8983,,
sp|P48589|RS12_YEAST,sp|P48589|RS12_YEAST,7,7,7,,1,7,7,7,5,7,5,7,5,7,51.7,51.7,51.7,15.471,143,143,0,44.536,40.618,19.216,154.64,4,4,Median,45.554,33.778,6.2879,25.773,208.33,91.863,2,2,2,2,Median,Median,42.7,51.7,238380000,1552800,236820000,105120000,1029400,104090000,133260000,523430,132740000,,,,619,2461;2853;2945;3675;3676;3985;4359,True;True;True;True;True;True;True,2528;2949;3042;3797;3798;4122;4508,3650;3651;4317;4318;4456;4457;5542;5543;6087;6088;6657;6658,5266;5267;5268;6235;6236;6407;6408;6409;6410;6411;6412;6413;6414;7951;7952;7953;7954;8918;8919;9757;9758;9759;9760,5268;6236;6412;7952;7954;8919;9760,,
sp|P48836|VATG_YEAST,sp|P48836|VATG_YEAST,6,6,6,,1,6,6,6,3,4,3,4,3,4,48.2,48.2,48.2,12.713,114,114,0,16.312,NaN,NaN,NaN,0,0,Median,NaN,NaN,NaN,NaN,NaN,NaN,0,0,0,0,Median,Median,36.8,32.5,30572000,0,30572000,12380000,0,12380000,18192000,0,18192000,,,,620,869;904;1570;1734;3701;3702,True;True;True;True;True;True,895;930;1610;1780;3823;3824,1291;1339;2325;2567;2568;5587;5588,1853;1912;3346;3746;3747;3748;3749;8031;8032,1853;1912;3346;3746;8031;8032,,
sp|P48837|NUP57_YEAST,sp|P48837|NUP57_YEAST,1,1,1,,1,1,1,1,1,0,1,0,1,0,1.7,1.7,1.7,57.498,541,541,0.0097919,0.32401,NaN,NaN,NaN,0,0,Median,NaN,NaN,NaN,NaN,NaN,NaN,0,0,0,0,Median,Median,1.7,0,335220,0,335220,335220,0,335220,0,0,0,,,,621,2728,TRUE,2818,4098,5898,5898,,
sp|P49089|ASNS1_YEAST,sp|P49089|ASNS1_YEAST,12,12,10,,1,12,12,10,8,5,8,5,6,5,34.4,34.4,25.9,64.47,572,572,0,26.255,0.64002,0.57126,89.857,2,1,Median,NaN,NaN,NaN,NaN,NaN,NaN,1,1,1,0,Median,Median,26.9,10.1,26386000,1862000,24524000,19262000,998990,18263000,7124000,863020,6261000,,,,622,83;115;369;435;436;1374;1676;2160;2628;2812;3077;3933,True;True;True;True;True;True;True;True;True;True;True;True,84;116;382;451;452;1412;1720;2217;2712;2908;3175;4064,124;171;554;651;652;653;2038;2483;3208;3946;4242;4648;5994,178;243;803;930;931;932;933;934;2949;3597;4665;5680;6114;6670;6671;8763,178;243;803;931;933;2949;3597;4665;5680;6114;6670;8763,,
sp|P49090|ASNS2_YEAST,sp|P49090|ASNS2_YEAST,10,8,8,,1,10,8,8,6,7,4,7,4,7,27.1,18.5,18.5,64.592,572,572,0,15.999,NaN,NaN,NaN,1,1,Median,NaN,NaN,NaN,NaN,NaN,NaN,1,0,1,0,Median,Median,17.5,15.7,23548000,90865,23457000,9991600,90865,9900700,13556000,0,13556000,,,,623,82;114;1027;1676;2159;2628;3534;3579;3651;3652,True;True;True;False;True;False;True;True;True;True,83;115;1057;1720;2216;2712;3652;3698;3772;3773,122;123;170;1525;1526;2483;3207;3946;5323;5387;5501;5502;5503,176;177;242;2189;2190;2191;3597;4664;5680;7642;7643;7726;7888;7889;7890;7891,177;242;2190;3597;4664;5680;7643;7726;7888;7889,,
sp|P49166|RL37A_YEAST,sp|P49166|RL37A_YEAST,3,3,3,,1,3,3,3,2,2,2,2,2,2,27.3,27.3,27.3,9.8502,88,88,0,9.3634,7.5284,9.0683,115.88,3,3,Median,12.967,NaN,15.848,NaN,78.951,NaN,2,1,2,1,Median,Median,12.5,25,10158000,566400,9591400,4007100,368440,3638700,6150700,197960,5952800,,,,624,3044;3893;3894,True;True;True,3141;4024;4025,4600;5937;5938;5939,6600;8676;8677;8678;8679;8680;8681,6600;8677;8679,,
sp|P49167|RL38_YEAST,sp|P49167|RL38_YEAST,5,5,5,,1,5,5,5,3,5,3,5,3,5,39.7,39.7,39.7,8.8264,78,78,0,16.841,7.9694,7.2514,256.4,4,4,Median,6.2624,9.0479,0.8683,8.2547,371.99,90.168,2,2,2,2,Median,Median,29.5,39.7,61915000,3322900,58592000,32229000,2370100,29859000,29686000,952810,28733000,,,,625,365;1865;2197;2910;2911,True;True;True;True;True,378;1915;2255;3007;3008,549;2762;2763;3259;3260;4405;4406;4407;4408,797;3993;3994;3995;3996;3997;3998;3999;4000;4001;4002;4003;4004;4005;4006;4007;4729;4730;4731;4732;4733;6344;6345;6346;6347;6348;6349;6350;6351,797;4004;4732;6344;6351,,
sp|P49435|APT1_YEAST,sp|P49435|APT1_YEAST,2,2,2,,1,2,2,2,1,2,1,2,1,2,23.5,23.5,23.5,20.587,187,187,0,12.186,NaN,NaN,NaN,0,0,Median,NaN,NaN,NaN,NaN,NaN,NaN,0,0,0,0,Median,Median,7,23.5,8788200,0,8788200,2666600,0,2666600,6121600,0,6121600,,,,626,1981;2293,True;True,2036;2356,2946;3399;3400,4281;4944;4945,4281;4944,,
sp|P49626|RL4B_YEAST,sp|P49626|RL4B_YEAST,29,1,1,,1,29,1,1,7,29,1,1,1,1,72.7,4.4,4.4,39.062,362,362,0,4.3453,NaN,NaN,NaN,0,0,Median,NaN,NaN,NaN,NaN,NaN,NaN,0,0,0,0,Median,Median,27.6,72.7,55116000,0,55116000,23214000,0,23214000,31901000,0,31901000,,,,627,164;165;296;459;460;471;802;1160;1226;1268;1538;1606;2038;2735;2841;3058;3108;3141;3303;3304;3777;3812;3813;4100;4101;4117;4118;4428;4436,False;False;False;False;False;False;False;False;False;False;False;False;False;False;False;False;False;False;False;False;True;False;False;False;False;False;False;False;False,166;167;301;475;476;487;827;1192;1260;1303;1578;1647;2093;2826;2937;3156;3207;3240;3410;3411;3904;3940;3941;4241;4242;4258;4259;4581;4589,240;241;242;243;440;684;685;702;703;1196;1197;1722;1812;1865;2281;2379;2380;3027;3028;4111;4112;4295;4621;4699;4744;4979;4980;5738;5739;5809;5810;6264;6265;6266;6286;6287;6288;6768;6779,335;336;337;338;339;624;625;626;973;974;975;976;999;1000;1001;1002;1003;1729;1730;1731;1732;1733;2473;2615;2683;3287;3288;3289;3430;3431;4381;4382;4383;4384;4385;4386;4387;4388;5919;5920;6180;6181;6633;6634;6745;6746;6804;6805;7131;7132;7133;8366;8367;8368;8369;8486;8487;8488;8489;9165;9166;9167;9168;9169;9201;9202;9203;9204;9205;9938;9954,335;338;625;973;976;1002;1729;2473;2615;2683;3287;3430;4386;5919;6180;6633;6745;6804;7131;7132;8368;8487;8488;9166;9168;9201;9202;9938;9954,,
sp|P49723|RIR4_YEAST,sp|P49723|RIR4_YEAST,7,7,7,,1,7,7,7,4,6,4,6,4,6,28.4,28.4,28.4,40.054,345,345,0,38.279,NaN,NaN,NaN,1,1,Median,NaN,NaN,NaN,NaN,NaN,NaN,1,0,1,0,Median,Median,18.3,22.9,40978000,202940,40775000,22141000,202940,21938000,18837000,0,18837000,,,,628,15;1545;2545;3189;3327;4422;4606,True;True;True;True;True;True;True,15;1585;2616;2617;3289;3434;4572;4760,21;22;23;2289;2290;3796;3797;3798;4807;5014;6750;7026,28;29;30;31;3297;3298;5478;5479;5480;6897;7181;9904;9905;10291,31;3298;5478;6897;7181;9904;10291,131,1
sp|P49954|NIT3_YEAST,sp|P49954|NIT3_YEAST,1,1,1,,1,1,1,1,1,0,1,0,1,0,4.5,4.5,4.5,32.549,291,291,0.010165,0.50138,NaN,NaN,NaN,0,0,Median,NaN,NaN,NaN,NaN,NaN,NaN,0,0,0,0,Median,Median,4.5,0,913950,0,913950,913950,0,913950,0,0,0,,,,629,3997,TRUE,4136,6109,8948,8948,,
sp|P49956|CTF18_YEAST,sp|P49956|CTF18_YEAST,1,1,1,,1,1,1,1,0,1,0,1,0,1,1.8,1.8,1.8,84.372,741,741,0.0066313,0.78844,NaN,NaN,NaN,0,0,Median,NaN,NaN,NaN,NaN,NaN,NaN,0,0,0,0,Median,Median,0,1.8,8963600,0,8963600,0,0,0,8963600,0,8963600,,,,630,1576,TRUE,1616,2332,3355,3355,,
sp|P50094|IMDH4_YEAST,sp|P50094|IMDH4_YEAST,6,6,3,,1,6,6,3,3,5,3,5,2,2,16.6,16.6,9,56.393,524,524,0,29.068,13.206,11.962,161.41,2,2,Median,NaN,NaN,NaN,NaN,NaN,NaN,1,1,1,1,Median,Median,7.4,13.4,36943000,499340,36443000,6673900,115560,6558300,30269000,383780,29885000,,,,631,535;1063;2240;2784;3153;3686,True;True;True;True;True;True,551;552;1093;2301;2879;3252;3808,798;799;800;1582;3322;4203;4760;4761;5559,1137;1138;1139;2277;2278;4818;6062;6063;6831;6832;7981,1138;2277;4818;6063;6832;7981,123,419
sp|P50095|IMDH3_YEAST,sp|P50095|IMDH3_YEAST,5,2,2,,1,5,2,2,2,5,1,2,1,2,14.1,6.5,6.5,56.584,523,523,0,11.156,NaN,NaN,NaN,0,0,Median,NaN,NaN,NaN,NaN,NaN,NaN,0,0,0,0,Median,Median,6.3,14.1,7691700,0,7691700,2253000,0,2253000,5438800,0,5438800,,,,632,52;535;1804;2784;3686,True;False;True;False;False,52;551;552;1852;2879;3808,76;798;799;800;2670;2671;4203;5559,114;1137;1138;1139;3878;3879;3880;6062;6063;7981,114;1138;3880;6063;7981,123,418
sp|P50107|LGUL_YEAST,sp|P50107|LGUL_YEAST,1,1,1,,1,1,1,1,1,0,1,0,1,0,4,4,4,37.208,326,326,0,2.32,NaN,NaN,NaN,0,0,Median,NaN,NaN,NaN,NaN,NaN,NaN,0,0,0,0,Median,Median,4,0,863120,0,863120,863120,0,863120,0,0,0,,,,633,3551,TRUE,3670,5347,7679,7679,,
sp|P50623|UBC9_YEAST,sp|P50623|UBC9_YEAST,1,1,1,,1,1,1,1,1,0,1,0,1,0,8.3,8.3,8.3,17.911,157,157,0,2.5537,NaN,NaN,NaN,0,0,Median,NaN,NaN,NaN,NaN,NaN,NaN,0,0,0,0,Median,Median,8.3,0,2216100,0,2216100,2216100,0,2216100,0,0,0,,,,634,3525,TRUE,3642,5308,7618,7618,,
sp|P50947|PHO23_YEAST,sp|P50947|PHO23_YEAST,1,1,1,,1,1,1,1,0,1,0,1,0,1,3,3,3,37.024,330,330,0.0089286,0.54303,NaN,NaN,NaN,1,1,Median,NaN,NaN,NaN,NaN,NaN,NaN,0,1,0,1,Median,Median,0,3,952010,13735,938270,0,0,0,952010,13735,938270,,,,635,2077,TRUE,2132,3084,4462,4462,,
sp|P51401|RL9B_YEAST,sp|P51401|RL9B_YEAST,17,1,1,,1,17,1,1,8,16,1,1,1,1,77.5,11,11,21.657,191,191,0,3.9394,NaN,NaN,NaN,0,0,Median,NaN,NaN,NaN,NaN,NaN,NaN,0,0,0,0,Median,Median,55.5,76.4,5750400,0,5750400,2235500,0,2235500,3515000,0,3515000,,,,636,622;623;624;1079;1366;1367;1382;2582;2606;2607;2747;2748;2846;3423;4361;4362;4604,False;False;False;False;False;False;False;True;False;False;False;False;False;False;False;False;False,639;640;641;1109;1403;1404;1421;2658;2686;2687;2688;2838;2839;2942;3535;3536;4510;4511;4758,930;931;932;1603;1604;2023;2024;2025;2026;2027;2051;2052;3862;3863;3905;3906;3907;3908;3909;3910;3911;4129;4130;4131;4132;4133;4134;4135;4136;4137;4307;5160;5161;5162;5163;6661;6662;7024,1320;1321;1322;1323;1324;1325;2310;2311;2312;2313;2314;2315;2931;2932;2933;2934;2935;2936;2969;2970;5562;5563;5626;5627;5628;5629;5630;5631;5632;5633;5634;5635;5636;5637;5944;5945;5946;5947;5948;5949;5950;5951;5952;6221;6222;6223;7411;7412;7413;7414;7415;7416;7417;7418;7419;9774;9775;10289,1320;1322;1324;2315;2931;2934;2970;5563;5635;5636;5948;5952;6222;7414;9774;9775;10289,44;45,78;90
sp|P51402|RL37B_YEAST,sp|P51402|RL37B_YEAST,1,1,1,,1,1,1,1,0,1,0,1,0,1,12.5,12.5,12.5,9.8682,88,88,0,2.2988,NaN,NaN,NaN,0,0,Median,NaN,NaN,NaN,NaN,NaN,NaN,0,0,0,0,Median,Median,0,12.5,974220,0,974220,0,0,0,974220,0,974220,,,,637,1088,TRUE,1118,1617,2335,2335,,
sp|P52286|SKP1_YEAST,sp|P52286|SKP1_YEAST,1,1,1,,1,1,1,1,1,0,1,0,1,0,9.8,9.8,9.8,22.33,194,194,0,2.0724,NaN,NaN,NaN,1,1,Median,NaN,NaN,NaN,NaN,NaN,NaN,1,0,1,0,Median,Median,9.8,0,1141900,112570,1029400,1141900,112570,1029400,0,0,0,,,,638,4340,TRUE,4489,6629,9722,9722,,
sp|P52488|UBA2_YEAST,sp|P52488|UBA2_YEAST,1,1,1,,1,1,1,1,1,0,1,0,1,0,2.4,2.4,2.4,71.258,636,636,0.0089859,0.57186,NaN,NaN,NaN,0,0,Median,NaN,NaN,NaN,NaN,NaN,NaN,0,0,0,0,Median,Median,2.4,0,541030,0,541030,541030,0,541030,0,0,0,,,,639,1892,TRUE,1943,2803,4051,4051,,
sp|P52553|PFD6_YEAST,sp|P52553|PFD6_YEAST,4,4,4,,1,4,4,4,3,4,3,4,3,4,55.3,55.3,55.3,13.284,114,114,0,19.995,NaN,NaN,NaN,1,1,Median,NaN,NaN,NaN,NaN,NaN,NaN,0,1,0,1,Median,Median,40.4,55.3,12917000,120150,12797000,5139100,0,5139100,7778000,120150,7657900,,,,640,2304;2433;3088;4568,True;True;True;True,2367;2500;3186;4722,3416;3417;3607;3608;4666;4667;6973,4965;4966;5213;5214;6695;6696;6697;10213,4965;5214;6695;10213,,
sp|P52870|SC6B1_YEAST,sp|P52870|SC6B1_YEAST,1,1,1,,1,1,1,1,1,1,1,1,1,1,17.1,17.1,17.1,8.7111,82,82,0,4.6755,NaN,NaN,NaN,0,0,Median,NaN,NaN,NaN,NaN,NaN,NaN,0,0,0,0,Median,Median,17.1,17.1,6974000,0,6974000,3324300,0,3324300,3649700,0,3649700,,,,641,3533,TRUE,3651,5321;5322,7640;7641,7641,,
sp|P52871|SC6B2_YEAST,sp|P52871|SC6B2_YEAST,1,1,1,,1,1,1,1,1,1,1,1,1,1,22.7,22.7,22.7,9.606,88,88,0.0099875,0.40113,NaN,NaN,NaN,0,0,Median,NaN,NaN,NaN,NaN,NaN,NaN,0,0,0,0,Median,Median,22.7,22.7,1215800,0,1215800,1215800,0,1215800,0,0,0,,,,642,2986,TRUE,3083,4513;4514,6486;6487,6486,,
sp|P52910|ACS2_YEAST,sp|P52910|ACS2_YEAST,9,9,9,,1,9,9,9,4,6,4,6,4,6,17.4,17.4,17.4,75.491,683,683,0,10.649,2.6599,1.2801,213.13,2,2,Median,NaN,2.6599,NaN,1.2801,NaN,213.13,0,2,0,2,Median,Median,10.4,10.4,16910000,1203400,15707000,7272900,0,7272900,9637100,1203400,8433700,,,,643,425;426;989;1582;1846;4272;4301;4385;4473,True;True;True;True;True;True;True;True;True,441;442;1017;1622;1894;4418;4448;4534;4627,637;638;1466;1467;2341;2731;6533;6570;6698;6839,913;914;2094;2095;3372;3953;9596;9641;9823;10041,913;914;2095;3372;3953;9596;9641;9823;10041,,
sp|P53011|SEH1_YEAST,sp|P53011|SEH1_YEAST,1,1,1,,1,1,1,1,1,0,1,0,1,0,4.6,4.6,4.6,39.122,349,349,0,4.8021,NaN,NaN,NaN,0,0,Median,NaN,NaN,NaN,NaN,NaN,NaN,0,0,0,0,Median,Median,4.6,0,0,0,0,0,0,0,0,0,0,,,,644,2008,TRUE,2063,2984,4330,4330,,
sp|P53066|YGZ2_YEAST,sp|P53066|YGZ2_YEAST,1,1,1,,1,1,1,1,1,0,1,0,1,0,10.5,10.5,10.5,20.073,181,181,0.0014409,1.209,NaN,NaN,NaN,0,0,Median,NaN,NaN,NaN,NaN,NaN,NaN,0,0,0,0,Median,Median,10.5,0,904540,0,904540,904540,0,904540,0,0,0,,,,645,2187,TRUE,2245,3245,4711,4711,,
sp|P53073|EMC4_YEAST,sp|P53073|EMC4_YEAST,1,1,1,,1,1,1,1,1,0,1,0,1,0,5.3,5.3,5.3,21.46,190,190,0,1.4246,NaN,NaN,NaN,0,0,Median,NaN,NaN,NaN,NaN,NaN,NaN,0,0,0,0,Median,Median,5.3,0,574790,0,574790,574790,0,574790,0,0,0,,,,646,2779,TRUE,2874,4195,6049,6049,,
sp|P53075|SHE10_YEAST,sp|P53075|SHE10_YEAST,1,1,1,,1,1,1,1,0,1,0,1,0,1,1.9,1.9,1.9,66.862,577,577,0,1.7892,NaN,NaN,NaN,1,1,Median,NaN,NaN,NaN,NaN,NaN,NaN,0,1,0,1,Median,Median,0,1.9,1050500,266660,783810,0,0,0,1050500,266660,783810,,,,647,2459,TRUE,2526,3648,5264,5264,,
sp|P53081|NIF3_YEAST,sp|P53081|NIF3_YEAST,2,2,2,,1,2,2,2,2,0,2,0,2,0,8.7,8.7,8.7,31.888,288,288,0,1.8717,NaN,NaN,NaN,0,0,Median,NaN,NaN,NaN,NaN,NaN,NaN,0,0,0,0,Median,Median,8.7,0,3675000,0,3675000,3675000,0,3675000,0,0,0,,,,648,1249;3491,True;True,1283;3607,1842;5260,2656;7552,2656;7552,,
sp|P53090|ARO8_YEAST,sp|P53090|ARO8_YEAST,13,13,13,,1,13,13,13,9,10,9,10,9,10,41,41,41,56.177,500,500,0,61.332,NaN,NaN,NaN,1,1,Median,NaN,NaN,NaN,NaN,NaN,NaN,0,1,0,1,Median,Median,30.2,34.4,74920000,1101900,73818000,25526000,0,25526000,49393000,1101900,48291000,,,,649,294;359;645;764;2284;3030;3174;3237;3238;3376;4168;4229;4354,True;True;True;True;True;True;True;True;True;True;True;True;True,299;372;662;786;2346;3127;3274;3342;3343;3487;4313;4375;4503,438;540;541;962;963;964;1130;3386;3387;3388;4580;4789;4880;4881;4882;5093;6373;6374;6469;6470;6650,620;621;622;784;785;1371;1372;1373;1614;4928;4929;4930;4931;4932;6577;6871;6995;6996;6997;6998;6999;7304;9347;9348;9496;9497;9749,621;784;1371;1614;4928;6577;6871;6995;6998;7304;9347;9497;9749,,
sp|P53111|ARI1_YEAST,sp|P53111|ARI1_YEAST,4,4,4,,1,4,4,4,4,2,4,2,4,2,15.6,15.6,15.6,38.083,347,347,0,10.015,7.321,0.71255,507.94,2,2,Median,NaN,NaN,NaN,NaN,NaN,NaN,1,1,1,1,Median,Median,15.6,9.5,5254800,305120,4949700,3595400,280140,3315300,1659400,24973,1634500,,,,650,699;1413;1700;2233,True;True;True;True,719;1453;1744;2294,1041;2096;2097;2516;2517;3315,1483;3031;3032;3639;3640;4811,1483;3031;3639;4811,,
sp|P53131|PRP43_YEAST,sp|P53131|PRP43_YEAST,1,1,1,,1,1,1,1,1,0,1,0,1,0,1.7,1.7,1.7,87.561,767,767,0.007947,0.78209,NaN,NaN,NaN,0,0,Median,NaN,NaN,NaN,NaN,NaN,NaN,0,0,0,0,Median,Median,1.7,0,0,0,0,0,0,0,0,0,0,,,,651,243,TRUE,248,351,490,490,,
sp|P53141|MLC1_YEAST,sp|P53141|MLC1_YEAST,3,3,3,,1,3,3,3,3,2,3,2,3,2,25.5,25.5,25.5,16.444,149,149,0,9.7922,NaN,NaN,NaN,0,0,Median,NaN,NaN,NaN,NaN,NaN,NaN,0,0,0,0,Median,Median,25.5,14.8,25392000,0,25392000,11117000,0,11117000,14275000,0,14275000,,,,652,129;3190;4312,True;True;True,130;3290;4459,192;193;4808;4809;6586,269;270;6898;6899;9664;9665,269;6898;9664,,
sp|P53183|YGD9_YEAST,sp|P53183|YGD9_YEAST,1,1,1,,1,1,1,1,0,1,0,1,0,1,5.2,5.2,5.2,38.259,348,348,0.0041209,0.99305,NaN,NaN,NaN,0,0,Median,NaN,NaN,NaN,NaN,NaN,NaN,0,0,0,0,Median,Median,0,5.2,1333500,0,1333500,0,0,0,1333500,0,1333500,,,,653,4370,TRUE,4519,6676,9794,9794,,
sp|P53184|PNC1_YEAST,sp|P53184|PNC1_YEAST,1,1,1,,1,1,1,1,0,1,0,1,0,1,5.6,5.6,5.6,24.993,216,216,0.0014144,1.1379,NaN,NaN,NaN,0,0,Median,NaN,NaN,NaN,NaN,NaN,NaN,0,0,0,0,Median,Median,0,5.6,1925900,0,1925900,0,0,0,1925900,0,1925900,,,,654,413,TRUE,429,622,895,895,,
sp|P53221|RL26B_YEAST,sp|P53221|RL26B_YEAST,13,13,3,,1,13,13,3,2,12,2,12,0,3,73.2,73.2,15.7,14.235,127,127,0,39.791,93.777,43.191,203.56,6,5,Median,89.477,95.258,1.3271,61.022,13.27,55.57,2,4,1,4,Median,Median,16.5,67.7,302760000,1871500,300890000,80619000,822250,79796000,222140000,1049300,221090000,,,,655,289;517;518;519;916;1023;1651;2980;3136;4193;4238;4239;4327,True;True;True;True;True;True;True;True;True;True;True;True;True,294;533;534;535;943;1052;1695;3077;3235;4339;4384;4385;4474,429;776;777;778;1357;1517;2451;4504;4738;6414;6480;6481;6482;6483;6606,608;1112;1113;1114;1934;1935;1936;2175;2176;3561;3562;6477;6794;9422;9423;9513;9514;9515;9516;9517;9518;9519;9520;9521;9522;9690,608;1112;1113;1114;1935;2175;3561;6477;6794;9423;9518;9521;9690,,
sp|P53235|EIF2A_YEAST,sp|P53235|EIF2A_YEAST,2,2,2,,1,2,2,2,2,1,2,1,2,1,3.1,3.1,3.1,71.304,642,642,0,1.5684,NaN,NaN,NaN,0,0,Median,NaN,NaN,NaN,NaN,NaN,NaN,0,0,0,0,Median,Median,3.1,1.6,2140300,0,2140300,969520,0,969520,1170800,0,1170800,,,,656,1026;2033,True;True,1056;2088,1523;1524;3021,2187;2188;4373,2188;4373,,
sp|P53252|PIL1_YEAST,sp|P53252|PIL1_YEAST,6,6,6,,1,6,6,6,3,5,3,5,3,5,33.3,33.3,33.3,38.349,339,339,0,43.778,6.0484,4.1578,156.03,2,2,Median,NaN,6.0484,NaN,4.1578,NaN,156.03,0,2,0,2,Median,Median,19.2,25.4,30711000,803300,29907000,14440000,0,14440000,16271000,803300,15467000,,,,657,281;1399;1463;2806;3151;3429,True;True;True;True;True;True,286;1439;1503;2901;3250;3542,417;2077;2078;2173;2174;4234;4758;5170,590;591;3011;3012;3124;3125;3126;6104;6828;6829;7427,591;3012;3124;6104;6828;7427,132,72
sp|P53261|PESC_YEAST,sp|P53261|PESC_YEAST,1,1,1,,1,1,1,1,1,0,1,0,1,0,2.5,2.5,2.5,69.876,605,605,0,4.0752,NaN,NaN,NaN,0,0,Median,NaN,NaN,NaN,NaN,NaN,NaN,0,0,0,0,Median,Median,2.5,0,731190,0,731190,731190,0,731190,0,0,0,,,,658,3170,TRUE,3270,4783,6859,6859,,
sp|P53278|YG3A_YEAST,sp|P53278|YG3A_YEAST,1,1,1,,1,1,1,1,0,1,0,1,0,1,1.7,1.7,1.7,92.697,816,816,0,1.8255,NaN,NaN,NaN,1,1,Median,NaN,NaN,NaN,NaN,NaN,NaN,0,1,0,1,Median,Median,0,1.7,1098700,649150,449590,0,0,0,1098700,649150,449590,,,,659,3226,TRUE,3329,4862,6970,6970,,
sp|P53281|LSB1_YEAST,sp|P53281|LSB1_YEAST,1,1,1,,1,1,1,1,0,1,0,1,0,1,6.2,6.2,6.2,26.139,241,241,0.0040541,0.92801,NaN,NaN,NaN,0,0,Median,NaN,NaN,NaN,NaN,NaN,NaN,0,0,0,0,Median,Median,0,6.2,1780000,0,1780000,0,0,0,1780000,0,1780000,,,,660,1487,TRUE,1527,2208,3173,3173,,
sp|P53295|RBG2_YEAST,sp|P53295|RBG2_YEAST,1,1,1,,1,1,1,1,0,1,0,1,0,1,3,3,3,41.006,368,368,0,1.5412,NaN,NaN,NaN,0,0,Median,NaN,NaN,NaN,NaN,NaN,NaN,0,0,0,0,Median,Median,0,3,876400,0,876400,0,0,0,876400,0,876400,,,,661,1429,TRUE,1469,2118,3057,3057,,
sp|P53297|PBP1_YEAST,sp|P53297|PBP1_YEAST,1,1,1,,1,1,1,1,0,1,0,1,0,1,3,3,3,78.78,722,722,0,1.5591,NaN,NaN,NaN,0,0,Median,NaN,NaN,NaN,NaN,NaN,NaN,0,0,0,0,Median,Median,0,3,510520,0,510520,0,0,0,510520,0,510520,,,,662,3261,TRUE,3368,4924,7062;7063,7062,,
sp|P53303|ZPR1_YEAST,sp|P53303|ZPR1_YEAST,2,2,2,,1,2,2,2,1,1,1,1,1,1,5.3,5.3,5.3,55.071,486,486,0,1.3137,NaN,NaN,NaN,1,1,Median,NaN,NaN,NaN,NaN,NaN,NaN,0,1,0,1,Median,Median,2.7,2.7,1733800,85616,1648200,427770,0,427770,1306000,85616,1220400,,,,663,2662;4046,True;True,2748;4186,4001;6175,5756;9050,5756;9050,,
sp|P53313|SDA1_YEAST,sp|P53313|SDA1_YEAST,1,1,1,,1,1,1,1,1,0,1,0,1,0,2.2,2.2,2.2,86.617,767,767,0,3.7638,NaN,NaN,NaN,0,0,Median,NaN,NaN,NaN,NaN,NaN,NaN,0,0,0,0,Median,Median,2.2,0,1462100,0,1462100,1462100,0,1462100,0,0,0,,,,664,3033,TRUE,3130,4585,6583,6583,,
sp|P53551|H1_YEAST,sp|P53551|H1_YEAST,3,3,3,,1,3,3,3,3,0,3,0,3,0,17.1,17.1,17.1,27.803,258,258,0,1.7521,NaN,NaN,NaN,1,1,Median,NaN,NaN,NaN,NaN,NaN,NaN,1,0,1,0,Median,Median,17.1,0,3395600,115380,3280200,3395600,115380,3280200,0,0,0,,,,665,577;1753;3914,True;True;True,594;1800;4045,861;2597;5969,1232;3784;8727,1232;3784;8727,,
sp|P53598|SUCA_YEAST,sp|P53598|SUCA_YEAST,1,1,1,,1,1,1,1,1,1,1,1,1,1,6.4,6.4,6.4,35.032,329,329,0.0027972,1.0696,NaN,NaN,NaN,0,0,Median,NaN,NaN,NaN,NaN,NaN,NaN,0,0,0,0,Median,Median,6.4,6.4,1466100,0,1466100,727420,0,727420,738630,0,738630,,,,666,1329,TRUE,1366,1958;1959,2817;2818,2818,,
sp|P53622|COPA_YEAST,sp|P53622|COPA_YEAST,3,3,3,,1,3,3,3,2,1,2,1,2,1,3.9,3.9,3.9,135.61,1201,1201,0,11.71,NaN,NaN,NaN,0,0,Median,NaN,NaN,NaN,NaN,NaN,NaN,0,0,0,0,Median,Median,2.8,1.1,3956300,0,3956300,3323600,0,3323600,632750,0,632750,,,,667,1479;2039;2815,True;True;True,1519;2094;2911,2198;3029;4246,3162;4389;6118,3162;4389;6118,,
sp|P53633|PRA1_YEAST,sp|P53633|PRA1_YEAST,1,1,1,,1,1,1,1,1,0,1,0,1,0,8.5,8.5,8.5,19.411,176,176,0.0014388,1.1934,NaN,NaN,NaN,0,0,Median,NaN,NaN,NaN,NaN,NaN,NaN,0,0,0,0,Median,Median,8.5,0,1379900,0,1379900,1379900,0,1379900,0,0,0,,,,668,2002,TRUE,2057,2977,4321,4321,,
sp|P53691|PPID_YEAST,sp|P53691|PPID_YEAST,5,5,5,,1,5,5,5,3,3,3,3,3,3,11.6,11.6,11.6,42.071,371,371,0,11.651,NaN,NaN,NaN,1,1,Median,NaN,NaN,NaN,NaN,NaN,NaN,1,0,1,0,Median,Median,8.9,4.6,9437000,40890,9396100,4813700,40890,4772800,4623300,0,4623300,,,,669,2011;3656;3657;4031;4296,True;True;True;True;True,2066;3778;3779;4171;4442,2988;5511;5512;5513;6156;6562,4334;7901;7902;7903;9020;9633,4334;7902;7903;9020;9633,,
sp|P53723|YN8B_YEAST,sp|P53723|YN8B_YEAST,1,1,1,,1,1,1,1,1,0,1,0,1,0,2.5,2.5,2.5,47.093,404,404,0,1.3482,NaN,NaN,NaN,0,0,Median,NaN,NaN,NaN,NaN,NaN,NaN,0,0,0,0,Median,Median,2.5,0,623750,0,623750,623750,0,623750,0,0,0,,,,670,947,TRUE,975,1407,2008,2008,,
sp|P53731|ARPC2_YEAST,sp|P53731|ARPC2_YEAST,1,1,1,,1,1,1,1,1,0,1,0,1,0,3.8,3.8,3.8,39.566,342,342,0.0079156,0.74371,NaN,NaN,NaN,0,0,Median,NaN,NaN,NaN,NaN,NaN,NaN,0,0,0,0,Median,Median,3.8,0,907730,0,907730,907730,0,907730,0,0,0,,,,671,2588,TRUE,2665,3875,5579,5579,,
sp|P53742|NOG2_YEAST,sp|P53742|NOG2_YEAST,1,1,1,,1,1,1,1,1,0,1,0,1,0,2.5,2.5,2.5,55.488,486,486,0.00894,0.54503,NaN,NaN,NaN,0,0,Median,NaN,NaN,NaN,NaN,NaN,NaN,0,0,0,0,Median,Median,2.5,0,480940,0,480940,480940,0,480940,0,0,0,,,,672,4018,TRUE,4158,6138,8997,8997,,
sp|P53834|HCH1_YEAST,sp|P53834|HCH1_YEAST,1,1,1,,1,1,1,1,1,1,1,1,1,1,9.2,9.2,9.2,17.246,153,153,0,3.3594,NaN,NaN,NaN,0,0,Median,NaN,NaN,NaN,NaN,NaN,NaN,0,0,0,0,Median,Median,9.2,9.2,2781600,0,2781600,2138100,0,2138100,643500,0,643500,,,,673,2448,TRUE,2515,3630;3631,5242;5243,5242,,
sp|P53852|SYC_YEAST,sp|P53852|SYC_YEAST,4,4,4,,1,4,4,4,3,3,3,3,3,3,5.5,5.5,5.5,87.529,767,767,0,5.7722,NaN,NaN,NaN,0,0,Median,NaN,NaN,NaN,NaN,NaN,NaN,0,0,0,0,Median,Median,4.3,4.3,5617700,0,5617700,3359200,0,3359200,2258500,0,2258500,,,,674,2517;3270;3452;3674,True;True;True;True,2584;3377;3568;3796,3738;4934;4935;5205;5206;5541,5402;7073;7074;7477;7478;7950,5402;7074;7477;7950,,
sp|P53900|PFD4_YEAST,sp|P53900|PFD4_YEAST,2,2,2,,1,2,2,2,2,1,2,1,2,1,17.8,17.8,17.8,15.18,129,129,0,1.7889,1.6914,0.3881,185.58,2,2,Median,NaN,NaN,NaN,NaN,NaN,NaN,1,1,1,1,Median,Median,17.8,7,4373600,912280,3461300,2348000,373570,1974400,2025600,538710,1486900,,,,675,594;1058,True;True,611;1088,880;1574;1575,1256;2267;2268,1256;2268,,
sp|P53909|ADE_YEAST,sp|P53909|ADE_YEAST,2,2,2,,1,2,2,2,0,2,0,2,0,2,6.6,6.6,6.6,39.635,347,347,0.0014104,1.1275,NaN,NaN,NaN,0,0,Median,NaN,NaN,NaN,NaN,NaN,NaN,0,0,0,0,Median,Median,0,6.6,875750,0,875750,0,0,0,875750,0,875750,,,,676,2706;3607,True;True,2796;3727,4069;5431,5865;7794,5865;7794,,
sp|P53912|YNN4_YEAST;sp|P25608|YCZ2_YEAST;sp|P54007|YL460_YEAST,sp|P53912|YNN4_YEAST;sp|P25608|YCZ2_YEAST;sp|P54007|YL460_YEAST,2;1;1,2;1;1,2;1;1,;;,3,2,2,2,1,1,1,1,1,1,8.8,8.8,8.8,41.164,376,376;368;376,0,8.6133,NaN,NaN,NaN,0,0,Median,NaN,NaN,NaN,NaN,NaN,NaN,0,0,0,0,Median,Median,6.6,2.1,3045100,0,3045100,3045100,0,3045100,0,0,0,,,,677,356;1550,True;True,369;1590,536;2296,780;3304,780;3304,,
sp|P53920|NM111_YEAST,sp|P53920|NM111_YEAST,1,1,1,,1,1,1,1,1,0,1,0,1,0,1.5,1.5,1.5,110.88,997,997,0.0098888,0.36248,NaN,NaN,NaN,0,0,Median,NaN,NaN,NaN,NaN,NaN,NaN,0,0,0,0,Median,Median,1.5,0,733700,0,733700,733700,0,733700,0,0,0,,,,678,4112,TRUE,4253,6280,9188,9188,,
sp|P53927|NOP15_YEAST,sp|P53927|NOP15_YEAST,1,1,1,,1,1,1,1,1,0,1,0,1,0,7.3,7.3,7.3,25.447,220,220,0,3.0775,NaN,NaN,NaN,0,0,Median,NaN,NaN,NaN,NaN,NaN,NaN,0,0,0,0,Median,Median,7.3,0,2292700,0,2292700,2292700,0,2292700,0,0,0,,,,679,962,TRUE,990,1426,2037,2037,,
sp|P53941|IMP4_YEAST,sp|P53941|IMP4_YEAST,1,1,1,,1,1,1,1,1,0,1,0,1,0,4.1,4.1,4.1,33.482,290,290,0.0014184,1.1469,NaN,NaN,NaN,0,0,Median,NaN,NaN,NaN,NaN,NaN,NaN,0,0,0,0,Median,Median,4.1,0,0,0,0,0,0,0,0,0,0,,,,680,346,TRUE,358,521,759,759,,
sp|P53981|YNB0_YEAST,sp|P53981|YNB0_YEAST,6,6,6,,1,6,6,6,3,5,3,5,3,5,26.6,26.6,26.6,27.48,241,241,0,15.805,NaN,NaN,NaN,0,0,Median,NaN,NaN,NaN,NaN,NaN,NaN,0,0,0,0,Median,Median,20.3,24.5,22857000,0,22857000,10995000,0,10995000,11862000,0,11862000,,,,681,155;156;712;1887;2470;4195,True;True;True;True;True;True,157;158;732;1938;2537;4341,228;229;230;1057;2796;2797;3662;6417,320;321;322;1500;4043;4044;4045;5283;9427,320;322;1500;4043;5283;9427,,
sp|P54113|PUR91_YEAST,sp|P54113|PUR91_YEAST,6,6,4,,1,6,6,4,5,4,5,4,3,2,15.6,15.6,11,65.282,591,591,0,34.719,NaN,NaN,NaN,1,1,Median,NaN,NaN,NaN,NaN,NaN,NaN,1,0,1,0,Median,Median,13.9,9.3,14937000,103080,14834000,8265500,103080,8162500,6671700,0,6671700,,,,682,118;1039;1514;3436;3670;4027,True;True;True;True;True;True,119;1069;1554;3552;3792;4167,175;176;1543;2247;5184;5185;5536;5537;6151,248;249;2218;3238;7445;7446;7447;7945;7946;9015,249;2218;3238;7445;7946;9015,,
sp|P54115|ALDH6_YEAST,sp|P54115|ALDH6_YEAST,19,19,19,,1,19,19,19,11,13,11,13,11,13,40.4,40.4,40.4,54.414,500,500,0,74.138,117.17,135.57,467.03,3,3,Median,NaN,179.47,NaN,154.28,NaN,18.287,1,2,1,2,Median,Median,32.6,33.6,182500000,274710,182220000,62288000,125350,62163000,120210000,149360,120060000,,,,683,330;823;824;1667;1725;1915;1975;2154;2642;2977;3163;3164;3600;3601;3815;3837;3838;4105;4106,True;True;True;True;True;True;True;True;True;True;True;True;True;True;True;True;True;True;True,338;848;849;1711;1771;1967;2030;2211;2728;3074;3262;3263;3719;3720;3943;3966;3967;4246;4247,492;493;1225;1226;2471;2555;2839;2934;2935;3201;3968;4499;4500;4771;4772;4773;5419;5420;5421;5422;5813;5845;5846;5847;6271;6272,714;715;1769;1770;3584;3725;4101;4262;4263;4655;5713;6471;6472;6845;6846;6847;7769;7770;7771;7772;7773;7774;8492;8493;8494;8552;8553;8554;9174;9175;9176,714;1769;1770;3584;3725;4101;4262;4655;5713;6472;6845;6847;7769;7774;8493;8553;8554;9174;9175,,
sp|P54838|DAK1_YEAST,sp|P54838|DAK1_YEAST,6,6,6,,1,6,6,6,3,4,3,4,3,4,12,12,12,62.206,584,584,0,8.0658,NaN,NaN,NaN,0,0,Median,NaN,NaN,NaN,NaN,NaN,NaN,0,0,0,0,Median,Median,7.2,7,6164900,0,6164900,3713100,0,3713100,2451800,0,2451800,,,,684,476;630;1224;1698;3272;3287,True;True;True;True;True;True,492;647;1258;1742;3379;3394,709;940;1808;2514;4937;4938;4958,1014;1337;2609;2610;3637;7076;7077;7105,1014;1337;2610;3637;7077;7105,,
sp|P54839|HMCS_YEAST,sp|P54839|HMCS_YEAST,10,10,10,,1,10,10,10,7,7,7,7,7,7,27.7,27.7,27.7,55.013,491,491,0,41.172,5.1278,6.3394,71.36,2,2,Median,5.1278,NaN,6.3394,NaN,71.36,NaN,2,0,2,0,Median,Median,15.3,23.4,47649000,463650,47185000,21204000,463650,20740000,26445000,0,26445000,,,,685,250;893;1255;1504;1699;1741;3134;3645;4489;4584,True;True;True;True;True;True;True;True;True;True,255;919;1289;1544;1743;1787;3233;3766;4643;4738,360;361;1322;1848;2232;2233;2515;2579;4736;5492;5493;6862;6863;6996,504;505;1894;2664;3218;3219;3638;3763;6792;7874;7875;10069;10070;10251,505;1894;2664;3218;3638;3763;6792;7875;10070;10251,,
sp|P54885|PROA_YEAST,sp|P54885|PROA_YEAST,4,4,4,,1,4,4,4,2,2,2,2,2,2,11.8,11.8,11.8,49.74,456,456,0,17.53,NaN,NaN,NaN,0,0,Median,NaN,NaN,NaN,NaN,NaN,NaN,0,0,0,0,Median,Median,8.3,5.7,4814500,0,4814500,2428800,0,2428800,2385700,0,2385700,,,,686,840;941;1173;1379,True;True;True;True,865;969;1207;1418,1252;1397;1739;2045,1807;1987;2515;2516;2959,1807;1987;2515;2959,,
sp|P60010|ACT_YEAST,sp|P60010|ACT_YEAST,14,14,14,,1,14,14,14,7,14,7,14,7,14,48,48,48,41.689,375,375,0,133.16,15.952,16.715,178.22,10,10,Median,16.05,15.364,0.49817,19.951,240.09,99.161,3,7,3,7,Median,Median,34.7,48,222800000,3267900,219530000,70798000,588800,70209000,152000000,2679000,149320000,,,,687,158;159;470;742;881;882;922;1373;1712;2540;2905;3055;3638;4002,True;True;True;True;True;True;True;True;True;True;True;True;True;True,160;161;486;764;907;908;949;950;1410;1411;1756;2608;2609;3002;3152;3153;3759;4141,233;234;701;1103;1104;1308;1309;1310;1367;1368;1369;2036;2037;2533;2534;2535;3779;3780;3781;4396;4397;4613;4614;4615;4616;4617;5481;6116,326;327;328;329;998;1571;1572;1573;1574;1575;1876;1877;1878;1879;1949;1950;1951;1952;1953;1954;2947;2948;3672;3673;3674;3675;3676;3677;3678;3679;3680;3681;5453;5454;5455;6335;6336;6617;6618;6619;6620;6621;6622;6623;6624;6625;6626;6627;6628;6629;7861;7862;8960,326;329;998;1574;1878;1879;1953;2948;3678;5454;6335;6628;7861;8960,133;134;135;136,16;47;82;299
sp|P61830|H3_YEAST,sp|P61830|H3_YEAST,2,2,2,,1,2,2,2,0,2,0,2,0,2,9.6,9.6,9.6,15.356,136,136,0,6.4395,NaN,NaN,NaN,1,1,Median,NaN,NaN,NaN,NaN,NaN,NaN,0,1,0,1,Median,Median,0,9.6,11383000,307370,11075000,0,0,0,11383000,307370,11075000,,,,688,3553;3554,True;True,3672;3673,5350;5351,7682;7683,7682;7683,,
sp|P80210|PURA_YEAST,sp|P80210|PURA_YEAST,4,4,4,,1,4,4,4,3,2,3,2,3,2,13.4,13.4,13.4,48.279,433,433,0,5.8572,NaN,NaN,NaN,0,0,Median,NaN,NaN,NaN,NaN,NaN,NaN,0,0,0,0,Median,Median,11.3,5.3,4675400,0,4675400,3064200,0,3064200,1611100,0,1611100,,,,689,537;878;1852;4478,True;True;True;True,554;904;1900;4632,803;1304;2738;2739;6847,1145;1872;3960;3961;10050,1145;1872;3960;10050,,
sp|P80967|TOM5_YEAST,sp|P80967|TOM5_YEAST,1,1,1,,1,1,1,1,1,1,1,1,1,1,28,28,28,5.9849,50,50,0,6.9011,NaN,NaN,NaN,0,0,Median,NaN,NaN,NaN,NaN,NaN,NaN,0,0,0,0,Median,Median,28,28,2825200,0,2825200,1290600,0,1290600,1534600,0,1534600,,,,690,2556,TRUE,2631,3823;3824,5515;5516,5516,,
sp|P87108|TIM10_YEAST,sp|P87108|TIM10_YEAST,1,1,1,,1,1,1,1,0,1,0,1,0,1,26.9,26.9,26.9,10.305,93,93,0.010101,0.4259,NaN,NaN,NaN,0,0,Median,NaN,NaN,NaN,NaN,NaN,NaN,0,0,0,0,Median,Median,0,26.9,2737300,0,2737300,0,0,0,2737300,0,2737300,,,,691,561,TRUE,578,839,1206,1206,,
sp|P87262|RL34A_YEAST,sp|P87262|RL34A_YEAST,7,1,1,,1,7,1,1,2,7,0,1,0,1,56.2,9.1,9.1,13.639,121,121,0,3.1421,NaN,NaN,NaN,0,0,Median,NaN,NaN,NaN,NaN,NaN,NaN,0,0,0,0,Median,Median,32.2,56.2,2167700,0,2167700,0,0,0,2167700,0,2167700,,,,692,124;125;524;550;551;1541;4369,False;False;False;False;False;True;False,125;126;540;567;568;1581;4518,186;187;785;824;825;826;827;2285;6673;6674;6675,259;260;1124;1186;1187;1188;1189;1190;1191;1192;3293;9788;9789;9790;9791;9792;9793,259;260;1124;1186;1188;3293;9790,,
sp|Q00055|GPD1_YEAST,sp|Q00055|GPD1_YEAST,4,4,3,,1,4,4,3,3,3,3,3,2,2,14.6,14.6,10.7,42.868,391,391,0,19.187,1.0156,0.084047,340.38,3,3,Median,3.5229,NaN,0.40112,NaN,464.15,NaN,2,1,2,1,Median,Median,9.7,12,31168000,13540000,17628000,6458400,551960,5906400,24709000,12988000,11722000,,,,693,2423;3150;4003;4343,True;True;True;True,2488;3249;4142;4492,3591;3592;4757;6117;6634;6635,5191;5192;5193;6827;8961;9727;9728,5193;6827;8961;9727,,
sp|Q00245|RHO3_YEAST,sp|Q00245|RHO3_YEAST,1,1,1,,1,1,1,1,0,1,0,1,0,1,7.4,7.4,7.4,25.312,231,231,0.0027816,1.0438,NaN,NaN,NaN,0,0,Median,NaN,NaN,NaN,NaN,NaN,NaN,0,0,0,0,Median,Median,0,7.4,830800,0,830800,0,0,0,830800,0,830800,,,,694,3275,TRUE,3382,4942,7082,7082,,
sp|Q00402|NUM1_YEAST,sp|Q00402|NUM1_YEAST,3,3,3,,1,3,3,3,3,2,3,2,3,2,10.2,10.2,10.2,313.03,2748,2748,0,13.712,NaN,NaN,NaN,1,1,Median,NaN,NaN,NaN,NaN,NaN,NaN,1,0,1,0,Median,Median,10.2,4.9,12356000,146390,12210000,6982900,146390,6836500,5373600,0,5373600,,,,695,1858;1859;2132,True;True;True,1907;1908;2189,2749;2750;2751;2752;3172,3975;3976;3977;3978;3979;4615,3976;3977;4615,,
sp|Q00764|TPS1_YEAST,sp|Q00764|TPS1_YEAST,2,2,2,,1,2,2,2,1,2,1,2,1,2,9.3,9.3,9.3,56.147,495,495,0,13.374,NaN,NaN,NaN,0,0,Median,NaN,NaN,NaN,NaN,NaN,NaN,0,0,0,0,Median,Median,5.1,9.3,5973500,2041100,3932400,2041100,2041100,0,3932400,0,3932400,,,,696,2811;4373,True;True,2906;2907;4522,4240;4241;6681,6112;6113;9799,6113;9799,137,42
sp|Q00955|ACAC_YEAST,sp|Q00955|ACAC_YEAST,31,31,31,,1,31,31,31,15,26,15,26,15,26,16.4,16.4,16.4,250.35,2233,2233,0,87.651,8.4203,5.1847,135.94,7,7,Median,13.267,8.4203,1.5106,10.973,80.064,129.04,2,5,2,5,Median,Median,8.5,14.4,151840000,3165700,148670000,56164000,1696900,54467000,95673000,1468900,94204000,,,,697,110;120;121;122;372;1192;1193;1248;1386;1529;1567;1650;1696;1722;2065;2085;2145;2555;2618;2768;3056;3100;3297;3377;3388;3615;3764;3765;4132;4133;4285,True;True;True;True;True;True;True;True;True;True;True;True;True;True;True;True;True;True;True;True;True;True;True;True;True;True;True;True;True;True;True,111;121;122;123;386;1226;1227;1282;1425;1569;1607;1694;1740;1768;2120;2140;2202;2630;2700;2861;3154;3199;3404;3488;3500;3736;3891;3892;4274;4275;4431,164;165;178;179;180;181;182;183;559;1768;1769;1841;2058;2269;2270;2321;2450;2512;2551;3068;3095;3096;3189;3821;3822;3926;3927;4169;4170;4618;4684;4973;5094;5095;5096;5116;5117;5445;5718;5719;5720;6312;6313;6314;6315;6549,236;237;251;252;253;254;255;256;808;2559;2560;2655;2989;3268;3269;3341;3559;3560;3634;3635;3717;4438;4475;4476;4638;5513;5514;5656;5657;5998;5999;6630;6722;7122;7305;7306;7307;7308;7359;7360;7813;8332;8333;8334;8335;8336;8337;9251;9252;9253;9254;9616,237;251;254;256;808;2559;2560;2655;2989;3269;3341;3559;3634;3717;4438;4476;4638;5514;5656;5998;6630;6722;7122;7307;7359;7813;8332;8337;9251;9252;9616,,
sp|Q01080|RPA49_YEAST,sp|Q01080|RPA49_YEAST,2,2,2,,1,2,2,2,2,1,2,1,2,1,8.7,8.7,8.7,46.65,415,415,0,1.3224,NaN,NaN,NaN,1,1,Median,NaN,NaN,NaN,NaN,NaN,NaN,0,1,0,1,Median,Median,8.7,4.6,2861600,104220,2757400,1353800,0,1353800,1507900,104220,1403600,,,,698,2422;3224,True;True,2487;3327,3590;4859;4860,5190;6967;6968,5190;6968,,
sp|Q01532|BLH1_YEAST,sp|Q01532|BLH1_YEAST,2,2,2,,1,2,2,2,0,2,0,2,0,2,3.3,3.3,3.3,55.482,483,483,0.0053691,0.86919,NaN,NaN,NaN,1,1,Median,NaN,NaN,NaN,NaN,NaN,NaN,0,1,0,1,Median,Median,0,3.3,3260100,220400,3039700,0,0,0,3260100,220400,3039700,,,,699,2859;2860,True;True,2955;2956,4324;4325,6242;6243,6242;6243,,
sp|Q01560|NOP3_YEAST,sp|Q01560|NOP3_YEAST,2,2,2,,1,2,2,2,2,1,2,1,2,1,7,7,7,45.407,414,414,0,6.8641,NaN,NaN,NaN,1,1,Median,NaN,NaN,NaN,NaN,NaN,NaN,1,0,1,0,Median,Median,7,4.1,29254000,2709800,26544000,15685000,2709800,12975000,13569000,0,13569000,,,,700,2751;3268,True;True,2842;3375,4140;4931;4932,5955;5956;7070;7071,5955;7071,,
sp|Q01662|MAP1_YEAST,sp|Q01662|MAP1_YEAST,6,6,6,,1,6,6,6,6,3,6,3,6,3,32.6,32.6,32.6,43.373,387,387,0,49.624,NaN,NaN,NaN,0,0,Median,NaN,NaN,NaN,NaN,NaN,NaN,0,0,0,0,Median,Median,32.6,12.7,26836000,0,26836000,20851000,0,20851000,5984900,0,5984900,,,,701,58;1716;2360;2533;3051;3548,True;True;True;True;True;True,58;1760;2423;2600;3148;3667,84;2539;2540;3497;3498;3761;3762;4608;4609;5344,123;3689;3690;5074;5075;5432;5433;6610;6611;6612;7676,123;3690;5074;5433;6612;7676,,
sp|Q01852|TIM44_YEAST,sp|Q01852|TIM44_YEAST,2,2,2,,1,2,2,2,1,1,1,1,1,1,5.1,5.1,5.1,48.854,431,431,0,1.4533,NaN,NaN,NaN,1,1,Median,NaN,NaN,NaN,NaN,NaN,NaN,0,1,0,1,Median,Median,2.1,3,1968700,167210,1801500,368880,0,368880,1599900,167210,1432700,,,,702,1851;3465,True;True,1899;3581,2737;5222,3959;7503,3959;7503,,
sp|Q01855|RS15_YEAST,sp|Q01855|RS15_YEAST,8,8,8,,1,8,8,8,2,8,2,8,2,8,57.7,57.7,57.7,16.002,142,142,0,35.174,88.687,32.16,145.78,5,5,Median,NaN,55.763,NaN,32.812,NaN,83.032,1,4,1,4,Median,Median,19.7,57.7,229150000,1593000,227550000,50002000,401280,49600000,179150000,1191700,177950000,,,,703,148;1259;1260;1961;1962;2225;2762;3792,True;True;True;True;True;True;True;True,150;1293;1294;1295;2016;2017;2285;2286;2853;2854;3920,220;1854;1855;1856;2912;2913;2914;3299;3300;3301;3302;3303;4159;4160;5772;5773,308;309;2671;2672;2673;4236;4237;4238;4780;4781;4782;4783;4784;4785;4786;4787;4788;4789;4790;4791;4792;4793;4794;4795;5983;5984;5985;8423;8424;8425;8426,309;2672;2673;4236;4238;4786;5984;8424,138;139;140,28;57;83
sp|Q01939|PRS8_YEAST,sp|Q01939|PRS8_YEAST,2,2,2,,1,2,2,2,1,1,1,1,1,1,6.9,6.9,6.9,45.271,405,405,0,1.6427,NaN,NaN,NaN,0,0,Median,NaN,NaN,NaN,NaN,NaN,NaN,0,0,0,0,Median,Median,4,3,2562700,0,2562700,1179100,0,1179100,1383600,0,1383600,,,,704,405;1085,True;True,421;1115,610;1613,881;2329,881;2329,,
sp|Q02326|RL6A_YEAST,sp|Q02326|RL6A_YEAST,12,12,6,,1,12,12,6,5,11,5,11,2,6,59.7,59.7,31.2,19.961,176,176,0,38.284,151.46,17.556,189.43,4,4,Linear,NaN,91.519,NaN,87.928,NaN,140.48,1,3,1,3,Median,Plateau,29,54,224730000,944360,223790000,53965000,335840,53629000,170770000,608520,170160000,,,,705,106;1115;1770;1771;2700;3006;3178;4234;4242;4310;4311;4439,True;True;True;True;True;True;True;True;True;True;True;True,107;1146;1818;1819;2790;3103;3278;4380;4388;4457;4458;4592,157;158;1658;1659;2623;2624;4061;4062;4545;4793;6476;6486;6583;6584;6585;6783;6784,226;227;2387;2388;3813;3814;3815;3816;3817;3818;3819;3820;5855;5856;6528;6875;9503;9527;9660;9661;9662;9663;9959;9960;9961,226;2388;3813;3816;5856;6528;6875;9503;9527;9661;9663;9960,,
sp|Q02486|ABF2_YEAST,sp|Q02486|ABF2_YEAST,4,4,4,,1,4,4,4,3,2,3,2,3,2,20.8,20.8,20.8,21.561,183,183,0,13.579,2.7773,0.63727,233.64,2,2,Median,NaN,NaN,NaN,NaN,NaN,NaN,1,1,1,1,Median,Median,18,15.3,9944400,766600,9177800,4815700,433510,4382200,5128700,333100,4795600,,,,706,224;1393;3126;4429,True;True;True;True,228;1432;3225;4582,324;325;2067;4725;6769,453;454;2998;6779;9939,454;2998;6779;9939,,
sp|Q02642|NACB1_YEAST,sp|Q02642|NACB1_YEAST,6,6,6,,1,6,6,6,5,4,5,4,5,4,44.6,44.6,44.6,17.02,157,157,0,60.794,2.0844,2.6776,94.11,3,3,Median,4.4281,NaN,5.6884,NaN,106.56,NaN,2,1,2,1,Median,Median,38.9,31.8,58484000,1355700,57128000,38282000,801060,37481000,20202000,554640,19647000,,,,707,182;616;2152;2153;2866;4114,True;True;True;True;True;True,186;633;2209;2210;2962;4255,272;273;918;919;3197;3198;3199;3200;4335;6282;6283,378;379;380;1302;1303;1304;1305;4651;4652;4653;4654;6257;9190;9191;9192;9193;9194;9195;9196;9197;9198,379;1304;4651;4654;6257;9195,,
sp|Q02725|VTC3_YEAST,sp|Q02725|VTC3_YEAST,2,2,2,,1,2,2,2,1,1,1,1,1,1,4.1,4.1,4.1,96.552,835,835,0,2.7099,NaN,NaN,NaN,0,0,Median,NaN,NaN,NaN,NaN,NaN,NaN,0,0,0,0,Median,Median,1.7,2.4,2130700,0,2130700,1530100,0,1530100,600600,0,600600,,,,708,2858;3451,True;True,2954;3567,4323;5204,6241;7476,6241;7476,,
sp|Q02753|RL21A_YEAST,sp|Q02753|RL21A_YEAST,9,9,1,,1,9,9,1,8,9,8,9,1,1,56.2,56.2,6.9,18.242,160,160,0,43.084,118.09,6.2819,184.91,6,6,Median,118.09,111.15,1.9112,70.99,121.34,40.63,4,2,4,2,Median,Median,51.2,56.2,377630000,2287000,375340000,178470000,1665800,176810000,199150000,621200,198530000,,,,709,349;571;1257;1354;3096;3541;3542;3784;4091,True;True;True;True;True;True;True;True;True,361;588;1291;1391;3195;3659;3660;3661;3912;4232,524;525;854;1850;1851;2005;2006;4678;4679;5333;5334;5335;5336;5337;5756;5757;6251;6252;6253,762;763;764;765;766;1223;1224;2666;2667;2898;2899;2900;2901;2902;2903;2904;2905;2906;6714;6715;6716;7654;7655;7656;7657;7658;7659;7660;7661;7662;7663;7664;7665;8401;8402;8403;8404;9147;9148;9149;9150;9151;9152,762;1224;2667;2898;6715;7659;7664;8402;9151,141,79
sp|Q02795|OSTD_YEAST,sp|Q02795|OSTD_YEAST,1,1,1,,1,1,1,1,1,0,1,0,1,0,5.9,5.9,5.9,31.653,286,286,0.0066756,0.80542,NaN,NaN,NaN,1,1,Median,NaN,NaN,NaN,NaN,NaN,NaN,1,0,1,0,Median,Median,5.9,0,18196000,17088000,1107800,18196000,17088000,1107800,0,0,0,,,,710,2015,TRUE,2070,2993,4341,4341,,
sp|Q02821|IMA1_YEAST,sp|Q02821|IMA1_YEAST,3,3,3,,1,3,3,3,2,1,2,1,2,1,5.7,5.7,5.7,60.441,542,542,0,13.752,NaN,NaN,NaN,1,1,Median,NaN,NaN,NaN,NaN,NaN,NaN,0,1,0,1,Median,Median,5,2.8,4919100,65370,4853700,2702900,0,2702900,2216200,65370,2150900,,,,711,792;1471;1472,True;True;True,817;1511;1512,1182;2185;2186,1713;3140;3141,1713;3140;3141,,
sp|Q02892|NOG1_YEAST,sp|Q02892|NOG1_YEAST,2,2,2,,1,2,2,2,1,1,1,1,1,1,3.9,3.9,3.9,74.409,647,647,0,3.3718,NaN,NaN,NaN,1,1,Median,NaN,NaN,NaN,NaN,NaN,NaN,0,1,0,1,Median,Median,1.7,2.2,4286100,2040500,2245500,394650,0,394650,3891400,2040500,1850900,,,,712,2914;3486,True;True,3011;3602,4413;5249,6358;7537,6358;7537,,
sp|Q02931|UTP17_YEAST,sp|Q02931|UTP17_YEAST,2,2,2,,1,2,2,2,1,1,1,1,1,1,2.3,2.3,2.3,101.24,896,896,0.0041494,1.015,NaN,NaN,NaN,0,0,Median,NaN,NaN,NaN,NaN,NaN,NaN,0,0,0,0,Median,Median,1.5,2.3,3945000,0,3945000,2064900,0,2064900,1880100,0,1880100,,,,713,2418;2863,True;True,2483;2959,3585;4331,5185;6251,5185;6251,,
sp|Q03048|COFI_YEAST,sp|Q03048|COFI_YEAST,7,7,7,,1,7,7,7,5,6,5,6,5,6,58.7,58.7,58.7,15.901,143,143,0,83.446,5.7769,0.56226,178.93,2,2,Median,NaN,NaN,NaN,NaN,NaN,NaN,1,1,1,1,Median,Median,35.7,47.6,90274000,1438200,88836000,42385000,380940,42004000,47889000,1057300,46832000,,,,714,286;1082;1697;1948;3309;3504;3505,True;True;True;True;True;True;True,291;1112;1741;2003;3416;3621;3622,426;1607;1608;2513;2889;2890;4988;5277;5278;5279;5280,604;605;2318;2319;2320;2321;3636;4198;4199;7142;7143;7573;7574;7575;7576,604;2321;3636;4198;7142;7574;7575,,
sp|Q03161|YMY9_YEAST,sp|Q03161|YMY9_YEAST,3,3,3,,1,3,3,3,1,2,1,2,1,2,23.2,23.2,23.2,33.955,297,297,0,9.464,NaN,NaN,NaN,0,0,Median,NaN,NaN,NaN,NaN,NaN,NaN,0,0,0,0,Median,Median,8.1,15.2,10400000,0,10400000,1287000,0,1287000,9112700,0,9112700,,,,715,2024;2867;3786,True;True;True,2079;2963;3914,3007;3008;4336;4337;5761,4356;4357;6258;6259;8408,4356;6259;8408,,
sp|Q03195|RLI1_YEAST,sp|Q03195|RLI1_YEAST,5,5,5,,1,5,5,5,3,3,3,3,3,3,11,11,11,68.34,608,608,0,6.1231,2.8659,3.7248,23.722,2,2,Median,NaN,NaN,NaN,NaN,NaN,NaN,1,1,1,1,Median,Median,7.4,6.7,9400200,485070,8915100,2957200,200820,2756300,6443100,284250,6158800,,,,716,1405;1577;2643;2807;4494,True;True;True;True;True,1445;1617;2729;2902;4648,2085;2333;3969;3970;4235;6871,3019;3356;5714;5715;5716;6105;10089;10090,3019;3356;5716;6105;10089,,
sp|Q03220|CTL1_YEAST,sp|Q03220|CTL1_YEAST,1,1,1,,1,1,1,1,1,0,1,0,1,0,4.4,4.4,4.4,36.974,320,320,0.0040486,0.91512,NaN,NaN,NaN,0,0,Median,NaN,NaN,NaN,NaN,NaN,NaN,0,0,0,0,Median,Median,4.4,0,2129600,0,2129600,2129600,0,2129600,0,0,0,,,,717,640,TRUE,657,954,1363,1363,,
sp|Q03532|HAS1_YEAST,sp|Q03532|HAS1_YEAST,6,6,6,,1,6,6,6,4,3,4,3,4,3,16,16,16,56.717,505,505,0,7.84,2.0729,1.8777,267.93,2,2,Median,NaN,NaN,NaN,NaN,NaN,NaN,1,1,1,1,Median,Median,12.7,6.5,8637300,768400,7868900,6366700,64610,6302100,2270700,703790,1566900,,,,718,397;660;3119;3402;3456;3966,True;True;True;True;True;True,412;679;3218;3514;3572;4101,595;987;4714;4715;5136;5210;6055,864;1407;6765;6766;7386;7486;8865,864;1407;6765;7386;7486;8865,,
sp|Q03558|OYE2_YEAST,sp|Q03558|OYE2_YEAST,8,8,8,,1,8,8,8,3,6,3,6,3,6,30.2,30.2,30.2,45.01,400,400,0,21.803,10.331,13.272,139,3,3,Plateau,NaN,3.6183,NaN,2.3437,NaN,136.37,1,2,1,2,Median,Median,13.8,22.8,20606000,775310,19830000,7518600,36217,7482400,13087000,739090,12348000,,,,719,620;639;1025;1056;1496;2608;2609;3085,True;True;True;True;True;True;True;True,637;656;1055;1086;1536;2689;2690;3183,926;927;953;1522;1572;2222;3912;3913;4661,1314;1315;1316;1317;1362;2186;2265;3203;5638;5639;6685,1314;1362;2186;2265;3203;5638;5639;6685,,
sp|Q03640|TCB3_YEAST,sp|Q03640|TCB3_YEAST,4,4,4,,1,4,4,4,3,3,3,3,3,3,3.8,3.8,3.8,171.07,1545,1545,0,5.8744,NaN,NaN,NaN,1,1,Median,NaN,NaN,NaN,NaN,NaN,NaN,0,1,0,1,Median,Median,3.2,2.7,7716900,333400,7383500,2832700,0,2832700,4884300,333400,4550900,,,,720,1798;2018;2387;3867,True;True;True;True,1846;2073;2451;3997,2662;2998;2999;3537;5892;5893,3869;4347;4348;5123;8619;8620,3869;4347;5123;8619,,
sp|Q03667|MIX17_YEAST,sp|Q03667|MIX17_YEAST,1,1,1,,1,1,1,1,1,1,1,1,1,1,5.8,5.8,5.8,16.669,156,156,0.0014535,1.2708,NaN,NaN,NaN,0,0,Median,NaN,NaN,NaN,NaN,NaN,NaN,0,0,0,0,Median,Median,5.8,5.8,1025600,0,1025600,479890,0,479890,545670,0,545670,,,,721,59,TRUE,59,85;86,124;125,124,,
sp|Q03690|CLU_YEAST,sp|Q03690|CLU_YEAST,1,1,1,,1,1,1,1,0,1,0,1,0,1,1.4,1.4,1.4,145.16,1277,1277,0.0040872,0.97128,NaN,NaN,NaN,0,0,Median,NaN,NaN,NaN,NaN,NaN,NaN,0,0,0,0,Median,Median,0,1.4,2701600,0,2701600,0,0,0,2701600,0,2701600,,,,722,3882,TRUE,4013,5918,8649,8649,,
sp|Q03771|ACL4_YEAST,sp|Q03771|ACL4_YEAST,1,1,1,,1,1,1,1,1,0,1,0,1,0,2.8,2.8,2.8,42.942,387,387,0,6.3352,NaN,NaN,NaN,0,0,Median,NaN,NaN,NaN,NaN,NaN,NaN,0,0,0,0,Median,Median,2.8,0,1708800,0,1708800,1708800,0,1708800,0,0,0,,,,723,3249,TRUE,3354,4899,7024,7024,,
sp|Q03940|RUVB1_YEAST,sp|Q03940|RUVB1_YEAST,4,4,4,,1,4,4,4,1,3,1,3,1,3,12.3,12.3,12.3,50.452,463,463,0,19.192,NaN,NaN,NaN,1,1,Median,NaN,NaN,NaN,NaN,NaN,NaN,0,1,0,1,Median,Median,6.5,10.6,8522600,334160,8188400,1747900,0,1747900,6774700,334160,6440500,,,,724,884;3842;3994;3995,True;True;True;True,910;3971;4133;4134,1312;5855;6105;6106,1881;8565;8943;8944;8945,1881;8565;8943;8944,,
sp|Q03973|HMO1_YEAST,sp|Q03973|HMO1_YEAST,2,2,2,,1,2,2,2,2,2,2,2,2,2,12.6,12.6,12.6,27.544,246,246,0,6.7251,NaN,NaN,NaN,1,1,Median,NaN,NaN,NaN,NaN,NaN,NaN,1,0,1,0,Median,Median,12.6,12.6,3483800,301520,3182300,2900100,301520,2598500,583750,0,583750,,,,725,174;2894,True;True,177;2990,262;263;4374;4375,368;369;6310;6311,369;6311,,
sp|Q04062|RPN9_YEAST,sp|Q04062|RPN9_YEAST,1,1,1,,1,1,1,1,1,0,1,0,1,0,3.8,3.8,3.8,45.782,393,393,0.0066401,0.79268,NaN,NaN,NaN,0,0,Median,NaN,NaN,NaN,NaN,NaN,NaN,0,0,0,0,Median,Median,3.8,0,1010500,0,1010500,1010500,0,1010500,0,0,0,,,,726,2667,TRUE,2754,4010,5767,5767,,
sp|Q04067|EIF3G_YEAST,sp|Q04067|EIF3G_YEAST,1,1,1,,1,1,1,1,0,1,0,1,0,1,7.3,7.3,7.3,30.501,274,274,0.0053763,0.87462,NaN,NaN,NaN,0,0,Median,NaN,NaN,NaN,NaN,NaN,NaN,0,0,0,0,Median,Median,0,7.3,1419600,0,1419600,0,0,0,1419600,0,1419600,,,,727,178,TRUE,182,268,374,374,,
sp|Q04178|HPRT_YEAST,sp|Q04178|HPRT_YEAST,4,4,4,,1,4,4,4,1,3,1,3,1,3,25.3,25.3,25.3,25.19,221,221,0,27.242,NaN,NaN,NaN,0,0,Median,NaN,NaN,NaN,NaN,NaN,NaN,0,0,0,0,Median,Median,9,25.3,9971100,0,9971100,1332500,0,1332500,8638600,0,8638600,,,,728,236;2529;3005;3172,True;True;True;True,241;2596;3102;3272,341;3756;4544;4785,475;5426;6527;6861,475;5426;6527;6861,,
sp|Q04225|RRB1_YEAST,sp|Q04225|RRB1_YEAST,2,2,2,,1,2,2,2,2,2,2,2,2,2,5.3,5.3,5.3,57.261,511,511,0,7.4127,NaN,NaN,NaN,0,0,Median,NaN,NaN,NaN,NaN,NaN,NaN,0,0,0,0,Median,Median,5.3,5.3,10722000,0,10722000,4897700,0,4897700,5823800,0,5823800,,,,729,134;3116,True;True,135;3215,199;200;4708;4709,276;277;6757;6758,277;6758,,
sp|Q04305|UTP15_YEAST,sp|Q04305|UTP15_YEAST,1,1,1,,1,1,1,1,1,1,1,1,1,1,2.7,2.7,2.7,57.686,513,513,0,2.4363,NaN,NaN,NaN,0,0,Median,NaN,NaN,NaN,NaN,NaN,NaN,0,0,0,0,Median,Median,2.7,2.7,2162700,0,2162700,853510,0,853510,1309200,0,1309200,,,,730,3120,TRUE,3219,4716;4717,6767;6768,6768,,
sp|Q04344|HNT1_YEAST,sp|Q04344|HNT1_YEAST,3,3,3,,1,3,3,3,2,3,2,3,2,3,31,31,31,17.679,158,158,0,22.446,NaN,NaN,NaN,1,1,Median,NaN,NaN,NaN,NaN,NaN,NaN,0,1,0,1,Median,Median,20.9,31,22261000,251040,22010000,9273800,0,9273800,12987000,251040,12736000,,,,731,2043;3294;4582,True;True;True,2098;3401;4736,3033;3034;4968;6992;6993,4393;4394;7117;10247;10248,4394;7117;10248,,
sp|Q04373|PUF6_YEAST,sp|Q04373|PUF6_YEAST,1,1,1,,1,1,1,1,1,0,1,0,1,0,2.3,2.3,2.3,75.105,656,656,0,4.1292,NaN,NaN,NaN,1,1,Median,NaN,NaN,NaN,NaN,NaN,NaN,1,0,1,0,Median,Median,2.3,0,1548900,90375,1458500,1548900,90375,1458500,0,0,0,,,,732,1683,TRUE,1727,2493,3610,3610,,
sp|Q04432|HSP31_YEAST,sp|Q04432|HSP31_YEAST,1,1,1,,1,1,1,1,0,1,0,1,0,1,4.2,4.2,4.2,25.67,237,237,0.0098401,0.33764,NaN,NaN,NaN,1,1,Median,NaN,NaN,NaN,NaN,NaN,NaN,0,1,0,1,Median,Median,0,4.2,51708000,259160,51449000,0,0,0,51708000,259160,51449000,,,,733,2737,TRUE,2828,4114,5922,5922,,
sp|Q04491|SEC13_YEAST,sp|Q04491|SEC13_YEAST,2,2,2,,1,2,2,2,2,2,2,2,2,2,11.4,11.4,11.4,33.043,297,297,0,10.902,NaN,NaN,NaN,1,1,Median,NaN,NaN,NaN,NaN,NaN,NaN,0,1,0,1,Median,Median,11.4,11.4,10647000,559590,10088000,4556300,0,4556300,6090900,559590,5531300,,,,734,1073;4364,True;True,1103;4513,1596;1597;6664;6665,2299;2300;2301;9778;9779,2300;9779,,
sp|Q04636|POB3_YEAST,sp|Q04636|POB3_YEAST,2,2,2,,1,2,2,2,2,0,2,0,2,0,4.7,4.7,4.7,62.993,552,552,0,4.5031,NaN,NaN,NaN,0,0,Median,NaN,NaN,NaN,NaN,NaN,NaN,0,0,0,0,Median,Median,4.7,0,1478100,0,1478100,1478100,0,1478100,0,0,0,,,,735,832;3549,True;True,857;3668,1237;5345,1786;7677,1786;7677,,
sp|Q04660|ERB1_YEAST,sp|Q04660|ERB1_YEAST,1,1,1,,1,1,1,1,0,1,0,1,0,1,1.5,1.5,1.5,91.704,807,807,0.0089974,0.58905,NaN,NaN,NaN,0,0,Median,NaN,NaN,NaN,NaN,NaN,NaN,0,0,0,0,Median,Median,0,1.5,827580,0,827580,0,0,0,827580,0,827580,,,,736,2339,TRUE,2402,3467,5036,5036,,
sp|Q04697|GSF2_YEAST,sp|Q04697|GSF2_YEAST,4,4,4,,1,4,4,4,3,3,3,3,3,3,14.6,14.6,14.6,45.869,403,403,0,3.8419,6.1307,7.9322,173.71,2,2,Median,NaN,NaN,NaN,NaN,NaN,NaN,1,1,1,1,Median,Median,11.2,11.7,6057500,210810,5846700,4532000,45691,4486300,1525500,165120,1360400,,,,737,402;2560;2802;3026,True;True;True;True,418;2635;2897;3123,607;3829;3830;4229;4574;4575,878;5522;5523;6098;6568;6569,878;5522;6098;6568,,
sp|Q04728|ARGJ_YEAST,sp|Q04728|ARGJ_YEAST,2,2,2,,1,2,2,2,2,0,2,0,2,0,6.6,6.6,6.6,47.848,441,441,0,3.858,NaN,NaN,NaN,1,1,Median,NaN,NaN,NaN,NaN,NaN,NaN,1,0,1,0,Median,Median,6.6,0,4661400,93659,4567700,4661400,93659,4567700,0,0,0,,,,738,1212;3503,True;True,1246;3620,1791;5276,2587;7572,2587;7572,,
sp|Q04869|YM94_YEAST,sp|Q04869|YM94_YEAST,5,5,5,,1,5,5,5,2,3,2,3,2,3,22.9,22.9,22.9,38.215,349,349,0,16.117,NaN,NaN,NaN,0,0,Median,NaN,NaN,NaN,NaN,NaN,NaN,0,0,0,0,Median,Median,11.2,11.7,4612400,0,4612400,1923600,0,1923600,2688900,0,2688900,,,,739,168;729;1502;2712;3458,True;True;True;True;True,170;751;1542;2802;3574,250;1087;2229;4076;5212,351;1548;3213;5873;7488,351;1548;3213;5873;7488,,
sp|Q04894|ADH6_YEAST,sp|Q04894|ADH6_YEAST,5,5,5,,1,5,5,5,2,4,2,4,2,4,16.9,16.9,16.9,39.617,360,360,0,22.477,NaN,NaN,NaN,0,0,Median,NaN,NaN,NaN,NaN,NaN,NaN,0,0,0,0,Median,Median,8.6,15.8,16188000,0,16188000,3946300,0,3946300,12242000,0,12242000,,,,740,314;315;1040;3646;4102,True;True;True;True;True,319;320;1070;3767;4243,465;466;1544;1545;5494;6267,657;658;659;2219;2220;7876;7877;9170,657;659;2219;7877;9170,,
sp|Q04947|RTN1_YEAST,sp|Q04947|RTN1_YEAST,9,9,9,,1,9,9,9,6,8,6,8,6,8,40.3,40.3,40.3,32.916,295,295,0,50.116,NaN,NaN,NaN,0,0,Median,NaN,NaN,NaN,NaN,NaN,NaN,0,0,0,0,Median,Median,30.8,38,70390000,0,70390000,24965000,0,24965000,45425000,0,45425000,,,,741,536;1956;2142;2143;2753;3181;3681;3874;3875,True;True;True;True;True;True;True;True;True,553;2011;2199;2200;2844;3281;3803;4005;4006,801;802;2902;3184;3185;3186;4143;4144;4797;5549;5550;5905;5906;5907,1140;1141;1142;1143;1144;4213;4214;4632;4633;4634;4635;5959;5960;5961;6882;7965;7966;7967;7968;8634;8635;8636,1144;4213;4632;4633;5959;6882;7966;8634;8636,,
sp|Q04951|SCW10_YEAST,sp|Q04951|SCW10_YEAST,1,1,1,,1,1,1,1,1,0,1,0,1,0,2.3,2.3,2.3,40.469,389,389,0.0077419,0.61416,NaN,NaN,NaN,0,0,Median,NaN,NaN,NaN,NaN,NaN,NaN,0,0,0,0,Median,Median,2.3,0,476990,0,476990,476990,0,476990,0,0,0,,,,742,1609,TRUE,1650,2383,3434,3434,,
sp|Q05016|YM71_YEAST,sp|Q05016|YM71_YEAST,3,3,3,,1,3,3,3,3,2,3,2,3,2,18.7,18.7,18.7,29.158,267,267,0,16.779,NaN,NaN,NaN,1,1,Median,NaN,NaN,NaN,NaN,NaN,NaN,0,1,0,1,Median,Median,18.7,13.9,8000400,23960,7976400,3686400,0,3686400,4313900,23960,4290000,,,,743,2800;3796;4125,True;True;True,2895;3924;4266,4225;4226;5779;5780;6297,6093;6094;6095;8433;8434;8435;9218,6095;8435;9218,,
sp|Q05022|RRP5_YEAST,sp|Q05022|RRP5_YEAST,4,4,4,,1,4,4,4,3,3,3,3,3,3,3.7,3.7,3.7,193.13,1729,1729,0,11.887,NaN,NaN,NaN,0,0,Median,NaN,NaN,NaN,NaN,NaN,NaN,0,0,0,0,Median,Median,2.4,3,7245700,0,7245700,2983700,0,2983700,4262000,0,4262000,,,,744,420;732;1833;2254,True;True;True;True,436;754;1881;2315,630;631;1090;2712;3341;3342,904;905;1551;3932;4842;4843,905;1551;3932;4843,,
sp|Q05050|EIS1_YEAST,sp|Q05050|EIS1_YEAST,1,1,1,,1,1,1,1,1,1,1,1,1,1,2,2,2,93.344,843,843,0,4.535,NaN,NaN,NaN,0,0,Median,NaN,NaN,NaN,NaN,NaN,NaN,0,0,0,0,Median,Median,2,2,1604100,0,1604100,794780,0,794780,809340,0,809340,,,,745,798,TRUE,823,1190;1191,1722;1723,1723,,
sp|Q05359|ERP1_YEAST,sp|Q05359|ERP1_YEAST,2,2,2,,1,2,2,2,1,1,1,1,1,1,9.6,9.6,9.6,24.723,219,219,0.0014493,1.2463,NaN,NaN,NaN,0,0,Median,NaN,NaN,NaN,NaN,NaN,NaN,0,0,0,0,Median,Median,5.5,4.1,1128700,327450,801270,327450,327450,0,801270,0,801270,,,,746,1307;1442,True;True,1342;1482,1922;2141,2762;3086,2762;3086,,
sp|Q05506|SYRC_YEAST,sp|Q05506|SYRC_YEAST,9,9,9,,1,9,9,9,7,6,7,6,7,6,19.3,19.3,19.3,69.524,607,607,0,33.197,NaN,NaN,NaN,0,0,Median,NaN,NaN,NaN,NaN,NaN,NaN,0,0,0,0,Median,Median,17.1,12.7,30254000,0,30254000,13737000,0,13737000,16517000,0,16517000,,,,747,408;702;733;1315;1872;2857;3611;4421;4475,True;True;True;True;True;True;True;True;True,424;722;755;1350;1923;2953;3732;4571;4629,615;616;1045;1091;1932;1933;2774;4322;5439;6748;6749;6842;6843,888;889;1487;1552;2774;2775;4021;6240;7806;9902;9903;10044;10045;10046,889;1487;1552;2775;4021;6240;7806;9902;10044,,
sp|Q05515|SVF1_YEAST,sp|Q05515|SVF1_YEAST,1,1,1,,1,1,1,1,0,1,0,1,0,1,2.3,2.3,2.3,54.367,481,481,0,1.8137,NaN,NaN,NaN,0,0,Median,NaN,NaN,NaN,NaN,NaN,NaN,0,0,0,0,Median,Median,0,2.3,1324900,0,1324900,0,0,0,1324900,0,1324900,,,,748,511,TRUE,527,765,1098,1098,,
sp|Q05584|GLO2_YEAST,sp|Q05584|GLO2_YEAST,1,1,1,,1,1,1,1,1,0,1,0,1,0,5.5,5.5,5.5,31.326,274,274,0.0053836,0.88962,NaN,NaN,NaN,0,0,Median,NaN,NaN,NaN,NaN,NaN,NaN,0,0,0,0,Median,Median,5.5,0,818990,0,818990,818990,0,818990,0,0,0,,,,749,3896,TRUE,4027,5941,8683,8683,,
sp|Q05672|RBS1_YEAST,sp|Q05672|RBS1_YEAST,1,1,1,,1,1,1,1,1,1,1,1,1,1,3.9,3.9,3.9,51.956,457,457,0.0098522,0.34802,NaN,NaN,NaN,0,0,Median,NaN,NaN,NaN,NaN,NaN,NaN,0,0,0,0,Median,Median,3.9,3.9,3702400,0,3702400,2505900,0,2505900,1196400,0,1196400,,,,750,1451,TRUE,1491,2155;2156,3101;3102,3101,,
sp|Q05775|EIF3J_YEAST,sp|Q05775|EIF3J_YEAST,2,2,2,,1,2,2,2,2,2,2,2,2,2,9.8,9.8,9.8,29.564,265,265,0,13.632,NaN,NaN,NaN,0,0,Median,NaN,NaN,NaN,NaN,NaN,NaN,0,0,0,0,Median,Median,9.8,9.8,10564000,0,10564000,4833000,0,4833000,5730900,0,5730900,,,,751,299;748,True;True,304;770,444;445;1110;1111,630;631;1581;1582,631;1581,,
sp|Q05788|PNPH_YEAST,sp|Q05788|PNPH_YEAST,1,1,1,,1,1,1,1,0,1,0,1,0,1,4.8,4.8,4.8,33.755,311,311,0,6.0024,NaN,NaN,NaN,0,0,Median,NaN,NaN,NaN,NaN,NaN,NaN,0,0,0,0,Median,Median,0,4.8,1138500,0,1138500,0,0,0,1138500,0,1138500,,,,752,3217,TRUE,3320,4849,6956,6956,,
sp|Q05905|HRI1_YEAST,sp|Q05905|HRI1_YEAST,4,4,4,,1,4,4,4,1,3,1,3,1,3,25,25,25,27.5,244,244,0,33.256,NaN,NaN,NaN,0,0,Median,NaN,NaN,NaN,NaN,NaN,NaN,0,0,0,0,Median,Median,6.6,25,7119200,0,7119200,0,0,0,7119200,0,7119200,,,,753,1826;2770;2771;3236,True;True;True;True,1874;2863;2864;3341,2703;4172;4173;4879,3922;6001;6002;6994,3922;6001;6002;6994,,
sp|Q05911|PUR8_YEAST,sp|Q05911|PUR8_YEAST,7,7,7,,1,7,7,7,6,5,6,5,6,5,18.7,18.7,18.7,54.51,482,482,0,22.249,8.3545,3.0296,217.07,3,3,Plateau,NaN,1.209,NaN,0.58187,NaN,233.33,1,2,1,2,Median,Median,16.2,14.1,25308000,1692100,23616000,11061000,107290,10953000,14247000,1584900,12663000,,,,754,751;1383;1430;3474;4045;4402;4552,True;True;True;True;True;True;True,773;1422;1470;3590;4185;4551;4706,1114;2053;2119;2120;5232;5233;6173;6174;6721;6953;6954,1587;2971;3058;3059;3060;3061;7515;7516;9048;9049;9861;10193;10194,1587;2971;3058;7516;9048;9861;10193,,
sp|Q06089|YP098_YEAST,sp|Q06089|YP098_YEAST,1,1,1,,1,1,1,1,1,0,1,0,1,0,6.2,6.2,6.2,17.731,161,161,0,1.5801,NaN,NaN,NaN,0,0,Median,NaN,NaN,NaN,NaN,NaN,NaN,0,0,0,0,Median,Median,6.2,0,0,0,0,0,0,0,0,0,0,,,,755,1954,TRUE,2009,2899,4209,4209,,
sp|Q06103|RPN7_YEAST,sp|Q06103|RPN7_YEAST,1,1,1,,1,1,1,1,1,0,1,0,1,0,5.1,5.1,5.1,48.958,429,429,0,2.0872,NaN,NaN,NaN,0,0,Median,NaN,NaN,NaN,NaN,NaN,NaN,0,0,0,0,Median,Median,5.1,0,1627900,0,1627900,1627900,0,1627900,0,0,0,,,,756,3466,TRUE,3582,5223,7504;7505,7504,,
sp|Q06142|IMB1_YEAST,sp|Q06142|IMB1_YEAST,1,1,1,,1,1,1,1,1,1,1,1,1,1,1.7,1.7,1.7,94.775,861,861,0,4.4862,NaN,NaN,NaN,0,0,Median,NaN,NaN,NaN,NaN,NaN,NaN,0,0,0,0,Median,Median,1.7,1.7,1303900,0,1303900,447390,0,447390,856510,0,856510,,,,757,1589,TRUE,1629,2350;2351,3386;3387,3387,,
sp|Q06252|YL179_YEAST,sp|Q06252|YL179_YEAST,1,1,1,,1,1,1,1,1,0,1,0,1,0,5,5,5,22.151,201,201,0,3.1916,NaN,NaN,NaN,0,0,Median,NaN,NaN,NaN,NaN,NaN,NaN,0,0,0,0,Median,Median,5,0,1744300,0,1744300,1744300,0,1744300,0,0,0,,,,758,3512,TRUE,3629,5291,7599,7599,,
sp|Q06440|CORO_YEAST,sp|Q06440|CORO_YEAST,2,2,2,,1,2,2,2,1,1,1,1,1,1,3.7,3.7,3.7,72.552,651,651,0.010063,0.41367,NaN,NaN,NaN,1,1,Median,NaN,NaN,NaN,NaN,NaN,NaN,1,0,1,0,Median,Median,1.8,1.8,940860,59080,881780,611250,59080,552170,329610,0,329610,,,,759,1705;3188,True;True,1749;3288,2523;4806,3647;6896,3647;6896,,
sp|Q06489|MTNA_YEAST,sp|Q06489|MTNA_YEAST,1,1,1,,1,1,1,1,1,0,1,0,1,0,4.4,4.4,4.4,45.02,411,411,0,3.6129,NaN,NaN,NaN,0,0,Median,NaN,NaN,NaN,NaN,NaN,NaN,0,0,0,0,Median,Median,4.4,0,1210500,0,1210500,1210500,0,1210500,0,0,0,,,,760,18,TRUE,18,27,35,35,,
sp|Q06511|RRP15_YEAST,sp|Q06511|RRP15_YEAST,2,2,2,,1,2,2,2,0,2,0,2,0,2,11.6,11.6,11.6,28.212,250,250,0,2.435,NaN,NaN,NaN,0,0,Median,NaN,NaN,NaN,NaN,NaN,NaN,0,0,0,0,Median,Median,0,11.6,1854300,0,1854300,0,0,0,1854300,0,1854300,,,,761,2103;3707,True;True,2158;3829,3120;5595,4519;8040,4519;8040,,
sp|Q06543|GPN3_YEAST,sp|Q06543|GPN3_YEAST,1,1,1,,1,1,1,1,1,0,1,0,1,0,5.5,5.5,5.5,30.653,272,272,0,3.3506,NaN,NaN,NaN,0,0,Median,NaN,NaN,NaN,NaN,NaN,NaN,0,0,0,0,Median,Median,5.5,0,638200,0,638200,638200,0,638200,0,0,0,,,,762,3506,TRUE,3623,5281,7577,7577,,
sp|Q06706|ELP1_YEAST,sp|Q06706|ELP1_YEAST,1,1,1,,1,1,1,1,0,1,0,1,0,1,0.8,0.8,0.8,152.99,1349,1349,0.004065,0.94699,NaN,NaN,NaN,0,0,Median,NaN,NaN,NaN,NaN,NaN,NaN,0,0,0,0,Median,Median,0,0.8,911280,0,911280,0,0,0,911280,0,911280,,,,763,2766,TRUE,2858,4166,5994,5994,,
sp|Q07362|PBP4_YEAST,sp|Q07362|PBP4_YEAST,2,2,2,,1,2,2,2,0,2,0,2,0,2,25.4,25.4,25.4,19.881,185,185,0,2.1409,NaN,NaN,NaN,0,0,Median,NaN,NaN,NaN,NaN,NaN,NaN,0,0,0,0,Median,Median,0,25.4,1664700,0,1664700,0,0,0,1664700,0,1664700,,,,764,432;3794,True;True,448;3922,647;5777,924;925;8431,925;8431,,
sp|Q07451|YET3_YEAST,sp|Q07451|YET3_YEAST,2,2,2,,1,2,2,2,1,1,1,1,1,1,11.3,11.3,11.3,22.902,203,203,0,4.4907,NaN,NaN,NaN,0,0,Median,NaN,NaN,NaN,NaN,NaN,NaN,0,0,0,0,Median,Median,7.9,11.3,911960,0,911960,349150,0,349150,562820,0,562820,,,,765,2672;2673,True;True,2759;2760,4021;4022,5783;5784,5783;5784,,
sp|Q07478|SUB2_YEAST,sp|Q07478|SUB2_YEAST,13,13,13,,1,13,13,13,7,10,7,10,7,10,41.3,41.3,41.3,50.308,446,446,0,60.932,4.0277,4.6602,121.31,2,2,Median,NaN,4.0277,NaN,4.6602,NaN,121.31,0,2,0,2,Median,Median,18.4,37.2,73740000,1893100,71847000,21227000,0,21227000,52513000,1893100,50620000,,,,766,9;210;308;583;1241;1242;1300;1828;2246;2441;2699;2902;3694,True;True;True;True;True;True;True;True;True;True;True;True;True,9;214;313;600;1275;1276;1335;1876;2307;2508;2789;2999;3816,14;309;456;868;1832;1833;1914;2705;2706;3328;3329;3330;3620;3621;3622;3623;4060;4393;5573;5574,20;21;425;426;427;645;1241;2646;2647;2751;3924;3925;4826;4827;4828;4829;5228;5229;5230;5231;5854;6332;8007;8008;8009,20;425;645;1241;2646;2647;2751;3925;4828;5230;5854;6332;8007,,
sp|Q07541|YD121_YEAST,sp|Q07541|YD121_YEAST,1,1,1,,1,1,1,1,1,0,1,0,1,0,12.8,12.8,12.8,16.947,149,149,0,9.7289,NaN,NaN,NaN,1,1,Median,NaN,NaN,NaN,NaN,NaN,NaN,1,0,1,0,Median,Median,12.8,0,1616500,109600,1506900,1616500,109600,1506900,0,0,0,,,,767,744,TRUE,766,1106,1577,1577,,
sp|Q07551|KAR_YEAST,sp|Q07551|KAR_YEAST,3,3,3,,1,3,3,3,2,2,2,2,2,2,16.7,16.7,16.7,35.56,312,312,0,10.041,NaN,NaN,NaN,0,0,Median,NaN,NaN,NaN,NaN,NaN,NaN,0,0,0,0,Median,Median,12.2,12.8,6848100,0,6848100,2616600,0,2616600,4231400,0,4231400,,,,768,3062;3230;3989,True;True;True,3160;3335;4126,4626;4872;6093;6094,6642;6985;8925;8926,6642;6985;8926,,
sp|Q07807|PUF3_YEAST,sp|Q07807|PUF3_YEAST,1,1,1,,1,1,1,1,0,1,0,1,0,1,1.1,1.1,1.1,98.067,879,879,0.0078125,0.65347,NaN,NaN,NaN,0,0,Median,NaN,NaN,NaN,NaN,NaN,NaN,0,0,0,0,Median,Median,0,1.1,0,0,0,0,0,0,0,0,0,,,,769,2485,TRUE,2552,3687,5325,5325,,
sp|Q07915|RLP24_YEAST,sp|Q07915|RLP24_YEAST,3,3,3,,1,3,3,3,2,3,2,3,2,3,13.6,13.6,13.6,23.975,199,199,0,2.2951,3.354,4.3592,93.067,2,2,Median,NaN,NaN,NaN,NaN,NaN,NaN,1,1,1,1,Median,Median,5.5,13.6,12295000,1098600,11197000,3345200,66445,3278800,8950000,1032200,7917800,,,,770,311;1449;2847,True;True;True,316;1489;2943,461;462;2151;2152;4308,652;653;654;3096;3097;6224,653;3097;6224,,
sp|Q07938|MTAP_YEAST,sp|Q07938|MTAP_YEAST,1,1,1,,1,1,1,1,0,1,0,1,0,1,3.3,3.3,3.3,37.856,337,337,0,1.7542,NaN,NaN,NaN,0,0,Median,NaN,NaN,NaN,NaN,NaN,NaN,0,0,0,0,Median,Median,0,3.3,0,0,0,0,0,0,0,0,0,,,,771,3346,TRUE,3454,5043,7236,7236,,
sp|Q07953|SDO1_YEAST,sp|Q07953|SDO1_YEAST,1,1,1,,1,1,1,1,1,0,1,0,1,0,4,4,4,28.283,250,250,0,1.3784,NaN,NaN,NaN,0,0,Median,NaN,NaN,NaN,NaN,NaN,NaN,0,0,0,0,Median,Median,4,0,626020,0,626020,626020,0,626020,0,0,0,,,,772,2868,TRUE,2964,4338,6260,6260,,
sp|Q08208|NOP12_YEAST,sp|Q08208|NOP12_YEAST,4,4,4,,1,4,4,4,4,2,4,2,4,2,12,12,12,51.941,459,459,0,8.0626,2.0145,0.19607,291.24,2,2,Median,NaN,NaN,NaN,NaN,NaN,NaN,1,1,1,1,Median,Median,12,6.5,6890700,588950,6301700,4560300,333610,4226700,2330300,255340,2075000,,,,773,75;2247;3705;3993,True;True;True;True,75;2308;3827;4132,112;3331;3332;5592;5593;6104,157;158;4830;4831;8037;8038;8941;8942,157;4830;8037;8941,,
sp|Q08245|ZEO1_YEAST,sp|Q08245|ZEO1_YEAST,17,17,17,,1,17,17,17,11,14,11,14,11,14,61.1,61.1,61.1,12.589,113,113,0,264.92,NaN,NaN,NaN,1,1,Median,NaN,NaN,NaN,NaN,NaN,NaN,0,1,0,1,Median,Median,61.1,61.1,162390000,564300,161820000,90355000,0,90355000,72032000,564300,71468000,,,,774,108;109;830;831;926;927;935;936;1274;1779;1780;2066;2067;2677;2678;3246;3247,True;True;True;True;True;True;True;True;True;True;True;True;True;True;True;True;True,109;110;855;856;954;955;963;964;1309;1827;1828;2121;2122;2764;2765;3351;3352,160;161;162;163;1234;1235;1236;1373;1374;1375;1376;1377;1388;1389;1872;2633;2634;2635;3069;3070;3071;4027;4028;4894;4895;4896;4897,230;231;232;233;234;235;1781;1782;1783;1784;1785;1959;1960;1961;1962;1963;1964;1965;1977;1978;2693;3831;3832;3833;3834;4439;4440;4441;5791;5792;7015;7016;7017;7018;7019;7020;7021,231;235;1781;1785;1961;1962;1977;1978;2693;3832;3834;4439;4441;5791;5792;7017;7020,,
sp|Q08421|ETT1_YEAST,sp|Q08421|ETT1_YEAST,1,1,1,,1,1,1,1,0,1,0,1,0,1,2.4,2.4,2.4,47.351,412,412,0,1.3475,NaN,NaN,NaN,1,1,Median,NaN,NaN,NaN,NaN,NaN,NaN,0,1,0,1,Median,Median,0,2.4,1653100,156060,1497100,0,0,0,1653100,156060,1497100,,,,775,2223,TRUE,2283,3296,4777,4777,,
sp|Q08601|MCA1_YEAST,sp|Q08601|MCA1_YEAST,2,2,2,,1,2,2,2,1,2,1,2,1,2,7.2,7.2,7.2,47.982,432,432,0,13.754,NaN,NaN,NaN,0,0,Median,NaN,NaN,NaN,NaN,NaN,NaN,0,0,0,0,Median,Median,2.8,7.2,4746300,0,4746300,910160,0,910160,3836100,0,3836100,,,,776,272;4232,True;True,277;4378,400;401;6474,562;563;9501,562;9501,,
sp|Q08647|PUS7_YEAST,sp|Q08647|PUS7_YEAST,1,1,1,,1,1,1,1,1,1,1,1,1,1,3.6,3.6,3.6,77.001,676,676,0,12.546,1.9869,2.3739,53.145,2,2,Median,NaN,NaN,NaN,NaN,NaN,NaN,1,1,1,1,Median,Median,3.6,3.6,6589000,1007800,5581200,2455700,700040,1755600,4133300,307730,3825600,,,,777,3222,TRUE,3325,4855;4856,6963;6964,6964,,
sp|Q08723|RPN8_YEAST,sp|Q08723|RPN8_YEAST,1,1,1,,1,1,1,1,1,0,1,0,1,0,7.1,7.1,7.1,38.312,338,338,0,13.01,NaN,NaN,NaN,0,0,Median,NaN,NaN,NaN,NaN,NaN,NaN,0,0,0,0,Median,Median,7.1,0,1787700,0,1787700,1787700,0,1787700,0,0,0,,,,778,4325,TRUE,4472,6604,9687,9687,,
sp|Q08745|RS10A_YEAST;sp|P46784|RS10B_YEAST,sp|Q08745|RS10A_YEAST;sp|P46784|RS10B_YEAST,4;3,4;3,4;3,;,2,4,4,4,3,3,3,3,3,3,29.5,29.5,29.5,12.739,105,105;105,0,15.82,17.428,2.7746,130.79,2,2,Median,17.428,NaN,2.7746,NaN,130.79,NaN,2,0,2,0,Median,Median,29.5,24.8,107110000,608350,106500000,34691000,608350,34083000,72418000,0,72418000,,,,779,291;292;813;1518,True;True;True;True,296;297;838;1558,432;433;434;435;436;1210;2253;2254,612;613;614;615;616;617;618;1750;3246;3247,612;618;1750;3246,,
sp|Q08965|BMS1_YEAST,sp|Q08965|BMS1_YEAST,2,2,2,,1,2,2,2,0,2,0,2,0,2,2.5,2.5,2.5,135.57,1183,1183,0.0089514,0.54956,NaN,NaN,NaN,0,0,Median,NaN,NaN,NaN,NaN,NaN,NaN,0,0,0,0,Median,Median,0,2.5,393610,0,393610,0,0,0,393610,0,393610,,,,780,1122;1765,True;True,1153;1812,1668;2615,2401;3804,2401;3804,,
sp|Q08971|YP225_YEAST,sp|Q08971|YP225_YEAST,1,1,1,,1,1,1,1,0,1,0,1,0,1,4.8,4.8,4.8,17.445,146,146,0.004104,0.98637,NaN,NaN,NaN,0,0,Median,NaN,NaN,NaN,NaN,NaN,NaN,0,0,0,0,Median,Median,0,4.8,1337100,0,1337100,0,0,0,1337100,0,1337100,,,,781,1057,TRUE,1087,1573,2266,2266,,
sp|Q08972|NEW1_YEAST,sp|Q08972|NEW1_YEAST,7,7,7,,1,7,7,7,3,5,3,5,3,5,9.4,9.4,9.4,134.33,1196,1196,0,27.15,5.8673,5.1285,107.54,5,5,Median,7.202,5.4422,7.666,3.476,56.85,125.14,2,3,2,3,Median,Median,4.3,7.6,19509000,2967000,16542000,6017800,1182500,4835300,13491000,1784500,11707000,,,,782,1262;2010;2203;2619;3680;3982;4351,True;True;True;True;True;True;True,1297;2065;2261;2701;3802;4119;4500,1858;2987;3266;3928;5548;6083;6646;6647,2675;4333;4739;5658;7963;7964;8913;9744;9745,2675;4333;4739;5658;7963;8913;9744,,
sp|Q08977|YP260_YEAST,sp|Q08977|YP260_YEAST,1,1,1,,1,1,1,1,1,1,1,1,1,1,2.2,2.2,2.2,62.779,551,551,0.0089744,0.56541,NaN,NaN,NaN,0,0,Median,NaN,NaN,NaN,NaN,NaN,NaN,0,0,0,0,Median,Median,2.2,2.2,1538300,0,1538300,868190,0,868190,670110,0,670110,,,,783,2214,TRUE,2272,3280;3281,4756;4757,4756,,
sp|Q12019|MDN1_YEAST,sp|Q12019|MDN1_YEAST,1,1,1,,1,1,1,1,0,1,0,1,0,1,0.2,0.2,0.2,559.3,4910,4910,0.01,0.40318,NaN,NaN,NaN,0,0,Median,NaN,NaN,NaN,NaN,NaN,NaN,0,0,0,0,Median,Median,0,0.2,0,0,0,0,0,0,0,0,0,,,,784,4088,TRUE,4229,6247,9143,9143,,
sp|Q12024|YTM1_YEAST,sp|Q12024|YTM1_YEAST,1,1,1,,1,1,1,1,1,1,1,1,1,1,2.2,2.2,2.2,51.358,460,460,0,2.0408,NaN,NaN,NaN,1,1,Median,NaN,NaN,NaN,NaN,NaN,NaN,0,1,0,1,Median,Median,2.2,2.2,2964300,404070,2560200,1072200,0,1072200,1892100,404070,1488000,,,,785,4104,TRUE,4245,6269;6270,9172;9173,9173,,
sp|Q12060|HFI1_YEAST,sp|Q12060|HFI1_YEAST,1,1,1,,1,1,1,1,1,0,1,0,1,0,1.6,1.6,1.6,54.466,488,488,1,-2,NaN,NaN,NaN,0,0,Median,NaN,NaN,NaN,NaN,NaN,NaN,0,0,0,0,Median,Median,1.6,0,7758800,0,7758800,7758800,0,7758800,0,0,0,+,,,786,2795,TRUE,2890,4217,6082,6082,142,198
sp|Q12074|SPEE_YEAST,sp|Q12074|SPEE_YEAST,11,11,11,,1,11,11,11,8,8,8,8,8,8,54.3,54.3,54.3,33.324,293,293,0,50.997,14.827,9.6041,263.1,2,2,Median,NaN,14.827,NaN,9.6041,NaN,263.1,0,2,0,2,Median,Median,42,30,37986000,168560,37818000,20735000,0,20735000,17251000,168560,17083000,,,,787,344;345;782;783;986;1835;1836;3373;3595;4220;4562,True;True;True;True;True;True;True;True;True;True;True,356;357;806;807;1014;1883;1884;3484;3714;4366;4716,519;520;1166;1167;1168;1169;1462;2714;2715;2716;5088;5089;5413;6453;6454;6965,755;756;757;758;1685;1686;1687;1688;1689;2085;3934;3935;3936;7299;7300;7763;9477;9478;10205,756;757;1685;1689;2085;3934;3936;7299;7763;9478;10205,,
sp|Q12109|SYWC_YEAST,sp|Q12109|SYWC_YEAST,5,5,5,,1,5,5,5,2,5,2,5,2,5,16.2,16.2,16.2,49.35,432,432,0,5.5807,NaN,NaN,NaN,1,1,Median,NaN,NaN,NaN,NaN,NaN,NaN,1,0,1,0,Median,Median,5.1,16.2,12582000,121330,12460000,4402500,121330,4281200,8179200,0,8179200,,,,788,1850;2437;2612;2907;4338,True;True;True;True;True,1898;2504;2694;3004;4487,2736;3614;3918;4399;4400;6626;6627,3958;5220;5646;6338;6339;9719;9720,3958;5220;5646;6338;9720,,
sp|Q12112|YN11B_YEAST;sp|Q12391|YN11A_YEAST,sp|Q12112|YN11B_YEAST,9;4,1;1,0;0,,2,9,1,0,8,6,1,0,0,0,6.7,0.9,0,199,1755,1755;440,0,1.8458,NaN,NaN,NaN,0,0,Median,NaN,NaN,NaN,NaN,NaN,NaN,0,0,0,0,Median,Median,6.6,5.2,0,0,0,0,0,0,0,0,0,,,,789,505;969;1877;2553;2554;2720;3106;3117;3983,False;False;False;False;False;False;False;False;True,521;997;1928;2627;2628;2629;2810;3205;3216;4120,754;755;1435;1436;2783;3817;3818;3819;3820;4086;4692;4693;4694;4710;6084,1072;1073;1074;2048;2049;4030;5507;5508;5509;5510;5511;5512;5885;6738;6739;6740;6759;8914,1072;2049;4030;5507;5510;5885;6740;6759;8914,3,1
sp|Q12117|MRH1_YEAST,sp|Q12117|MRH1_YEAST,1,1,1,,1,1,1,1,1,0,1,0,1,0,10.3,10.3,10.3,36.19,320,320,0,1.5606,NaN,NaN,NaN,0,0,Median,NaN,NaN,NaN,NaN,NaN,NaN,0,0,0,0,Median,Median,10.3,0,1655100,0,1655100,1655100,0,1655100,0,0,0,,,,790,2151,TRUE,2208,3196,4649;4650,4649,,
sp|Q12118|SGT2_YEAST,sp|Q12118|SGT2_YEAST,12,12,12,,1,12,12,12,10,6,10,6,10,6,43.4,43.4,43.4,37.218,346,346,0,43.667,8.323,5.2394,180.16,4,4,Median,8.5514,NaN,5.3056,NaN,216.64,NaN,3,1,3,1,Median,Median,43.4,23.1,43988000,1005900,42982000,23310000,646160,22664000,20678000,359720,20318000,,,,791,88;585;822;1275;1848;1921;2595;4068;4171;4205;4206;4453,True;True;True;True;True;True;True;True;True;True;True;True,89;602;847;1310;1896;1973;2674;4209;4316;4351;4352;4607,130;870;1223;1224;1873;2733;2845;3891;3892;6213;6214;6377;6429;6430;6807;6808,186;1243;1767;1768;2694;3955;4108;5606;5607;9098;9099;9351;9444;9445;9990;9991,186;1243;1767;2694;3955;4108;5607;9099;9351;9444;9445;9991,,
sp|Q12122|HOSM_YEAST,sp|Q12122|HOSM_YEAST,6,6,2,,1,6,6,2,4,2,4,2,1,1,21.1,21.1,7,48.594,440,440,0,21.498,4.0405,4.8908,351.38,3,3,Median,1.8688,NaN,0.25796,NaN,434.99,NaN,2,1,2,1,Median,Median,12.3,8.9,13454000,1878600,11575000,7425500,1548600,5877000,6028400,330040,5698300,,,,792,715;1513;2123;2574;3192;4009,True;True;True;True;True;True,735;1553;2180;2649;3292;4148,1060;2246;3160;3847;4811;6127,1503;3237;4600;4601;5543;6901;8983,1503;3237;4600;5543;6901;8983,,
sp|Q12125|GET4_YEAST,sp|Q12125|GET4_YEAST,2,2,2,,1,2,2,2,2,1,2,1,2,1,3.8,3.8,3.8,36.28,312,312,0,3.8576,NaN,NaN,NaN,0,0,Median,NaN,NaN,NaN,NaN,NaN,NaN,0,0,0,0,Median,Median,3.8,3.8,2512200,0,2512200,1433900,0,1433900,1078300,0,1078300,,,,793,2632;4260,True;True,2718;4406,3956;3957;6514,5699;5700;9570,5700;9570,,
sp|Q12154|GET3_YEAST,sp|Q12154|GET3_YEAST,5,5,5,,1,5,5,5,3,4,3,4,3,4,17.8,17.8,17.8,39.353,354,354,0,16.251,NaN,NaN,NaN,1,1,Median,NaN,NaN,NaN,NaN,NaN,NaN,1,0,1,0,Median,Median,9.6,15.8,11865000,124000,11741000,5639800,124000,5515800,6225200,0,6225200,,,,794,1100;1137;2535;2912;4420,True;True;True;True;True,1130;1169;2602;3009;4570,1632;1689;3764;4409;4410;6746;6747,2354;2430;5435;6352;6353;9900;9901,2354;2430;5435;6353;9900,,
sp|Q12159|YRA1_YEAST,sp|Q12159|YRA1_YEAST,5,5,5,,1,5,5,5,3,3,3,3,3,3,25.2,25.2,25.2,24.955,226,226,0,6.6497,NaN,NaN,NaN,1,1,Median,NaN,NaN,NaN,NaN,NaN,NaN,0,1,0,1,Median,Median,12.4,15.9,10084000,311530,9772000,4359700,0,4359700,5723900,311530,5412300,,,,795,319;3027;3374;3380;4257,True;True;True;True;True,326;3124;3485;3491;4403,476;4576;5090;5091;5099;6511,688;6570;7301;7302;7311;9567,688;6570;7301;7311;9567,,
sp|Q12166|LEU9_YEAST,sp|Q12166|LEU9_YEAST,3,3,2,,1,3,3,2,1,2,1,2,1,1,6.6,6.6,5,67.199,604,604,0,3.5729,NaN,NaN,NaN,0,0,Median,NaN,NaN,NaN,NaN,NaN,NaN,0,0,0,0,Median,Median,1.7,5,8898900,0,8898900,541570,0,541570,8357300,0,8357300,,,,796,2640;3130;3389,True;True;True,2726;3229;3501,3966;4730;5118,5711;6785;7361,5711;6785;7361,,
sp|Q12176|MAK21_YEAST,sp|Q12176|MAK21_YEAST,2,2,2,,1,2,2,2,2,0,2,0,2,0,2.5,2.5,2.5,116.68,1025,1025,0,5.9245,NaN,NaN,NaN,1,1,Median,NaN,NaN,NaN,NaN,NaN,NaN,1,0,1,0,Median,Median,2.5,0,517030,139580,377460,517030,139580,377460,0,0,0,,,,797,1630;3719,True;True,1674;3842,2424;5612,3518;8063,3518;8063,,
sp|Q12178|FCY1_YEAST,sp|Q12178|FCY1_YEAST,3,3,3,,1,3,3,3,2,2,2,2,2,2,31,31,31,17.507,158,158,0,18.67,NaN,NaN,NaN,0,0,Median,NaN,NaN,NaN,NaN,NaN,NaN,0,0,0,0,Median,Median,22.8,21.5,5928000,0,5928000,2299700,0,2299700,3628300,0,3628300,,,,798,657;1229;1290,True;True;True,676;1263;1325,984;1816;1893;1894;1895,1404;2619;2723;2724;2725;2726,1404;2619;2726,,
sp|Q12189|RPIA_YEAST,sp|Q12189|RPIA_YEAST,2,2,2,,1,2,2,2,1,1,1,1,1,1,16.3,16.3,16.3,28.258,258,258,0,6.3751,NaN,NaN,NaN,0,0,Median,NaN,NaN,NaN,NaN,NaN,NaN,0,0,0,0,Median,Median,9.7,6.6,3134400,0,3134400,3134400,0,3134400,0,0,0,,,,799,1532;2854,True;True,1572;2950,2274;4319,3273;3274;6237,3273;6237,,
sp|Q12211|PUS1_YEAST,sp|Q12211|PUS1_YEAST,1,1,1,,1,1,1,1,1,1,1,1,1,1,3.3,3.3,3.3,62.142,544,544,0,5.7339,NaN,NaN,NaN,1,1,Median,NaN,NaN,NaN,NaN,NaN,NaN,0,1,0,1,Median,Median,3.3,3.3,3422100,674320,2747700,946430,0,946430,2475600,674320,1801300,,,,800,135,TRUE,136,201;202,278;279,279,,
sp|Q12230|LSP1_YEAST,sp|Q12230|LSP1_YEAST,3,3,3,,1,3,3,3,1,3,1,3,1,3,11.7,11.7,11.7,38.071,341,341,0,10.241,11.128,6.1244,5.4488,2,2,Median,NaN,11.128,NaN,6.1244,NaN,5.4488,0,2,0,2,Median,Median,2.6,11.7,14037000,297220,13740000,2667700,0,2667700,11370000,297220,11073000,,,,801,1012;2205;2636,True;True;True,1041;2263;2722,1499;1500;3268;3962,2140;2141;4741;5706,2140;4741;5706,,
sp|Q12250|RPN5_YEAST,sp|Q12250|RPN5_YEAST,1,1,1,,1,1,1,1,1,0,1,0,1,0,2.2,2.2,2.2,51.768,445,445,0,1.6396,NaN,NaN,NaN,0,0,Median,NaN,NaN,NaN,NaN,NaN,NaN,0,0,0,0,Median,Median,2.2,0,0,0,0,0,0,0,0,0,0,,,,802,1860,TRUE,1909,2753,3980,3980,,
sp|Q12265|KPR5_YEAST,sp|Q12265|KPR5_YEAST,1,1,1,,1,1,1,1,0,1,0,1,0,1,5.4,5.4,5.4,53.504,496,496,0.0027778,1.038,NaN,NaN,NaN,0,0,Median,NaN,NaN,NaN,NaN,NaN,NaN,0,0,0,0,Median,Median,0,5.4,1966100,0,1966100,0,0,0,1966100,0,1966100,,,,803,3184,TRUE,3284,4800,6887,6887,,
sp|Q12285|MDY2_YEAST,sp|Q12285|MDY2_YEAST,3,3,3,,1,3,3,3,3,3,3,3,3,3,25.5,25.5,25.5,23.732,212,212,0,16.109,NaN,NaN,NaN,0,0,Median,NaN,NaN,NaN,NaN,NaN,NaN,0,0,0,0,Median,Median,25.5,25.5,10141000,0,10141000,4759900,0,4759900,5380800,0,5380800,,,,804,1105;3585;4334,True;True;True,1136;3704;4482,1643;1644;5394;5395;6618;6619,2369;2370;7733;7734;7735;9708;9709;9710;9711,2369;7735;9710,,
sp|Q12306|SMT3_YEAST,sp|Q12306|SMT3_YEAST,1,1,1,,1,1,1,1,1,0,1,0,1,0,12.9,12.9,12.9,11.597,101,101,0.0040761,0.95604,NaN,NaN,NaN,0,0,Median,NaN,NaN,NaN,NaN,NaN,NaN,0,0,0,0,Median,Median,12.9,0,2745700,0,2745700,2745700,0,2745700,0,0,0,,,,805,3922,TRUE,4053,5980,8740;8741,8741,,
sp|Q12314|SFM1_YEAST,sp|Q12314|SFM1_YEAST,1,1,1,,1,1,1,1,1,0,1,0,1,0,6.6,6.6,6.6,24.743,213,213,0.0053548,0.83496,NaN,NaN,NaN,0,0,Median,NaN,NaN,NaN,NaN,NaN,NaN,0,0,0,0,Median,Median,6.6,0,1335800,0,1335800,1335800,0,1335800,0,0,0,,,,806,2676,TRUE,2763,4026,5789;5790,5789,,
sp|Q12335|PST2_YEAST,sp|Q12335|PST2_YEAST,2,2,2,,1,2,2,2,2,1,2,1,2,1,18.7,18.7,18.7,20.965,198,198,0.0014045,1.0871,NaN,NaN,NaN,0,0,Median,NaN,NaN,NaN,NaN,NaN,NaN,0,0,0,0,Median,Median,18.7,6.1,6099500,0,6099500,4006800,0,4006800,2092700,0,2092700,,,,807,137;1815,True;True,138;1863,204;205;2690,281;282;3906,282;3906,,
sp|Q12363|WTM1_YEAST,sp|Q12363|WTM1_YEAST,4,4,4,,1,4,4,4,3,2,3,2,3,2,16.9,16.9,16.9,48.382,437,437,0,20.478,NaN,NaN,NaN,1,1,Median,NaN,NaN,NaN,NaN,NaN,NaN,0,1,0,1,Median,Median,14.6,5.9,10567000,308700,10258000,5913200,0,5913200,4653900,308700,4345200,,,,808,855;1171;1174;3540,True;True;True;True,881;1205;1208;3658,1275;1737;1740;5331;5332,1833;1834;1835;2512;2513;2517;7652;7653,1834;2512;2517;7652,,
sp|Q12377|RPN6_YEAST,sp|Q12377|RPN6_YEAST,2,2,2,,1,2,2,2,1,2,1,2,1,2,6.2,6.2,6.2,49.773,434,434,0,4.7882,3.6881,4.5287,27.377,2,2,Median,NaN,3.6881,NaN,4.5287,NaN,27.377,0,2,0,2,Median,Median,3.7,6.2,2939700,327430,2612300,0,0,0,2939700,327430,2612300,,,,809,1587;2057,True;True,1627;2112,2347;2348;3054,3383;3384;4418,3383;4418,,
sp|Q12402|YOP1_YEAST,sp|Q12402|YOP1_YEAST,3,3,3,,1,3,3,3,2,2,2,2,2,2,17.2,17.2,17.2,20.269,180,180,0,9.3947,NaN,NaN,NaN,0,0,Median,NaN,NaN,NaN,NaN,NaN,NaN,0,0,0,0,Median,Median,15.6,8.3,9398600,0,9398600,4952800,0,4952800,4445800,0,4445800,,,,810,621;1692;3718,True;True;True,638;1736;3841,928;929;2506;5611,1318;1319;3628;8061;8062,1319;3628;8062,,
sp|Q12447|PAA1_YEAST,sp|Q12447|PAA1_YEAST,3,3,3,,1,3,3,3,3,0,3,0,3,0,30.4,30.4,30.4,21.947,191,191,0,2.1508,NaN,NaN,NaN,1,1,Median,NaN,NaN,NaN,NaN,NaN,NaN,1,0,1,0,Median,Median,30.4,0,4144600,87052,4057500,4144600,87052,4057500,0,0,0,,,,811,953;1524;2340,True;True;True,981;1564;2403,1414;2262;3468,2015;3260;5037,2015;3260;5037,,
sp|Q12458|YPR1_YEAST,sp|Q12458|YPR1_YEAST,3,3,3,,1,3,3,3,2,1,2,1,2,1,9.9,9.9,9.9,34.755,312,312,0,10.523,NaN,NaN,NaN,1,1,Median,NaN,NaN,NaN,NaN,NaN,NaN,0,1,0,1,Median,Median,5.8,7.1,5088800,155370,4933500,1745100,0,1745100,3343700,155370,3188300,,,,812,477;906;928,True;True;True,493;932;956,710;1341;1378,1015;1914;1966,1015;1914;1966,,
sp|Q12460|NOP56_YEAST,sp|Q12460|NOP56_YEAST,10,9,9,,1,10,9,9,8,6,7,6,7,6,23,21.6,21.6,56.863,504,504,0,27.988,12.448,1.2116,284.22,2,2,Median,NaN,NaN,NaN,NaN,NaN,NaN,1,1,1,1,Median,Median,19.6,13.9,39953000,736060,39217000,21452000,428240,21024000,18501000,307820,18193000,,,,813,215;263;574;2326;2327;2328;2486;2878;2995;4506,True;False;True;True;True;True;True;True;True;True,219;268;591;2389;2390;2391;2553;2974;3092;4660,314;315;383;858;3452;3453;3454;3688;3689;4352;4353;4526;4527;6887;6888,436;437;537;1229;5020;5021;5022;5326;5327;6280;6281;6282;6283;6509;6510;10110;10111,437;537;1229;5020;5021;5022;5326;6280;6510;10111,,
sp|Q12464|RUVB2_YEAST,sp|Q12464|RUVB2_YEAST,3,3,3,,1,3,3,3,1,2,1,2,1,2,7.4,7.4,7.4,51.611,471,471,0,4.5067,NaN,NaN,NaN,1,1,Median,NaN,NaN,NaN,NaN,NaN,NaN,0,1,0,1,Median,Median,2.8,4.7,1633100,73733,1559300,688270,0,688270,944780,73733,871040,,,,814,488;2634;3673,True;True;True,504;2720;3795,725;3960;5540,1035;5704;7949,1035;5704;7949,,
sp|Q12499|NOP58_YEAST,sp|Q12499|NOP58_YEAST,11,11,10,,1,11,11,10,9,6,9,6,8,6,32.1,32.1,30.7,56.956,511,511,0,86.841,11.005,10.507,77.705,4,4,Median,7.5896,11.005,6.6339,10.507,124.82,20.498,2,2,2,2,Median,Median,23.1,21.5,44532000,446340,44086000,24131000,137190,23993000,20401000,309150,20092000,,,,815,263;540;1112;1412;1898;1912;2138;2164;3536;4065;4507,True;True;True;True;True;True;True;True;True;True;True,268;557;1143;1452;1949;1964;2195;2221;3654;4206;4661,383;807;808;1653;1654;2095;2812;2813;2834;3180;3212;5326;5327;6209;6889,537;1150;1151;1152;1153;2379;2380;3030;4062;4063;4091;4092;4093;4627;4670;7647;7648;9093;10112,537;1151;2380;3030;4063;4091;4627;4670;7648;9093;10112,,
sp|Q12515|PAR32_YEAST,sp|Q12515|PAR32_YEAST,1,1,1,,1,1,1,1,0,1,0,1,0,1,5.8,5.8,5.8,31.886,295,295,0,4.7506,NaN,NaN,NaN,0,0,Median,NaN,NaN,NaN,NaN,NaN,NaN,0,0,0,0,Median,Median,0,5.8,971790,0,971790,0,0,0,971790,0,971790,,,,816,3937,TRUE,4068,5999,8768,8768,,
sp|Q12522|IF6_YEAST,sp|Q12522|IF6_YEAST,1,1,1,,1,1,1,1,1,1,1,1,1,1,6.9,6.9,6.9,26.457,245,245,0,9.1827,NaN,NaN,NaN,0,0,Median,NaN,NaN,NaN,NaN,NaN,NaN,0,0,0,0,Median,Median,6.9,6.9,2558600,0,2558600,1377600,0,1377600,1181000,0,1181000,,,,817,442,TRUE,458,661;662,943;944,944,,
sp|Q12672|RL21B_YEAST,sp|Q12672|RL21B_YEAST,9,1,1,,1,9,1,1,8,9,1,1,1,1,56.2,6.9,6.9,18.274,160,160,0,2.8957,21.606,2.1029,301.55,2,2,Median,NaN,NaN,NaN,NaN,NaN,NaN,1,1,1,1,Median,Median,51.2,56.2,18717000,278360,18439000,8686100,187280,8498800,10031000,91073,9939900,,,,818,349;571;1257;1355;3096;3541;3542;3784;4091,False;False;False;True;False;False;False;False;False,361;588;1291;1392;3195;3659;3660;3661;3912;4232,524;525;854;1850;1851;2007;2008;2009;4678;4679;5333;5334;5335;5336;5337;5756;5757;6251;6252;6253,762;763;764;765;766;1223;1224;2666;2667;2907;2908;2909;2910;6714;6715;6716;7654;7655;7656;7657;7658;7659;7660;7661;7662;7663;7664;7665;8401;8402;8403;8404;9147;9148;9149;9150;9151;9152,762;1224;2667;2910;6715;7659;7664;8402;9151,141,79
sp|Q12680|GLT1_YEAST,sp|Q12680|GLT1_YEAST,1,1,1,,1,1,1,1,0,1,0,1,0,1,0.5,0.5,0.5,238.1,2145,2145,0,1.3177,NaN,NaN,NaN,0,0,Median,NaN,NaN,NaN,NaN,NaN,NaN,0,0,0,0,Median,Median,0,0.5,1575000,0,1575000,0,0,0,1575000,0,1575000,,,,819,2561,TRUE,2636,3831,5524,5524,,
sp|Q12690|RL13A_YEAST;sp|P40212|RL13B_YEAST,sp|Q12690|RL13A_YEAST;sp|P40212|RL13B_YEAST,14;13,14;13,14;13,;,2,14,14,14,2,13,2,13,2,13,66.8,66.8,66.8,22.554,199,199;199,0,30.983,4.7127,5.8816,148.32,4,4,Median,NaN,4.8239,NaN,4.3967,NaN,181.62,1,3,1,3,Median,Median,9.5,66.8,165140000,1908900,163230000,7561600,180250,7381400,157570000,1728700,155850000,,,,820,23;179;180;495;496;1406;1548;2752;2959;2960;3800;4119;4165;4275,True;True;True;True;True;True;True;True;True;True;True;True;True;True,23;183;184;511;512;1446;1588;2843;3056;3057;3928;4260;4310;4421,34;269;270;738;739;2086;2087;2294;4141;4142;4476;4477;5784;6289;6370;6536,46;375;376;1054;1055;3020;3021;3022;3302;5957;5958;6442;6443;6444;8439;9206;9343;9344;9599,46;375;376;1054;1055;3021;3302;5957;6442;6443;8439;9206;9343;9599,,
sp|Q3E747|YL363_YEAST,sp|Q3E747|YL363_YEAST,1,1,1,,1,1,1,1,1,0,1,0,1,0,17.6,17.6,17.6,9.7376,85,85,0.01005,0.41066,NaN,NaN,NaN,0,0,Median,NaN,NaN,NaN,NaN,NaN,NaN,0,0,0,0,Median,Median,17.6,0,786760,0,786760,786760,0,786760,0,0,0,,,,821,3537,TRUE,3655,5328,7649,7649,,
sp|Q3E754|RS21B_YEAST,sp|Q3E754|RS21B_YEAST,8,8,1,,1,8,8,1,4,7,4,7,0,1,100,100,25.3,9.7597,87,87,0,53.286,28.782,10.945,190.83,4,3,Median,28.782,28.401,4.5822,13.668,261.61,169.89,2,2,1,2,Median,Median,51.7,92,118300000,1154500,117150000,38051000,392090,37659000,80250000,762370,79487000,,,,822,66;572;573;1277;2547;2852;3495;4022,True;True;True;True;True;True;True;True,66;589;590;1312;2619;2620;2948;3611;4162,96;97;98;99;855;856;857;1877;1878;3803;3804;3805;4316;5265;6145,138;139;140;141;142;1225;1226;1227;1228;2703;2704;2705;5487;5488;5489;5490;5491;5492;5493;5494;6234;7558;7559;9004;9005,141;1225;1228;2704;5494;6234;7558;9004,59,1
sp|Q3E757|RL11B_YEAST,sp|Q3E757|RL11B_YEAST,16,16,1,,1,16,16,1,7,16,7,16,0,1,54,54,6.9,19.749,174,174,0,115.09,37.402,12.347,214.54,11,11,Median,37.402,39.259,12.143,25.892,278.05,169.59,5,6,5,6,Median,Median,43.1,54,406240000,3074400,403160000,138540000,1356100,137180000,267700000,1718400,265980000,,,,823,90;91;353;354;814;815;990;2480;2481;2934;3572;3918;4181;4182;4183;4461,True;True;True;True;True;True;True;True;True;True;True;True;True;True;True;True,91;92;365;366;367;839;840;1018;2547;2548;3031;3691;4049;4327;4328;4329;4615,132;133;134;135;530;531;532;533;534;1211;1212;1213;1214;1215;1468;3675;3676;3677;3678;4439;5375;5975;6394;6395;6396;6397;6819;6820,188;189;190;191;192;193;771;772;773;774;775;776;777;778;1751;1752;1753;1754;1755;1756;1757;1758;1759;2096;5299;5300;5301;5302;5303;5304;5305;5306;5307;5308;5309;6389;7711;8733;8734;9393;9394;9395;9396;9397;9398;9399;9400;9401;9402;10008;10009;10010,188;191;771;778;1751;1757;2096;5299;5307;6389;7711;8734;9393;9401;9402;10008,60,9
sp|Q3E764|TMA7_YEAST,sp|Q3E764|TMA7_YEAST,1,1,1,,1,1,1,1,0,1,0,1,0,1,18.8,18.8,18.8,6.9412,64,64,0.010088,0.4237,NaN,NaN,NaN,0,0,Median,NaN,NaN,NaN,NaN,NaN,NaN,0,0,0,0,Median,Median,0,18.8,0,0,0,0,0,0,0,0,0,,,,824,3292,TRUE,3399,4966,7115,7115,,
sp|Q3E772|YG169_YEAST,sp|Q3E772|YG169_YEAST,1,1,1,,1,1,1,1,0,1,0,1,0,1,17.4,17.4,17.4,10.495,92,92,0,3.0538,NaN,NaN,NaN,0,0,Median,NaN,NaN,NaN,NaN,NaN,NaN,0,0,0,0,Median,Median,0,17.4,1414800,0,1414800,0,0,0,1414800,0,1414800,,,,825,1791,TRUE,1839,2652,3858,3858,,
sp|Q3E792|RS25A_YEAST,sp|Q3E792|RS25A_YEAST,10,10,1,,1,10,10,1,4,9,4,9,0,1,69.4,69.4,10.2,12.039,108,108,0,41.349,23.929,16.406,168.11,6,6,Median,NaN,41.158,NaN,14.925,NaN,186.55,1,5,1,5,Median,Median,45.4,63,122740000,727150,122020000,22997000,178700,22818000,99748000,548460,99200000,,,,826,350;728;854;975;1400;1486;2881;3432;4467;4601,True;True;True;True;True;True;True;True;True;True,362;750;880;1003;1440;1526;2977;3546;4621;4755,526;1084;1085;1086;1274;1444;1445;2079;2206;2207;4357;5174;5175;6828;7019,767;1545;1546;1547;1830;1831;1832;2060;2061;3013;3170;3171;3172;6289;6290;6291;6292;7431;7432;7433;10022;10280,767;1547;1830;2061;3013;3170;6290;7431;10022;10280,,
sp|Q3E7X9|RS28A_YEAST,sp|Q3E7X9|RS28A_YEAST,2,1,1,,1,2,1,1,1,2,1,1,1,1,44.8,16.4,16.4,7.5917,67,67,0,10.498,81.657,94.479,286.56,3,3,Plateau,NaN,6.9228,NaN,8.0098,NaN,348.99,1,2,1,2,Median,Median,16.4,44.8,144820000,2456200,142370000,56015000,491360,55524000,88808000,1964800,86843000,,,,827,1269;2537,False;True,1304;2604;2605,1866;3767;3768;3769;3770;3771;3772;3773;3774;3775,2684;5438;5439;5440;5441;5442;5443;5444;5445;5446;5447;5448;5449,2684;5449,143,1
sp|Q3E7Y3|RS22B_YEAST;sp|P0C0W1|RS22A_YEAST,sp|Q3E7Y3|RS22B_YEAST;sp|P0C0W1|RS22A_YEAST,10;9,10;9,10;9,;,2,10,10,10,7,9,7,9,7,9,70.8,70.8,70.8,14.626,130,130;130,0,51.876,14.248,8.8518,200.55,11,11,Median,18.999,14.248,2.2957,11.902,277.41,125.55,4,7,4,7,Median,Median,59.2,63.1,197840000,4924200,192910000,50628000,601530,50026000,147210000,4322700,142890000,,,,828,556;557;1101;1116;1363;1708;3112;3891;3892;4433,True;True;True;True;True;True;True;True;True;True,573;574;1131;1132;1147;1400;1752;3211;4022;4023;4586,833;834;835;1633;1634;1635;1636;1637;1660;2019;2020;2528;2529;4703;5930;5931;5932;5933;5934;5935;5936;6774,1199;1200;1201;2355;2356;2357;2358;2359;2360;2361;2389;2926;2927;3665;3666;6751;8665;8666;8667;8668;8669;8670;8671;8672;8673;8674;8675;9947,1199;1201;2361;2389;2927;3666;6751;8666;8673;9947,144,41
sp|Q6Q547|NOP10_YEAST,sp|Q6Q547|NOP10_YEAST,2,2,2,,1,2,2,2,2,1,2,1,2,1,36.2,36.2,36.2,6.6356,58,58,0,3.2893,NaN,NaN,NaN,1,1,Median,NaN,NaN,NaN,NaN,NaN,NaN,0,1,0,1,Median,Median,36.2,15.5,9078700,72823,9005900,5378900,0,5378900,3699800,72823,3627000,,,,829,3165;4320,True;True,3264;4467,4774;6596;6597,6848;6849;9676;9677,6848;9676,,
sp|Q99207|NOP14_YEAST,sp|Q99207|NOP14_YEAST,1,1,1,,1,1,1,1,0,1,0,1,0,1,1.9,1.9,1.9,94.301,810,810,0,4.11,NaN,NaN,NaN,0,0,Median,NaN,NaN,NaN,NaN,NaN,NaN,0,0,0,0,Median,Median,0,1.9,1176400,0,1176400,0,0,0,1176400,0,1176400,,,,830,3046,TRUE,3143,4602,6602,6602,,
sp|Q99216|PNO1_YEAST,sp|Q99216|PNO1_YEAST,1,1,1,,1,1,1,1,0,1,0,1,0,1,3.6,3.6,3.6,30.331,274,274,0.0098644,0.35475,NaN,NaN,NaN,0,0,Median,NaN,NaN,NaN,NaN,NaN,NaN,0,0,0,0,Median,Median,0,3.6,881970,0,881970,0,0,0,881970,0,881970,,,,831,1151,TRUE,1183,1708,2456,2456,,
sp|Q99297|ODC2_YEAST,sp|Q99297|ODC2_YEAST,2,2,2,,1,2,2,2,2,1,2,1,2,1,6.5,6.5,6.5,34.007,307,307,0,3.1088,NaN,NaN,NaN,1,1,Median,NaN,NaN,NaN,NaN,NaN,NaN,1,0,1,0,Median,Median,6.5,3.6,1921800,67823,1854000,1023900,67823,956120,897850,0,897850,,,,832,1001;2740,True;True,1029;2831,1484;4117;4118,2117;5925;5926,2117;5926,,
sp|Q99383|HRP1_YEAST,sp|Q99383|HRP1_YEAST,1,1,1,,1,1,1,1,1,0,1,0,1,0,1.5,1.5,1.5,59.649,534,534,0.0014368,1.1932,NaN,NaN,NaN,0,0,Median,NaN,NaN,NaN,NaN,NaN,NaN,0,0,0,0,Median,Median,1.5,0,800350,0,800350,800350,0,800350,0,0,0,,,,833,4520,TRUE,4674,6909,10136,10136,,