Protein IDs,Majority protein IDs,Peptide counts (all),Peptide counts (razor+unique),Peptide counts (unique),Fasta headers,Number of proteins,Peptides,Razor + unique peptides,Unique peptides,Peptides 4,Peptides 5,Razor + unique peptides 4,Razor + unique peptides 5,Unique peptides 4,Unique peptides 5,Sequence coverage [%],Unique + razor sequence coverage [%],Unique sequence coverage [%],Mol. weight [kDa],Sequence length,Sequence lengths,Q-value,Score,Ratio H/L,Ratio H/L normalized,Ratio H/L variability [%],Ratio H/L count,Ratio H/L iso-count,Ratio H/L type,Ratio H/L 4,Ratio H/L 5,Ratio H/L normalized 4,Ratio H/L normalized 5,Ratio H/L variability [%] 4,Ratio H/L variability [%] 5,Ratio H/L count 4,Ratio H/L count 5,Ratio H/L iso-count 4,Ratio H/L iso-count 5,Ratio H/L type 4,Ratio H/L type 5,Sequence coverage 4 [%],Sequence coverage 5 [%],Intensity,Intensity L,Intensity H,Intensity 4,Intensity L 4,Intensity H 4,Intensity 5,Intensity L 5,Intensity H 5,Only identified by site,Reverse,Potential contaminant,id,Peptide IDs,Peptide is razor,Mod. peptide IDs,Evidence IDs,MS/MS IDs,Best MS/MS,Oxidation (M) site IDs,Oxidation (M) site positions
sp|Q92393|YO12B_YEAST;sp|Q12316|YG13B_YEAST;sp|Q12088|YL11B_YEAST;sp|Q04670|YM14B_YEAST;sp|Q03855|YD11B_YEAST;sp|Q03619|YE12B_YEAST;sp|P0C2I2|YD14B_YEAST;sp|Q12193|YB12B_YEAST;sp|P0C2J0|YP13B_YEAST;sp|O13535|YH11B_YEAST;sp|Q99231|YD12B_YEAST;sp|Q04711|YM11B_YEAST;sp|P0C2J1|YP14B_YEAST;sp|P0C2I7|YL14B_YEAST;sp|Q12273|YO11B_YEAST;sp|Q12490|YB11B_YEAST;sp|O13527|YA11B_YEAST;sp|Q12266|YB11A_YEAST,sp|Q92393|YO12B_YEAST;sp|Q12316|YG13B_YEAST;sp|Q12088|YL11B_YEAST;sp|Q04670|YM14B_YEAST;sp|Q03855|YD11B_YEAST;sp|Q03619|YE12B_YEAST;sp|P0C2I2|YD14B_YEAST;sp|Q12193|YB12B_YEAST;sp|P0C2J0|YP13B_YEAST;sp|O13535|YH11B_YEAST;sp|Q99231|YD12B_YEAST;sp|Q04711|YM11B_YEAST;sp|P0C2J1|YP14B_YEAST;sp|P0C2I7|YL14B_YEAST;sp|Q12273|YO11B_YEAST,17;17;17;17;17;17;17;17;17;17;15;15;15;15;14;5;3;1,2;2;2;2;2;2;2;2;2;2;2;0;0;0;0;0;0;0,0;0;0;0;0;0;0;0;0;0;0;0;0;0;0;0;0;0,;;;;;;;;;;;;;;,18,17,2,0,15,15,1,2,0,0,11.9,2.2,0,198.53,1755,1755;1755;1755;1755;1755;1755;1755;1756;1756;1793;1755;1755;1755;1755;1755;1755;1196;440,0,11.619,NaN,NaN,NaN,0,0,Median,NaN,NaN,NaN,NaN,NaN,NaN,0,0,0,0,Median,Median,11.9,11.7,17451000,0,17451000,6095200,0,6095200,11356000,0,11356000,,,,11,191;507;671;962;1842;1910;2440;2441;2560;3001;3015;3455;3540;3822;4157;4410;4411,False;False;False;False;False;False;True;True;False;False;False;False;False;False;False;False;False,195;521;687;987;1885;1959;2505;2506;2638;3088;3103;3563;3650;3943;4290;4550;4551,325;326;847;848;1114;1115;1586;1587;3009;3010;3125;3126;4038;4039;4040;4250;4251;4252;4253;4254;4968;4969;4989;5746;5747;5914;5915;5916;6444;6445;6446;7021;7022;7023;7456;7457,456;457;458;1211;1212;1213;1214;1592;1593;2241;2242;4365;4366;4367;4558;4559;5911;5912;5913;6192;6193;6194;6195;6196;6197;6198;6199;6200;6201;6202;6203;6204;6205;6206;6207;6208;6209;6210;6211;6212;6213;7239;7240;7269;8334;8335;8336;8337;8614;8615;8616;8617;8618;9605;9606;9607;9608;9609;10496;10497;10498;10499;11142;11143,457;1212;1592;2242;4365;4558;5911;5912;6207;7240;7269;8336;8616;9605;10496;11142;11143,,
sp|O14455|RL36B_YEAST,sp|O14455|RL36B_YEAST,15,15,3,,1,15,15,3,12,13,12,13,3,2,76,76,15,11.135,100,100,0,83.767,25.305,21.988,167.15,14,14,Median,20.794,27.989,12.911,31.161,108.78,207.51,7,7,7,7,Median,Median,76,71,381210000,4624800,376590000,96629000,2277100,94352000,284580000,2347700,282240000,,,,12,861;1156;1889;2090;2980;2982;3300;3301;3604;3605;3606;3892;3893;4164;4165,True;True;True;True;True;True;True;True;True;True;True;True;True;True;True,881;1186;1933;1934;2144;3066;3068;3404;3405;3717;3718;3719;4016;4017;4018;4298;4299;4300,1418;1897;1898;3080;3081;3082;3083;3433;3434;3435;3436;4930;4931;4935;4936;5490;5491;5492;6062;6063;6064;6065;6066;6566;6567;6568;6569;6570;7037;7038;7039;7040,2015;2718;2719;4471;4472;4473;4474;4475;4476;4477;5035;5036;5037;5038;7184;7185;7189;7190;7191;7982;7983;7984;7985;7986;8961;8962;8963;8964;8965;8966;8967;8968;8969;8970;9780;9781;9782;9783;9784;9785;10518;10519;10520;10521,2015;2719;4475;5035;7185;7191;7983;7986;8961;8965;8969;9780;9784;10520;10521,1;2,20;90
sp|O14467|MBF1_YEAST,sp|O14467|MBF1_YEAST,9,9,9,,1,9,9,9,3,9,3,9,3,9,66.9,66.9,66.9,16.403,151,151,0,32.997,4.499,3.2221,107.35,4,4,Median,NaN,4.499,NaN,3.2221,NaN,107.35,0,4,0,4,Median,Median,36.4,66.9,36448000,1275000,35173000,9980100,0,9980100,26468000,1275000,25193000,,,,13,160;223;683;1551;1798;3004;3344;3875;4329,True;True;True;True;True;True;True;True;True,162;227;699;1587;1839;3091;3450;3999;4468,270;375;1133;2539;2540;2940;4973;5562;5563;6538;6539;7323,380;524;1616;3664;3665;4258;7248;8085;8086;9743;9744;10955,380;524;1616;3664;4258;7248;8086;9743;10955,,
sp|P0CX58|YP12A_YEAST;sp|P0CX57|YA11A_YEAST;sp|O74302|YD13A_YEAST;sp|Q04706|YM11A_YEAST;sp|Q12470|YN12A_YEAST;sp|Q12391|YN11A_YEAST;sp|Q04215|YM13A_YEAST;sp|Q03964|YD17A_YEAST,sp|P0CX58|YP12A_YEAST;sp|P0CX57|YA11A_YEAST;sp|O74302|YD13A_YEAST;sp|Q04706|YM11A_YEAST;sp|Q12470|YN12A_YEAST,14;14;14;12;11;3;2;2,1;1;1;1;1;0;0;0,0;0;0;0;0;0;0;0,;;;;,8,14,1,0,14,12,1,1,0,0,38.4,4.8,0,49.072,440,440;440;440;440;440;440;440;440,0,7.7512,NaN,NaN,NaN,0,0,Median,NaN,NaN,NaN,NaN,NaN,NaN,0,0,0,0,Median,Median,38.4,37.5,7763600,0,7763600,4039700,0,4039700,3723900,0,3723900,,,,14,191;671;962;1910;2444;2445;2560;3455;3456;3540;3822;4157;4410;4411,False;False;False;False;False;False;False;False;True;False;False;False;False;False,195;687;987;1959;2510;2511;2512;2638;3563;3564;3650;3943;4290;4550;4551,325;326;1114;1115;1586;1587;3125;3126;4049;4050;4051;4052;4053;4250;4251;4252;4253;4254;5746;5747;5748;5749;5914;5915;5916;6444;6445;6446;7021;7022;7023;7456;7457,456;457;458;1592;1593;2241;2242;4558;4559;5924;5925;5926;5927;5928;5929;5930;5931;6192;6193;6194;6195;6196;6197;6198;6199;6200;6201;6202;6203;6204;6205;6206;6207;6208;6209;6210;6211;6212;6213;8334;8335;8336;8337;8338;8339;8340;8614;8615;8616;8617;8618;9605;9606;9607;9608;9609;10496;10497;10498;10499;11142;11143,457;1592;2242;4558;5926;5930;6207;8336;8338;8616;9605;10496;11142;11143,3,1
sp|O74700|TIM9_YEAST,sp|O74700|TIM9_YEAST,1,1,1,,1,1,1,1,0,1,0,1,0,1,12.6,12.6,12.6,10.202,87,87,0,3.289,NaN,NaN,NaN,0,0,Median,NaN,NaN,NaN,NaN,NaN,NaN,0,0,0,0,Median,Median,0,12.6,1990100,0,1990100,0,0,0,1990100,0,1990100,,,,15,2348,TRUE,2407,3857,5607,5607,,
sp|O94742|SEM1_YEAST,sp|O94742|SEM1_YEAST,1,1,1,,1,1,1,1,1,1,1,1,1,1,13.5,13.5,13.5,10.386,89,89,0,2.688,NaN,NaN,NaN,0,0,Median,NaN,NaN,NaN,NaN,NaN,NaN,0,0,0,0,Median,Median,13.5,13.5,1771800,0,1771800,867000,0,867000,904840,0,904840,,,,16,3413,TRUE,3521,5684;5685,8246;8247,8246,,
sp|P00330|ADH1_YEAST;sp|P00331|ADH2_YEAST;sp|P38113|ADH5_YEAST,sp|P00330|ADH1_YEAST,34;10;1,34;10;1,33;9;1,,3,34,34,33,24,30,24,30,23,29,67,67,67,36.849,348,348;348;351,0,261.81,1562.7,1046.2,160.7,28,27,Linear,392.43,35.543,26.815,24.431,135.6,181.63,12,16,11,16,Linear,Median,65.8,67,3056900000,24365000,3032500000,1200000000,5307800,1194700000,1856900000,19057000,1837900000,,,,17,327;328;339;343;422;423;424;548;675;676;679;781;782;824;879;1238;1255;1310;1449;2027;2437;3065;3211;3212;3222;3230;3231;3232;4020;4021;4183;4184;4408;4413,True;True;True;True;True;True;True;True;True;True;True;True;True;True;True;True;True;True;True;True;True;True;True;True;True;True;True;True;True;True;True;True;True;True,331;332;333;334;346;350;436;437;438;562;691;692;695;800;801;844;900;1269;1287;1343;1484;2078;2501;3154;3155;3309;3310;3320;3321;3329;3330;3331;4152;4153;4318;4319;4320;4547;4548;4553,540;541;542;543;544;545;546;564;565;569;570;715;716;717;718;918;919;1122;1123;1124;1127;1128;1293;1294;1295;1296;1360;1361;1448;2031;2032;2056;2057;2137;2138;2371;2372;3316;4026;4027;4028;5078;5079;5080;5081;5339;5340;5341;5355;5356;5357;5358;5370;5371;5372;5373;5374;5375;6797;6798;7068;7069;7070;7071;7450;7451;7452;7459;7460,767;768;769;770;771;772;773;774;775;776;777;778;779;780;781;782;783;784;785;786;787;788;789;790;791;814;815;816;817;818;819;820;821;822;826;827;828;829;1034;1035;1036;1037;1038;1039;1310;1311;1312;1313;1314;1315;1316;1317;1318;1319;1320;1321;1600;1601;1602;1603;1604;1605;1606;1609;1610;1856;1857;1858;1859;1939;1940;2053;2893;2894;2895;2896;2921;2922;2923;2924;2925;2926;3031;3032;3408;3409;4821;4822;5885;5886;5887;5888;5889;7391;7392;7393;7394;7395;7396;7397;7398;7399;7400;7401;7402;7403;7752;7753;7754;7773;7774;7775;7776;7777;7778;7779;7780;7781;7782;7783;7784;7785;7786;7787;7788;7789;7811;7812;7813;7814;7815;7816;7817;7818;7819;7820;7821;7822;7823;7824;10166;10167;10168;10561;10562;10563;10564;10565;10566;10567;10568;10569;10570;10571;10572;10573;11135;11136;11137;11145;11146,786;790;815;826;1034;1036;1038;1310;1605;1606;1609;1856;1857;1939;2053;2893;2922;3032;3408;4821;5888;7398;7752;7754;7777;7811;7814;7817;10166;10168;10561;10573;11136;11146,4;5;6;7,169;194;271;333
sp|P00358|G3P2_YEAST;sp|P00360|G3P1_YEAST,sp|P00358|G3P2_YEAST,28;10,3;2,3;2,,2,28,3,3,21,25,2,3,2,3,71.4,16.3,16.3,35.846,332,332;332,0,26.406,NaN,NaN,NaN,0,0,Median,NaN,NaN,NaN,NaN,NaN,NaN,0,0,0,0,Median,Median,59.6,66.3,340990000,0,340990000,157010000,0,157010000,183970000,0,183970000,,,,18,756;888;951;952;953;1209;1472;1657;1892;1893;2207;2208;2343;2392;2393;2394;2717;3546;3979;3980;4036;4079;4105;4174;4189;4190;4285;4395,False;False;False;False;False;False;False;False;False;False;False;False;False;False;False;False;True;False;True;True;False;False;False;False;False;False;False;False,774;909;976;977;978;1240;1507;1695;1938;1939;1940;1941;1942;2265;2266;2402;2451;2452;2453;2801;3656;4109;4110;4111;4168;4212;4238;4309;4325;4326;4424;4534,1253;1462;1566;1567;1568;1569;1570;1571;1990;2406;2407;2716;2717;2718;2719;3088;3089;3090;3091;3092;3093;3094;3095;3096;3097;3631;3632;3633;3634;3635;3847;3848;3932;3933;3934;3935;3936;3937;3938;3939;3940;3941;3942;3943;4517;5926;5927;6728;6729;6730;6731;6732;6733;6819;6820;6821;6899;6940;6941;7054;7055;7077;7078;7079;7250;7251;7430;7431,1793;2070;2203;2204;2205;2206;2207;2208;2209;2210;2211;2212;2213;2214;2215;2216;2217;2218;2219;2220;2221;2835;3461;3462;3463;3464;3931;3932;3933;3934;3935;3936;3937;3938;3939;3940;3941;3942;3943;3944;3945;3946;3947;3948;4483;4484;4485;4486;4487;4488;4489;4490;4491;4492;4493;4494;4495;4496;4497;4498;4499;4500;4501;4502;4503;4504;4505;4506;4507;4508;4509;4510;4511;4512;4513;4514;4515;4516;4517;4518;4519;5313;5314;5315;5316;5317;5318;5319;5320;5321;5590;5591;5592;5593;5594;5595;5596;5723;5724;5725;5726;5727;5728;5729;5730;5731;5732;5733;5734;5735;5736;5737;5738;5739;5740;5741;5742;5743;5744;5745;5746;5747;5748;5749;5750;5751;5752;5753;5754;5755;5756;5757;5758;5759;5760;5761;5762;6609;8633;8634;8635;8636;8637;8638;8639;8640;8641;8642;8643;8644;8645;8646;8647;8648;10046;10047;10048;10049;10050;10051;10052;10053;10054;10055;10198;10199;10200;10324;10381;10382;10383;10384;10385;10536;10537;10538;10539;10540;10541;10542;10543;10582;10583;10584;10585;10848;10849;10850;10851;10852;10853;10854;11106;11107;11108;11109,1793;2070;2204;2210;2217;2835;3462;3931;4484;4519;5314;5318;5592;5723;5725;5726;6609;8642;10050;10053;10199;10324;10382;10540;10582;10584;10851;11106,8;9;10;11;12,128;131;173;179;229
sp|P00359|G3P3_YEAST,sp|P00359|G3P3_YEAST,31,31,6,,1,31,31,6,23,28,23,28,4,6,85.2,85.2,32.2,35.746,332,332,0,271.53,441.87,373.4,182.34,30,30,Linear,216.21,237.45,160.57,53.013,154.12,216,18,12,18,12,Linear,Plateau,80.1,82.2,4070400000,11050000,4059400000,1784400000,5795800,1778600000,2286000000,5253900,2280700000,,,,19,756;888;951;952;953;1209;1388;1389;1472;1657;1785;1892;1893;2129;2207;2208;2343;2392;2393;2394;3546;3977;3978;4036;4079;4105;4174;4189;4190;4285;4395,True;True;True;True;True;True;True;True;True;True;True;True;True;True;True;True;True;True;True;True;True;True;True;True;True;True;True;True;True;True;True,774;909;976;977;978;1240;1423;1424;1507;1695;1826;1938;1939;1940;1941;1942;2184;2265;2266;2402;2451;2452;2453;3656;4105;4106;4107;4108;4168;4212;4238;4309;4325;4326;4424;4534,1253;1462;1566;1567;1568;1569;1570;1571;1990;2280;2281;2406;2407;2716;2717;2718;2719;2917;2918;2919;3088;3089;3090;3091;3092;3093;3094;3095;3096;3097;3503;3504;3631;3632;3633;3634;3635;3847;3848;3932;3933;3934;3935;3936;3937;3938;3939;3940;3941;3942;3943;5926;5927;6707;6708;6709;6710;6711;6712;6713;6714;6715;6716;6717;6718;6719;6720;6721;6722;6723;6724;6725;6726;6727;6819;6820;6821;6899;6940;6941;7054;7055;7077;7078;7079;7250;7251;7430;7431,1793;2070;2203;2204;2205;2206;2207;2208;2209;2210;2211;2212;2213;2214;2215;2216;2217;2218;2219;2220;2221;2835;3278;3279;3461;3462;3463;3464;3931;3932;3933;3934;3935;3936;3937;3938;3939;3940;3941;3942;3943;3944;3945;3946;3947;3948;4233;4234;4235;4236;4483;4484;4485;4486;4487;4488;4489;4490;4491;4492;4493;4494;4495;4496;4497;4498;4499;4500;4501;4502;4503;4504;4505;4506;4507;4508;4509;4510;4511;4512;4513;4514;4515;4516;4517;4518;4519;5132;5133;5134;5313;5314;5315;5316;5317;5318;5319;5320;5321;5590;5591;5592;5593;5594;5595;5596;5723;5724;5725;5726;5727;5728;5729;5730;5731;5732;5733;5734;5735;5736;5737;5738;5739;5740;5741;5742;5743;5744;5745;5746;5747;5748;5749;5750;5751;5752;5753;5754;5755;5756;5757;5758;5759;5760;5761;5762;8633;8634;8635;8636;8637;8638;8639;8640;8641;8642;8643;8644;8645;8646;8647;8648;9976;9977;9978;9979;9980;9981;9982;9983;9984;9985;9986;9987;9988;9989;9990;9991;9992;9993;9994;9995;9996;9997;9998;9999;10000;10001;10002;10003;10004;10005;10006;10007;10008;10009;10010;10011;10012;10013;10014;10015;10016;10017;10018;10019;10020;10021;10022;10023;10024;10025;10026;10027;10028;10029;10030;10031;10032;10033;10034;10035;10036;10037;10038;10039;10040;10041;10042;10043;10044;10045;10198;10199;10200;10324;10381;10382;10383;10384;10385;10536;10537;10538;10539;10540;10541;10542;10543;10582;10583;10584;10585;10848;10849;10850;10851;10852;10853;10854;11106;11107;11108;11109,1793;2070;2204;2210;2217;2835;3278;3279;3462;3931;4236;4484;4519;5132;5314;5318;5592;5723;5725;5726;8642;9992;10038;10199;10324;10382;10540;10582;10584;10851;11106,8;9;10;13,128;131;173;229
sp|P00445|SODC_YEAST,sp|P00445|SODC_YEAST,11,11,11,,1,11,11,11,10,9,10,9,10,9,63.6,63.6,63.6,15.854,154,154,0,56.474,12.426,7.5104,32.378,2,2,Median,NaN,NaN,NaN,NaN,NaN,NaN,1,1,1,1,Median,Median,63.6,63,94772000,454630,94318000,38590000,153550,38437000,56182000,301070,55881000,,,,20,1860;2101;2102;3489;3490;3559;3614;3631;3632;4080;4081,True;True;True;True;True;True;True;True;True;True;True,1903;2156;2157;3599;3600;3669;3727;3745;3746;4213;4214,3033;3457;3458;5815;5816;5817;5818;5819;5949;5950;6077;6078;6113;6114;6115;6116;6900;6901;6902;6903,4396;5071;5072;5073;8464;8465;8466;8467;8468;8469;8676;8677;8982;8983;8984;8985;9081;9082;9083;9084;9085;9086;10325;10326;10327;10328,4396;5071;5073;8465;8467;8677;8982;9084;9085;10325;10327,,
sp|P00447|SODM_YEAST,sp|P00447|SODM_YEAST,1,1,1,,1,1,1,1,0,1,0,1,0,1,6,6,6,25.774,233,233,0,3.6909,NaN,NaN,NaN,0,0,Median,NaN,NaN,NaN,NaN,NaN,NaN,0,0,0,0,Median,Median,0,6,2688700,0,2688700,0,0,0,2688700,0,2688700,,,,21,1934,TRUE,1984,3162,4616,4616,,
sp|P00498|HIS1_YEAST,sp|P00498|HIS1_YEAST,5,5,5,,1,5,5,5,3,3,3,3,3,3,21.9,21.9,21.9,32.266,297,297,0,11.65,NaN,NaN,NaN,0,0,Median,NaN,NaN,NaN,NaN,NaN,NaN,0,0,0,0,Median,Median,15.2,10.8,24302000,0,24302000,16960000,0,16960000,7342400,0,7342400,,,,22,1397;2427;3656;4163;4300,True;True;True;True;True,1432;2486;3770;4297;4439,2294;3993;6156;7035;7036;7277,3301;5828;9148;10516;10517;10887,3301;5828;9148;10516;10887,,
sp|P00549|KPYK1_YEAST;sp|P52489|KPYK2_YEAST,sp|P00549|KPYK1_YEAST,38;1,38;1,38;1,,2,38,38,38,21,38,21,38,21,38,69.2,69.2,69.2,54.544,500,500;506,0,262.26,41.123,33.109,142.14,15,15,Median,66.908,51.11,9.4958,41.392,171.85,98.814,7,8,7,8,Linear,Median,51.2,69.2,1441400000,6556000,1434900000,281160000,2975000,278180000,1160300000,3581100,1156700000,,,,23,43;140;172;212;213;680;745;835;1185;1186;1394;1395;1421;1548;1549;1553;1554;1766;1767;2352;2353;2354;2387;2488;2605;3127;3323;3364;3483;3534;3535;3625;3626;3705;3743;4146;4382;4383,True;True;True;True;True;True;True;True;True;True;True;True;True;True;True;True;True;True;True;True;True;True;True;True;True;True;True;True;True;True;True;True;True;True;True;True;True;True,43;142;174;175;216;217;696;763;855;1215;1216;1429;1430;1456;1583;1584;1585;1589;1590;1807;1808;2411;2412;2413;2446;2561;2562;2683;2684;3222;3429;3470;3593;3644;3645;3739;3740;3820;3858;4279;4521;4522,76;236;237;290;291;292;293;294;358;359;360;1129;1130;1238;1377;1950;1951;1952;2288;2289;2290;2291;2333;2334;2530;2531;2532;2533;2534;2535;2536;2537;2542;2543;2888;2889;2890;2891;3864;3865;3866;3921;4128;4129;4130;4131;4324;4325;4326;5187;5188;5189;5532;5597;5598;5804;5805;5902;5903;5904;5905;6100;6101;6239;6240;6299;6300;7002;7003;7409;7410;7411,111;329;330;331;332;333;334;335;336;337;338;339;340;412;413;414;415;416;417;418;419;420;421;495;496;497;498;499;500;1611;1612;1774;1775;1776;1777;1963;2785;2786;2787;3290;3291;3292;3293;3294;3295;3296;3297;3298;3352;3353;3354;3642;3643;3644;3645;3646;3647;3648;3649;3650;3651;3652;3653;3654;3655;3656;3657;3658;3659;3660;3661;3662;3667;3668;4191;4192;4193;4194;4195;4196;5618;5619;5620;5621;5704;6026;6027;6028;6029;6030;6031;6032;6033;6313;6314;6315;6316;7534;7535;7536;7537;7538;8041;8126;8127;8128;8446;8447;8448;8449;8450;8451;8452;8453;8589;8590;8591;8592;8593;8594;8595;8596;8597;8598;9031;9032;9033;9034;9035;9036;9037;9272;9273;9274;9275;9276;9277;9365;9366;9367;9368;9369;10467;10468;10469;10470;10471;10472;10473;11081;11082;11083;11084;11085;11086,111;329;418;497;498;1611;1774;1963;2785;2786;3293;3294;3352;3644;3659;3667;3668;4191;4196;5618;5619;5621;5704;6028;6313;7535;8041;8127;8446;8596;8598;9032;9035;9274;9368;10468;11081;11085,14;15;16,50;126;209
sp|P00560|PGK_YEAST,sp|P00560|PGK_YEAST,41,41,41,,1,41,41,41,29,39,29,39,29,39,79.6,79.6,79.6,44.738,416,416,0,314.03,204.73,165.39,149.49,29,28,Linear,153.01,208.01,198.03,133.18,155.9,148.78,13,16,13,15,Linear,Linear,61.3,79.6,1620100000,22939000,1597100000,458030000,4608300,453420000,1162000000,18331000,1143700000,,,,24,19;20;138;139;193;194;264;289;392;393;751;752;848;895;900;903;904;1574;1597;1598;1627;1635;1636;1794;1877;2028;2029;2329;3028;3372;3373;3657;3800;3824;3877;3878;4016;4336;4337;4404;4414,True;True;True;True;True;True;True;True;True;True;True;True;True;True;True;True;True;True;True;True;True;True;True;True;True;True;True;True;True;True;True;True;True;True;True;True;True;True;True;True;True,19;20;140;141;197;198;268;293;405;406;769;770;868;916;921;925;926;1610;1635;1636;1665;1673;1674;1835;1921;2079;2080;2388;3116;3478;3479;3771;3918;3945;4001;4002;4148;4475;4476;4543;4554,38;39;40;232;233;234;235;328;329;330;435;436;487;488;663;664;665;666;1247;1248;1397;1398;1471;1479;1480;1481;1486;1487;1488;1489;2569;2570;2571;2623;2624;2625;2668;2669;2670;2684;2685;2686;2930;2931;2932;2933;2934;2935;3059;3060;3317;3318;3319;3320;3823;3824;5011;5611;5612;5613;5614;6157;6158;6159;6400;6401;6402;6449;6542;6543;6544;6788;6789;7332;7333;7334;7443;7444;7461;7462;7463,55;56;57;58;323;324;325;326;327;328;460;461;462;463;609;610;611;612;689;690;691;692;693;694;958;959;960;961;1787;1788;1988;1989;1990;1991;2080;2088;2089;2090;2091;2096;2097;2098;2099;2100;2101;3698;3699;3700;3701;3702;3703;3704;3705;3706;3707;3708;3709;3710;3711;3712;3713;3714;3715;3716;3804;3805;3806;3807;3808;3865;3866;3867;3868;3869;3870;3871;3872;3873;3874;3892;3893;3894;3895;4248;4249;4250;4251;4252;4253;4437;4438;4439;4440;4441;4442;4443;4444;4823;4824;4825;4826;4827;4828;4829;4830;4831;4832;4833;5563;5564;5565;7300;8144;8145;8146;8147;8148;8149;8150;8151;8152;8153;8154;8155;8156;8157;8158;8159;8160;8161;9149;9150;9151;9152;9524;9525;9526;9527;9528;9529;9530;9612;9748;9749;9750;9751;9752;10132;10133;10134;10135;10136;10137;10138;10139;10140;10141;10142;10143;10144;10145;10146;10147;10148;10964;10965;10966;10967;10968;11126;11127;11128;11129;11147;11148;11149;11150;11151;11152;11153;11154;11155;11156,55;58;325;328;460;462;611;690;959;961;1787;1788;1988;2080;2090;2096;2099;3711;3804;3808;3870;3894;3895;4249;4437;4824;4828;5563;7300;8153;8160;9151;9529;9612;9748;9750;10143;10965;10968;11127;11147,,
sp|P38693|PPAC_YEAST;sp|P35842|PPAB_YEAST;sp|P24031|PPA3_YEAST;sp|P00635|PPA5_YEAST,sp|P38693|PPAC_YEAST;sp|P35842|PPAB_YEAST;sp|P24031|PPA3_YEAST;sp|P00635|PPA5_YEAST,1;1;1;1,1;1;1;1,1;1;1;1,;;;,4,1,1,1,1,0,1,0,1,0,3,3,3,52.699,467,467;467;467;467,0.0080214,1.1832,NaN,NaN,NaN,0,0,Median,NaN,NaN,NaN,NaN,NaN,NaN,0,0,0,0,Median,Median,3,0,2375600,0,2375600,2375600,0,2375600,0,0,0,,,,25,3498,TRUE,3608,5835,8496,8496,,
sp|P00815|HIS2_YEAST,sp|P00815|HIS2_YEAST,11,11,11,,1,11,11,11,7,10,7,10,7,10,24.4,24.4,24.4,87.72,799,799,0,64.051,NaN,NaN,NaN,1,1,Median,NaN,NaN,NaN,NaN,NaN,NaN,1,0,1,0,Median,Median,13.3,21.4,49108000,89079,49019000,23902000,89079,23813000,25206000,0,25206000,,,,26,1070;1080;1512;2063;2344;2363;2883;3738;3867;4039;4125,True;True;True;True;True;True;True;True;True;True;True,1096;1106;1547;2116;2403;2422;2968;3853;3991;4171;4258,1758;1774;2473;3391;3392;3849;3850;3881;3882;4785;4786;6292;6525;6825;6826;6968;6969,2493;2523;2524;3563;4982;4983;5597;5598;5638;5639;6977;6978;9357;9720;9721;10204;10205;10419;10420,2493;2523;3563;4982;5597;5638;6977;9357;9720;10204;10420,,
sp|P00817|IPYR_YEAST,sp|P00817|IPYR_YEAST,16,16,16,,1,16,16,16,12,11,12,11,12,11,72.1,72.1,72.1,32.299,287,287,0,94.112,28.285,17.559,87.977,5,5,Plateau,28.285,NaN,17.559,NaN,87.977,NaN,5,0,5,0,Plateau,Median,53.3,60.3,156420000,803340,155620000,87083000,803340,86280000,69337000,0,69337000,,,,27,45;58;275;479;647;829;1681;1900;1901;2010;2707;3380;3816;3960;4261;4305,True;True;True;True;True;True;True;True;True;True;True;True;True;True;True;True,45;58;279;493;662;849;1722;1949;1950;2061;2791;3486;3935;3936;4087;4399;4444,79;80;81;99;100;460;809;1081;1368;2761;3110;3111;3287;3288;4501;4502;5624;5625;6431;6432;6433;6434;6679;6680;7205;7286,114;115;116;117;118;141;142;143;642;643;1165;1549;1952;4023;4541;4542;4779;4780;4781;4782;6589;6590;8173;8174;8175;9584;9585;9586;9587;9588;9589;9929;9930;9931;9932;10777;10905,118;141;642;1165;1549;1952;4023;4541;4542;4781;6590;8174;9584;9929;10777;10905,,
sp|P00830|ATPB_YEAST,sp|P00830|ATPB_YEAST,8,8,8,,1,8,8,8,5,7,5,7,5,7,20,20,20,54.793,511,511,0,30.248,2.7807,4.4682,31.947,5,5,Median,5.2993,2.7807,6.2218,4.4682,49.952,12.254,2,3,2,3,Median,Median,12.9,18.2,56545000,2613000,53932000,29131000,1853200,27278000,27414000,759790,26654000,,,,28,946;1459;1575;3784;3833;3834;4008;4083,True;True;True;True;True;True;True;True,970;1494;1611;3899;3956;3957;4139;4216,1554;1555;2385;2386;2572;2573;6368;6369;6467;6468;6773;6905,2187;2188;3429;3430;3717;3718;9473;9474;9635;9636;10106;10330;10331,2187;3429;3718;9473;9635;9636;10106;10330,,
sp|P00890|CISY1_YEAST,sp|P00890|CISY1_YEAST,1,1,1,,1,1,1,1,1,1,1,1,1,1,2.5,2.5,2.5,53.359,479,479,0,2.3363,NaN,NaN,NaN,0,0,Median,NaN,NaN,NaN,NaN,NaN,NaN,0,0,0,0,Median,Median,2.5,2.5,2018000,0,2018000,960180,0,960180,1057900,0,1057900,,,,29,1630,TRUE,1668,2674;2675,3881;3882,3881,,
sp|P00899|TRPE_YEAST,sp|P00899|TRPE_YEAST,2,2,2,,1,2,2,2,2,2,2,2,2,2,5.9,5.9,5.9,56.767,507,507,0,6.8045,NaN,NaN,NaN,0,0,Median,NaN,NaN,NaN,NaN,NaN,NaN,0,0,0,0,Median,Median,5.9,5.9,9064000,0,9064000,4687200,0,4687200,4376900,0,4376900,,,,30,2684;3704,True;True,2768;3819,4463;4464;6237;6238,6537;6538;9270;9271,6537;9270,,
sp|P00924|ENO1_YEAST,sp|P00924|ENO1_YEAST,26,7,7,,1,26,7,7,20,24,5,7,5,7,71.9,28.8,28.8,46.816,437,437,0,42.144,3.4943,3.9386,70.572,4,4,Median,NaN,4.8126,NaN,3.8797,NaN,72.247,1,3,1,3,Median,Median,60.6,63.4,101610000,4827300,96786000,43836000,427760,43408000,57777000,4399500,53377000,,,,31,4;5;1247;1248;1304;1457;1473;1688;1843;2047;2216;2944;3037;3038;3043;3179;3180;3495;3496;3527;3578;3748;4071;4211;4212;4243,False;False;False;False;True;False;False;False;False;True;True;True;False;False;False;False;False;False;False;True;True;False;False;False;False;True,4;5;1279;1280;1336;1492;1508;1729;1886;2098;2274;3030;3125;3126;3131;3277;3278;3605;3606;3637;3688;3863;4204;4347;4348;4380,9;10;11;12;13;14;2046;2047;2126;2381;2382;2408;2409;2769;2770;3011;3012;3349;3350;3650;3651;3652;4876;5027;5028;5029;5030;5031;5036;5037;5038;5278;5279;5828;5829;5830;5831;5832;5833;5890;5891;5977;5978;5979;6307;6885;6886;7117;7118;7119;7168;7169,14;15;16;17;18;19;20;21;22;23;2910;2911;3014;3423;3424;3425;3426;3465;3466;3467;4035;4036;4368;4369;4878;4879;4880;5346;5347;5348;5349;5350;7103;7321;7322;7323;7324;7325;7326;7327;7328;7329;7337;7338;7339;7340;7341;7342;7668;7669;8481;8482;8483;8484;8485;8486;8487;8488;8489;8490;8491;8492;8493;8494;8566;8567;8568;8569;8712;8713;8714;8715;8716;8717;8718;8719;9384;10300;10301;10302;10303;10304;10305;10306;10307;10308;10309;10310;10645;10646;10647;10648;10649;10720;10721,14;23;2910;2911;3014;3424;3466;4035;4369;4879;5347;7103;7323;7329;7342;7668;7669;8486;8490;8568;8719;9384;10306;10645;10646;10721,,
sp|P00925|ENO2_YEAST,sp|P00925|ENO2_YEAST,51,51,32,,1,51,51,32,41,46,41,46,26,29,95.2,95.2,60.2,46.914,437,437,0,323.31,250.99,230.69,139.02,48,47,Linear,195.39,354.67,260.76,246.46,132.91,147.76,25,23,24,23,Linear,Linear,86.3,86.7,4791800000,49862000,4742000000,1931700000,17489000,1914200000,2860200000,32373000,2827800000,,,,32,0;1;4;5;21;345;346;468;511;723;724;1247;1248;1302;1305;1306;1413;1457;1473;1688;1843;2048;2049;2215;2723;2724;3037;3038;3043;3179;3180;3242;3243;3254;3259;3495;3496;3525;3526;3579;3580;3748;3994;4071;4072;4211;4212;4244;4245;4276;4277,True;True;True;True;True;True;True;True;True;True;True;True;True;True;True;True;True;True;True;True;True;True;True;True;True;True;True;True;True;True;True;True;True;True;True;True;True;True;True;True;True;True;True;True;True;True;True;True;True;True;True,0;1;4;5;21;352;353;482;525;741;742;1279;1280;1334;1337;1338;1339;1448;1492;1508;1729;1886;2099;2100;2101;2102;2273;2807;2808;3125;3126;3131;3277;3278;3341;3342;3343;3355;3360;3361;3605;3606;3635;3636;3689;3690;3691;3692;3863;4125;4204;4205;4347;4348;4381;4382;4383;4414;4415,0;1;2;3;4;9;10;11;12;13;14;41;572;573;574;788;789;790;791;853;854;1195;1196;1197;1198;1199;1200;1201;1202;1203;1204;1205;2046;2047;2124;2127;2128;2129;2130;2131;2320;2321;2381;2382;2408;2409;2769;2770;3011;3012;3351;3352;3353;3354;3355;3356;3357;3358;3359;3360;3361;3362;3363;3364;3365;3366;3367;3368;3369;3370;3645;3646;3647;3648;3649;4525;4526;4527;4528;4529;4530;4531;4532;5027;5028;5029;5030;5031;5036;5037;5038;5278;5279;5391;5392;5393;5394;5395;5415;5422;5423;5424;5828;5829;5830;5831;5832;5833;5885;5886;5887;5888;5889;5980;5981;5982;5983;5984;5985;5986;5987;5988;5989;5990;5991;5992;5993;5994;5995;5996;5997;5998;5999;6000;6001;6002;6003;6004;6005;6006;6007;6008;6009;6010;6307;6753;6754;6885;6886;6887;7117;7118;7119;7170;7171;7172;7173;7174;7175;7176;7232;7233;7234;7235;7236,0;1;2;3;4;5;6;7;8;9;14;15;16;17;18;19;20;21;22;23;59;60;831;832;833;834;835;1128;1129;1130;1131;1132;1133;1134;1135;1221;1222;1223;1224;1225;1226;1227;1228;1229;1690;1691;1692;1693;1694;1695;1696;1697;1698;1699;1700;1701;1702;1703;1704;1705;1706;1707;1708;1709;1710;1711;1712;1713;1714;1715;1716;1717;1718;1719;1720;1721;1722;1723;1724;1725;2910;2911;3011;3012;3015;3016;3017;3018;3019;3020;3021;3022;3023;3024;3025;3331;3332;3423;3424;3425;3426;3465;3466;3467;4035;4036;4368;4369;4881;4882;4883;4884;4885;4886;4887;4888;4889;4890;4891;4892;4893;4894;4895;4896;4897;4898;4899;4900;4901;4902;4903;4904;4905;4906;4907;4908;4909;4910;4911;4912;4913;4914;4915;4916;4917;4918;4919;4920;4921;4922;4923;4924;4925;4926;4927;4928;4929;4930;4931;4932;4933;4934;4935;4936;4937;4938;4939;4940;4941;4942;4943;4944;4945;4946;4947;5332;5333;5334;5335;5336;5337;5338;5339;5340;5341;5342;5343;5344;5345;6621;6622;6623;6624;6625;6626;6627;6628;6629;6630;6631;6632;6633;6634;6635;6636;6637;6638;6639;6640;6641;6642;6643;6644;6645;6646;6647;6648;6649;7321;7322;7323;7324;7325;7326;7327;7328;7329;7337;7338;7339;7340;7341;7342;7668;7669;7841;7842;7843;7844;7845;7846;7847;7848;7849;7878;7885;7886;7887;7888;8481;8482;8483;8484;8485;8486;8487;8488;8489;8490;8491;8492;8493;8494;8554;8555;8556;8557;8558;8559;8560;8561;8562;8563;8564;8565;8720;8721;8722;8723;8724;8725;8726;8727;8728;8729;8730;8731;8732;8733;8734;8735;8736;8737;8738;8739;8740;8741;8742;8743;8744;8745;8746;8747;8748;8749;8750;8751;8752;8753;8754;8755;8756;8757;8758;8759;8760;8761;8762;8763;8764;8765;8766;8767;8768;8769;8770;8771;8772;8773;8774;8775;8776;8777;8778;8779;8780;8781;8782;8783;8784;8785;8786;8787;8788;8789;8790;8791;8792;8793;8794;8795;8796;8797;8798;8799;8800;8801;8802;8803;8804;8805;8806;8807;8808;8809;8810;8811;8812;8813;8814;8815;8816;8817;8818;8819;8820;8821;8822;8823;8824;8825;8826;8827;8828;8829;8830;8831;8832;8833;9384;10083;10084;10300;10301;10302;10303;10304;10305;10306;10307;10308;10309;10310;10311;10645;10646;10647;10648;10649;10722;10723;10724;10725;10726;10727;10728;10729;10730;10731;10732;10733;10734;10735;10736;10737;10738;10739;10740;10741;10742;10743;10821;10822;10823;10824;10825;10826;10827;10828;10829,2;7;14;23;60;832;835;1134;1228;1690;1710;2910;2911;3012;3015;3023;3331;3424;3466;4035;4369;4881;4940;5343;6633;6635;7323;7329;7342;7668;7669;7842;7843;7878;7887;8486;8490;8558;8563;8721;8797;9384;10083;10306;10311;10645;10646;10724;10741;10824;10825,17;18;19;20;21,49;63;116;184;287
sp|P00927|THDH_YEAST,sp|P00927|THDH_YEAST,3,3,3,,1,3,3,3,3,1,3,1,3,1,10.9,10.9,10.9,63.83,576,576,0,25.257,NaN,NaN,NaN,1,1,Median,NaN,NaN,NaN,NaN,NaN,NaN,1,0,1,0,Median,Median,10.9,4.7,16883000,669000,16214000,8709200,669000,8040200,8173900,0,8173900,,,,33,1446;1903;1962,True;True;True,1481;1952;2012,2367;3114;3208;3209;3210,3403;4546;4677;4678;4679,3403;4546;4678,,
sp|P00931|TRP_YEAST,sp|P00931|TRP_YEAST,11,11,11,,1,11,11,11,6,10,6,10,6,10,27.2,27.2,27.2,76.625,707,707,0,80.517,1.7052,2.3787,235.06,2,2,Median,NaN,NaN,NaN,NaN,NaN,NaN,1,1,1,1,Median,Median,17.1,24.9,71439000,2254300,69184000,30167000,2194000,27973000,41272000,60245,41212000,,,,34,104;1062;1063;1481;1559;2154;2185;2453;2719;3150;3305,True;True;True;True;True;True;True;True;True;True;True,105;1088;1089;1516;1595;2211;2243;2520;2803;3246;3409,174;1746;1747;2421;2550;3545;3546;3594;3595;4064;4519;4520;5225;5226;5497;5498,250;2478;2479;3483;3676;5187;5188;5256;5257;5942;5943;6612;6613;6614;7583;7584;7585;7994;7995,250;2478;2479;3483;3676;5188;5257;5942;6613;7584;7995,,
sp|P00937|TRPG_YEAST,sp|P00937|TRPG_YEAST,2,2,2,,1,2,2,2,2,0,2,0,2,0,4.3,4.3,4.3,53.489,484,484,0,3.3287,NaN,NaN,NaN,0,0,Median,NaN,NaN,NaN,NaN,NaN,NaN,0,0,0,0,Median,Median,4.3,0,1492800,0,1492800,1492800,0,1492800,0,0,0,,,,35,458;825,True;True,472;845,775;1362,1112;1941,1112;1941,,
sp|P00942|TPIS_YEAST,sp|P00942|TPIS_YEAST,19,19,19,,1,19,19,19,10,17,10,17,10,17,83.1,83.1,83.1,26.795,248,248,0,145.4,269.8,368.66,169.74,13,13,Linear,11.581,150.45,17.406,148.17,137.37,181.5,4,9,4,9,Median,Linear,43.5,83.1,809470000,8859600,800610000,287270000,2911600,284360000,522200000,5948000,516250000,,,,36,46;77;384;385;394;395;396;758;997;998;1543;1829;2828;2854;3502;3671;3672;4252;4253,True;True;True;True;True;True;True;True;True;True;True;True;True;True;True;True;True;True;True,46;78;396;397;398;407;408;409;776;1023;1024;1578;1872;2913;2939;3612;3786;3787;4390;4391,82;83;133;648;649;650;651;652;667;668;669;670;671;1255;1256;1642;1643;1644;2523;2989;4695;4733;5842;5843;6185;6186;6187;6188;7187;7188;7189;7190;7191,119;120;121;122;192;193;194;195;196;935;936;937;938;939;940;941;942;962;963;964;965;966;967;968;969;970;971;972;973;974;975;976;977;978;979;980;1795;1796;2316;2317;2318;2319;2320;2321;3629;4342;4343;6871;6915;8505;8506;9191;9192;9193;9194;9195;9196;9197;10756;10757;10758;10759;10760;10761;10762,119;192;937;939;965;967;980;1796;2316;2317;3629;4342;6871;6915;8505;9191;9192;10756;10761,,
sp|P00950|PMG1_YEAST,sp|P00950|PMG1_YEAST,23,23,23,,1,23,23,23,17,19,17,19,17,19,68.4,68.4,68.4,27.608,247,247,0,121.42,214.95,141.63,108.38,13,13,Linear,112.44,79.131,87.52,67.145,128.13,98.806,4,9,4,9,Linear,Median,60.3,66.8,1155300000,5861500,1149500000,367730000,1843900,365890000,787590000,4017600,783570000,,,,37,74;75;229;1053;1107;1259;1260;1342;1895;2169;2202;2203;2262;2307;2380;2627;2628;2744;3162;3163;3792;3793;4219,True;True;True;True;True;True;True;True;True;True;True;True;True;True;True;True;True;True;True;True;True;True;True,75;76;233;1079;1134;1291;1292;1376;1944;2226;2260;2261;2320;2366;2439;2707;2708;2828;3260;3261;3907;3908;3909;3910;4355,127;128;129;130;131;382;383;1734;1818;2062;2063;2064;2065;2066;2201;2202;3101;3102;3103;3571;3621;3622;3623;3624;3721;3790;3791;3910;3911;4362;4363;4364;4365;4564;5254;5255;6380;6381;6382;6383;6384;6385;6386;6387;6388;7127;7128,183;184;185;186;187;188;189;190;533;534;535;536;537;2459;2460;2461;2582;2583;2584;2933;2934;2935;2936;2937;2938;2939;2940;2941;3162;3163;3164;3165;3166;3167;3168;4527;4528;4529;4530;4531;4532;5216;5299;5300;5301;5302;5303;5438;5439;5519;5520;5521;5522;5523;5524;5525;5526;5527;5686;5687;5688;5689;5690;5691;5692;5693;6366;6367;6368;6369;6370;6371;6372;6373;6374;6375;6376;6377;6378;6685;7630;7631;7632;9488;9489;9490;9491;9492;9493;9494;9495;9496;9497;9498;9499;9500;9501;9502;9503;9504;9505;9506;9507;10661;10662;10663;10664;10665,183;189;534;2460;2582;2933;2940;3166;4529;5216;5299;5303;5438;5525;5686;6372;6377;6685;7630;7632;9490;9500;10661,22,178
sp|P00958|SYMC_YEAST,sp|P00958|SYMC_YEAST,7,7,7,,1,7,7,7,5,4,5,4,5,4,10,10,10,85.677,751,751,0,22.207,NaN,NaN,NaN,1,1,Median,NaN,NaN,NaN,NaN,NaN,NaN,1,0,1,0,Median,Median,8.5,7.3,18195000,248450,17947000,3465400,248450,3216900,14730000,0,14730000,,,,38,113;114;1959;2221;3169;4123;4124,True;True;True;True;True;True;True,114;115;2009;2279;3267;4256;4257,189;190;3204;3658;3659;5263;6965;6966;6967,272;273;4673;5356;5357;7646;10416;10417;10418,272;273;4673;5357;7646;10416;10418,,
sp|P01120|RAS2_YEAST,sp|P01120|RAS2_YEAST,3,3,3,,1,3,3,3,3,1,3,1,3,1,13.4,13.4,13.4,34.705,322,322,0,9.0071,NaN,NaN,NaN,0,0,Median,NaN,NaN,NaN,NaN,NaN,NaN,0,0,0,0,Median,Median,13.4,3.7,3848200,0,3848200,3848200,0,3848200,0,0,0,,,,39,2722;2833;3607,True;True;True,2806;2918;3720,4524;4702;4703;6067,6620;6879;6880;8971,6620;6880;8971,,
sp|P01123|YPT1_YEAST,sp|P01123|YPT1_YEAST,3,3,3,,1,3,3,3,3,3,3,3,3,3,17.5,17.5,17.5,23.214,206,206,0,5.1536,3.8301,5.7638,71.499,4,4,Median,3.8301,4.0712,8.5029,3.282,42.309,66.962,2,2,2,2,Median,Median,17.5,17.5,17547000,1481400,16065000,7607900,703830,6904100,9938900,777560,9161400,,,,40,2161;2528;3033,True;True;True,2218;2606;3121,3556;3557;4199;4200;5016;5017,5199;5200;6126;6127;7308;7309,5199;6127;7308,,
sp|P02293|H2B1_YEAST,sp|P02293|H2B1_YEAST,12,12,1,,1,12,12,1,8,12,8,12,1,1,63.4,63.4,9.2,14.252,131,131,0,82.12,NaN,NaN,NaN,0,0,Median,NaN,NaN,NaN,NaN,NaN,NaN,0,0,0,0,Median,Median,58,63.4,230090000,0,230090000,76338000,0,76338000,153750000,0,153750000,,,,41,381;874;956;957;1321;1852;2861;3311;3312;3428;3429;4026,True;True;True;True;True;True;True;True;True;True;True;True,393;894;981;982;1355;1895;2946;3415;3416;3417;3536;3537;4158,644;645;1437;1438;1575;1576;1577;1578;2160;2161;2162;3023;4745;4746;4747;5509;5510;5511;5512;5705;5706;6804;6805,930;931;2042;2043;2226;2227;2228;2229;2230;2231;2232;3057;3058;3059;3060;4384;6930;6931;6932;6933;8009;8010;8011;8012;8271;8272;10176;10177;10178;10179,931;2043;2226;2231;3058;4384;6933;8009;8012;8271;8272;10176,23,63
sp|P02294|H2B2_YEAST,sp|P02294|H2B2_YEAST,12,1,1,,1,12,1,1,8,12,1,1,1,1,63.4,9.2,9.2,14.237,131,131,0,2.6918,NaN,NaN,NaN,0,0,Median,NaN,NaN,NaN,NaN,NaN,NaN,0,0,0,0,Median,Median,58,63.4,5929000,0,5929000,1171500,0,1171500,4757500,0,4757500,,,,42,874;956;957;1321;1852;2861;3311;3312;3428;3429;4026;4101,False;False;False;False;False;False;False;False;False;False;False;True,894;981;982;1355;1895;2946;3415;3416;3417;3536;3537;4158;4234,1437;1438;1575;1576;1577;1578;2160;2161;2162;3023;4745;4746;4747;5509;5510;5511;5512;5705;5706;6804;6805;6932;6933,2042;2043;2226;2227;2228;2229;2230;2231;2232;3057;3058;3059;3060;4384;6930;6931;6932;6933;8009;8010;8011;8012;8271;8272;10176;10177;10178;10179;10368;10369;10370,2043;2226;2231;3058;4384;6933;8009;8012;8271;8272;10176;10369,23,63
sp|P02309|H4_YEAST,sp|P02309|H4_YEAST,3,3,3,,1,3,3,3,3,2,3,2,3,2,42.7,42.7,42.7,11.368,103,103,0,16.678,NaN,NaN,NaN,0,0,Median,NaN,NaN,NaN,NaN,NaN,NaN,0,0,0,0,Median,Median,42.7,32,41641000,0,41641000,23260000,0,23260000,18382000,0,18382000,,,,43,2960;3005;3168,True;True;True,3046;3092;3266,4902;4903;4974;5261;5262,7146;7147;7148;7249;7641;7642;7643;7644;7645,7148;7249;7641,,
sp|P02400|RLA4_YEAST,sp|P02400|RLA4_YEAST,5,5,5,,1,5,5,5,4,3,4,3,4,3,86.4,86.4,86.4,11.05,110,110,0,14.41,NaN,NaN,NaN,1,1,Median,NaN,NaN,NaN,NaN,NaN,NaN,0,1,0,1,Median,Median,63.6,61.8,68324000,545000,67779000,35836000,0,35836000,32488000,545000,31943000,,,,44,508;1011;1277;1753;4350,True;True;True;True;True,522;1037;1309;1794;4489,849;1664;2090;2091;2869;2870;7358,1215;2358;2970;2971;2972;4165;4166;4167;4168;10999,1215;2358;2970;4165;10999,,
sp|P02406|RL28_YEAST,sp|P02406|RL28_YEAST,11,11,11,,1,11,11,11,7,11,7,11,7,11,61.7,61.7,61.7,16.721,149,149,0,32.08,37.999,26.008,193.09,5,4,Median,100.35,13.543,75.89,13.379,257.08,94.012,3,2,2,2,Median,Median,57.7,61.7,242380000,2714400,239670000,116170000,1496900,114680000,126210000,1217500,124990000,,,,45,943;1268;1269;1523;1558;1567;1581;2403;2842;3076;3945,True;True;True;True;True;True;True;True;True;True;True,967;1300;1301;1558;1594;1603;1617;2462;2927;3166;4071;4072,1549;1550;2075;2076;2491;2492;2493;2494;2495;2548;2549;2560;2584;2585;3955;3956;3957;3958;4715;4716;5099;6653;6654;6655,2178;2179;2180;2181;2182;2183;2952;2953;3588;3589;3590;3591;3592;3674;3675;3688;3734;3735;3736;3737;5777;5778;5779;5780;6893;6894;6895;6896;6897;7423;9888;9889;9890;9891,2179;2952;2953;3588;3675;3688;3736;5777;6895;7423;9890,24,58
sp|P14127|RS17B_YEAST;sp|P02407|RS17A_YEAST,sp|P14127|RS17B_YEAST;sp|P02407|RS17A_YEAST,9;9,9;9,9;9,;,2,9,9,9,6,8,6,8,6,8,72.1,72.1,72.1,15.803,136,136;136,0,87.466,79.988,56.592,106.15,2,2,Median,NaN,NaN,NaN,NaN,NaN,NaN,1,1,1,1,Median,Median,56.6,72.1,311140000,710400,310430000,125720000,469510,125250000,185420000,240890,185180000,,,,46,279;729;730;1250;1370;2346;2971;3276;3320,True;True;True;True;True;True;True;True;True,283;747;748;1282;1405;2405;3057;3379;3426,470;1212;1213;2049;2050;2250;2251;2252;3852;3853;4916;5454;5455;5527;5528,661;662;663;1733;1734;2913;2914;3246;3247;3248;5600;5601;5602;5603;7163;7164;7165;7166;7939;7940;8032;8033;8034,661;1733;1734;2913;3248;5602;7163;7940;8033,25,58
sp|P02557|TBB_YEAST,sp|P02557|TBB_YEAST,4,4,4,,1,4,4,4,2,2,2,2,2,2,15.1,15.1,15.1,50.922,457,457,0,7.1659,NaN,NaN,NaN,0,0,Median,NaN,NaN,NaN,NaN,NaN,NaN,0,0,0,0,Median,Median,10.5,4.6,9571500,0,9571500,3556100,0,3556100,6015400,0,6015400,,,,47,1953;2218;3029;4142,True;True;True;True,2003;2276;3117;4275,3194;3655;5012;6996,4657;5353;7301;10457;10458,4657;5353;7301;10457,,
sp|P02829|HSP82_YEAST,sp|P02829|HSP82_YEAST,27,3,3,,1,27,3,3,20,22,3,1,3,1,37.4,3.9,3.9,81.405,709,709,0,5.2317,NaN,NaN,NaN,1,1,Median,NaN,NaN,NaN,NaN,NaN,NaN,0,1,0,1,Median,Median,33.7,32,7591300,223950,7367300,4223000,0,4223000,3368200,223950,3144300,,,,48,96;220;286;353;354;634;867;1856;2037;2074;2075;2138;2139;2140;2180;2578;2579;2613;2621;2896;2942;3233;3468;3584;3618;3664;4015,False;False;True;False;False;False;True;False;False;False;False;False;False;False;False;False;False;False;False;False;True;False;False;False;False;False;False,97;224;290;360;361;362;363;648;887;1899;2088;2127;2128;2193;2194;2195;2196;2238;2656;2657;2692;2701;2981;3028;3332;3576;3577;3696;3731;3779;4146;4147,160;161;371;482;483;585;586;587;588;589;590;591;592;593;594;595;596;1059;1427;3029;3331;3406;3407;3408;3409;3518;3519;3520;3521;3522;3523;3588;3589;4285;4286;4287;4337;4338;4339;4354;4806;4807;4874;5376;5377;5772;5773;5774;5775;5776;5777;6016;6017;6018;6087;6171;6172;6173;6174;6784;6785;6786;6787,228;229;230;231;232;233;513;681;682;850;851;852;853;854;855;856;857;858;859;860;861;862;863;864;1515;1516;1517;2027;4392;4844;4845;4846;4997;4998;4999;5000;5001;5002;5151;5152;5153;5154;5155;5156;5246;5247;5248;5249;5250;5251;6255;6256;6257;6328;6329;6330;6356;7010;7011;7012;7101;7825;7826;7827;8380;8381;8382;8383;8384;8385;8386;8387;8388;8389;8390;8391;8392;8393;8846;8847;8848;8849;8850;8851;8852;8853;9001;9170;9171;9172;9173;9174;10125;10126;10127;10128;10129;10130;10131,231;513;682;850;858;1515;2027;4392;4845;4998;4999;5151;5153;5155;5250;6256;6257;6328;6356;7011;7101;7826;8388;8851;9001;9174;10128,26;27;28;29;30,84;464;589;603;607
sp|P02994|EF1A_YEAST,sp|P02994|EF1A_YEAST,28,28,28,,1,28,28,28,23,26,23,26,23,26,55,55,55,50.032,458,458,0,181.65,353.1,317.68,136.88,29,28,Linear,9.0245,34.368,10.905,22.045,117.21,149.37,11,18,11,17,Median,Median,49.8,52.6,1840300000,21799000,1818500000,631060000,9496600,621570000,1209300000,12302000,1197000000,,,,49,650;717;718;773;949;950;1015;1016;1152;1153;2433;2648;2864;2865;2866;3020;3177;3199;3458;3459;3474;3794;3795;3796;4232;4272;4273;4379,True;True;True;True;True;True;True;True;True;True;True;True;True;True;True;True;True;True;True;True;True;True;True;True;True;True;True;True,665;734;735;736;792;974;975;1041;1042;1180;1181;1182;1183;2495;2496;2729;2949;2950;2951;3108;3275;3297;3566;3567;3583;3584;3911;3912;3913;3914;4369;4410;4411;4518,1085;1086;1185;1186;1187;1188;1189;1282;1562;1563;1564;1565;1672;1673;1674;1886;1887;1888;1889;1890;1891;1892;4013;4014;4015;4016;4017;4018;4397;4398;4751;4752;4753;4754;4755;4756;4998;5274;5275;5276;5306;5307;5308;5309;5310;5311;5312;5313;5314;5315;5753;5754;5755;5756;5784;5785;5786;5787;5788;5789;5790;5791;6389;6390;6391;6392;6393;6394;6395;7150;7151;7223;7224;7225;7226;7227;7228;7403;7404;7405,1553;1554;1676;1677;1678;1679;1680;1681;1682;1683;1845;2196;2197;2198;2199;2200;2201;2202;2369;2370;2371;2372;2373;2374;2375;2684;2685;2686;2687;2688;2689;2690;2691;2692;2693;2694;2695;2696;2697;2698;2699;2700;2701;2702;2703;5859;5860;5861;5862;5863;5864;5865;5866;5867;5868;5869;5870;5871;5872;5873;5874;5875;5876;5877;6417;6418;6937;6938;6939;6940;6941;6942;6943;7285;7663;7664;7665;7666;7701;7702;7703;7704;7705;7706;7707;7708;7709;7710;7711;7712;7713;7714;7715;7716;7717;8345;8346;8347;8348;8349;8401;8402;8403;8404;8405;8406;8407;8408;8409;8410;8411;8412;8413;8414;8415;8416;8417;8418;8419;8420;8421;8422;8423;8424;8425;8426;8427;9508;9509;9510;9511;9512;9513;9514;9515;9516;9517;10699;10700;10701;10798;10799;10800;10801;10802;10803;10804;10805;10806;10807;10808;10809;10810;10811;10812;10813;10814;11062;11063;11064;11065;11066;11067;11068;11069;11070,1554;1678;1681;1845;2196;2200;2369;2371;2691;2699;5860;6418;6937;6939;6943;7285;7665;7701;8345;8347;8411;9510;9512;9514;10699;10801;10804;11062,31;32;33;34;35,155;199;292;408;427
sp|P03962|PYRF_YEAST,sp|P03962|PYRF_YEAST,1,1,1,,1,1,1,1,1,0,1,0,1,0,6.4,6.4,6.4,29.239,267,267,0,2.6367,NaN,NaN,NaN,0,0,Median,NaN,NaN,NaN,NaN,NaN,NaN,0,0,0,0,Median,Median,6.4,0,433880,0,433880,433880,0,433880,0,0,0,,,,50,455,TRUE,469,771,1108,1108,,
sp|P03965|CARB_YEAST,sp|P03965|CARB_YEAST,14,12,12,,1,14,12,12,10,10,9,8,9,8,17,15,15,123.91,1118,1118,0,60.064,NaN,NaN,NaN,1,1,Median,NaN,NaN,NaN,NaN,NaN,NaN,0,1,0,1,Median,Median,11.8,12.3,34374000,117450,34256000,21389000,0,21389000,12985000,117450,12867000,,,,51,283;430;562;700;1137;1612;2310;2800;2948;3086;3477;3677;3812;4121,True;False;True;True;True;True;False;True;True;True;True;True;True;True,287;444;576;717;1164;1650;2369;2885;3034;3177;3587;3792;3931;4254,477;478;728;729;945;946;1160;1161;1861;1862;2647;3794;4650;4883;5116;5794;5795;6194;6426;6963,676;677;1052;1053;1054;1356;1357;1649;1650;2654;2655;3834;5530;6799;7115;7116;7442;8430;8431;9203;9578;9579;10414,677;1052;1357;1649;2654;3834;5530;6799;7116;7442;8431;9203;9579;10414,,
sp|P04050|RPB1_YEAST,sp|P04050|RPB1_YEAST,2,2,2,,1,2,2,2,2,0,2,0,2,0,1.5,1.5,1.5,191.61,1733,1733,0,3.5628,NaN,NaN,NaN,0,0,Median,NaN,NaN,NaN,NaN,NaN,NaN,0,0,0,0,Median,Median,1.5,0,2396700,0,2396700,2396700,0,2396700,0,0,0,,,,52,787;2943,True;True,807;3029,1305;4875,1875;7102,1875;7102,,
sp|P04147|PABP_YEAST,sp|P04147|PABP_YEAST,28,28,28,,1,28,28,28,19,22,19,22,19,22,47.8,47.8,47.8,64.343,577,577,0,179.73,12.964,15.158,143.27,7,7,Median,12.964,13.318,15.158,19.433,207.37,104.1,3,4,3,4,Median,Linear,31.7,40,195290000,2923800,192370000,86294000,2105500,84189000,109000000,818330,108180000,,,,53,203;204;473;750;792;1064;1195;1196;1197;1198;1322;1547;1841;2128;2540;2615;2630;2631;2672;2848;2849;2878;3253;3348;3521;3745;4375;4376,True;True;True;True;True;True;True;True;True;True;True;True;True;True;True;True;True;True;True;True;True;True;True;True;True;True;True;True,207;208;487;768;812;1090;1225;1226;1227;1228;1356;1582;1884;2183;2618;2694;2710;2711;2756;2933;2934;2963;3354;3454;3631;3860;4514;4515,342;343;344;345;799;800;1246;1311;1748;1966;1967;1968;1969;1970;1971;2163;2164;2529;3008;3502;4218;4342;4343;4368;4369;4370;4445;4724;4725;4726;4777;4778;5413;5414;5569;5879;5880;6303;6304;7396;7397;7398,476;477;478;479;1144;1145;1146;1147;1148;1149;1786;1881;2480;2802;2803;2804;2805;2806;2807;2808;3061;3062;3063;3064;3065;3641;4364;5131;6148;6149;6333;6334;6335;6381;6382;6383;6384;6507;6906;6907;6908;6967;6968;7876;7877;8092;8548;8549;9376;9377;9378;9379;9380;9381;11053;11054;11055;11056;11057,477;478;1144;1786;1881;2480;2804;2806;2807;2808;3064;3641;4364;5131;6149;6333;6381;6383;6507;6906;6908;6967;7877;8092;8548;9376;11056;11057,,
sp|P04449|RL24A_YEAST,sp|P04449|RL24A_YEAST,8,8,1,,1,8,8,1,5,7,5,7,1,1,44.5,44.5,7.7,17.613,155,155,0,40.016,13.113,17.211,68.977,4,4,Median,NaN,13.437,NaN,10.833,NaN,68.979,1,3,1,3,Median,Median,29.7,43.9,165710000,3823400,161890000,37925000,561580,37363000,127790000,3261800,124520000,,,,54,369;1220;1291;1439;1685;1772;2472;3077,True;True;True;True;True;True;True;True,380;1251;1323;1474;1726;1813;2540;2541;3167,621;622;2007;2111;2356;2357;2765;2766;2899;2900;4093;4094;4095;5100,900;901;2867;2995;2996;3387;3388;3389;3390;3391;4027;4028;4029;4030;4031;4032;4208;4209;5980;5981;5982;7424,901;2867;2995;3388;4028;4208;5980;7424,36,1
sp|P04456|RL25_YEAST,sp|P04456|RL25_YEAST,13,13,13,,1,13,13,13,11,10,11,10,11,10,64.1,64.1,64.1,15.757,142,142,0,73.334,20.338,27.586,77.519,4,4,Median,25.888,NaN,30.268,NaN,64.859,NaN,3,1,3,1,Median,Median,52.1,54.2,371930000,894050,371030000,107170000,464470,106700000,264760000,429590,264330000,,,,55,496;497;908;909;1710;1868;2331;3736;3887;3965;3966;4075;4076,True;True;True;True;True;True;True;True;True;True;True;True;True,510;511;931;932;1751;1912;2390;3851;4011;4092;4093;4094;4208;4209,829;830;831;832;833;834;1495;1496;1497;2803;2804;3044;3826;6287;6288;6559;6686;6687;6688;6689;6690;6691;6692;6693;6892;6893;6894;6895,1190;1191;1192;1193;1194;1195;1196;1197;2112;2113;2114;4077;4078;4414;5567;9345;9346;9347;9769;9940;9941;9942;9943;9944;9945;9946;9947;9948;9949;9950;9951;9952;9953;9954;9955;9956;9957;9958;9959;9960;9961;10317;10318;10319;10320,1190;1196;2112;2113;4077;4414;5567;9346;9769;9954;9959;10317;10319,37,73
sp|P04650|RL39_YEAST,sp|P04650|RL39_YEAST,4,4,4,,1,4,4,4,0,4,0,4,0,4,45.1,45.1,45.1,6.3415,51,51,0,18.125,12.424,8.6883,119.1,2,2,Median,NaN,12.424,NaN,8.6883,NaN,119.1,0,2,0,2,Median,Median,0,45.1,49805000,4119100,45686000,0,0,0,49805000,4119100,45686000,,,,56,1835;2256;2838;3706,True;True;True;True,1878;2314;2923;3821,2997;3711;4709;6241,4351;5424;6887;9278;9279,4351;5424;6887;9279,,
sp|P04801|SYTC_YEAST,sp|P04801|SYTC_YEAST,15,15,15,,1,15,15,15,12,6,12,6,12,6,26.3,26.3,26.3,84.519,734,734,0,54.48,NaN,NaN,NaN,0,0,Median,NaN,NaN,NaN,NaN,NaN,NaN,0,0,0,0,Median,Median,22.3,10.9,39934000,0,39934000,22542000,0,22542000,17393000,0,17393000,,,,57,677;798;799;1042;1084;1684;2089;2550;2694;2695;2936;3074;3262;3813;3814,True;True;True;True;True;True;True;True;True;True;True;True;True;True;True,693;818;819;1068;1110;1725;2143;2628;2778;2779;3022;3164;3364;3932;3933,1125;1321;1322;1714;1779;2764;3431;3432;4236;4481;4482;4865;5095;5096;5429;6427;6428;6429,1607;1893;1894;2432;2529;4026;5033;5034;6172;6562;6563;7091;7418;7419;7420;7893;9580;9581;9582,1607;1893;1894;2432;2529;4026;5034;6172;6562;6563;7091;7420;7893;9580;9582,,
sp|P04802|SYDC_YEAST,sp|P04802|SYDC_YEAST,5,5,5,,1,5,5,5,5,5,5,5,5,5,13.6,13.6,13.6,63.515,557,557,0,31.551,12.12,13.493,26.62,3,3,Plateau,NaN,12.966,NaN,10.494,NaN,35.551,1,2,1,2,Median,Median,13.6,13.6,58745000,1686900,57058000,22817000,554120,22263000,35928000,1132800,34795000,,,,58,474;529;1134;2150;3081,True;True;True;True;True,488;543;1161;2207;3171,801;802;882;883;1856;1857;3538;3539;5105;5106,1150;1151;1152;1264;1265;1266;1267;2646;2647;5178;5179;7429;7430,1150;1264;2646;5178;7430,,
sp|P04806|HXKA_YEAST,sp|P04806|HXKA_YEAST,3,2,2,,1,3,2,2,3,2,2,2,2,2,8.7,6.4,6.4,53.738,485,485,0,3.3064,NaN,NaN,NaN,0,0,Median,NaN,NaN,NaN,NaN,NaN,NaN,0,0,0,0,Median,Median,8.7,6.4,7725800,0,7725800,3788700,0,3788700,3937100,0,3937100,,,,59,635;1550;4286,True;False;True,649;1586;4425,1060;1061;2538;7252;7253,1518;1519;3663;10855;10856,1519;3663;10856,,
sp|P04807|HXKB_YEAST,sp|P04807|HXKB_YEAST,20,20,19,,1,20,20,19,13,15,13,15,12,15,51,51,48.8,53.942,486,486,0,89.565,16.308,13.806,203.03,7,7,Median,21.939,25.749,337.86,13.806,220.71,146.51,4,3,4,3,Linear,Plateau,34.4,42.8,166240000,4508600,161730000,71325000,1571000,69754000,94911000,2937700,91974000,,,,60,35;899;1190;1191;1278;1328;1440;1441;1550;1651;2056;2272;2326;2454;2507;2789;3481;3603;3668;4275,True;True;True;True;True;True;True;True;True;True;True;True;True;True;True;True;True;True;True;True,35;920;1220;1221;1310;1362;1475;1476;1586;1689;2109;2330;2385;2521;2582;2874;3591;3716;3783;4413,61;1477;1478;1957;1958;1959;2092;2176;2177;2358;2359;2360;2538;2706;2707;3382;3735;3820;4065;4160;4633;4634;5801;6059;6060;6061;6180;6181;7230;7231,89;2086;2087;2792;2793;2794;2795;2973;3100;3101;3102;3103;3104;3105;3106;3107;3108;3109;3392;3393;3394;3395;3396;3663;3918;3919;3920;4968;5454;5560;5944;6075;6779;6780;8442;8443;8955;8956;8957;8958;8959;8960;9184;9185;9186;10816;10817;10818;10819;10820,89;2086;2792;2794;2973;3100;3393;3396;3663;3920;4968;5454;5560;5944;6075;6779;8442;8958;9184;10817,,
sp|P04840|VDAC1_YEAST,sp|P04840|VDAC1_YEAST,7,7,7,,1,7,7,7,5,6,5,6,5,6,31.1,31.1,31.1,30.428,283,283,0,48.035,6.3875,3.758,107.78,5,3,Median,NaN,6.6384,NaN,4.2199,NaN,124.45,1,4,0,3,Median,Median,27.6,25.4,73472000,15396000,58077000,34601000,6897900,27703000,38871000,8497700,30373000,,,,61,438;2571;3084;3336;3337;4110;4263,True;True;True;True;True;True;True,452;2649;3175;3442;3443;4243;4401,742;743;4272;4273;5113;5549;5550;5551;6948;6949;7208,1069;1070;1071;6239;6240;6241;7438;8067;8068;8069;8070;10394;10395;10781,1071;6239;7438;8067;8069;10394;10781,,
sp|P04912|H2A2_YEAST;sp|P04911|H2A1_YEAST,sp|P04912|H2A2_YEAST;sp|P04911|H2A1_YEAST,2;2,2;2,2;2,;,2,2,2,2,0,2,0,2,0,2,17.4,17.4,17.4,13.989,132,132;132,0,4.0465,NaN,NaN,NaN,0,0,Median,NaN,NaN,NaN,NaN,NaN,NaN,0,0,0,0,Median,Median,0,17.4,3188900,0,3188900,0,0,0,3188900,0,3188900,,,,62,174;1345,True;True,177;1379,297;2205,424;3172;3173,424;3173,,
sp|P05030|PMA1_YEAST;sp|P19657|PMA2_YEAST,sp|P05030|PMA1_YEAST;sp|P19657|PMA2_YEAST,27;24,27;24,27;24,;,2,27,27,27,16,24,16,24,16,24,25.4,25.4,25.4,99.618,918,918;947,0,229.89,12.451,9.9845,144.96,13,12,Median,24.968,11.99,15.503,8.2573,173.83,97.421,7,6,7,5,Median,Median,17.2,24.4,508610000,6387700,502220000,210420000,2722700,207700000,298180000,3665000,294520000,,,,63,76;594;595;1173;1343;1360;1773;1854;1887;2260;2261;2294;2295;2483;3448;3449;3470;3471;3779;3780;3781;3826;4011;4012;4145;4176;4347,True;True;True;True;True;True;True;True;True;True;True;True;True;True;True;True;True;True;True;True;True;True;True;True;True;True;True,77;608;609;1203;1377;1395;1814;1897;1931;2318;2319;2352;2353;2354;2553;2554;3556;3557;3579;3580;3894;3895;3896;3947;4142;4143;4278;4311;4486,132;992;993;994;995;1927;1928;2203;2233;2234;2901;3026;3027;3075;3076;3077;3717;3718;3719;3720;3771;3772;3773;3774;3775;4112;4113;4114;4115;5735;5736;5779;5780;5781;6356;6357;6358;6359;6360;6361;6362;6451;6778;6779;6780;7000;7001;7058;7350;7351,191;1417;1418;1419;1420;1421;1422;2757;2758;3169;3216;3217;3218;3219;3220;3221;3222;3223;4210;4211;4388;4389;4390;4464;4465;4466;4467;4468;5431;5432;5433;5434;5435;5436;5437;5495;5496;5497;5498;5499;5500;5501;5502;5503;6000;6001;6002;6003;6004;6005;6006;6007;8315;8316;8395;8396;8397;9451;9452;9453;9454;9455;9456;9457;9458;9459;9460;9461;9462;9463;9464;9614;9615;10117;10118;10119;10120;10121;10462;10463;10464;10465;10466;10546;10988;10989,191;1417;1419;2757;3169;3217;4211;4388;4468;5434;5436;5497;5502;6006;8315;8316;8395;8396;9456;9461;9463;9614;10119;10121;10462;10546;10989,38;39,405;556
sp|P05317|RLA0_YEAST,sp|P05317|RLA0_YEAST,13,13,13,,1,13,13,13,8,12,8,12,8,12,46.2,46.2,46.2,33.717,312,312,0,79.599,304.46,516.65,204.74,9,8,Linear,63.076,8.2493,74.056,6.6503,232.94,133.32,4,5,4,4,Median,Median,30.1,42,362160000,3768000,358390000,158780000,875950,157900000,203380000,2892100,200490000,,,,64,149;150;230;696;906;1202;1264;1383;2249;2720;2893;3272;3742,True;True;True;True;True;True;True;True;True;True;True;True;True,151;152;234;713;928;929;1233;1296;1418;2307;2804;2978;3374;3375;3857,254;255;384;385;1156;1491;1492;1978;2070;2274;3701;3702;3703;4521;4522;4800;4801;4802;5444;5445;5446;5447;5448;6297;6298,360;361;538;539;540;541;542;1645;2106;2107;2108;2109;2819;2820;2946;3271;5406;5407;5408;5409;5410;5411;5412;5413;5414;5415;6615;6616;6994;6995;6996;6997;6998;6999;7923;7924;7925;7926;7927;7928;7929;7930;7931;7932;7933;9363;9364,360;361;539;1645;2108;2819;2946;3271;5407;6616;6994;7928;9364,40;41,38;53
sp|P05318|RLA1_YEAST,sp|P05318|RLA1_YEAST,2,2,2,,1,2,2,2,1,1,1,1,1,1,28.3,28.3,28.3,10.908,106,106,0,4.8631,86.445,52.249,23.195,2,2,Median,NaN,NaN,NaN,NaN,NaN,NaN,1,1,1,1,Median,Median,20.8,7.5,108420000,851660,107570000,59442000,565470,58877000,48975000,286190,48688000,,,,65,253;2187,True;True,257;2245,416;3598;3599,585;586;587;588;5261;5262,585;5261,,
sp|P05319|RLA2_YEAST,sp|P05319|RLA2_YEAST,9,9,9,,1,9,9,9,8,5,8,5,8,5,81.1,81.1,81.1,10.746,106,106,0,100.88,12.577,14.079,365.31,3,3,Median,12.577,NaN,14.079,NaN,365.31,NaN,3,0,3,0,Median,Median,81.1,54.7,291730000,16512000,275220000,182380000,16512000,165870000,109350000,0,109350000,,,,66,218;219;1511;1918;3467;4135;4136;4348;4349,True;True;True;True;True;True;True;True;True,222;223;1546;1968;3575;4268;4269;4487;4488,369;370;2472;3140;5770;5771;6985;6986;6987;7352;7353;7354;7355;7356;7357,510;511;512;3562;4588;8371;8372;8373;8374;8375;8376;8377;8378;8379;10441;10442;10443;10444;10445;10446;10990;10991;10992;10993;10994;10995;10996;10997;10998,510;512;3562;4588;8371;10441;10444;10990;10992,,
sp|P05453|ERF3_YEAST,sp|P05453|ERF3_YEAST,4,4,4,,1,4,4,4,4,1,4,1,4,1,10.4,10.4,10.4,76.55,685,685,0,31.159,NaN,NaN,NaN,0,0,Median,NaN,NaN,NaN,NaN,NaN,NaN,0,0,0,0,Median,Median,10.4,2.3,11880000,0,11880000,6991800,0,6991800,4888400,0,4888400,,,,67,1593;1778;3442;3566,True;True;True;True,1631;1819;3550;3676,2618;2909;5724;5725;5961,3799;4223;8302;8303;8689,3799;4223;8303;8689,,
sp|P05694|METE_YEAST,sp|P05694|METE_YEAST,45,45,45,,1,45,45,45,33,42,33,42,33,42,62.2,62.2,62.2,85.859,767,767,0,314.1,5.7188,6.1199,109.16,16,16,Median,5.52,6.0024,7.3746,5.2046,161.22,68.611,6,10,6,10,Median,Median,48.5,58,531090000,5758600,525330000,231140000,1690900,229450000,299950000,4067700,295890000,,,,68,40;252;331;386;425;471;472;539;706;940;1078;1104;1105;1194;1241;1288;1309;1466;1467;1632;1708;1711;1966;1967;2046;2205;2508;2730;2738;2739;2862;3089;3252;3375;3715;3721;3764;3926;3984;4089;4235;4279;4280;4306;4409,True;True;True;True;True;True;True;True;True;True;True;True;True;True;True;True;True;True;True;True;True;True;True;True;True;True;True;True;True;True;True;True;True;True;True;True;True;True;True;True;True;True;True;True;True,40;256;337;399;439;485;486;553;723;964;1104;1131;1132;1224;1272;1320;1342;1501;1502;1670;1749;1752;2016;2017;2097;2263;2583;2814;2822;2823;2947;3180;3353;3481;3830;3836;3879;4051;4115;4222;4372;4417;4418;4419;4445;4549,69;70;71;414;415;550;551;653;654;719;720;795;796;797;798;900;901;1170;1171;1545;1771;1772;1814;1815;1964;1965;2035;2105;2106;2136;2398;2399;2679;2680;2800;2801;2805;2806;3215;3216;3217;3346;3347;3348;3627;3628;4161;4162;4544;4545;4555;4556;4557;4558;4748;5120;5411;5412;5616;5617;6253;6265;6266;6330;6331;6620;6739;6912;6913;7156;7157;7158;7238;7239;7240;7241;7242;7243;7287;7288;7453;7454;7455,102;103;104;105;583;584;795;796;797;798;943;944;945;946;1040;1041;1042;1139;1140;1141;1142;1143;1289;1290;1660;1661;2172;2519;2520;2521;2577;2578;2800;2801;2899;2987;2988;3030;3449;3450;3451;3887;3888;4074;4075;4079;4080;4684;4685;4686;4687;4873;4874;4875;4876;4877;5306;5307;5308;6076;6077;6664;6665;6675;6676;6677;6678;6679;6934;7446;7874;7875;8163;8164;8165;9292;9306;9307;9414;9415;9416;9853;10062;10338;10339;10340;10341;10706;10707;10708;10709;10831;10832;10833;10834;10835;10836;10837;10906;10907;11138;11139;11140;11141,105;583;796;943;1040;1139;1143;1289;1660;2172;2519;2577;2578;2800;2899;2987;3030;3449;3451;3888;4074;4080;4684;4687;4876;5306;6077;6665;6675;6679;6934;7446;7874;8165;9292;9306;9414;9853;10062;10338;10708;10832;10835;10906;11141,42,97
sp|P05737|RL7A_YEAST,sp|P05737|RL7A_YEAST,18,18,2,,1,18,18,2,12,14,12,14,1,2,72.5,72.5,5.3,27.638,244,244,0,91.263,29.346,46.614,169.62,8,8,Median,10.872,79.214,24.135,124.09,101.65,212.14,3,5,3,5,Median,Median,63.9,50,432080000,2393500,429690000,143610000,914900,142690000,288470000,1478600,286990000,,,,69,23;975;1326;1327;1540;1541;1556;1562;2098;2300;2301;2759;2760;2890;2891;3522;3523;4316,True;True;True;True;True;True;True;True;True;True;True;True;True;True;True;True;True;True,23;1000;1360;1361;1575;1576;1592;1598;2153;2359;2360;2843;2844;2975;2976;3632;3633;4455,44;1606;1607;2171;2172;2173;2174;2175;2519;2520;2521;2546;2553;3451;3780;3781;3782;4587;4588;4589;4795;4796;4797;5881;5882;5883;7303;7304;7305,63;2267;2268;2269;2270;3089;3090;3091;3092;3093;3094;3095;3096;3097;3098;3099;3623;3624;3625;3626;3627;3671;3672;3679;5060;5061;5062;5509;5510;5511;6721;6722;6723;6987;6988;6989;6990;6991;8550;8551;8552;10928;10929;10930;10931;10932;10933,63;2267;3089;3096;3625;3627;3671;3679;5061;5509;5511;6722;6723;6987;6988;8550;8552;10928,,
sp|P05738|RL9A_YEAST,sp|P05738|RL9A_YEAST,18,18,3,,1,18,18,3,12,16,12,16,2,3,89,89,20.9,21.569,191,191,0,110.26,27.43,30.431,99.161,13,13,Median,33.795,27.43,31.858,16.138,123,84.014,6,7,6,7,Median,Median,68.6,83.2,568490000,5083700,563410000,291410000,1737200,289680000,277080000,3346500,273730000,,,,70,622;623;1075;1085;1340;1341;1354;1647;2475;2497;2498;2726;3298;4068;4185;4186;4344;4415,True;True;True;True;True;True;True;True;True;True;True;True;True;True;True;True;True;True,636;637;1101;1111;1374;1375;1389;1685;2544;2545;2571;2572;2573;2810;3401;3402;4201;4321;4322;4483;4555,1040;1041;1042;1764;1765;1766;1767;1780;1781;1782;1783;2197;2198;2199;2200;2218;2702;4100;4101;4102;4144;4145;4146;4147;4148;4149;4150;4535;5485;5486;5487;5488;6880;6881;7072;7073;7344;7464;7465,1481;1482;1483;1484;1485;2502;2503;2504;2505;2506;2507;2508;2509;2510;2511;2512;2513;2530;2531;2532;2533;2534;2535;2536;2537;3147;3148;3149;3150;3151;3152;3153;3154;3155;3156;3157;3158;3159;3160;3161;3192;3913;5987;5988;5989;6048;6049;6050;6051;6052;6053;6054;6055;6056;6057;6058;6059;6060;6061;6652;6653;7973;7974;7975;7976;7977;7978;7979;7980;10295;10296;10574;10575;10576;10577;10978;11157;11158,1481;1484;2511;2537;3155;3157;3192;3913;5988;6054;6061;6652;7976;10296;10574;10577;10978;11158,43;44;45,1;78;90
sp|P05739|RL6B_YEAST,sp|P05739|RL6B_YEAST,12,4,4,,1,12,4,4,8,10,2,3,2,3,47.2,21.6,21.6,19.986,176,176,0,42.347,NaN,NaN,NaN,0,0,Median,NaN,NaN,NaN,NaN,NaN,NaN,0,0,0,0,Median,Median,33,40.9,105540000,0,105540000,31633000,0,31633000,73905000,0,73905000,,,,71,1108;1109;1110;1728;1729;2881;3575;4059;4139;4140;4257;4400,False;False;False;True;True;False;True;False;False;False;True;False,1135;1136;1137;1769;1770;2966;3685;4192;4272;4273;4395;4539,1819;1820;1821;1822;1823;2830;2831;2832;4782;5973;6862;6863;6991;6992;6993;6994;7197;7439,2585;2586;2587;2588;2589;2590;2591;2592;4113;4114;4115;6973;8708;10257;10258;10450;10451;10452;10453;10454;10455;10768;11119,2585;2591;2592;4113;4115;6973;8708;10258;10450;10455;10768;11119,,
sp|P05740|RL17A_YEAST,sp|P05740|RL17A_YEAST,16,2,2,,1,16,2,2,11,15,2,2,2,2,76.6,8.7,8.7,20.549,184,184,0,14.634,4.1149,4.8107,111.18,2,2,Median,NaN,NaN,NaN,NaN,NaN,NaN,1,1,1,1,Median,Median,58.7,76.6,23522000,785160,22737000,5071000,474090,4596900,18451000,311070,18140000,,,,72,388;837;1154;1155;1284;1557;2415;2416;2417;2710;2711;2920;3073;4296;4357;4358,False;False;False;False;False;False;False;False;False;False;False;False;False;False;True;True,401;857;1184;1185;1316;1593;2474;2475;2476;2794;2795;3005;3163;4435;4496;4497,656;657;1379;1380;1893;1894;1895;1896;2099;2100;2547;3975;3976;3977;3978;3979;3980;4505;4506;4507;4508;4509;4838;5094;7271;7367;7368;7369;7370;7371,948;949;950;1965;1966;1967;2704;2705;2706;2707;2708;2709;2710;2711;2712;2713;2714;2715;2716;2717;2980;2981;2982;3673;5805;5806;5807;5808;5809;5810;5811;5812;5813;6593;6594;6595;6596;6597;6598;6599;6600;6601;7053;7417;10877;10878;10879;11016;11017;11018;11019;11020;11021,950;1965;2705;2715;2980;3673;5806;5809;5812;6599;6601;7053;7417;10877;11016;11019,,
sp|P05743|RL26A_YEAST,sp|P05743|RL26A_YEAST,11,2,2,,1,11,2,2,6,11,2,2,2,2,66.9,15.7,15.7,14.234,127,127,0,7.4868,NaN,NaN,NaN,1,1,Median,NaN,NaN,NaN,NaN,NaN,NaN,1,0,1,0,Median,Median,40.9,66.9,53692000,2249400,51443000,23919000,2249400,21670000,29773000,0,29773000,,,,73,302;523;524;883;905;1014;1604;2856;3030;4030;4063,False;True;True;False;False;False;False;False;False;False;False,306;537;538;904;927;1040;1642;2941;3118;4162;4196,505;873;874;875;876;1452;1490;1670;1671;2636;4736;4737;5013;6810;6811;6868;6869,718;719;1253;1254;1255;1256;1257;2057;2102;2103;2104;2105;2365;2366;2367;2368;3821;3822;3823;6919;6920;7302;7303;10186;10187;10188;10271;10272;10273;10274;10275,719;1254;1256;2057;2103;2368;3821;6920;7303;10188;10273,,
sp|P05744|RL33A_YEAST,sp|P05744|RL33A_YEAST,8,1,1,,1,8,1,1,5,8,1,1,1,1,68.2,15,15,12.154,107,107,0,13.51,NaN,NaN,NaN,0,0,Median,NaN,NaN,NaN,NaN,NaN,NaN,0,0,0,0,Median,Median,47.7,68.2,97556000,0,97556000,43173000,0,43173000,54383000,0,54383000,,,,74,106;428;1416;1436;1588;2946;2947;3032,False;False;True;False;False;False;False;False,107;442;1451;1471;1626;3032;3033;3120,176;177;724;725;2325;2326;2353;2611;2612;4879;4880;4881;4882;5015,253;254;255;256;1046;1047;1048;1049;3337;3338;3339;3340;3341;3342;3382;3790;3791;7108;7109;7110;7111;7112;7113;7114;7305;7306;7307,254;1049;3340;3382;3791;7109;7110;7305,,
sp|P05745|RL36A_YEAST,sp|P05745|RL36A_YEAST,13,1,1,,1,13,1,1,10,12,1,1,1,1,71,10,10,11.124,100,100,0.0042313,1.7177,16.654,18.592,242.26,3,3,Plateau,NaN,6.186,NaN,6.8872,NaN,340.85,1,2,1,2,Median,Median,71,71,11891000,552670,11339000,4766800,103860,4662900,7124700,448800,6675900,,,,75,861;1156;1890;2090;2980;2982;3300;3301;3604;3605;3606;3892;3893,False;False;True;False;False;False;False;False;False;False;False;False;False,881;1186;1935;1936;2144;3066;3068;3404;3405;3717;3718;3719;4016;4017;4018,1418;1897;1898;3084;3085;3086;3433;3434;3435;3436;4930;4931;4935;4936;5490;5491;5492;6062;6063;6064;6065;6066;6566;6567;6568;6569;6570,2015;2718;2719;4478;4479;4480;4481;5035;5036;5037;5038;7184;7185;7189;7190;7191;7982;7983;7984;7985;7986;8961;8962;8963;8964;8965;8966;8967;8968;8969;8970;9780;9781;9782;9783;9784;9785,2015;2719;4478;5035;7185;7191;7983;7986;8961;8965;8969;9780;9784,2;46,20;90
sp|P05748|RL15A_YEAST;sp|P54780|RL15B_YEAST,sp|P05748|RL15A_YEAST;sp|P54780|RL15B_YEAST,17;15,17;15,17;15,;,2,17,17,17,9,17,9,17,9,17,52.9,52.9,52.9,24.422,204,204;204,0,138.2,23.082,23.056,79.265,2,2,Median,NaN,NaN,NaN,NaN,NaN,NaN,1,1,1,1,Median,Median,39.2,52.9,397110000,1003600,396110000,100200000,484210,99717000,296910000,519410,296390000,,,,76,38;1175;1176;1840;2791;2792;2852;2884;3007;3287;4034;4107;4108;4302;4355;4356;4378,True;True;True;True;True;True;True;True;True;True;True;True;True;True;True;True;True,38;1205;1206;1883;2876;2877;2937;2969;3094;3390;4166;4240;4241;4441;4494;4495;4517,65;66;1931;1932;1933;1934;1935;3006;3007;4636;4637;4731;4787;4788;4976;5469;6815;6816;6944;6945;6946;7279;7280;7281;7282;7283;7365;7366;7401;7402,95;96;97;98;99;2761;2762;2763;2764;2765;2766;2767;2768;4362;4363;6782;6783;6913;6979;6980;7251;7252;7954;10192;10193;10194;10388;10389;10390;10391;10392;10889;10890;10891;10892;10893;10894;10895;10896;10897;10898;10899;10900;10901;10902;11009;11010;11011;11012;11013;11014;11015;11060;11061,96;2762;2766;4363;6782;6783;6913;6979;7251;7954;10193;10388;10391;10895;11009;11013;11061,,
sp|P05749|RL22A_YEAST;sp|P56628|RL22B_YEAST,sp|P05749|RL22A_YEAST,7;3,7;3,7;3,,2,7,7,7,3,7,3,7,3,7,62.8,62.8,62.8,13.693,121,121;122,0,28.406,13.305,9.9899,149.34,6,5,Median,NaN,10.49,NaN,7.3354,NaN,148.5,1,5,1,4,Median,Median,47.1,62.8,47816000,5697200,42119000,11993000,151520,11842000,35823000,5545600,30277000,,,,77,1158;1828;2669;2670;3598;3900;4365,True;True;True;True;True;True;True,1188;1871;2753;2754;3711;4025;4504,1900;2988;4442;4443;6050;6051;6582;6583;7381;7382,2721;4341;6503;6504;8937;8938;8939;9805;9806;11035;11036,2721;4341;6503;6504;8938;9806;11036,,
sp|P05750|RS3_YEAST,sp|P05750|RS3_YEAST,18,18,18,,1,18,18,18,9,17,9,17,9,17,62.9,62.9,62.9,26.502,240,240,0,113.66,16.642,11.638,136.4,3,3,Median,NaN,16.642,NaN,11.638,NaN,136.4,0,3,0,3,Median,Median,58.3,62.9,323050000,1142000,321910000,104840000,0,104840000,218210000,1142000,217070000,,,,78,52;300;301;769;992;993;1234;2164;2165;2885;2886;2954;3576;3716;4082;4265;4266;4267,True;True;True;True;True;True;True;True;True;True;True;True;True;True;True;True;True;True,52;304;305;788;1017;1018;1019;1265;2221;2222;2970;2971;3040;3686;3831;4215;4403;4404;4405,89;90;502;503;504;1276;1277;1633;1634;1635;1636;2026;3562;3563;3564;3565;4789;4790;4895;5974;6254;6255;6256;6904;7211;7212;7213;7214;7215,128;129;130;131;712;713;714;715;716;717;1834;1835;1836;1837;1838;1839;1840;2303;2304;2305;2306;2887;5205;5206;5207;5208;6981;6982;7139;8709;9293;9294;9295;10329;10784;10785;10786;10787;10788;10789,130;712;717;1834;2303;2304;2887;5206;5207;6981;6982;7139;8709;9294;10329;10784;10785;10786,47,177
sp|P05755|RS9B_YEAST;sp|O13516|RS9A_YEAST,sp|P05755|RS9B_YEAST;sp|O13516|RS9A_YEAST,23;20,23;20,23;20,;,2,23,23,23,15,22,15,22,15,22,74.9,74.9,74.9,22.298,195,195;197,0,96.047,11.366,12.724,131.72,9,9,Median,11.366,22.907,12.724,21.457,141.67,116.55,3,6,3,6,Plateau,Median,50.8,74.9,229840000,6651400,223180000,57563000,2111000,55452000,172270000,4540400,167730000,,,,79,702;1338;1339;1594;1695;1931;1932;1984;1990;1991;2241;2385;2531;2813;2814;2911;2975;2976;2990;2994;3886;3951;4025,True;True;True;True;True;True;True;True;True;True;True;True;True;True;True;True;True;True;True;True;True;True;True,719;1372;1373;1632;1736;1981;1982;2035;2041;2042;2299;2444;2609;2898;2899;2996;3061;3062;3077;3081;4010;4078;4157,1164;2193;2194;2195;2196;2619;2620;2781;3156;3157;3158;3159;3247;3257;3258;3259;3689;3690;3918;3919;4204;4668;4669;4827;4828;4924;4925;4926;4951;4952;4957;4958;6557;6558;6664;6802;6803,1654;3141;3142;3143;3144;3145;3146;3800;3801;4049;4608;4609;4610;4611;4612;4727;4739;4740;4741;5392;5393;5701;5702;6133;6818;6819;6820;7039;7040;7041;7174;7175;7176;7177;7178;7217;7218;7219;7224;7225;9767;9768;9904;10172;10173;10174;10175,1654;3142;3146;3801;4049;4609;4612;4727;4739;4741;5393;5702;6133;6818;6820;7039;7175;7177;7217;7224;9767;9904;10172,,
sp|P05756|RS13_YEAST,sp|P05756|RS13_YEAST,7,7,7,,1,7,7,7,4,7,4,7,4,7,43.7,43.7,43.7,17.029,151,151,0,50.048,44.688,38.595,66.801,3,3,Median,18.501,NaN,21.722,NaN,81.287,NaN,2,1,2,1,Median,Median,33.8,43.7,170070000,3018200,167050000,79570000,2788000,76782000,90502000,230260,90272000,,,,80,588;1218;1219;2311;2312;3318;3319,True;True;True;True;True;True;True,602;1249;1250;2370;2371;3424;3425,982;2004;2005;2006;3795;3796;3797;3798;5524;5525;5526,1404;2863;2864;2865;2866;5531;5532;5533;5534;8029;8030;8031,1404;2863;2864;5531;5534;8029;8030,,
sp|P05759|RS31_YEAST,sp|P05759|RS31_YEAST,12,12,3,,1,12,12,3,9,11,9,11,3,3,64.5,64.5,24.3,17.216,152,152,0,113.07,27.26,28.399,190.55,4,4,Median,23.875,NaN,19.327,NaN,194.23,NaN,3,1,3,1,Median,Median,64.5,64.5,243490000,998520,242490000,107450000,786650,106660000,136040000,211870,135830000,,,,81,557;849;938;1569;1952;2099;2253;2819;3651;3652;3653;3687,True;True;True;True;True;True;True;True;True;True;True;True,571;869;962;1605;2002;2154;2311;2904;3765;3766;3767;3802,933;934;1399;1541;1542;2562;3192;3193;3452;3453;3454;3707;3708;4676;6144;6145;6146;6147;6148;6149;6150;6151;6152;6211,1340;1341;1342;1343;1992;1993;1994;1995;2168;2169;3690;4653;4654;4655;4656;5063;5064;5065;5066;5067;5068;5419;5420;5421;6827;9127;9128;9129;9130;9131;9132;9133;9134;9135;9136;9137;9138;9139;9140;9141;9142;9143;9144;9228,1340;1993;2168;3690;4655;5064;5419;6827;9127;9132;9142;9228,,
sp|P06101|CDC37_YEAST,sp|P06101|CDC37_YEAST,1,1,1,,1,1,1,1,1,0,1,0,1,0,1.6,1.6,1.6,58.384,506,506,0.0067568,1.3169,NaN,NaN,NaN,0,0,Median,NaN,NaN,NaN,NaN,NaN,NaN,0,0,0,0,Median,Median,1.6,0,591300,0,591300,591300,0,591300,0,0,0,,,,82,1091,TRUE,1117,1791,2545,2545,,
sp|P06103|EIF3B_YEAST,sp|P06103|EIF3B_YEAST,3,3,3,,1,3,3,3,3,3,3,3,3,3,5.8,5.8,5.8,88.129,763,763,0,9.3935,NaN,NaN,NaN,0,0,Median,NaN,NaN,NaN,NaN,NaN,NaN,0,0,0,0,Median,Median,5.8,5.8,15093000,0,15093000,8204200,0,8204200,6889200,0,6889200,,,,83,2585;3719;4196,True;True;True,2663;3834;4332,4297;4298;6261;6262;7089;7090,6276;6277;9301;9302;9303;10600;10601,6277;9303;10600,,
sp|P06105|SC160_YEAST,sp|P06105|SC160_YEAST,25,25,25,,1,25,25,25,19,17,19,17,19,17,28.8,28.8,28.8,134.81,1222,1222,0,134.56,1.4628,1.6825,208.5,2,2,Median,NaN,NaN,NaN,NaN,NaN,NaN,1,1,1,1,Median,Median,23.1,21.1,89996000,965140,89031000,34373000,865700,33508000,55623000,99444,55523000,,,,84,159;340;359;989;1225;1615;1732;2100;2345;2397;2545;2607;2632;3111;3178;3237;3469;3783;3807;3859;3932;3933;4143;4175;4389,True;True;True;True;True;True;True;True;True;True;True;True;True;True;True;True;True;True;True;True;True;True;True;True;True,161;347;369;1014;1256;1653;1773;2155;2404;2456;2623;2686;2712;3204;3276;3336;3578;3898;3926;3983;4057;4058;4276;4310;4528,269;566;605;1628;1629;2014;2015;2650;2836;3455;3456;3851;3946;4228;4229;4328;4329;4371;5157;5277;5382;5778;6366;6367;6418;6419;6510;6511;6630;6631;6632;6997;6998;7056;7057;7420,379;823;877;2298;2299;2874;2875;3837;4120;5069;5070;5599;5765;6162;6163;6164;6165;6318;6319;6320;6385;7496;7667;7832;8394;9469;9470;9471;9472;9570;9571;9697;9698;9864;9865;9866;10459;10460;10544;10545;11095,379;823;877;2299;2875;3837;4120;5070;5599;5765;6164;6319;6385;7496;7667;7832;8394;9469;9571;9697;9865;9866;10459;10545;11095,,
sp|P06106|CYSD_YEAST,sp|P06106|CYSD_YEAST,4,4,4,,1,4,4,4,2,4,2,4,2,4,11.3,11.3,11.3,48.671,444,444,0,16.32,NaN,NaN,NaN,0,0,Median,NaN,NaN,NaN,NaN,NaN,NaN,0,0,0,0,Median,Median,5.2,11.3,18122000,0,18122000,6885700,0,6885700,11237000,0,11237000,,,,85,498;512;1943;2279,True;True;True;True,512;526;1993;2337,835;855;3176;3177;3745;3746,1198;1230;4633;4634;5466;5467,1198;1230;4633;5467,,
sp|P06168|ILV5_YEAST,sp|P06168|ILV5_YEAST,14,14,14,,1,14,14,14,11,12,11,12,11,12,37.2,37.2,37.2,44.368,395,395,0,70.993,68.013,76.145,214.75,4,4,Linear,5.4266,NaN,6.0747,NaN,150.42,NaN,3,1,3,1,Plateau,Median,32.9,36.2,263930000,1404900,262530000,99222000,1228400,97993000,164710000,176520,164540000,,,,86,25;685;857;858;889;1273;2011;2537;2538;2629;2926;3016;3692;3693,True;True;True;True;True;True;True;True;True;True;True;True;True;True,25;701;877;878;910;1305;2062;2615;2616;2709;3011;3104;3807;3808,47;48;1135;1136;1409;1410;1411;1412;1413;1414;1463;2080;3289;3290;4214;4215;4216;4366;4367;4846;4990;4991;6219;6220;6221;6222,66;67;68;69;70;71;1618;1619;2005;2006;2007;2008;2009;2010;2011;2071;2957;4783;4784;4785;4786;6144;6145;6146;6379;6380;7063;7270;7271;7272;7273;7274;7275;9242;9243;9244;9245;9246;9247;9248;9249;9250,66;1618;2005;2006;2071;2957;4784;6144;6146;6379;7063;7271;9245;9248,,
sp|P06169|PDC1_YEAST;sp|P26263|PDC6_YEAST;sp|P16467|PDC5_YEAST;sp|Q07471|THI3_YEAST,sp|P06169|PDC1_YEAST,36;6;6;1,36;6;6;1,36;6;6;1,,4,36,36,36,26,33,26,33,26,33,63.6,63.6,63.6,61.495,563,563;563;563;609,0,323.31,137.49,904.91,192.33,29,29,Linear,201.59,134.77,9.4518,98.607,153.95,231.1,15,14,15,14,Linear,Plateau,51,60.2,3809600000,109170000,3700400000,1246100000,76265000,1169900000,2563500000,32905000,2530600000,,,,87,590;591;760;761;963;1243;1275;1585;1586;1676;1677;1678;1808;1809;2091;2092;2104;2178;2179;2188;2350;2500;2501;2549;2620;2825;3143;3144;3663;3769;3847;3848;4229;4230;4314;4361,True;True;True;True;True;True;True;True;True;True;True;True;True;True;True;True;True;True;True;True;True;True;True;True;True;True;True;True;True;True;True;True;True;True;True;True,604;605;778;779;988;1274;1307;1621;1622;1623;1624;1715;1716;1717;1718;1719;1850;1851;1852;2145;2146;2147;2159;2235;2236;2237;2246;2409;2575;2576;2627;2699;2700;2910;3239;3240;3777;3778;3884;3970;3971;4365;4366;4453;4500,984;985;986;987;988;1258;1259;1260;1261;1262;1588;1589;2038;2085;2086;2087;2088;2590;2591;2592;2593;2594;2595;2596;2597;2598;2599;2600;2601;2602;2603;2604;2605;2606;2607;2608;2609;2749;2750;2751;2752;2753;2754;2755;2756;2955;2956;2957;2958;2959;3437;3438;3439;3440;3460;3461;3584;3585;3586;3587;3600;3601;3860;3861;4152;4153;4235;4348;4349;4350;4351;4352;4353;4689;4690;4691;5215;5216;5217;6168;6169;6170;6337;6338;6487;6488;6489;7143;7144;7145;7299;7300;7376;7377,1406;1407;1408;1409;1410;1411;1412;1413;1798;1799;1800;1801;1802;1803;1804;1805;1806;1807;1808;1809;1810;2243;2244;2245;2902;2963;2964;2965;2966;2967;2968;3742;3743;3744;3745;3746;3747;3748;3749;3750;3751;3752;3753;3754;3755;3756;3757;3758;3759;3760;3761;3762;3763;3764;3765;3766;3767;3768;3769;3770;3771;3772;3773;3774;3775;3776;3777;3778;3779;3780;3781;3782;3783;3784;3785;3786;3787;3788;3992;3993;3994;3995;3996;3997;3998;3999;4000;4001;4002;4003;4004;4005;4006;4007;4008;4009;4010;4011;4012;4013;4014;4015;4016;4277;4278;4279;4280;4281;4282;4283;4284;4285;4286;4287;4288;4289;4290;4291;4292;4293;4294;4295;4296;4297;4298;4299;5039;5040;5041;5042;5075;5076;5077;5078;5079;5237;5238;5239;5240;5241;5242;5243;5244;5245;5263;5264;5265;5266;5267;5268;5269;5270;5271;5272;5273;5274;5275;5276;5277;5610;5611;6063;6064;6065;6066;6171;6341;6342;6343;6344;6345;6346;6347;6348;6349;6350;6351;6352;6353;6354;6355;6851;6852;6853;6854;6855;6856;6857;6858;6859;6860;6861;6862;6863;6864;6865;7570;7571;7572;7573;7574;9163;9164;9165;9166;9167;9168;9169;9422;9423;9424;9425;9426;9427;9428;9429;9666;9667;9668;9669;10690;10691;10692;10920;10921;10922;10923;10924;10925;11027;11028;11029;11030;11031,1406;1411;1799;1808;2245;2902;2963;3744;3785;3992;4000;4015;4288;4298;5041;5042;5075;5237;5239;5271;5610;6063;6064;6171;6354;6863;7572;7574;9164;9425;9667;9669;10690;10692;10920;11027,48;49;50;51;52;53,43;187;247;314;326;539
sp|P06367|RS14A_YEAST,sp|P06367|RS14A_YEAST,18,2,2,,1,18,2,2,9,18,0,2,0,2,88.3,25.5,25.5,14.536,137,137,0,79.763,NaN,NaN,NaN,0,0,Median,NaN,NaN,NaN,NaN,NaN,NaN,0,0,0,0,Median,Median,59.1,88.3,56636000,0,56636000,0,0,0,56636000,0,56636000,,,,88,72;73;429;560;721;947;948;961;1470;1670;1671;1672;3329;3330;3665;3666;3712;3993,False;False;False;False;False;False;False;False;False;False;False;False;True;True;False;False;False;False,72;73;74;443;574;739;971;972;973;986;1505;1709;1710;1711;3435;3436;3780;3781;3827;4124,122;123;124;125;126;726;727;939;940;941;942;1193;1556;1557;1558;1559;1560;1561;1584;1585;2403;2404;2741;2742;2743;2744;5540;5541;6175;6176;6177;6250;6751;6752,168;169;170;171;172;173;174;175;176;177;178;179;180;181;182;1050;1051;1350;1351;1352;1353;1687;1688;2189;2190;2191;2192;2193;2194;2195;2238;2239;2240;3456;3457;3458;3974;3975;3976;3977;3978;3979;3980;3981;3982;3983;3984;3985;8052;8053;8054;8055;9175;9176;9177;9178;9179;9289;10080;10081;10082,173;182;1050;1352;1687;2191;2194;2238;3456;3980;3984;3985;8052;8054;9175;9178;9289;10080,54;55,46;61
sp|P06633|HIS7_YEAST,sp|P06633|HIS7_YEAST,1,1,1,,1,1,1,1,1,0,1,0,1,0,4.5,4.5,4.5,23.833,220,220,0.0042135,1.6554,NaN,NaN,NaN,0,0,Median,NaN,NaN,NaN,NaN,NaN,NaN,0,0,0,0,Median,Median,4.5,0,275190,0,275190,275190,0,275190,0,0,0,,,,89,783,TRUE,802,1297,1860,1860,,
sp|P06634|DED1_YEAST,sp|P06634|DED1_YEAST,10,10,10,,1,10,10,10,7,10,7,10,7,10,24.3,24.3,24.3,65.552,604,604,0,61.615,15.596,20.864,48.824,2,2,Median,NaN,NaN,NaN,NaN,NaN,NaN,1,1,1,1,Median,Median,20.9,24.3,134030000,1294200,132740000,47931000,725110,47206000,86101000,569120,85531000,,,,90,98;533;1763;1940;3601;3602;3617;3950;4053;4390,True;True;True;True;True;True;True;True;True;True,99;547;1804;1990;3714;3715;3730;4077;4185;4529,164;165;889;890;2884;3172;6056;6057;6058;6085;6086;6662;6663;6848;6849;7421;7422,237;238;239;240;1274;1275;4187;4629;8946;8947;8948;8949;8950;8951;8952;8953;8954;8999;9000;9902;9903;10240;10241;10242;11096;11097,237;1274;4187;4629;8946;8948;8999;9903;10240;11096,,
sp|P06780|RHO1_YEAST,sp|P06780|RHO1_YEAST,2,2,2,,1,2,2,2,2,2,2,2,2,2,14.8,14.8,14.8,23.152,209,209,0,2.6641,NaN,NaN,NaN,0,0,Median,NaN,NaN,NaN,NaN,NaN,NaN,0,0,0,0,Median,Median,14.8,14.8,3603600,0,3603600,2824700,0,2824700,778960,0,778960,,,,91,3356;3630,True;True,3462;3744,5581;5582;6111;6112,8106;8107;9079;9080,8107;9079,,
sp|P07149|FAS1_YEAST,sp|P07149|FAS1_YEAST,49,49,49,,1,49,49,49,31,38,31,38,31,38,29.4,29.4,29.4,228.69,2051,2051,0,279.31,4.4078,4.0616,104.95,12,10,Median,6.2618,3.0466,4.2427,2.6638,49.007,129.95,5,7,5,5,Median,Median,19.4,25.5,346950000,8141200,338810000,162780000,2620800,160160000,184180000,5520300,178660000,,,,92,41;192;239;245;255;277;278;432;433;449;549;633;660;684;737;832;833;872;1090;1231;1387;1401;1442;1641;1721;2170;2171;2172;2383;2401;2450;2541;2612;2657;2736;2868;3218;3289;3290;3688;3744;3782;3921;3925;3961;4098;4112;4343;4362,True;True;True;True;True;True;True;True;True;True;True;True;True;True;True;True;True;True;True;True;True;True;True;True;True;True;True;True;True;True;True;True;True;True;True;True;True;True;True;True;True;True;True;True;True;True;True;True;True,41;196;243;249;259;281;282;446;447;463;563;647;676;700;755;852;853;892;1116;1262;1422;1436;1477;1679;1762;2227;2228;2229;2442;2460;2517;2619;2691;2739;2820;2953;3316;3392;3393;3803;3859;3897;4046;4050;4088;4231;4245;4482;4501,72;73;327;396;405;419;468;469;731;732;733;734;760;761;920;1057;1058;1100;1134;1223;1224;1225;1226;1373;1374;1375;1434;1435;1789;1790;2022;2023;2279;2300;2301;2361;2694;2820;3572;3573;3574;3575;3915;3951;3952;4059;4060;4219;4220;4335;4336;4415;4416;4552;4760;5349;5472;5473;6212;6213;6301;6302;6363;6364;6365;6612;6613;6619;6681;6928;6952;7343;7378,106;107;108;459;555;567;591;659;660;1056;1057;1058;1059;1060;1092;1093;1322;1512;1513;1514;1573;1617;1749;1750;1751;1752;1753;1754;1755;1756;1757;1958;1959;1960;2037;2038;2039;2040;2543;2544;2883;2884;3277;3307;3308;3309;3310;3397;3904;4097;4098;5217;5218;5219;5220;5221;5698;5773;5774;5937;5938;6150;6151;6326;6327;6439;6440;6672;6947;7763;7957;7958;9229;9230;9231;9232;9233;9234;9235;9236;9370;9371;9372;9373;9374;9375;9465;9466;9467;9468;9840;9841;9842;9852;9933;10364;10398;10399;10977;11032,106;459;555;567;591;659;660;1056;1058;1093;1322;1514;1573;1617;1749;1958;1960;2039;2543;2883;3277;3307;3397;3904;4097;5217;5220;5221;5698;5773;5938;6151;6327;6440;6672;6947;7763;7957;7958;9229;9371;9467;9842;9852;9933;10364;10399;10977;11032,,
sp|P07170|KAD2_YEAST,sp|P07170|KAD2_YEAST,16,16,16,,1,16,16,16,13,11,13,11,13,11,73.9,73.9,73.9,24.254,222,222,0,93.236,3.296,2.0466,176.64,5,5,Median,27.356,NaN,32.308,NaN,185.07,NaN,4,1,4,1,Linear,Median,73.9,58.1,135760000,4586000,131170000,72343000,2809700,69533000,63412000,1776200,61636000,,,,93,617;628;924;1293;1294;1295;1296;1438;1789;1981;2520;2592;2593;2968;2969;3398,True;True;True;True;True;True;True;True;True;True;True;True;True;True;True;True,631;642;948;1325;1326;1327;1328;1473;1830;2031;2032;2597;2670;2671;3054;3055;3505,1032;1033;1048;1049;1521;2113;2114;2115;2116;2117;2355;2924;3238;3239;3240;3241;3242;4184;4308;4309;4310;4911;4912;4913;4914;5655;5656,1469;1470;1471;1472;1473;1474;1493;1494;2144;2998;2999;3000;3001;3002;3385;3386;4241;4242;4710;4711;4712;4713;4714;6109;6294;6295;6296;7156;7157;7158;7159;7160;8211;8212,1469;1494;2144;2998;3000;3001;3002;3386;4241;4712;6109;6295;6296;7156;7159;8211,56,106
sp|P07213|TOM70_YEAST,sp|P07213|TOM70_YEAST,8,8,8,,1,8,8,8,6,6,6,6,6,6,16.9,16.9,16.9,70.122,617,617,0,24.857,14.494,16.181,22.295,2,2,Median,NaN,NaN,NaN,NaN,NaN,NaN,1,1,1,1,Median,Median,12.6,13.9,33331000,141530,33190000,16056000,81409,15974000,17276000,60120,17215000,,,,94,262;436;1587;1791;2223;2233;4029;4087,True;True;True;True;True;True;True;True,266;450;1625;1832;2281;2291;4161;4220,432;433;739;740;2610;2926;2927;3662;3663;3679;6809;6910,606;607;1065;1066;1067;3789;4244;4245;5360;5361;5382;10185;10336,607;1065;3789;4244;5360;5382;10185;10336,,
sp|P07244|PUR2_YEAST,sp|P07244|PUR2_YEAST,3,3,3,,1,3,3,3,3,1,3,1,3,1,4.6,4.6,4.6,86.067,802,802,0,11.999,15.15,9.157,70.667,2,2,Median,NaN,NaN,NaN,NaN,NaN,NaN,1,1,1,1,Median,Median,4.6,1.1,8137200,251760,7885500,5707100,157040,5550100,2430100,94717,2335400,,,,95,596;661;1938,True;True;True,610;677;1988,996;1101;3169;3170,1423;1574;4626;4627,1423;1574;4626,,
sp|P07245|C1TC_YEAST,sp|P07245|C1TC_YEAST,10,10,10,,1,10,10,10,7,6,7,6,7,6,22.1,22.1,22.1,102.2,946,946,0,41.185,NaN,NaN,NaN,0,0,Median,NaN,NaN,NaN,NaN,NaN,NaN,0,0,0,0,Median,Median,13.7,12.9,38307000,0,38307000,16455000,0,16455000,21852000,0,21852000,,,,96,28;53;484;1007;3224;3283;3707;3723;4342;4399,True;True;True;True;True;True;True;True;True;True,28;53;498;1033;3323;3386;3822;3838;4481;4538,53;91;92;814;1659;5360;5463;5464;6242;6268;7341;7342;7438,78;132;133;134;1170;2345;7791;7792;7948;7949;9280;9281;9309;9310;10975;10976;11118,78;133;1170;2345;7791;7949;9280;9309;10976;11118,,
sp|P07246|ADH3_YEAST,sp|P07246|ADH3_YEAST,5,4,4,,1,5,4,4,5,3,4,2,4,2,13.1,13.1,13.1,40.369,375,375,0,9.0605,NaN,NaN,NaN,1,1,Median,NaN,NaN,NaN,NaN,NaN,NaN,0,1,0,1,Median,Median,13.1,7.5,8974700,183370,8791400,5203200,0,5203200,3771600,183370,3588200,,,,97,674;1229;1524;2057;4413,True;True;True;True;False,690;1260;1559;2110;4553,1120;1121;2020;2496;2497;3383;7459;7460,1598;1599;2881;3593;3594;4969;11145;11146,1599;2881;3593;4969;11146,,
sp|P07251|ATPA_YEAST,sp|P07251|ATPA_YEAST,4,4,4,,1,4,4,4,3,4,3,4,3,4,8.6,8.6,8.6,58.607,545,545,0,21.341,35.172,27.415,61.734,3,3,Median,NaN,38.945,NaN,26.821,NaN,3.0949,1,2,1,2,Median,Median,6.4,8.6,33596000,261760,33334000,12548000,58379,12490000,21047000,203380,20844000,,,,98,288;2145;3019;3549,True;True;True;True,292;2202;3107;3659,485;486;3531;3532;4996;4997;5931,687;688;5170;5171;7281;7282;7283;7284;8652;8653,687;5170;7283;8652,,
sp|P07253|CBP6_YEAST,sp|P07253|CBP6_YEAST,1,1,1,,1,1,1,1,1,0,1,0,1,0,6.8,6.8,6.8,18.678,162,162,0,4.0234,NaN,NaN,NaN,0,0,Median,NaN,NaN,NaN,NaN,NaN,NaN,0,0,0,0,Median,Median,6.8,0,743060,0,743060,743060,0,743060,0,0,0,,,,99,3400,TRUE,3507,5659,8215,8215,,
sp|P07256|QCR1_YEAST,sp|P07256|QCR1_YEAST,1,1,1,,1,1,1,1,1,1,1,1,1,1,2.2,2.2,2.2,50.227,457,457,0.0042433,1.7306,NaN,NaN,NaN,0,0,Median,NaN,NaN,NaN,NaN,NaN,NaN,0,0,0,0,Median,Median,2.2,2.2,1179100,0,1179100,611530,0,611530,567610,0,567610,,,,100,1396,TRUE,1431,2292;2293,3299;3300,3299,,
sp|P07257|QCR2_YEAST,sp|P07257|QCR2_YEAST,3,3,3,,1,3,3,3,3,0,3,0,3,0,14.4,14.4,14.4,40.478,368,368,0,3.1039,NaN,NaN,NaN,0,0,Median,NaN,NaN,NaN,NaN,NaN,NaN,0,0,0,0,Median,Median,14.4,0,4777200,0,4777200,4777200,0,4777200,0,0,0,,,,101,655;1228;2360,True;True;True,671;1259;2419,1093;2019;3877,1563;2880;5633,1563;2880;5633,,
sp|P07258|CARA_YEAST,sp|P07258|CARA_YEAST,2,2,2,,1,2,2,2,2,1,2,1,2,1,6.1,6.1,6.1,45.361,411,411,0,4.0095,NaN,NaN,NaN,0,0,Median,NaN,NaN,NaN,NaN,NaN,NaN,0,0,0,0,Median,Median,6.1,1.9,2776600,0,2776600,1964100,0,1964100,812440,0,812440,,,,102,4171;4377,True;True,4306;4516,7050;7399;7400,10531;11058;11059,10531;11058,,
sp|P07259|PYR1_YEAST,sp|P07259|PYR1_YEAST,21,21,19,,1,21,21,19,12,16,12,16,11,14,15.6,15.6,14.6,245.04,2214,2214,0,74.806,8.7676,5.1583,150.41,4,4,Median,NaN,8.2765,NaN,4.8694,NaN,135.95,1,3,1,3,Median,Median,9.5,12.6,87303000,2610300,84692000,41142000,180920,40961000,46161000,2429400,43731000,,,,103,39;170;284;430;654;1086;1606;1613;1864;1930;2066;2310;2410;2414;2557;2772;3278;3728;3953;4242;4374,True;True;True;True;True;True;True;True;True;True;True;True;True;True;True;True;True;True;True;True;True,39;172;288;444;670;1112;1644;1651;1908;1980;2119;2369;2469;2473;2635;2857;3381;3843;4080;4379;4513,67;68;287;288;479;728;729;1092;1784;2639;2648;3039;3155;3395;3794;3968;3973;3974;4246;4612;5457;6275;6276;6667;6668;7166;7167;7395,100;101;409;410;678;1052;1053;1054;1562;2538;3826;3835;4409;4607;4986;5530;5796;5803;5804;6188;6754;7942;9320;9321;9322;9913;9914;10718;10719;11052,101;409;678;1052;1562;2538;3826;3835;4409;4607;4986;5530;5796;5804;6188;6754;7942;9320;9914;10718;11052,,
sp|P07260|IF4E_YEAST,sp|P07260|IF4E_YEAST,4,4,4,,1,4,4,4,3,4,3,4,3,4,33.8,33.8,33.8,24.254,213,213,0,17.725,NaN,NaN,NaN,1,1,Median,NaN,NaN,NaN,NaN,NaN,NaN,1,0,1,0,Median,Median,26.3,33.8,46415000,200560,46215000,17635000,200560,17434000,28780000,0,28780000,,,,104,1754;2334;3790;4250,True;True;True;True,1795;2393;3905;4388,2871;3830;3831;3832;3833;6376;6377;6378;7183;7184,4169;5571;5572;5573;5574;9482;9483;9484;9485;9486;10752;10753,4169;5571;9484;10752,,
sp|P07262|DHE4_YEAST;sp|P39708|DHE5_YEAST,sp|P07262|DHE4_YEAST,3;1,3;1,3;1,,2,3,3,3,2,2,2,2,2,2,15,15,15,49.569,454,454;457,0,17.637,NaN,NaN,NaN,0,0,Median,NaN,NaN,NaN,NaN,NaN,NaN,0,0,0,0,Median,Median,11.5,10.8,14774000,0,14774000,7757600,0,7757600,7016600,0,7016600,,,,105,37;1251;3269,True;True;True,37;1283;3371,63;64;2051;5440,91;92;93;94;2915;7907,93;2915;7907,,
sp|P07263|SYH_YEAST,sp|P07263|SYH_YEAST,9,9,9,,1,9,9,9,6,7,6,7,6,7,16.7,16.7,16.7,59.952,546,546,0,25.403,2.1276,1.4878,135.35,3,3,Median,3.2522,NaN,2.7711,NaN,184.56,NaN,2,1,2,1,Median,Median,14.7,12.6,24942000,825190,24117000,11147000,725650,10421000,13795000,99540,13695000,,,,106,151;348;757;1745;2303;2304;2305;2794;4222,True;True;True;True;True;True;True;True;True,153;355;775;1786;2362;2363;2364;2879;4358,256;577;578;1254;2855;2856;3785;3786;3787;3788;4640;4641;7132,362;839;840;1794;4144;4145;4146;5514;5515;5516;5517;6786;6787;10669,362;839;1794;4146;5514;5515;5517;6786;10669,,
sp|P07267|CARP_YEAST,sp|P07267|CARP_YEAST,1,1,1,,1,1,1,1,1,0,1,0,1,0,4,4,4,44.498,405,405,0,3.2868,NaN,NaN,NaN,0,0,Median,NaN,NaN,NaN,NaN,NaN,NaN,0,0,0,0,Median,Median,4,0,2695200,0,2695200,2695200,0,2695200,0,0,0,,,,107,4419,TRUE,4559,7470,11163,11163,,
sp|P07274|PROF_YEAST,sp|P07274|PROF_YEAST,1,1,1,,1,1,1,1,1,1,1,1,1,1,15.1,15.1,15.1,13.677,126,126,0.0041783,1.5641,NaN,NaN,NaN,0,0,Median,NaN,NaN,NaN,NaN,NaN,NaN,0,0,0,0,Median,Median,15.1,15.1,0,0,0,0,0,0,0,0,0,,,,108,2867,TRUE,2952,4757;4758;4759,6944;6945;6946,6944,,
sp|P07280|RS19A_YEAST,sp|P07280|RS19A_YEAST,12,1,1,,1,12,1,1,7,11,0,1,0,1,80.6,18.1,18.1,15.917,144,144,0,5.8896,NaN,NaN,NaN,0,0,Median,NaN,NaN,NaN,NaN,NaN,NaN,0,0,0,0,Median,Median,54.2,66,36622000,0,36622000,0,0,0,36622000,0,36622000,,,,109,1337;1453;1454;1455;1592;2025;2026;2742;2793;2870;3750;4041,False;False;False;False;False;False;False;True;False;False;False;False,1371;1488;1489;1490;1630;2076;2077;2826;2878;2955;3865;4173,2192;2376;2377;2378;2379;2617;3313;3314;3315;4561;4638;4639;4762;4763;6310;6311;6828;6829,3138;3139;3140;3414;3415;3416;3417;3418;3419;3420;3421;3797;3798;4817;4818;4819;4820;6682;6784;6785;6949;6950;6951;9388;9389;9390;9391;10207;10208;10209;10210;10211;10212;10213;10214,3139;3414;3420;3421;3797;4817;4820;6682;6785;6950;9388;10207,,
sp|P07281|RS19B_YEAST,sp|P07281|RS19B_YEAST,13,13,2,,1,13,13,2,8,12,8,12,1,2,80.6,80.6,18.1,15.891,144,144,0,69.149,93.279,77.557,157.67,6,6,Median,16.988,105.63,14.766,100.07,235.35,113.43,2,4,2,4,Median,Median,70.1,66,290040000,2010200,288030000,98194000,1336800,96857000,191850000,673350,191170000,,,,110,183;184;1337;1453;1454;1455;1592;2025;2026;2793;2870;3750;4041,True;True;True;True;True;True;True;True;True;True;True;True;True,187;188;1371;1488;1489;1490;1630;2076;2077;2878;2955;3865;4173,312;313;314;2192;2376;2377;2378;2379;2617;3313;3314;3315;4638;4639;4762;4763;6310;6311;6828;6829,440;441;442;3138;3139;3140;3414;3415;3416;3417;3418;3419;3420;3421;3797;3798;4817;4818;4819;4820;6784;6785;6949;6950;6951;9388;9389;9390;9391;10207;10208;10209;10210;10211;10212;10213;10214,440;442;3139;3414;3420;3421;3797;4817;4820;6785;6950;9388;10207,,
sp|P07283|PMM_YEAST,sp|P07283|PMM_YEAST,7,7,7,,1,7,7,7,7,5,7,5,7,5,36.2,36.2,36.2,29.063,254,254,0,23.755,NaN,NaN,NaN,1,1,Median,NaN,NaN,NaN,NaN,NaN,NaN,1,0,1,0,Median,Median,36.2,22,44005000,72774,43933000,23920000,72774,23847000,20086000,0,20086000,,,,111,547;645;1146;1951;2548;3698;3806,True;True;True;True;True;True;True,561;660;1174;2001;2626;3813;3925,916;917;1078;1079;1877;3190;3191;4233;4234;6227;6416;6417,1308;1309;1544;1545;1546;1547;2672;4651;4652;6169;6170;9257;9568;9569,1308;1546;2672;4651;6170;9257;9569,,
sp|P07284|SYSC_YEAST,sp|P07284|SYSC_YEAST,10,10,10,,1,10,10,10,7,8,7,8,7,8,26,26,26,53.309,462,462,0,42.864,13.547,9.33,4.0314,2,2,Median,NaN,13.547,NaN,9.33,NaN,4.0314,0,2,0,2,Median,Median,19.5,19.5,69433000,352710,69080000,38737000,0,38737000,30696000,352710,30343000,,,,112,251;603;663;805;1422;1902;2465;2478;2622;3497,True;True;True;True;True;True;True;True;True;True,255;617;679;825;1457;1951;2532;2548;2702;3607,413;1007;1008;1104;1332;2335;2336;3112;3113;4079;4080;4105;4355;4356;5834,582;1437;1438;1439;1440;1579;1906;3355;3356;3357;4543;4544;4545;5959;5960;5961;5992;6357;6358;8495,582;1439;1579;1906;3357;4545;5959;5992;6358;8495,,
sp|P07285|TRPD_YEAST,sp|P07285|TRPD_YEAST,1,1,1,,1,1,1,1,1,1,1,1,1,1,3.2,3.2,3.2,41.374,380,380,0.0092348,1.1091,NaN,NaN,NaN,0,0,Median,NaN,NaN,NaN,NaN,NaN,NaN,0,0,0,0,Median,Median,3.2,3.2,0,0,0,0,0,0,0,0,0,,,,113,4134,TRUE,4267,6983;6984,10439;10440,10440,,
sp|P07347|ARD1_YEAST,sp|P07347|ARD1_YEAST,1,1,1,,1,1,1,1,1,1,1,1,1,1,5.9,5.9,5.9,27.603,238,238,0,2.6417,NaN,NaN,NaN,0,0,Median,NaN,NaN,NaN,NaN,NaN,NaN,0,0,0,0,Median,Median,5.9,5.9,2572600,0,2572600,994870,0,994870,1577700,0,1577700,,,,114,3510,TRUE,3620,5857;5858,8522;8523,8522,,
sp|P07560|SEC4_YEAST,sp|P07560|SEC4_YEAST,3,3,3,,1,3,3,3,2,2,2,2,2,2,17.2,17.2,17.2,23.505,215,215,0,18.506,NaN,NaN,NaN,0,0,Median,NaN,NaN,NaN,NaN,NaN,NaN,0,0,0,0,Median,Median,11.6,12.1,5837700,0,5837700,2732000,0,2732000,3105700,0,3105700,,,,115,1533;3184;4202,True;True;True,1568;3282;4338,2507;5284;5285;7099,3604;7674;7675;7676;10614,3604;7676;10614,,
sp|P07806|SYV_YEAST,sp|P07806|SYV_YEAST,12,12,12,,1,12,12,12,9,9,9,9,9,9,13.4,13.4,13.4,125.77,1104,1104,0,41.7,2.9814,3.0243,7.352,2,2,Median,NaN,NaN,NaN,NaN,NaN,NaN,1,1,1,1,Median,Median,10.4,9.8,49359000,449410,48910000,24568000,106610,24461000,24791000,342790,24449000,,,,116,734;790;1622;1649;1874;1977;2050;3063;3280;3472;3930;4201,True;True;True;True;True;True;True;True;True;True;True;True,752;810;1660;1687;1918;2027;2103;3152;3383;3581;4055;4337,1219;1220;1308;2659;2660;2704;3054;3055;3234;3371;3372;5075;5459;5782;6625;6626;7097;7098,1744;1745;1878;3853;3854;3855;3916;4432;4433;4705;4948;4949;4950;7388;7944;8398;8399;9859;9860;10612;10613,1744;1878;3854;3916;4433;4705;4948;7388;7944;8399;9860;10613,,
sp|P08417|FUMH_YEAST,sp|P08417|FUMH_YEAST,3,3,3,,1,3,3,3,2,1,2,1,2,1,5.9,5.9,5.9,53.151,488,488,0,5.0815,NaN,NaN,NaN,0,0,Median,NaN,NaN,NaN,NaN,NaN,NaN,0,0,0,0,Median,Median,4.3,1.6,1900100,0,1900100,1457700,0,1457700,442360,0,442360,,,,117,227;1482;4416,True;True;True,231;1517;4556,379;2422;7466,529;3484;11159,529;3484;11159,,
sp|P08518|RPB2_YEAST,sp|P08518|RPB2_YEAST,1,1,1,,1,1,1,1,1,1,1,1,1,1,1.1,1.1,1.1,138.75,1224,1224,0,2.5023,NaN,NaN,NaN,0,0,Median,NaN,NaN,NaN,NaN,NaN,NaN,0,0,0,0,Median,Median,1.1,1.1,2946200,0,2946200,1574600,0,1574600,1371700,0,1371700,,,,118,3027,TRUE,3115,5009;5010,7297;7298;7299,7298,,
sp|P08524|FPPS_YEAST,sp|P08524|FPPS_YEAST,12,12,12,,1,12,12,12,8,10,8,10,8,10,38.1,38.1,38.1,40.483,352,352,0,65.279,6.1682,3.3073,5.1731,2,2,Median,NaN,6.1682,NaN,3.3073,NaN,5.1731,0,2,0,2,Median,Median,25.9,28.1,46444000,548670,45896000,18700000,0,18700000,27745000,548670,27196000,,,,119,78;258;259;571;775;1094;1437;1476;1602;1603;2219;2366,True;True;True;True;True;True;True;True;True;True;True;True,79;262;263;585;794;1120;1472;1511;1640;1641;2277;2425,134;135;424;425;426;427;958;959;1285;1795;2354;2413;2414;2632;2633;2634;2635;3656;3886,197;198;598;599;600;601;1374;1375;1848;2549;3383;3384;3474;3475;3817;3818;3819;3820;5354;5647;5648,197;598;600;1374;1848;2549;3383;3474;3818;3819;5354;5647,,
sp|P08566|ARO1_YEAST,sp|P08566|ARO1_YEAST,1,1,1,,1,1,1,1,1,1,1,1,1,1,0.9,0.9,0.9,174.75,1588,1588,0,18.692,NaN,NaN,NaN,0,0,Median,NaN,NaN,NaN,NaN,NaN,NaN,0,0,0,0,Median,Median,0.9,0.9,5563600,0,5563600,2605100,0,2605100,2958400,0,2958400,,,,120,3971,TRUE,4099,6700;6701,9968;9969;9970,9970,,
sp|P09064|IF2B_YEAST,sp|P09064|IF2B_YEAST,3,3,3,,1,3,3,3,3,1,3,1,3,1,12.3,12.3,12.3,31.574,285,285,0,8.6044,NaN,NaN,NaN,1,1,Median,NaN,NaN,NaN,NaN,NaN,NaN,1,0,1,0,Median,Median,12.3,3.9,8369700,133420,8236300,5898300,133420,5764900,2471400,0,2471400,,,,121,166;3090;3642,True;True;True,168;3181;3756,280;281;5121;6130,397;398;399;7447;9108;9109,399;7447;9108,,
sp|P09232|PRTB_YEAST,sp|P09232|PRTB_YEAST,1,1,1,,1,1,1,1,1,0,1,0,1,0,3.3,3.3,3.3,69.621,635,635,0.0067385,1.3052,NaN,NaN,NaN,0,0,Median,NaN,NaN,NaN,NaN,NaN,NaN,0,0,0,0,Median,Median,3.3,0,1688800,0,1688800,1688800,0,1688800,0,0,0,,,,122,237,TRUE,241,394,553,553,,
sp|P09436|SYIC_YEAST,sp|P09436|SYIC_YEAST,13,13,13,,1,13,13,13,13,5,13,5,13,5,17.5,17.5,17.5,122.98,1072,1072,0,67.724,6.6308,8.8706,123.19,4,4,Median,6.6498,NaN,14.763,NaN,148.79,NaN,3,1,3,1,Median,Median,17.5,8.3,68414000,981520,67432000,43337000,866650,42470000,25077000,114870,24962000,,,,123,461;593;653;819;1262;2606;2735;3135;3153;3154;3564;4046;4309,True;True;True;True;True;True;True;True;True;True;True;True;True,475;607;669;839;1294;2685;2819;3230;3250;3251;3674;4178;4448,779;990;991;1091;1353;2068;4327;4551;5199;5237;5238;5239;5958;5959;6836;6837;7292;7293,1117;1415;1416;1561;1932;2943;6317;6671;7550;7610;7611;7612;7613;8685;8686;8687;10226;10227;10911;10912,1117;1415;1561;1932;2943;6317;6671;7550;7610;7613;8687;10226;10911,,
sp|P09440|C1TM_YEAST,sp|P09440|C1TM_YEAST,5,5,5,,1,5,5,5,4,2,4,2,4,2,8.1,8.1,8.1,106.22,975,975,0,13.039,NaN,NaN,NaN,1,1,Median,NaN,NaN,NaN,NaN,NaN,NaN,1,0,1,0,Median,Median,6.7,3.1,9907000,195390,9711600,7320500,195390,7125100,2586400,0,2586400,,,,124,1428;2539;2788;3755;4406,True;True;True;True;True,1463;2617;2873;3870;4545,2344;4217;4632;6316;7447;7448,3369;6147;6778;9396;11132;11133,3369;6147;6778;9396;11132,,
sp|P09457|ATPO_YEAST,sp|P09457|ATPO_YEAST,1,1,1,,1,1,1,1,1,1,1,1,1,1,12.3,12.3,12.3,22.814,212,212,0.008,1.158,2.1271,2.8456,59.671,2,2,Median,NaN,NaN,NaN,NaN,NaN,NaN,1,1,1,1,Median,Median,12.3,12.3,15297000,4261600,11035000,7828500,2314300,5514100,7468100,1947300,5520800,,,,125,3,TRUE,3,7;8,12;13,13,,
sp|P09624|DLDH_YEAST,sp|P09624|DLDH_YEAST,7,7,7,,1,7,7,7,5,6,5,6,5,6,19.4,19.4,19.4,54.009,499,499,0,28.548,NaN,NaN,NaN,0,0,Median,NaN,NaN,NaN,NaN,NaN,NaN,0,0,0,0,Median,Median,14,15.8,21672000,0,21672000,12190000,0,12190000,9482000,0,9482000,,,,126,42;292;606;1456;1660;2058;3708,True;True;True;True;True;True;True,42;296;620;1491;1698;2111;3823,74;75;491;1013;2380;2723;2724;3384;3385;6243;6244,109;110;697;1446;3422;3953;3954;4970;4971;9282;9283,109;697;1446;3422;3953;4971;9283,,
sp|P09733|TBA1_YEAST,sp|P09733|TBA1_YEAST,1,1,1,,1,1,1,1,0,1,0,1,0,1,5.4,5.4,5.4,49.799,447,447,0,3.2366,NaN,NaN,NaN,0,0,Median,NaN,NaN,NaN,NaN,NaN,NaN,0,0,0,0,Median,Median,0,5.4,1541900,0,1541900,0,0,0,1541900,0,1541900,,,,127,119,TRUE,120,196,279,279,,
sp|P09938|RIR2_YEAST,sp|P09938|RIR2_YEAST,1,1,1,,1,1,1,1,1,1,1,1,1,1,3,3,3,46.147,399,399,0.0014472,2.074,NaN,NaN,NaN,1,1,Median,NaN,NaN,NaN,NaN,NaN,NaN,1,0,1,0,Median,Median,3,3,5152800,22557,5130300,2495300,22557,2472800,2657500,0,2657500,,,,128,891,TRUE,912,1465;1466,2073;2074;2075,2073,,
sp|P0C0T4|RS25B_YEAST,sp|P0C0T4|RS25B_YEAST,11,1,1,,1,11,1,1,7,9,1,1,1,1,72.2,10.2,10.2,12.009,108,108,0,10.503,NaN,NaN,NaN,1,0,Median,NaN,NaN,NaN,NaN,NaN,NaN,1,0,0,0,Median,Median,50,63,22044000,392490,21652000,14438000,392490,14046000,7606000,0,7606000,,,,129,362;731;846;847;965;1373;1452;2755;3310;4282;4412,False;False;False;False;False;False;False;True;False;False;False,372;749;866;867;990;1408;1487;2839;3414;4421;4552,609;1214;1215;1394;1395;1396;1591;2257;2258;2375;4580;4581;5506;5507;5508;7246;7458,883;1735;1736;1737;1738;1739;1740;1981;1982;1983;1984;1985;1986;1987;2247;3253;3254;3255;3412;3413;6706;6707;6708;8004;8005;8006;8007;8008;10840;11144,883;1740;1982;1986;2247;3254;3413;6706;8005;10840;11144,,
sp|P0C0V8|RS21A_YEAST,sp|P0C0V8|RS21A_YEAST,8,1,1,,1,8,1,1,5,7,1,1,1,1,100,25.3,25.3,9.7457,87,87,0,3.7249,NaN,NaN,NaN,0,0,Median,NaN,NaN,NaN,NaN,NaN,NaN,0,0,0,0,Median,Median,92,100,26644000,0,26644000,6215300,0,6215300,20428000,0,20428000,,,,130,62;568;569;1256;2438;2731;3363;3863,False;False;False;False;False;False;False;True,62;582;583;1288;2502;2503;2815;3469;3987,105;106;953;954;955;2058;4029;4030;4031;4032;4033;4034;4035;4036;4546;5595;5596;6518;6519;6520,150;151;1366;1367;1368;1369;2927;2928;5890;5891;5892;5893;5894;5895;5896;5897;5898;5899;5900;5901;5902;5903;5904;5905;5906;5907;5908;5909;6666;8123;8124;8125;9710;9711;9712;9713;9714;9715,150;1366;1368;2928;5901;6666;8124;9713,57,1
sp|P0C0X0|RS28B_YEAST,sp|P0C0X0|RS28B_YEAST,1,1,1,,1,1,1,1,1,1,1,1,1,1,16.4,16.4,16.4,7.5647,67,67,0,11.298,22.724,25.299,156.28,2,2,Median,NaN,22.724,NaN,25.299,NaN,156.28,0,2,0,2,Median,Median,16.4,16.4,106010000,565030,105450000,47631000,0,47631000,58381000,565030,57816000,,,,131,2432,TRUE,2493;2494,4008;4009;4010;4011;4012,5850;5851;5852;5853;5854;5855;5856;5857;5858,5855,58,1
sp|P0C2H6|RL27A_YEAST;sp|P0C2H7|RL27B_YEAST,sp|P0C2H6|RL27A_YEAST;sp|P0C2H7|RL27B_YEAST,11;9,11;9,11;9,;,2,11,11,11,10,10,10,10,10,10,69.9,69.9,69.9,15.531,136,136;136,0,55.607,298.66,378.16,177.2,6,6,Linear,150.45,174.88,372.13,140.98,244.35,106.03,3,3,3,3,Plateau,Median,69.1,67.6,453960000,2738800,451220000,176630000,2356000,174270000,277330000,382780,276950000,,,,132,1894;2678;2679;3200;3201;3493;3494;3855;3856;4192;4197,True;True;True;True;True;True;True;True;True;True;True,1943;2762;2763;3298;3299;3603;3604;3979;3980;4328;4333,3098;3099;3100;4453;4454;4455;4456;5316;5317;5318;5824;5825;5826;5827;6502;6503;6504;6505;7082;7083;7084;7091;7092;7093,4520;4521;4522;4523;4524;4525;4526;6516;6517;6518;6519;6520;6521;6522;6523;6524;6525;6526;7718;7719;7720;7721;7722;7723;8474;8475;8476;8477;8478;8479;8480;9686;9687;9688;9689;9690;10589;10590;10591;10592;10593;10594;10595;10602;10603;10604;10605;10606;10607,4523;6519;6521;7721;7723;8475;8480;9686;9689;10593;10607,,
sp|P0C2H8|RL31A_YEAST,sp|P0C2H8|RL31A_YEAST,4,4,1,,1,4,4,1,2,4,2,4,1,1,54,54,17.7,12.953,113,113,0,32.604,32.257,21.208,42.943,2,2,Median,NaN,32.257,NaN,21.208,NaN,42.943,0,2,0,2,Median,Median,38.9,54,218560000,498080,218070000,39684000,0,39684000,178880000,498080,178380000,,,,133,168;754;2081;2999,True;True;True;True,170;772;2134;2135;3086,284;285;1251;3418;3419;3420;4965;4966,403;404;405;406;407;1791;5014;5015;5016;5017;5018;7235;7236;7237,407;1791;5017;7237,59,44
sp|P0C2H9|RL31B_YEAST,sp|P0C2H9|RL31B_YEAST,4,1,1,,1,4,1,1,1,4,0,1,0,1,54,17.7,17.7,12.967,113,113,0,9.2727,NaN,NaN,NaN,1,1,Median,NaN,NaN,NaN,NaN,NaN,NaN,0,1,0,1,Median,Median,21.2,54,9018100,156730,8861400,0,0,0,9018100,156730,8861400,,,,134,168;754;2082;2999,False;False;True;False,170;772;2136;3086,284;285;1251;3421;4965;4966,403;404;405;406;407;1791;5019;7235;7236;7237,407;1791;5019;7237,,
sp|Q07793|YD13B_YEAST;sp|Q12414|YP11B_YEAST;sp|Q03612|YE11B_YEAST;sp|P0C2I9|YP12B_YEAST;sp|P0C2I5|YL12B_YEAST;sp|P0C2I3|YD15B_YEAST;sp|Q99337|YN12B_YEAST;sp|Q12112|YN11B_YEAST;sp|Q04214|YM13B_YEAST,sp|Q07793|YD13B_YEAST;sp|Q12414|YP11B_YEAST;sp|Q03612|YE11B_YEAST;sp|P0C2I9|YP12B_YEAST;sp|P0C2I5|YL12B_YEAST;sp|P0C2I3|YD15B_YEAST;sp|Q99337|YN12B_YEAST,17;17;17;17;17;17;14;7;6,17;17;17;17;17;17;14;7;6,0;0;0;0;0;0;0;0;0,;;;;;;,9,17,17,0,16,15,16,15,0,0,13,13,0,181.66,1604,1604;1755;1755;1755;1755;1755;1749;1755;1755,0,163.19,21.554,18.768,125.81,6,6,Median,22.174,12.506,46.51,6.7054,94.074,109.93,3,3,3,3,Median,Median,13,12.8,210120000,1525300,208600000,101100000,328940,100770000,109020000,1196400,107830000,,,,135,191;507;671;962;1842;1910;2444;2445;2560;3001;3015;3455;3540;3822;4157;4410;4411,True;True;True;True;True;True;True;True;True;True;True;True;True;True;True;True;True,195;521;687;987;1885;1959;2510;2511;2512;2638;3088;3103;3563;3650;3943;4290;4550;4551,325;326;847;848;1114;1115;1586;1587;3009;3010;3125;3126;4049;4050;4051;4052;4053;4250;4251;4252;4253;4254;4968;4969;4989;5746;5747;5914;5915;5916;6444;6445;6446;7021;7022;7023;7456;7457,456;457;458;1211;1212;1213;1214;1592;1593;2241;2242;4365;4366;4367;4558;4559;5924;5925;5926;5927;5928;5929;5930;5931;6192;6193;6194;6195;6196;6197;6198;6199;6200;6201;6202;6203;6204;6205;6206;6207;6208;6209;6210;6211;6212;6213;7239;7240;7269;8334;8335;8336;8337;8614;8615;8616;8617;8618;9605;9606;9607;9608;9609;10496;10497;10498;10499;11142;11143,457;1212;1592;2242;4365;4558;5926;5930;6207;7240;7269;8336;8616;9605;10496;11142;11143,3,1
sp|Q12269|YG12B_YEAST;sp|Q12141|YG11B_YEAST;sp|Q03434|YM12B_YEAST;sp|P47100|YJ12B_YEAST;sp|P47098|YJ11B_YEAST;sp|P0C2I6|YL13B_YEAST,sp|Q12269|YG12B_YEAST;sp|Q12141|YG11B_YEAST;sp|Q03434|YM12B_YEAST;sp|P47100|YJ12B_YEAST;sp|P47098|YJ11B_YEAST;sp|P0C2I6|YL13B_YEAST,17;17;17;17;17;17,2;2;2;2;2;2,0;0;0;0;0;0,;;;;;,6,17,2,0,16,15,2,2,0,0,11.9,2.2,0,198.52,1755,1755;1755;1755;1755;1755;1755,0,26.878,NaN,NaN,NaN,0,0,Median,NaN,NaN,NaN,NaN,NaN,NaN,0,0,0,0,Median,Median,11.9,11.7,31630000,0,31630000,16534000,0,16534000,15096000,0,15096000,,,,136,191;507;671;962;1842;1910;2442;2443;2560;3001;3015;3455;3540;3822;4157;4410;4411,False;False;False;False;False;False;True;True;False;False;False;False;False;False;False;False;False,195;521;687;987;1885;1959;2507;2508;2509;2638;3088;3103;3563;3650;3943;4290;4550;4551,325;326;847;848;1114;1115;1586;1587;3009;3010;3125;3126;4041;4042;4043;4044;4045;4046;4047;4048;4250;4251;4252;4253;4254;4968;4969;4989;5746;5747;5914;5915;5916;6444;6445;6446;7021;7022;7023;7456;7457,456;457;458;1211;1212;1213;1214;1592;1593;2241;2242;4365;4366;4367;4558;4559;5914;5915;5916;5917;5918;5919;5920;5921;5922;5923;6192;6193;6194;6195;6196;6197;6198;6199;6200;6201;6202;6203;6204;6205;6206;6207;6208;6209;6210;6211;6212;6213;7239;7240;7269;8334;8335;8336;8337;8614;8615;8616;8617;8618;9605;9606;9607;9608;9609;10496;10497;10498;10499;11142;11143,457;1212;1592;2242;4365;4558;5917;5923;6207;7240;7269;8336;8616;9605;10496;11142;11143,60,1
sp|P0CH09|RL40B_YEAST;sp|P0CH08|RL40A_YEAST;sp|P0CG63|UBI4P_YEAST,sp|P0CH09|RL40B_YEAST;sp|P0CH08|RL40A_YEAST;sp|P0CG63|UBI4P_YEAST,11;11;9,2;2;0,2;2;0,;;,3,11,2,2,7,10,1,2,1,2,65.6,18,18,14.554,128,128;128;381,0,6.8396,NaN,NaN,NaN,0,0,Median,NaN,NaN,NaN,NaN,NaN,NaN,0,0,0,0,Median,Median,55.5,65.6,5772100,0,5772100,2580600,0,2580600,3191500,0,3191500,,,,137,250;575;849;938;1569;2099;2819;3651;3652;3653;3687,True;True;False;False;False;False;False;False;False;False;False,254;589;869;962;1605;2154;2904;3765;3766;3767;3802,411;412;965;1399;1541;1542;2562;3452;3453;3454;4676;6144;6145;6146;6147;6148;6149;6150;6151;6152;6211,578;579;580;581;1382;1992;1993;1994;1995;2168;2169;3690;5063;5064;5065;5066;5067;5068;6827;9127;9128;9129;9130;9131;9132;9133;9134;9135;9136;9137;9138;9139;9140;9141;9142;9143;9144;9228,581;1382;1993;2168;3690;5064;6827;9127;9132;9142;9228,,
sp|P0CS90|HSP77_YEAST;sp|P39987|HSP7E_YEAST,sp|P0CS90|HSP77_YEAST,17;1,17;1,17;1,,2,17,17,17,11,14,11,14,11,14,35.8,35.8,35.8,70.627,654,654;644,0,89.559,10.584,9.554,77.837,6,6,Median,6.8831,11.536,11.315,8.067,107.32,53.217,3,3,3,3,Median,Median,27.2,30.3,144580000,1759900,142820000,61165000,941010,60224000,83419000,818930,82600000,,,,138,69;70;84;360;584;585;941;1082;1130;1261;1351;1493;2552;2916;3338;3567;4084,True;True;True;True;True;True;True;True;True;True;True;True;True;True;True;True;True,69;70;85;370;598;599;965;1108;1157;1293;1386;1528;2630;3001;3444;3677;4217,118;119;120;144;606;976;977;1546;1547;1776;1848;1849;2067;2214;2442;2443;4239;4240;4834;5552;5553;5962;5963;6906;6907,164;165;166;208;878;1397;1398;1399;2173;2174;2175;2176;2526;2628;2629;2942;3186;3518;3519;3520;3521;3522;6176;6177;6178;7049;8071;8072;8690;8691;8692;8693;10332;10333,164;166;208;878;1397;1399;2173;2526;2628;2942;3186;3518;6178;7049;8071;8692;10333,,
sp|P0CX24|RL20B_YEAST;sp|P0CX23|RL20A_YEAST,sp|P0CX24|RL20B_YEAST;sp|P0CX23|RL20A_YEAST,17;17,17;17,17;17,;,2,17,17,17,11,15,11,15,11,15,82.6,82.6,82.6,20.437,172,172;172,0,74.588,13.329,11.645,139.93,13,13,Median,12.404,13.329,13.157,11.645,138.07,144.68,4,9,4,9,Median,Median,59.3,77.9,277290000,10777000,266510000,73475000,1977600,71497000,203810000,8799600,195010000,,,,139,397;694;875;982;983;1120;1429;1706;2495;2583;2584;2989;3370;3594;3818;3825;4284,True;True;True;True;True;True;True;True;True;True;True;True;True;True;True;True;True,410;711;895;1007;1008;1147;1464;1747;2569;2661;2662;3076;3476;3707;3938;3946;4423,672;673;1152;1153;1154;1439;1440;1618;1619;1835;2345;2796;4140;4141;4293;4294;4295;4296;4949;4950;5607;5608;5609;6042;6043;6044;6437;6450;7248;7249,981;982;1636;1637;1638;1639;1640;1641;1642;1643;2044;2045;2282;2283;2284;2612;3370;3371;3372;4069;6043;6044;6270;6271;6272;6273;6274;6275;7211;7212;7213;7214;7215;7216;8138;8139;8140;8141;8142;8907;8908;8909;8910;8911;8912;8913;9593;9613;10843;10844;10845;10846;10847,982;1641;2044;2282;2284;2612;3370;4069;6044;6270;6273;7212;8138;8913;9593;9613;10843,61,110
sp|P0CX26|RL43B_YEAST;sp|P0CX25|RL43A_YEAST,sp|P0CX26|RL43B_YEAST;sp|P0CX25|RL43A_YEAST,6;6,6;6,6;6,;,2,6,6,6,3,6,3,6,3,6,57.6,57.6,57.6,10.091,92,92;92,0,14.603,NaN,NaN,NaN,1,1,Median,NaN,NaN,NaN,NaN,NaN,NaN,1,0,1,0,Median,Median,43.5,57.6,55610000,221110,55389000,14510000,221110,14289000,41100000,0,41100000,,,,140,2248;2924;3771;3772;3773;4328,True;True;True;True;True;True,2306;3009;3886;3887;3888;4467,3699;3700;4844;6341;6342;6343;6344;6345;6346;7321;7322,5404;5405;7061;9432;9433;9434;9435;9436;9437;10953;10954,5404;7061;9432;9433;9435;10954,,
sp|P0CX28|RL44B_YEAST;sp|P0CX27|RL44A_YEAST,sp|P0CX28|RL44B_YEAST;sp|P0CX27|RL44A_YEAST,3;3,3;3,3;3,;,2,3,3,3,3,3,3,3,3,3,25.5,25.5,25.5,12.211,106,106;106,0,10.725,41.454,36.496,57.54,4,4,Median,41.454,39.533,48.67,27.226,56.895,57.628,2,2,2,2,Median,Median,25.5,25.5,92565000,1529800,91035000,41806000,568070,41238000,50758000,961700,49797000,,,,141,1325;3724;4195,True;True;True,1359;3839;4331,2168;2169;2170;6269;6270;7087;7088,3073;3074;3075;3076;3077;3078;3079;3080;3081;3082;3083;3084;3085;3086;3087;3088;9311;9312;9313;9314;10598;10599,3073;9313;10599,,
sp|P0CX30|RS23B_YEAST;sp|P0CX29|RS23A_YEAST,sp|P0CX30|RS23B_YEAST;sp|P0CX29|RS23A_YEAST,9;9,9;9,9;9,;,2,9,9,9,6,8,6,8,6,8,56.6,56.6,56.6,16.038,145,145;145,0,26.523,312.08,251.59,169.65,3,3,Plateau,NaN,312.08,NaN,251.59,NaN,169.65,0,3,0,3,Median,Plateau,49,55.2,216010000,715590,215290000,34578000,0,34578000,181430000,715590,180710000,,,,142,241;574;1182;1886;2654;2986;4114;4115;4144,True;True;True;True;True;True;True;True;True,245;588;1212;1930;2736;3073;4247;4248;4277,398;399;963;964;1945;1946;3074;4410;4411;4946;6954;6955;6956;6999,557;558;559;560;1379;1380;1381;2780;2781;4462;4463;6432;6433;6434;7205;7206;7207;10401;10402;10403;10404;10405;10461,560;1379;2780;4463;6434;7205;10401;10403;10461,,
sp|P0CX32|RS24B_YEAST;sp|P0CX31|RS24A_YEAST,sp|P0CX32|RS24B_YEAST;sp|P0CX31|RS24A_YEAST,14;14,14;14,14;14,;,2,14,14,14,7,14,7,14,7,14,68.1,68.1,68.1,15.329,135,135;135,0,81.616,50.862,44.81,88.857,8,8,Median,43.094,56.317,38.261,45.4,45.904,106.52,3,5,3,5,Median,Median,55.6,68.1,400740000,2515200,398230000,120260000,1270500,118990000,280480000,1244800,279240000,,,,143,602;1040;1041;1755;1756;1833;1926;2784;3098;3099;3478;3479;3989;3990,True;True;True;True;True;True;True;True;True;True;True;True;True;True,616;1066;1067;1796;1797;1876;1976;2869;3190;3191;3588;3589;4120;4121,1005;1006;1711;1712;1713;2872;2873;2994;3150;3151;4627;5134;5135;5136;5796;5797;5798;5799;6746;6747;6748,1435;1436;2427;2428;2429;2430;2431;4170;4171;4172;4348;4599;4600;4601;4602;4603;6771;6772;6773;7462;7463;7464;8432;8433;8434;8435;8436;8437;8438;8439;8440;10074;10075;10076;10077,1436;2427;2431;4170;4171;4348;4599;6772;7462;7464;8432;8439;10074;10076,,
sp|P0CX34|RS30B_YEAST;sp|P0CX33|RS30A_YEAST,sp|P0CX34|RS30B_YEAST;sp|P0CX33|RS30A_YEAST,3;3,3;3,3;3,;,2,3,3,3,3,3,3,3,3,3,33.3,33.3,33.3,7.1184,63,63;63,0,27.422,NaN,NaN,NaN,1,1,Median,NaN,NaN,NaN,NaN,NaN,NaN,1,0,1,0,Median,Median,33.3,33.3,101700000,351640,101350000,14760000,351640,14409000,86942000,0,86942000,,,,144,1150;2923;3011,True;True;True,1178;3008;3098;3099,1883;1884;4842;4843;4981;4982;4983,2680;2681;2682;7057;7058;7059;7060;7261;7262;7263,2680;7058;7263,62,56
sp|P0CX36|RS4B_YEAST;sp|P0CX35|RS4A_YEAST,sp|P0CX36|RS4B_YEAST;sp|P0CX35|RS4A_YEAST,11;11,11;11,11;11,;,2,11,11,11,4,11,4,11,4,11,44.1,44.1,44.1,29.41,261,261;261,0,51.519,27.106,21.852,70.909,2,2,Median,NaN,27.106,NaN,21.852,NaN,70.909,0,2,0,2,Median,Median,18.8,44.1,128780000,291120,128490000,18273000,0,18273000,110510000,291120,110220000,,,,145,221;735;1013;1266;1608;1784;2213;2280;2281;2400;4262,True;True;True;True;True;True;True;True;True;True;True,225;753;1039;1298;1646;1825;2271;2338;2339;2459;4400,372;1221;1667;1668;1669;2072;2641;2642;2916;3642;3747;3748;3749;3950;7206;7207,514;515;1746;1747;2361;2362;2363;2364;2948;3828;3829;4232;5328;5468;5469;5470;5770;5771;5772;10778;10779;10780,514;1746;2361;2948;3828;4232;5328;5469;5470;5770;10778,,
sp|P0CX38|RS6B_YEAST;sp|P0CX37|RS6A_YEAST,sp|P0CX38|RS6B_YEAST;sp|P0CX37|RS6A_YEAST,18;18,18;18,18;18,;,2,18,18,18,11,16,11,16,11,16,59.3,59.3,59.3,26.996,236,236;236,0,127.64,11.767,8.9529,162.92,10,10,Median,8.1911,16.903,8.8438,9.0634,185.12,159.31,5,5,5,5,Median,Median,53,54.7,359270000,10246000,349020000,126980000,4281300,122700000,232290000,5964800,226320000,,,,146,806;1189;1576;1577;1595;1768;2206;2396;2471;2543;2790;2795;2950;2951;3582;3583;3815;4102,True;True;True;True;True;True;True;True;True;True;True;True;True;True;True;True;True;True,826;1219;1612;1613;1633;1809;2264;2455;2538;2539;2621;2875;2880;3036;3037;3694;3695;3934;4235,1333;1955;1956;2574;2575;2576;2621;2892;3629;3630;3945;4087;4088;4089;4090;4091;4092;4224;4225;4635;4642;4886;4887;4888;4889;4890;6012;6013;6014;6015;6430;6934;6935,1907;2790;2791;3719;3720;3721;3802;4197;5309;5310;5311;5312;5764;5968;5969;5970;5971;5972;5973;5974;5975;5976;5977;5978;5979;6155;6156;6157;6158;6781;6788;6789;7119;7120;7121;7122;7123;7124;7125;7126;7127;7128;7129;7130;7131;7132;8835;8836;8837;8838;8839;8840;8841;8842;8843;8844;8845;9583;10371;10372;10373,1907;2790;3719;3721;3802;4197;5309;5764;5976;6156;6781;6788;7120;7131;8835;8839;9583;10373,63,1
sp|P0CX40|RS8B_YEAST;sp|P0CX39|RS8A_YEAST,sp|P0CX40|RS8B_YEAST;sp|P0CX39|RS8A_YEAST,12;12,12;12,12;12,;,2,12,12,12,7,10,7,10,7,10,55.5,55.5,55.5,22.489,200,200;200,0,79.384,23.984,22.375,196.61,8,8,Median,14.027,45.144,21.717,37.948,270.1,102.77,4,4,4,4,Median,Median,40,46,298710000,2682500,296030000,37681000,668780,37012000,261030000,2013700,259020000,,,,147,27;309;1037;1368;1369;1423;1426;1865;2721;3725;3726;4227,True;True;True;True;True;True;True;True;True;True;True;True,27;313;1063;1403;1404;1458;1461;1909;2805;3840;3841;4363,50;51;52;514;1705;1706;2245;2246;2247;2248;2249;2337;2341;3040;3041;4523;6271;6272;7140,74;75;76;77;733;734;735;2416;2417;3236;3237;3238;3239;3240;3241;3242;3243;3244;3245;3358;3359;3360;3365;4410;4411;6617;6618;6619;9315;9316;9317;10683;10684,74;733;2416;3238;3240;3358;3365;4410;6617;9315;9317;10684,,
sp|P0CX42|RL23B_YEAST;sp|P0CX41|RL23A_YEAST,sp|P0CX42|RL23B_YEAST;sp|P0CX41|RL23A_YEAST,7;7,7;7,7;7,;,2,7,7,7,4,7,4,7,4,7,48.2,48.2,48.2,14.473,137,137;137,0,43.064,3.0987,2.6925,95.247,6,6,Median,7.125,3.4784,7.9579,2.4324,131.25,58.896,3,3,3,3,Plateau,Median,33.6,48.2,164690000,8374500,156320000,61561000,3166400,58394000,103130000,5208100,97925000,,,,148,1274;1599;1880;3187;3188;4056;4057,True;True;True;True;True;True;True,1306;1637;1924;3285;3286;4188;4189;4190,2081;2082;2083;2084;2626;3065;3066;5289;5290;5291;6853;6854;6855;6856;6857;6858;6859;6860,2958;2959;2960;2961;2962;3809;4451;4452;7680;7681;7682;7683;7684;7685;10246;10247;10248;10249;10250;10251;10252;10253;10254;10255,2960;3809;4451;7681;7684;10246;10254,64,74
sp|P0CX44|RL1B_YEAST;sp|P0CX43|RL1A_YEAST,sp|P0CX44|RL1B_YEAST;sp|P0CX43|RL1A_YEAST,14;14,14;14,14;14,;,2,14,14,14,13,11,13,11,13,11,51.2,51.2,51.2,24.485,217,217;217,0,73.934,9.5265,5.9153,126.12,5,4,Median,9.5265,19.17,5.9153,13.202,113.75,145.72,3,2,2,2,Median,Median,51.2,47,303980000,2321200,301660000,108540000,1363900,107180000,195440000,957270,194480000,,,,149,165;898;1628;1629;1905;1906;2153;2733;2873;3091;3092;3093;3388;4147,True;True;True;True;True;True;True;True;True;True;True;True;True;True,167;919;1666;1667;1954;1955;2210;2817;2958;3182;3183;3184;3185;3494;3495;4280,276;277;278;279;1475;1476;2671;2672;2673;3117;3118;3119;3543;3544;4548;4549;4768;4769;5122;5123;5124;5125;5126;5127;5128;5635;5636;5637;5638;5639;5640;5641;7004,390;391;392;393;394;395;396;2084;2085;3875;3876;3877;3878;3879;3880;4550;4551;4552;5184;5185;5186;6668;6669;6958;6959;7448;7449;7450;7451;7452;7453;7454;7455;7456;8186;8187;8188;8189;8190;8191;8192;10474,395;2085;3876;3880;4550;4552;5184;6668;6958;7448;7450;7456;8186;10474,65;66,85;210
sp|P0CX46|RL2B_YEAST;sp|P0CX45|RL2A_YEAST,sp|P0CX46|RL2B_YEAST;sp|P0CX45|RL2A_YEAST,13;13,13;13,13;13,;,2,13,13,13,5,13,5,13,5,13,59.4,59.4,59.4,27.408,254,254;254,0,69.99,25.277,17.876,192.88,3,3,Median,NaN,82.796,NaN,76.852,NaN,245.4,1,2,1,2,Median,Median,30.7,59.4,370100000,625760,369470000,95540000,338340,95201000,274560000,287420,274270000,,,,150,167;398;399;415;1169;1221;1300;2245;2246;2255;2812;3610;4179,True;True;True;True;True;True;True;True;True;True;True;True;True,169;411;412;429;1199;1252;1332;2303;2304;2313;2897;3723;4314,282;283;674;675;676;677;702;703;704;1916;1917;1918;1919;2008;2009;2122;3695;3696;3697;3710;4666;4667;6070;7063,400;401;402;983;984;985;986;1018;1019;1020;2742;2743;2744;2745;2868;2869;3008;5398;5399;5400;5401;5402;5423;6816;6817;8974;10552;10553,402;984;986;1020;2745;2868;3008;5400;5402;5423;6816;8974;10553,,
sp|P0CX48|RS11B_YEAST;sp|P0CX47|RS11A_YEAST,sp|P0CX48|RS11B_YEAST;sp|P0CX47|RS11A_YEAST,9;9,9;9,9;9,;,2,9,9,9,6,9,6,9,6,9,58.3,58.3,58.3,17.749,156,156;156,0,77.514,101.36,81.707,118,10,9,Median,261.69,67.734,114.96,46.682,155.62,100.67,4,6,3,6,Linear,Median,39.1,58.3,412490000,2090900,410400000,127030000,661370,126370000,285460000,1429500,284030000,,,,151,125;530;1539;1712;3416;3417;3529;3797;4093,True;True;True;True;True;True;True;True;True,127;544;1574;1753;3524;3525;3639;3915;4226,209;210;884;885;2517;2518;2807;5689;5690;5691;5692;5895;5896;6396;6397;6921,295;296;1268;1269;1270;3618;3619;3620;3621;3622;4081;4082;4083;8253;8254;8255;8256;8257;8574;8575;8576;8577;8578;8579;9518;9519;9520;9521;10355,296;1269;3619;4081;8253;8256;8575;9518;10355,,
sp|P0CX50|RL18B_YEAST;sp|P0CX49|RL18A_YEAST,sp|P0CX50|RL18B_YEAST;sp|P0CX49|RL18A_YEAST,8;8,8;8,8;8,;,2,8,8,8,2,7,2,7,2,7,47.3,47.3,47.3,20.563,186,186;186,0,34.426,17.631,20.469,38.776,3,3,Median,NaN,17.589,NaN,20.018,NaN,3.1469,1,2,1,2,Median,Median,19.4,38.2,63346000,569360,62777000,19419000,303780,19115000,43927000,265580,43661000,,,,152,158;1257;1258;1382;1561;3767;3768;3801,True;True;True;True;True;True;True;True,160;1289;1290;1417;1597;3882;3883;3919,268;2059;2060;2061;2273;2552;6335;6336;6403;6404;6405,378;2929;2930;2931;2932;3270;3678;9420;9421;9531;9532;9533;9534;9535;9536;9537;9538,378;2929;2932;3270;3678;9420;9421;9534,,
sp|P0CX52|RS16B_YEAST;sp|P0CX51|RS16A_YEAST,sp|P0CX52|RS16B_YEAST;sp|P0CX51|RS16A_YEAST,16;16,16;16,16;16,;,2,16,16,16,8,16,8,16,8,16,79,79,79,15.847,143,143;143,0,55.289,51.068,41.444,201.6,4,4,Median,83.199,14.805,69.364,9.4966,123.54,259.08,2,2,2,2,Median,Median,55.9,79,255630000,1488000,254140000,104050000,251360,103800000,151580000,1236600,150340000,,,,153,135;1083;1127;1128;1230;1237;3085;3678;4064;4106;4150;4151;4214;4215;4397;4398,True;True;True;True;True;True;True;True;True;True;True;True;True;True;True;True,137;1109;1154;1155;1261;1268;3176;3793;4197;4239;4283;4284;4350;4351;4536;4537,228;1777;1778;1845;1846;2021;2029;2030;5114;5115;6195;6870;6871;6942;6943;7008;7009;7010;7011;7121;7122;7123;7434;7435;7436;7437,319;2527;2528;2624;2625;2626;2882;2890;2891;2892;7439;7440;7441;9204;9205;10276;10277;10386;10387;10480;10481;10482;10483;10484;10651;10652;10653;10654;10655;10656;11112;11113;11114;11115;11116;11117,319;2528;2624;2626;2882;2891;7441;9205;10277;10386;10480;10483;10654;10656;11112;11116,,
sp|P0CX54|RL12B_YEAST;sp|P0CX53|RL12A_YEAST,sp|P0CX54|RL12B_YEAST;sp|P0CX53|RL12A_YEAST,10;10,10;10,10;10,;,2,10,10,10,5,9,5,9,5,9,64.2,64.2,64.2,17.822,165,165;165,0,26.922,20.583,27.536,41.081,2,2,Median,NaN,NaN,NaN,NaN,NaN,NaN,1,1,1,1,Median,Median,51.5,52.1,188040000,404960,187640000,90812000,149640,90662000,97231000,255330,96976000,,,,154,868;869;1348;1349;1350;1463;1464;3167;3934;4370,True;True;True;True;True;True;True;True;True;True,888;889;1383;1384;1385;1498;1499;3265;4059;4509,1428;1429;1430;1431;2210;2211;2212;2213;2392;2393;2394;2395;5260;6633;7389,2028;2029;2030;2031;2032;2033;3178;3179;3180;3181;3182;3183;3184;3185;3441;3442;3443;3444;3445;7637;7638;7639;7640;9867;11044,2028;2032;3178;3179;3184;3441;3443;7638;9867;11044,,
sp|P0CX56|RS18B_YEAST;sp|P0CX55|RS18A_YEAST,sp|P0CX56|RS18B_YEAST;sp|P0CX55|RS18A_YEAST,9;9,9;9,9;9,;,2,9,9,9,6,7,6,7,6,7,52.1,52.1,52.1,17.037,146,146;146,0,80.505,3.8863,2.2865,62.365,3,3,Median,2.4873,NaN,1.5444,NaN,82.173,NaN,2,1,2,1,Median,Median,40.4,52.1,115150000,2280900,112870000,32599000,1584500,31015000,82551000,696350,81854000,,,,155,763;1565;1663;1664;1665;2167;3044;3303;4388,True;True;True;True;True;True;True;True;True,781;1601;1701;1702;1703;2224;3132;3407;4527,1265;1266;2557;2729;2730;2731;3567;3568;5039;5040;5494;5495;7419,1813;1814;1815;3683;3684;3959;3960;3961;5210;5211;5212;5213;7343;7344;7988;7989;7990;7991;7992;11094,1813;3683;3959;3960;3961;5210;7344;7990;11094,,
sp|P0CX73|YP11A_YEAST;sp|P0CX72|YL12A_YEAST;sp|P0CX71|YE11A_YEAST;sp|P0CX70|YD15A_YEAST;sp|Q6Q5H1|YP14A_YEAST;sp|P0C2I8|YL14A_YEAST;sp|Q92392|YO11A_YEAST,sp|P0CX73|YP11A_YEAST;sp|P0CX72|YL12A_YEAST;sp|P0CX71|YE11A_YEAST;sp|P0CX70|YD15A_YEAST;sp|Q6Q5H1|YP14A_YEAST;sp|P0C2I8|YL14A_YEAST;sp|Q92392|YO11A_YEAST,14;14;14;14;12;12;11,1;1;1;1;1;1;1,0;0;0;0;0;0;0,;;;;;;,7,14,1,0,14,12,1,1,0,0,38.4,4.8,0,48.953,440,440;440;440;440;440;440;440,0,7.7502,29.457,39.407,70.716,2,2,Median,NaN,NaN,NaN,NaN,NaN,NaN,1,1,1,1,Median,Median,38.4,37.5,26353000,684170,25669000,10883000,318350,10565000,15470000,365830,15104000,,,,156,191;671;962;1910;2444;2445;2560;3455;3457;3540;3822;4157;4410;4411,False;False;False;False;False;False;False;False;True;False;False;False;False;False,195;687;987;1959;2510;2511;2512;2638;3563;3565;3650;3943;4290;4550;4551,325;326;1114;1115;1586;1587;3125;3126;4049;4050;4051;4052;4053;4250;4251;4252;4253;4254;5746;5747;5750;5751;5752;5914;5915;5916;6444;6445;6446;7021;7022;7023;7456;7457,456;457;458;1592;1593;2241;2242;4558;4559;5924;5925;5926;5927;5928;5929;5930;5931;6192;6193;6194;6195;6196;6197;6198;6199;6200;6201;6202;6203;6204;6205;6206;6207;6208;6209;6210;6211;6212;6213;8334;8335;8336;8337;8341;8342;8343;8344;8614;8615;8616;8617;8618;9605;9606;9607;9608;9609;10496;10497;10498;10499;11142;11143,457;1592;2242;4558;5926;5930;6207;8336;8341;8616;9605;10496;11142;11143,3,1
sp|P0CX81|MTCU2_YEAST;sp|P0CX80|MTCU1_YEAST,sp|P0CX81|MTCU2_YEAST;sp|P0CX80|MTCU1_YEAST,1;1,1;1,1;1,;,2,1,1,1,1,1,1,1,1,1,31.1,31.1,31.1,6.6504,61,61;61,0,4.7241,NaN,NaN,NaN,0,0,Median,NaN,NaN,NaN,NaN,NaN,NaN,0,0,0,0,Median,Median,31.1,31.1,4202900,0,4202900,2750400,0,2750400,1452500,0,1452500,,,,157,3095,TRUE,3187,5130;5131,7458;7459,7459,,
sp|P0CX83|RL19B_YEAST;sp|P0CX82|RL19A_YEAST,sp|P0CX83|RL19B_YEAST;sp|P0CX82|RL19A_YEAST,10;10,10;10,10;10,;,2,10,10,10,3,9,3,9,3,9,44.4,44.4,44.4,21.704,189,189;189,0,52.88,99.4,80.132,82.294,4,4,Median,NaN,99.4,NaN,80.132,NaN,82.294,0,4,0,4,Median,Median,17.5,38.6,256110000,1490700,254620000,48910000,0,48910000,207200000,1490700,205710000,,,,158,59;295;296;789;2894;2906;2966;2967;4205;4206,True;True;True;True;True;True;True;True;True;True,59;299;300;809;2979;2991;3052;3053;4341;4342,101;496;497;1307;4803;4804;4821;4909;4910;7103;7104;7105;7106;7107,144;145;704;705;1877;7000;7001;7002;7003;7004;7005;7006;7007;7008;7028;7029;7154;7155;10621;10622;10623;10624;10625;10626;10627;10628;10629;10630;10631,144;704;705;1877;7001;7028;7154;7155;10623;10627,,
sp|P0CX85|RL35B_YEAST;sp|P0CX84|RL35A_YEAST,sp|P0CX85|RL35B_YEAST;sp|P0CX84|RL35A_YEAST,14;14,14;14,14;14,;,2,14,14,14,7,13,7,13,7,13,70.8,70.8,70.8,13.909,120,120;120,0,41.524,20.422,14.267,90.935,8,8,Median,18.045,38.938,12.426,21.87,35.07,125.15,4,4,4,4,Median,Median,34.2,70.8,303700000,7249200,296450000,55854000,1321200,54533000,247840000,5928000,241920000,,,,159,517;802;885;925;926;1028;1029;1742;1834;2309;2798;3203;3204;3250,True;True;True;True;True;True;True;True;True;True;True;True;True;True,531;822;906;949;950;1054;1055;1783;1877;2368;2883;3301;3302;3351,865;1328;1455;1456;1522;1523;1524;1692;1693;1694;2850;2851;2995;2996;3793;4646;5321;5322;5407;5408,1243;1902;2060;2061;2062;2063;2145;2146;2147;2148;2149;2150;2398;2399;2400;2401;2402;2403;2404;4138;4139;4349;4350;5529;6794;7726;7727;7869;7870,1243;1902;2061;2145;2149;2398;2403;4139;4349;5529;6794;7726;7727;7870,,
sp|P10080|SSBP1_YEAST,sp|P10080|SSBP1_YEAST,2,2,2,,1,2,2,2,2,2,2,2,2,2,14.6,14.6,14.6,32.989,294,294,0,18.17,NaN,NaN,NaN,0,0,Median,NaN,NaN,NaN,NaN,NaN,NaN,0,0,0,0,Median,Median,14.6,14.6,10312000,0,10312000,5093700,0,5093700,5218000,0,5218000,,,,160,742;3052,True;True,760;3140,1233;1234;5055;5056,1769;1770;7361;7362;7363,1769;7362,,
sp|P10081|IF4A_YEAST,sp|P10081|IF4A_YEAST,10,10,10,,1,10,10,10,6,8,6,8,6,8,32.4,32.4,32.4,44.697,395,395,0,58.505,20.598,12.283,126.38,5,5,Median,NaN,25.115,NaN,14.786,NaN,45.218,1,4,1,4,Median,Linear,24.1,24.1,255940000,1202000,254740000,46401000,167040,46234000,209540000,1035000,208500000,,,,161,222;1103;1144;1531;1716;1782;2785;3620;3890;3891,True;True;True;True;True;True;True;True;True;True,226;1130;1171;1172;1566;1757;1823;2870;3733;4014;4015,373;374;1813;1872;1873;1874;2505;2813;2814;2914;4628;6089;6090;6564;6565,516;517;518;519;520;521;522;523;2576;2665;2666;2667;2668;2669;3602;4090;4091;4230;6774;9003;9004;9775;9776;9777;9778;9779,516;2576;2668;3602;4091;4230;6774;9004;9777;9778,67,303
sp|P10591|HSP71_YEAST;sp|P22202|HSP74_YEAST;sp|P09435|HSP73_YEAST,sp|P10591|HSP71_YEAST,39;8;7,9;0;0,9;0;0,,3,39,9,9,28,36,8,8,8,8,59.7,20.9,20.9,69.656,642,642;642;649,0,72.221,28.564,25.272,0.14135,2,2,Median,NaN,NaN,NaN,NaN,NaN,NaN,1,1,1,1,Median,Median,55.1,51.4,129010000,373010,128630000,48455000,68395,48387000,80550000,304610,80246000,,,,162,378;418;586;708;709;814;817;901;942;1033;1038;1497;1616;1617;1698;1718;1972;2016;2094;2110;2111;2469;2515;2588;2589;2661;2665;2666;2667;2702;2704;2984;3139;3434;3658;3763;4060;4061;4062,False;False;False;False;False;False;True;True;False;False;False;False;False;False;True;False;False;True;False;False;False;False;False;False;False;True;False;False;False;False;True;True;True;False;False;True;False;False;False,389;432;600;725;726;834;837;922;966;1059;1064;1532;1654;1655;1739;1759;2022;2067;2149;2165;2166;2536;2590;2591;2666;2667;2744;2745;2749;2750;2751;2786;2788;3070;3071;3234;3542;3772;3878;4193;4194;4195,634;635;636;637;708;709;710;978;979;1173;1174;1175;1346;1349;1350;1482;1483;1548;1699;1707;1708;2448;2449;2651;2652;2653;2785;2816;2817;3226;3227;3228;3297;3298;3443;3444;3445;3446;3473;3474;3475;3476;4084;4085;4173;4174;4175;4176;4177;4303;4304;4305;4425;4426;4427;4428;4429;4430;4434;4435;4436;4437;4438;4439;4491;4492;4495;4496;4497;4938;4939;4940;4941;4942;4943;4944;5205;5206;5712;6160;6161;6329;6864;6865;6866;6867,916;917;918;919;920;921;1024;1025;1026;1027;1028;1400;1401;1663;1664;1665;1924;1927;1928;1929;2092;2093;2177;2409;2418;2419;2420;2421;2422;2423;2424;3528;3529;3530;3838;3839;3840;3841;3842;3843;3844;3845;4056;4093;4094;4697;4698;4699;4798;4799;5045;5046;5047;5048;5049;5050;5051;5052;5053;5092;5093;5094;5095;5096;5097;5965;5966;6091;6092;6093;6094;6095;6096;6097;6098;6099;6100;6101;6284;6285;6286;6287;6288;6289;6290;6291;6470;6471;6472;6473;6474;6475;6476;6477;6478;6479;6480;6485;6486;6487;6488;6489;6490;6491;6492;6493;6494;6495;6496;6497;6498;6499;6500;6573;6574;6575;6582;6583;6584;6585;7194;7195;7196;7197;7198;7199;7200;7201;7202;7557;7558;8280;9153;9154;9155;9413;10259;10260;10261;10262;10263;10264;10265;10266;10267;10268;10269;10270,918;1024;1401;1664;1665;1924;1927;2092;2177;2409;2420;3528;3838;3840;4056;4094;4697;4799;5046;5092;5095;5966;6095;6288;6290;6478;6491;6496;6500;6574;6582;7196;7558;8280;9153;9413;10259;10261;10267,68;69;70;71,59;85;125;515
sp|P10592|HSP72_YEAST,sp|P10592|HSP72_YEAST,41,41,11,,1,41,41,11,29,37,29,37,9,9,61.7,61.7,22.8,69.469,639,639,0,286.57,173.93,173.42,167.87,23,21,Linear,11.868,203.84,11.561,137.17,211.35,145.55,8,15,7,14,Median,Linear,54.6,56,1220200000,11339000,1208900000,524930000,4276100,520650000,695260000,7063400,688200000,,,,163,378;418;480;586;708;709;814;818;902;942;1033;1038;1497;1616;1617;1696;1697;1718;1845;1972;2015;2094;2110;2111;2469;2515;2586;2588;2589;2660;2665;2666;2667;2702;2703;2985;3434;3658;4060;4061;4062,True;True;True;True;True;True;True;True;True;True;True;True;True;True;True;True;True;True;True;True;True;True;True;True;True;True;True;True;True;True;True;True;True;True;True;True;True;True;True;True;True,389;432;494;600;725;726;834;838;923;924;966;1059;1064;1532;1654;1655;1737;1738;1759;1888;2022;2066;2149;2165;2166;2536;2590;2591;2664;2666;2667;2742;2743;2749;2750;2751;2786;2787;3072;3542;3772;4193;4194;4195,634;635;636;637;708;709;710;810;978;979;1173;1174;1175;1346;1351;1352;1484;1485;1548;1699;1707;1708;2448;2449;2651;2652;2653;2782;2783;2784;2816;2817;3014;3015;3226;3227;3228;3295;3296;3443;3444;3445;3446;3473;3474;3475;3476;4084;4085;4173;4174;4175;4176;4177;4299;4300;4303;4304;4305;4419;4420;4421;4422;4423;4424;4434;4435;4436;4437;4438;4439;4491;4492;4493;4494;4945;5712;6160;6161;6864;6865;6866;6867,916;917;918;919;920;921;1024;1025;1026;1027;1028;1166;1400;1401;1663;1664;1665;1924;1930;1931;2094;2095;2177;2409;2418;2419;2420;2421;2422;2423;2424;3528;3529;3530;3838;3839;3840;3841;3842;3843;3844;3845;4050;4051;4052;4053;4054;4055;4093;4094;4371;4372;4373;4374;4375;4697;4698;4699;4792;4793;4794;4795;4796;4797;5045;5046;5047;5048;5049;5050;5051;5052;5053;5092;5093;5094;5095;5096;5097;5965;5966;6091;6092;6093;6094;6095;6096;6097;6098;6099;6100;6101;6278;6279;6284;6285;6286;6287;6288;6289;6290;6291;6448;6449;6450;6451;6452;6453;6454;6455;6456;6457;6458;6459;6460;6461;6462;6463;6464;6465;6466;6467;6468;6469;6485;6486;6487;6488;6489;6490;6491;6492;6493;6494;6495;6496;6497;6498;6499;6500;6573;6574;6575;6576;6577;6578;6579;6580;6581;7203;7204;8280;9153;9154;9155;10259;10260;10261;10262;10263;10264;10265;10266;10267;10268;10269;10270,918;1024;1166;1401;1664;1665;1924;1930;2095;2177;2409;2420;3528;3838;3840;4050;4051;4094;4375;4697;4792;5046;5092;5095;5966;6095;6279;6288;6290;6462;6491;6496;6500;6574;6579;7203;8280;9153;10259;10261;10267,68;69;72;73,59;125;515;602
sp|P10614|CP51_YEAST,sp|P10614|CP51_YEAST,1,1,1,,1,1,1,1,1,0,1,0,1,0,2.3,2.3,2.3,60.719,530,530,0,2.7166,NaN,NaN,NaN,0,0,Median,NaN,NaN,NaN,NaN,NaN,NaN,0,0,0,0,Median,Median,2.3,0,1818100,0,1818100,1818100,0,1818100,0,0,0,,,,164,3509,TRUE,3619,5856,8521,8521,,
sp|P10622|RLA3_YEAST,sp|P10622|RLA3_YEAST,3,3,3,,1,3,3,3,3,1,3,1,3,1,50,50,50,10.667,106,106,0,29.295,NaN,NaN,NaN,0,0,Median,NaN,NaN,NaN,NaN,NaN,NaN,0,0,0,0,Median,Median,50,15.1,171190000,0,171190000,87226000,0,87226000,83965000,0,83965000,,,,165,18;692;870,True;True;True,18;709;890,36;37;1150;1432,49;50;51;52;53;54;1634;2034;2035,49;1634;2034,,
sp|P10659|METK1_YEAST,sp|P10659|METK1_YEAST,16,16,5,,1,16,16,5,12,13,12,13,4,5,48.7,48.7,21.5,41.818,382,382,0,113.85,7.3037,4.9011,140.62,5,5,Median,62.899,4.7199,39.056,4.5892,189.62,9.2998,3,2,3,2,Plateau,Median,40.6,48.4,167980000,1336100,166650000,75517000,640650,74876000,92465000,695490,91770000,,,,166,363;714;887;1483;1484;1508;1509;2577;3102;3297;3554;3613;3876;3983;4303;4304,True;True;True;True;True;True;True;True;True;True;True;True;True;True;True;True,373;731;908;1518;1519;1543;1544;2655;3195;3400;3664;3726;4000;4114;4442;4443,610;1181;1459;1460;1461;2423;2424;2425;2426;2427;2469;2470;4283;4284;5142;5143;5483;5484;5939;5940;6075;6076;6540;6541;6737;6738;7284;7285,884;1672;2067;2068;2069;3485;3486;3487;3488;3489;3490;3491;3492;3558;3559;3560;6253;6254;7474;7475;7476;7969;7970;7971;7972;8664;8665;8666;8667;8980;8981;9745;9746;9747;10060;10061;10903;10904,884;1672;2068;3485;3490;3558;3559;6253;7474;7969;8666;8980;9746;10060;10903;10904,,
sp|P10664|RL4A_YEAST,sp|P10664|RL4A_YEAST,26,26,2,,1,26,26,2,18,25,18,25,2,1,62.4,62.4,4.4,39.092,362,362,0,154.45,133.9,204.89,147.91,20,19,Linear,24.464,24.316,24.564,39.072,171.91,128.04,9,11,9,10,Median,Median,53.6,62.4,688300000,6544500,681750000,229470000,2927700,226540000,458830000,3616800,455220000,,,,167,161;162;163;465;477;478;800;1208;1249;1499;1566;1568;1982;2624;2872;3003;3036;3191;3192;3622;3623;3659;3939;3955;4246;4251,True;True;True;True;True;True;True;True;True;True;True;True;True;True;True;True;True;True;True;True;True;True;True;True;True;True,163;164;165;479;491;492;820;1239;1281;1534;1602;1604;2033;2704;2957;3090;3124;3289;3290;3735;3736;3773;4064;4065;4082;4384;4389,271;272;273;274;784;805;806;807;808;1323;1324;1325;1989;2048;2452;2453;2558;2559;2561;3243;3244;4358;4359;4766;4767;4971;4972;5025;5026;5295;5296;5297;6092;6093;6094;6095;6162;6163;6641;6642;6643;6670;6671;7177;7178;7185;7186,381;382;383;384;385;386;387;1122;1123;1156;1157;1158;1159;1160;1161;1162;1163;1164;1895;1896;1897;1898;1899;2834;2912;3536;3537;3538;3685;3686;3687;3689;4715;4716;4717;4718;4719;4720;4721;4722;4723;4724;6361;6362;6363;6955;6956;6957;7242;7243;7244;7245;7246;7247;7318;7319;7320;7689;7690;7691;9007;9008;9009;9010;9011;9012;9013;9014;9015;9016;9017;9018;9019;9020;9021;9156;9157;9158;9876;9877;9878;9916;9917;10744;10745;10754;10755,384;385;387;1123;1160;1164;1899;2834;2912;3537;3686;3689;4716;6361;6957;7244;7318;7689;7691;9007;9008;9158;9876;9917;10744;10754,74,93
sp|P10869|AK_YEAST,sp|P10869|AK_YEAST,2,2,2,,1,2,2,2,2,0,2,0,2,0,8.2,8.2,8.2,58.109,527,527,0,8.6062,NaN,NaN,NaN,0,0,Median,NaN,NaN,NaN,NaN,NaN,NaN,0,0,0,0,Median,Median,8.2,0,4178300,0,4178300,4178300,0,4178300,0,0,0,,,,168,1057;2184,True;True,1083;2242,1740;3593,2470;5255,2470;5255,,
sp|P10964|RPA1_YEAST,sp|P10964|RPA1_YEAST,10,10,10,,1,10,10,10,6,6,6,6,6,6,8.8,8.8,8.8,186.43,1664,1664,0,24.092,NaN,NaN,NaN,0,0,Median,NaN,NaN,NaN,NaN,NaN,NaN,0,0,0,0,Median,Median,5.4,5,15615000,0,15615000,7614900,0,7614900,7999900,0,7999900,,,,169,248;405;678;1908;2053;3183;3236;3753;4058;4363,True;True;True;True;True;True;True;True;True;True,252;419;694;1957;2106;3281;3335;3868;4191;4502,409;688;1126;3122;3375;3376;5283;5380;5381;6314;6861;7379,576;999;1608;4555;4954;4955;7673;7830;7831;9394;10256;11033,576;999;1608;4555;4954;7673;7830;9394;10256;11033,,
sp|P19146|ARF2_YEAST;sp|P11076|ARF1_YEAST,sp|P19146|ARF2_YEAST;sp|P11076|ARF1_YEAST,1;1,1;1,1;1,;,2,1,1,1,0,1,0,1,0,1,5.5,5.5,5.5,20.657,181,181;181,0.0028777,1.9936,NaN,NaN,NaN,0,0,Median,NaN,NaN,NaN,NaN,NaN,NaN,0,0,0,0,Median,Median,0,5.5,0,0,0,0,0,0,0,0,0,,,,170,1450,TRUE,1485,2373,3410,3410,,
sp|P11412|G6PD_YEAST,sp|P11412|G6PD_YEAST,1,1,1,,1,1,1,1,1,0,1,0,1,0,1.8,1.8,1.8,57.521,505,505,0,4.5483,NaN,NaN,NaN,0,0,Median,NaN,NaN,NaN,NaN,NaN,NaN,0,0,0,0,Median,Median,1.8,0,1875500,0,1875500,1875500,0,1875500,0,0,0,,,,171,3136,TRUE,3231,5200,7551,7551,,
sp|P40150|SSB2_YEAST;sp|P11484|SSB1_YEAST,sp|P40150|SSB2_YEAST;sp|P11484|SSB1_YEAST,41;41,41;41,41;41,;,2,41,41,41,27,32,27,32,27,32,63.8,63.8,63.8,66.594,613,613;613,0,232.31,16.353,17.149,171.95,13,13,Median,22.431,8.7783,19.692,5.1647,144,197.65,6,7,6,7,Median,Median,50.6,52,1122100000,11188000,1110900000,256730000,2761700,253970000,865390000,8426100,856970000,,,,172,6;111;377;485;486;487;582;583;919;1031;1410;1498;1858;1859;2181;2522;2523;2616;2659;2713;2714;2846;2847;2914;2915;3021;3219;3391;3392;3393;3435;3436;3451;3452;3453;3592;3593;3608;3609;3804;3962,True;True;True;True;True;True;True;True;True;True;True;True;True;True;True;True;True;True;True;True;True;True;True;True;True;True;True;True;True;True;True;True;True;True;True;True;True;True;True;True;True,6;112;388;499;500;501;596;597;943;1057;1445;1533;1901;1902;2239;2599;2600;2601;2695;2741;2797;2798;2931;2932;2999;3000;3109;3317;3498;3499;3500;3543;3544;3559;3560;3561;3705;3706;3721;3722;3923;4089,15;16;185;186;633;815;816;817;818;819;973;974;975;1513;1696;1697;2316;2450;2451;3031;3032;3590;4187;4188;4189;4190;4191;4344;4418;4512;4513;4720;4721;4722;4723;4831;4832;4833;4999;5350;5351;5646;5647;5648;5649;5713;5714;5715;5716;5739;5740;5741;5742;5743;5744;6033;6034;6035;6036;6037;6038;6039;6040;6041;6068;6069;6412;6682,24;25;26;27;28;267;268;269;915;1171;1172;1173;1174;1175;1176;1177;1178;1179;1391;1392;1393;1394;1395;1396;2132;2406;2407;3326;3327;3531;3532;3533;3534;3535;4394;4395;5252;6112;6113;6114;6115;6116;6117;6336;6442;6443;6444;6445;6446;6447;6604;6605;6901;6902;6903;6904;6905;7045;7046;7047;7048;7286;7287;7764;7765;7766;7767;7768;7769;8198;8199;8200;8201;8202;8203;8281;8282;8283;8284;8285;8286;8287;8288;8289;8290;8291;8292;8321;8322;8323;8324;8325;8326;8327;8328;8329;8330;8887;8888;8889;8890;8891;8892;8893;8894;8895;8896;8897;8898;8899;8900;8901;8902;8903;8904;8905;8906;8972;8973;9551;9552;9553;9554;9555;9556;9934;9935,25;269;915;1171;1174;1179;1393;1396;2132;2407;3326;3533;4394;4395;5252;6112;6116;6336;6443;6604;6605;6902;6904;7046;7048;7286;7764;8198;8199;8203;8282;8289;8321;8327;8330;8895;8901;8972;8973;9551;9934,75,522
sp|P11632|NHP6A_YEAST,sp|P11632|NHP6A_YEAST,2,2,2,,1,2,2,2,2,1,2,1,2,1,16.1,16.1,16.1,10.802,93,93,0,4.8269,6.5018,7.2585,26.694,2,2,Median,NaN,NaN,NaN,NaN,NaN,NaN,1,1,1,1,Median,Median,16.1,14,10339000,753850,9585300,4501300,153730,4347500,5838000,600120,5237800,,,,173,314;4241,True;True,318;4378,522;523;7165,744;745;746;10717,744;10717,,
sp|P11633|NHP6B_YEAST,sp|P11633|NHP6B_YEAST,1,1,1,,1,1,1,1,1,0,1,0,1,0,13.1,13.1,13.1,11.476,99,99,0.0067751,1.3469,NaN,NaN,NaN,0,0,Median,NaN,NaN,NaN,NaN,NaN,NaN,0,0,0,0,Median,Median,13.1,0,1370400,0,1370400,1370400,0,1370400,0,0,0,,,,174,312,TRUE,316,519,741,741,,
sp|P11745|RNA1_YEAST,sp|P11745|RNA1_YEAST,6,6,6,,1,6,6,6,5,4,5,4,5,4,27.3,27.3,27.3,45.815,407,407,0,48.258,3.7384,2.3213,140.89,3,2,Median,4.5731,NaN,5.3693,NaN,118.59,NaN,2,1,2,0,Median,Median,19.4,20.1,45519000,6259900,39259000,18479000,430990,18048000,27040000,5828900,21211000,,,,175,434;1320;1973;2001;2357;3641,True;True;True;True;True;True,448;1354;2023;2052;2416;3755,735;736;2158;2159;3229;3273;3871;3872;6129,1061;1062;3055;3056;4700;4762;5627;5628;9107,1062;3056;4700;4762;5628;9107,,
sp|P12385|ERF1_YEAST,sp|P12385|ERF1_YEAST,5,5,5,,1,5,5,5,4,2,4,2,4,2,16,16,16,49.005,437,437,0,11.419,0.75226,1.67,83.283,3,3,Median,NaN,0.86179,NaN,0.81644,NaN,102.26,1,2,1,2,Median,Median,14.2,4.3,15506000,6560900,8945100,8561300,2503400,6058000,6944700,4057500,2887200,,,,176,577;1818;2124;3147;3827,True;True;True;True;True,591;1861;2179;3243;3948,967;2975;3497;5220;5221;6452,1384;4326;5122;7577;7578;7579;9616,1384;4326;5122;7578;9616,,
sp|P12695|ODP2_YEAST,sp|P12695|ODP2_YEAST,9,9,9,,1,9,9,9,5,6,5,6,5,6,23.2,23.2,23.2,51.817,482,482,0,45.771,NaN,NaN,NaN,0,0,Median,NaN,NaN,NaN,NaN,NaN,NaN,0,0,0,0,Median,Median,15.6,14.7,29246000,0,29246000,13693000,0,13693000,15553000,0,15553000,,,,177,63;366;673;1235;1430;1830;2252;2287;3120,True;True;True;True;True;True;True;True;True,63;377;689;1266;1465;1873;2310;2345;3213,107;108;616;1118;1119;2027;2346;2990;2991;3706;3759;5169,152;153;894;1596;1597;2888;3373;4344;4345;5418;5481;7510,153;894;1596;2888;3373;4345;5418;5481;7510,,
sp|P12709|G6PI_YEAST,sp|P12709|G6PI_YEAST,21,21,21,,1,21,21,21,17,15,17,15,17,15,42.8,42.8,42.8,61.298,554,554,0,176.04,11.606,6.7977,70.589,4,4,Linear,11.738,NaN,6.9851,NaN,83.35,NaN,3,1,3,1,Plateau,Median,35.7,30.3,359210000,2987000,356220000,187120000,1953500,185170000,172090000,1033500,171050000,,,,178,91;344;785;839;840;1324;1946;1947;2112;2113;2476;2477;2642;2680;3182;3595;3596;3597;3689;3929;3972,True;True;True;True;True;True;True;True;True;True;True;True;True;True;True;True;True;True;True;True;True,92;351;804;805;859;860;1358;1996;1997;2167;2168;2546;2547;2722;2764;3280;3708;3709;3710;3804;4054;4100,153;154;571;1299;1300;1301;1302;1382;1383;1384;1385;1386;1387;2166;2167;3181;3182;3183;3184;3477;3478;3479;3480;3481;4103;4104;4388;4457;5282;6045;6046;6047;6048;6049;6214;6215;6623;6624;6702,221;222;830;1863;1864;1865;1866;1867;1969;1970;1971;1972;1973;1974;3067;3068;3069;3070;3071;3072;4638;4639;4640;4641;4642;4643;4644;5098;5099;5100;5101;5102;5103;5990;5991;6407;6408;6527;7672;8914;8915;8916;8917;8918;8919;8920;8921;8922;8923;8924;8925;8926;8927;8928;8929;8930;8931;8932;8933;8934;8935;8936;9237;9238;9857;9858;9971,222;830;1864;1970;1972;3068;4639;4643;5098;5099;5990;5991;6407;6527;7672;8914;8920;8929;9237;9858;9971,76,93
sp|P12754|EI2BD_YEAST,sp|P12754|EI2BD_YEAST,1,1,1,,1,1,1,1,1,1,1,1,1,1,2.2,2.2,2.2,70.851,651,651,0,5.3182,NaN,NaN,NaN,0,0,Median,NaN,NaN,NaN,NaN,NaN,NaN,0,0,0,0,Median,Median,2.2,2.2,618560,0,618560,618560,0,618560,0,0,0,,,,179,2763,TRUE,2847,4592;4593,6726;6727;6728,6726,,
sp|P13188|SYQ_YEAST,sp|P13188|SYQ_YEAST,8,8,8,,1,8,8,8,7,5,7,5,7,5,11,11,11,93.132,809,809,0,23.427,NaN,NaN,NaN,0,0,Median,NaN,NaN,NaN,NaN,NaN,NaN,0,0,0,0,Median,Median,10.4,8.4,19563000,0,19563000,12393000,0,12393000,7169800,0,7169800,,,,180,540;3022;3447;3935;3975;3976;4111;4116,True;True;True;True;True;True;True;True,554;3110;3555;4060;4103;4104;4244;4249,902;903;904;5000;5001;5733;5734;6634;6705;6706;6950;6951;6957,1291;1292;1293;7288;7289;8313;8314;9868;9974;9975;10396;10397;10406;10407,1291;7288;8313;9868;9974;9975;10396;10406,,
sp|P13382|DPOA_YEAST,sp|P13382|DPOA_YEAST,1,1,1,,1,1,1,1,1,0,1,0,1,0,1.1,1.1,1.1,166.81,1468,1468,0,3.5597,NaN,NaN,NaN,0,0,Median,NaN,NaN,NaN,NaN,NaN,NaN,0,0,0,0,Median,Median,1.1,0,428060,0,428060,428060,0,428060,0,0,0,,,,181,3031,TRUE,3119,5014,7304,7304,,
sp|P13517|CAPZB_YEAST,sp|P13517|CAPZB_YEAST,1,1,1,,1,1,1,1,1,0,1,0,1,0,4.5,4.5,4.5,32.629,287,287,0,3.0248,NaN,NaN,NaN,0,0,Median,NaN,NaN,NaN,NaN,NaN,NaN,0,0,0,0,Median,Median,4.5,0,648220,0,648220,648220,0,648220,0,0,0,,,,182,2530,TRUE,2608,4203,6132,6132,,
sp|P13663|DHAS_YEAST,sp|P13663|DHAS_YEAST,3,3,3,,1,3,3,3,2,3,2,3,2,3,12.6,12.6,12.6,39.543,365,365,0,7.1375,NaN,NaN,NaN,1,1,Median,NaN,NaN,NaN,NaN,NaN,NaN,1,0,1,0,Median,Median,6.8,12.6,8496300,122450,8373900,3635800,122450,3513300,4860600,0,4860600,,,,183,1787;2683;4109,True;True;True,1828;2767;4242,2921;2922;4461;4462;6947,4238;4239;6533;6534;6535;6536;10393,4238;6536;10393,,
sp|P14020|DPM1_YEAST,sp|P14020|DPM1_YEAST,2,2,2,,1,2,2,2,1,2,1,2,1,2,12.7,12.7,12.7,30.362,267,267,0,5.3177,NaN,NaN,NaN,0,0,Median,NaN,NaN,NaN,NaN,NaN,NaN,0,0,0,0,Median,Median,5.2,12.7,10549000,0,10549000,4195700,0,4195700,6353500,0,6353500,,,,184,1263;3209,True;True,1295;3307,2069;5335;5336,2944;2945;7748;7749,2944;7748,,
sp|P14065|GCY1_YEAST,sp|P14065|GCY1_YEAST,1,1,1,,1,1,1,1,0,1,0,1,0,1,4.2,4.2,4.2,35.079,312,312,0,2.9481,NaN,NaN,NaN,0,0,Median,NaN,NaN,NaN,NaN,NaN,NaN,0,0,0,0,Median,Median,0,4.2,2275700,0,2275700,0,0,0,2275700,0,2275700,,,,185,483,TRUE,497,813,1169,1169,,
sp|P14120|RL30_YEAST,sp|P14120|RL30_YEAST,5,5,5,,1,5,5,5,5,5,5,5,5,5,62.9,62.9,62.9,11.415,105,105,0,41.577,NaN,NaN,NaN,0,0,Median,NaN,NaN,NaN,NaN,NaN,NaN,0,0,0,0,Median,Median,62.9,62.9,198730000,0,198730000,95338000,0,95338000,103390000,0,103390000,,,,186,351;2040;2106;3667;4224,True;True;True;True;True,358;2091;2161;3782;4360,582;583;3337;3338;3464;3465;3466;3467;3468;6178;6179;7134;7135;7136,844;845;846;847;4856;4857;4858;4859;4860;4861;4862;4863;5083;5084;5085;5086;5087;9180;9181;9182;9183;10671;10672;10673;10674;10675;10676;10677,844;4856;5083;9181;10671,,
sp|P14126|RL3_YEAST,sp|P14126|RL3_YEAST,27,27,27,,1,27,27,27,19,23,19,23,19,23,64.9,64.9,64.9,43.757,387,387,0,138.66,20.164,31.319,164.64,13,13,Median,14.533,37.221,29.567,41.44,71.066,201.77,5,8,5,8,Median,Median,47.3,61.2,681010000,3381500,677630000,189680000,859500,188820000,491330000,2522000,488810000,,,,187,177;187;256;257;613;1059;1114;1180;1267;1316;1317;1318;1700;1861;2554;2555;3294;3295;3306;3654;3655;3777;3819;3820;3882;4049;4268,True;True;True;True;True;True;True;True;True;True;True;True;True;True;True;True;True;True;True;True;True;True;True;True;True;True;True,180;181;191;260;261;627;1085;1141;1210;1299;1349;1350;1351;1352;1741;1904;1905;2632;2633;3397;3398;3410;3768;3769;3892;3939;3940;3941;4006;4181;4406,301;302;303;318;319;420;421;422;423;1028;1742;1828;1941;1942;2073;2074;2149;2150;2151;2152;2153;2154;2155;2156;2788;3034;3035;3036;4242;4243;4244;5478;5479;5480;5481;5499;6153;6154;6155;6352;6438;6439;6440;6441;6442;6549;6550;6841;6842;7216;7217,428;429;430;447;448;592;593;594;595;596;597;1465;2472;2473;2601;2774;2775;2949;2950;2951;3045;3046;3047;3048;3049;3050;3051;3052;3053;4059;4397;4398;4399;4400;4401;4402;4403;4404;6180;6181;6182;6183;6184;6185;7963;7964;7965;7966;7967;7996;9145;9146;9147;9446;9447;9594;9595;9596;9597;9598;9599;9600;9601;9602;9603;9757;9758;9759;9760;10232;10233;10790;10791;10792,430;447;593;595;1465;2473;2601;2775;2951;3045;3051;3053;4059;4398;6180;6182;7964;7967;7996;9146;9147;9446;9600;9603;9757;10233;10790,77;78;79;80,53;261;308;380
sp|P14540|ALF_YEAST,sp|P14540|ALF_YEAST,23,23,23,,1,23,23,23,17,20,17,20,17,20,59.6,59.6,59.6,39.62,359,359,0,240.69,87.807,57.715,124.66,20,18,Median,74.429,99.344,46.215,58.448,160.1,106.39,7,13,5,13,Median,Median,53.5,48.7,2333700000,11765000,2322000000,806740000,4002700,802740000,1527000000,7762000,1519200000,,,,188,276;764;765;823;1046;1047;1170;1171;1216;1217;1301;1724;1757;2965;3205;3206;3271;3627;3628;4065;4066;4209;4394,True;True;True;True;True;True;True;True;True;True;True;True;True;True;True;True;True;True;True;True;True;True;True,280;782;783;784;843;1072;1073;1200;1201;1247;1248;1333;1765;1798;3051;3303;3304;3373;3741;3742;4198;4199;4345;4533,461;462;463;464;465;466;467;1267;1268;1269;1270;1271;1358;1359;1719;1720;1721;1722;1723;1920;1921;1922;1923;1924;1925;1999;2000;2001;2002;2003;2123;2823;2824;2825;2874;4908;5323;5324;5325;5326;5327;5328;5329;5443;6102;6103;6104;6105;6106;6107;6108;6872;6873;6874;6875;6876;6877;7112;7113;7114;7429,644;645;646;647;648;649;650;651;652;653;654;655;656;657;658;1816;1817;1818;1819;1820;1821;1822;1823;1824;1825;1826;1827;1828;1829;1937;1938;2437;2438;2439;2440;2441;2442;2443;2444;2445;2446;2746;2747;2748;2749;2750;2751;2752;2753;2754;2755;2848;2849;2850;2851;2852;2853;2854;2855;2856;2857;2858;2859;2860;2861;2862;3009;3010;4101;4102;4103;4104;4173;7153;7728;7729;7730;7731;7732;7733;7734;7735;7736;7737;7738;7739;7740;7741;7742;7911;7912;7913;7914;7915;7916;7917;7918;7919;7920;7921;7922;9038;9039;9040;9041;9042;9043;9044;9045;9046;9047;9048;9049;9050;9051;9052;9053;9054;9055;9056;9057;9058;9059;9060;9061;9062;9063;9064;9065;9066;9067;9068;9069;9070;9071;9072;10278;10279;10280;10281;10282;10283;10284;10285;10286;10287;10288;10289;10290;10291;10637;10638;10639;10640;10641;10642;11105,648;1827;1829;1937;2437;2441;2746;2751;2849;2859;3009;4101;4173;7153;7733;7741;7911;9045;9071;10279;10281;10640;11105,81,312
sp|P14742|GFA1_YEAST,sp|P14742|GFA1_YEAST,1,1,1,,1,1,1,1,0,1,0,1,0,1,1.8,1.8,1.8,80.046,717,717,0,3.0743,NaN,NaN,NaN,0,0,Median,NaN,NaN,NaN,NaN,NaN,NaN,0,0,0,0,Median,Median,0,1.8,1900300,0,1900300,0,0,0,1900300,0,1900300,,,,189,3094,TRUE,3186,5129,7457,7457,,
sp|P14743|NMT_YEAST,sp|P14743|NMT_YEAST,1,1,1,,1,1,1,1,1,0,1,0,1,0,2.4,2.4,2.4,52.837,455,455,0.0042735,1.8366,NaN,NaN,NaN,0,0,Median,NaN,NaN,NaN,NaN,NaN,NaN,0,0,0,0,Median,Median,2.4,0,658320,0,658320,658320,0,658320,0,0,0,,,,190,2177,TRUE,2234,3583,5236,5236,,
sp|P14747|PP2B2_YEAST,sp|P14747|PP2B2_YEAST,1,1,1,,1,1,1,1,0,1,0,1,0,1,2.3,2.3,2.3,68.527,604,604,0.0028736,1.9908,NaN,NaN,NaN,0,0,Median,NaN,NaN,NaN,NaN,NaN,NaN,0,0,0,0,Median,Median,0,2.3,522780,0,522780,0,0,0,522780,0,522780,,,,191,3125,TRUE,3220,5185,7532,7532,,
sp|P14832|CYPH_YEAST,sp|P14832|CYPH_YEAST,13,13,12,,1,13,13,12,11,13,11,13,11,12,66,66,66,17.39,162,162,0,107.17,29.246,25.385,113.43,6,6,Median,30.668,57.516,19.043,33.839,120.29,109.4,3,3,3,3,Plateau,Median,66,66,253500000,1369700,252130000,89564000,906350,88658000,163930000,463330,163470000,,,,192,1199;1200;1871;1872;2408;2409;3246;3247;3358;3518;3519;3912;3981,True;True;True;True;True;True;True;True;True;True;True;True;True,1229;1230;1231;1915;1916;2467;2468;3347;3348;3464;3628;3629;4037;4112,1972;1973;1974;1975;1976;3048;3049;3050;3051;3052;3965;3966;3967;5400;5401;5402;5403;5404;5585;5586;5587;5588;5873;5874;5875;5876;6601;6602;6734;6735,2809;2810;2811;2812;2813;2814;2815;2816;2817;4422;4423;4424;4425;4426;4427;4428;4429;4430;5791;5792;5793;5794;5795;7855;7856;7857;7858;7859;7860;7861;7862;7863;7864;7865;7866;8112;8113;8114;8115;8116;8538;8539;8540;8541;8542;8543;8544;8545;9828;9829;9830;10056;10057;10058,2811;2813;4422;4430;5792;5795;7859;7864;8115;8538;8544;9829;10057,82,59
sp|P14843|AROF_YEAST,sp|P14843|AROF_YEAST,1,1,1,,1,1,1,1,1,1,1,1,1,1,3.5,3.5,3.5,41.069,370,370,0,5.1206,NaN,NaN,NaN,0,0,Median,NaN,NaN,NaN,NaN,NaN,NaN,0,0,0,0,Median,Median,3.5,3.5,6202200,0,6202200,2886400,0,2886400,3315900,0,3315900,,,,193,2953,TRUE,3039,4893;4894,7137;7138,7137,,
sp|P14907|NSP1_YEAST,sp|P14907|NSP1_YEAST,4,4,4,,1,4,4,4,1,4,1,4,1,4,10,10,10,86.515,823,823,0,9.3442,NaN,NaN,NaN,0,0,Median,NaN,NaN,NaN,NaN,NaN,NaN,0,0,0,0,Median,Median,2.2,10,6002800,0,6002800,860600,0,860600,5142200,0,5142200,,,,194,147;1717;1720;3054,True;True;True;True,149;1758;1761;3142,249;250;2815;2819;5058,354;355;4092;4096;7365,355;4092;4096;7365,,
sp|P15019|TAL1_YEAST,sp|P15019|TAL1_YEAST,11,11,11,,1,11,11,11,9,9,9,9,9,9,40.6,40.6,40.6,37.036,335,335,0,50.493,8.9944,5.4363,114.58,6,6,Median,5.0606,10.476,3.1423,7.2147,103.78,129.9,2,4,2,4,Median,Median,40.6,34,134900000,6807900,128090000,72084000,2936600,69148000,62814000,3871300,58942000,,,,195,400;766;1111;1121;1385;2033;2034;2093;2197;3837;4007,True;True;True;True;True;True;True;True;True;True;True,413;785;1138;1148;1420;2084;2085;2148;2255;3960;4138,678;679;1272;1273;1824;1825;1836;1837;2277;3326;3327;3328;3441;3442;3613;3614;6473;6772,987;988;989;1830;1831;2593;2594;2595;2596;2597;2598;2613;2614;3274;3275;4839;4840;4841;5043;5044;5289;5290;9641;10105,987;1830;2593;2614;3274;4839;4841;5044;5290;9641;10105,,
sp|P15108|HSC82_YEAST,sp|P15108|HSC82_YEAST,34,34,10,,1,34,34,10,24,28,24,28,7,7,48.1,48.1,14.5,80.899,705,705,0,209.31,19.098,26.33,151.3,13,13,Median,27.204,16.386,35.983,26.33,163.84,150.88,6,7,6,7,Median,Median,42.6,40.3,975210000,14692000,960520000,371190000,8375300,362810000,604030000,6316300,597710000,,,,196,96;220;281;282;353;354;634;668;669;831;1165;1856;2006;2037;2074;2075;2095;2138;2139;2140;2180;2578;2579;2613;2621;2822;2896;2941;3233;3468;3584;3618;3664;4015,True;True;True;True;True;True;True;True;True;True;True;True;True;True;True;True;True;True;True;True;True;True;True;True;True;True;True;True;True;True;True;True;True;True,97;224;285;286;360;361;362;363;648;684;685;851;1195;1899;2057;2088;2127;2128;2150;2193;2194;2195;2196;2238;2656;2657;2692;2701;2907;2981;3027;3332;3576;3577;3696;3731;3779;4146;4147,160;161;371;474;475;476;585;586;587;588;589;590;591;592;593;594;595;596;1059;1111;1112;1371;1372;1910;3029;3281;3282;3331;3406;3407;3408;3409;3447;3518;3519;3520;3521;3522;3523;3588;3589;4285;4286;4287;4337;4338;4339;4354;4682;4683;4684;4685;4806;4807;4873;5376;5377;5772;5773;5774;5775;5776;5777;6016;6017;6018;6087;6171;6172;6173;6174;6784;6785;6786;6787,228;229;230;231;232;233;513;669;670;671;672;673;674;675;850;851;852;853;854;855;856;857;858;859;860;861;862;863;864;1515;1516;1517;1589;1590;1956;1957;2732;2733;2734;4392;4771;4772;4773;4774;4844;4845;4846;4997;4998;4999;5000;5001;5002;5054;5151;5152;5153;5154;5155;5156;5246;5247;5248;5249;5250;5251;6255;6256;6257;6328;6329;6330;6356;6837;6838;6839;6840;6841;7010;7011;7012;7099;7100;7825;7826;7827;8380;8381;8382;8383;8384;8385;8386;8387;8388;8389;8390;8391;8392;8393;8846;8847;8848;8849;8850;8851;8852;8853;9001;9170;9171;9172;9173;9174;10125;10126;10127;10128;10129;10130;10131,231;513;672;675;850;858;1515;1589;1590;1956;2732;4392;4771;4845;4998;4999;5054;5151;5153;5155;5250;6256;6257;6328;6356;6840;7011;7099;7826;8388;8851;9001;9174;10128,26;27;28;29;30,84;460;585;599;603
sp|P15180|SYKC_YEAST,sp|P15180|SYKC_YEAST,10,10,10,,1,10,10,10,6,6,6,6,6,6,21.2,21.2,21.2,67.958,591,591,0,50.865,11.746,18.466,44.379,2,2,Median,NaN,NaN,NaN,NaN,NaN,NaN,1,1,1,1,Median,Median,13.2,13.2,87639000,659030,86980000,25593000,244390,25349000,62046000,414640,61631000,,,,197,2;890;1378;1769;1788;2929;3041;3927;3928;4117,True;True;True;True;True;True;True;True;True;True,2;911;1413;1810;1829;3014;3129;4052;4053;4250,5;6;1464;2266;2893;2894;2923;4851;5034;6621;6622;6958,10;11;2072;3263;4198;4199;4200;4201;4202;4240;7068;7335;9854;9855;9856;10408,10;2072;3263;4199;4240;7068;7335;9854;9856;10408,,
sp|P15303|SEC23_YEAST,sp|P15303|SEC23_YEAST,1,1,1,,1,1,1,1,0,1,0,1,0,1,1.6,1.6,1.6,85.384,768,768,0,2.2815,NaN,NaN,NaN,0,0,Median,NaN,NaN,NaN,NaN,NaN,NaN,0,0,0,0,Median,Median,0,1.6,1352100,0,1352100,0,0,0,1352100,0,1352100,,,,198,1074,TRUE,1100,1763,2501,2501,,
sp|P15454|KGUA_YEAST,sp|P15454|KGUA_YEAST,10,10,10,,1,10,10,10,5,8,5,8,5,8,72.2,72.2,72.2,20.637,187,187,0,58.977,22.658,18.266,107.69,2,2,Median,NaN,22.658,NaN,18.266,NaN,107.69,0,2,0,2,Median,Median,43.9,61.5,91125000,1232100,89892000,31273000,0,31273000,59851000,1232100,58619000,,,,199,527;767;1088;2030;2031;2974;2991;3366;3553;3992,True;True;True;True;True;True;True;True;True;True,541;786;1114;2081;2082;3060;3078;3472;3663;4123,880;1274;1786;1787;3321;3322;3323;4922;4923;4953;4954;5601;5938;6750,1262;1832;2540;2541;4834;4835;4836;7172;7173;7220;7221;8131;8663;10079,1262;1832;2540;4834;4835;7172;7220;8131;8663;10079,,
sp|P15496|IDI1_YEAST,sp|P15496|IDI1_YEAST,2,2,2,,1,2,2,2,2,1,2,1,2,1,14.2,14.2,14.2,33.351,288,288,0,7.1607,NaN,NaN,NaN,0,0,Median,NaN,NaN,NaN,NaN,NaN,NaN,0,0,0,0,Median,Median,14.2,5.9,7558800,0,7558800,4713200,0,4713200,2845600,0,2845600,,,,200,916;3516,True;True,940;3626,1508;5869;5870,2127;8534;8535,2127;8535,,
sp|P15565|TRM1_YEAST,sp|P15565|TRM1_YEAST,1,1,1,,1,1,1,1,0,1,0,1,0,1,1.2,1.2,1.2,64.052,570,570,0.0092227,1.1039,NaN,NaN,NaN,0,0,Median,NaN,NaN,NaN,NaN,NaN,NaN,0,0,0,0,Median,Median,0,1.2,568680,0,568680,0,0,0,568680,0,568680,,,,201,93,TRUE,94,157,225,225,,
sp|P15624|SYFB_YEAST,sp|P15624|SYFB_YEAST,9,9,9,,1,9,9,9,5,5,5,5,5,5,24.5,24.5,24.5,67.364,595,595,0,57.728,NaN,NaN,NaN,1,1,Median,NaN,NaN,NaN,NaN,NaN,NaN,1,0,1,0,Median,Median,12.8,13.6,34351000,88884,34262000,22691000,88884,22602000,11660000,0,11660000,,,,202,94;531;1151;1605;2298;2687;3418;3500;3675,True;True;True;True;True;True;True;True;True,95;545;1179;1643;2357;2771;3526;3610;3790,158;886;1885;2637;2638;3778;4468;5693;5838;5839;6192,226;1271;2683;3824;3825;5506;5507;6547;8258;8259;8499;8500;9201,226;1271;2683;3825;5506;6547;8258;8499;9201,,
sp|P15625|SYFA_YEAST,sp|P15625|SYFA_YEAST,12,12,12,,1,12,12,12,9,8,9,8,9,8,38.2,38.2,38.2,57.511,503,503,0,72.779,8.5655,9.5624,109.91,2,2,Median,NaN,NaN,NaN,NaN,NaN,NaN,1,1,1,1,Median,Median,28.2,24.9,72438000,536270,71902000,35581000,420380,35160000,36857000,115900,36741000,,,,203,693;842;1609;1610;2114;2115;2231;2378;2546;3106;3433;3880,True;True;True;True;True;True;True;True;True;True;True;True,710;862;1647;1648;2169;2170;2289;2437;2624;3199;3541;4004,1151;1389;2643;2644;2645;3482;3483;3484;3676;3907;4230;5148;5149;5710;5711;6546;6547,1635;1976;3830;3831;3832;5104;5105;5106;5378;5379;5681;6166;7486;7487;8276;8277;8278;8279;9754;9755,1635;1976;3831;3832;5104;5106;5378;5681;6166;7487;8276;9755,,
sp|P15646|FBRL_YEAST,sp|P15646|FBRL_YEAST,7,7,7,,1,7,7,7,5,4,5,4,5,4,24.8,24.8,24.8,34.465,327,327,0,18.914,NaN,NaN,NaN,1,1,Median,NaN,NaN,NaN,NaN,NaN,NaN,1,0,1,0,Median,Median,17.1,17.4,27517000,112790,27404000,15173000,112790,15061000,12344000,0,12344000,,,,204,333;808;2646;2961;2962;3914;4188,True;True;True;True;True;True;True,339;828;2726;3047;3048;4039;4324,553;554;1336;4393;4394;4904;4905;6604;7076,800;801;1910;6413;6414;7149;7150;9832;10581,800;1910;6413;7149;7150;9832;10581,,
sp|P15705|STI1_YEAST,sp|P15705|STI1_YEAST,25,25,25,,1,25,25,25,16,20,16,20,16,20,47.5,47.5,47.5,66.264,589,589,0,87.03,8.1587,4.8001,85.76,5,5,Median,NaN,7.5418,NaN,4.4372,NaN,99.028,1,4,1,4,Median,Median,32.3,42.1,94310000,665390,93645000,39259000,91719,39167000,55051000,573670,54477000,,,,205,82;200;205;206;207;260;261;383;420;421;580;851;852;1122;1123;1312;1578;1693;1792;2103;2778;2895;3123;3291;3739,True;True;True;True;True;True;True;True;True;True;True;True;True;True;True;True;True;True;True;True;True;True;True;True;True,83;204;209;210;211;264;265;395;434;435;594;871;872;1149;1150;1345;1614;1734;1833;2158;2863;2980;3218;3394;3854,141;142;337;338;346;347;348;349;350;428;429;430;431;647;713;714;970;971;1402;1403;1838;1839;1840;2141;2142;2577;2578;2778;2779;2928;3459;4619;4805;5182;5474;6293;6294,205;206;470;471;472;480;481;482;483;484;485;486;602;603;604;605;934;1032;1033;1387;1388;1998;1999;2615;2616;2617;2618;2619;3035;3036;3722;3723;4046;4047;4246;5074;6762;7009;7529;7959;9358;9359;9360,206;470;480;481;486;603;604;934;1032;1033;1387;1998;1999;2615;2616;3036;3722;4046;4246;5074;6762;7009;7529;7959;9360,,
sp|P15731|UBC4_YEAST,sp|P15731|UBC4_YEAST,2,2,2,,1,2,2,2,2,2,2,2,2,2,26.4,26.4,26.4,16.456,148,148,0,12.11,NaN,NaN,NaN,0,0,Median,NaN,NaN,NaN,NaN,NaN,NaN,0,0,0,0,Median,Median,26.4,26.4,21163000,0,21163000,8055300,0,8055300,13108000,0,13108000,,,,206,1679;4291,True;True,1720;4430,2757;2758;7262;7263,4017;4018;4019;4020;10866;10867,4017;10866,,
sp|P15873|PCNA_YEAST,sp|P15873|PCNA_YEAST,2,2,2,,1,2,2,2,1,1,1,1,1,1,7,7,7,28.916,258,258,0,3.2078,NaN,NaN,NaN,0,0,Median,NaN,NaN,NaN,NaN,NaN,NaN,0,0,0,0,Median,Median,3.1,3.9,2117200,0,2117200,1234500,0,1234500,882650,0,882650,,,,207,1032;1719,True;True,1058;1760,1698;2818,2408;4095,2408;4095,,
sp|P15891|ABP1_YEAST,sp|P15891|ABP1_YEAST,8,8,8,,1,8,8,8,4,6,4,6,4,6,18.8,18.8,18.8,65.575,592,592,0,22.532,6.9018,4.7532,71.555,4,4,Median,NaN,6.9018,NaN,4.7532,NaN,71.555,0,4,0,4,Median,Median,9.8,14.7,32162000,1036800,31125000,11744000,0,11744000,20418000,1036800,19381000,,,,208,265;815;1036;1496;1654;1746;4126;4386,True;True;True;True;True;True;True;True,269;835;1062;1531;1692;1787;4259;4525,437;438;1347;1704;2447;2712;2857;2858;6970;7416,613;614;1925;2415;3527;3926;4147;4148;10421;11091,613;1925;2415;3527;3926;4148;10421;11091,,
sp|P16120|THRC_YEAST,sp|P16120|THRC_YEAST,13,13,13,,1,13,13,13,12,12,12,12,12,12,36.4,36.4,36.4,57.474,514,514,0,89.503,11.303,9.4247,107.08,4,4,Median,NaN,9.4465,NaN,7.9571,NaN,85.149,1,3,1,3,Median,Median,31.9,36.4,128890000,1754800,127130000,60579000,92802,60486000,68307000,1662000,66645000,,,,209,641;990;991;1675;1875;1935;2277;2407;2535;2746;2747;2811;3225,True;True;True;True;True;True;True;True;True;True;True;True;True,655;1015;1016;1714;1919;1985;2335;2466;2613;2830;2831;2896;3324,1070;1071;1630;1631;1632;2747;2748;3056;3057;3163;3164;3741;3742;3963;3964;4211;4212;4567;4568;4569;4570;4665;5361;5362,1530;1531;1532;2300;2301;2302;3988;3989;3990;3991;4434;4435;4617;4618;4619;4620;5461;5462;5785;5786;5787;5788;5789;5790;6140;6141;6689;6690;6691;6692;6693;6694;6695;6815;7793;7794;7795;7796,1532;2300;2302;3990;4435;4617;5462;5788;6141;6691;6695;6815;7796,,
sp|P16140|VATB_YEAST,sp|P16140|VATB_YEAST,10,10,10,,1,10,10,10,5,9,5,9,5,9,21.9,21.9,21.9,57.749,517,517,0,81.297,5.7437,3.0939,22.664,3,3,Median,NaN,4.7371,NaN,2.6607,NaN,21.333,1,2,1,2,Median,Median,8.9,21.9,65868000,1039200,64829000,25651000,530560,25121000,40217000,508630,39708000,,,,210,509;657;1431;1709;2292;2293;3059;3588;3589;4044,True;True;True;True;True;True;True;True;True;True,523;673;1466;1750;2350;2351;3147;3148;3700;3701;4176,850;851;1095;1096;2347;2802;3768;3769;3770;5065;5066;5067;5068;5069;5070;6025;6026;6834,1216;1217;1565;1566;1567;3374;4076;5492;5493;5494;7374;7375;7376;7377;7378;7379;7380;7381;7382;8865;8866;8867;10224,1216;1565;3374;4076;5492;5493;7377;8865;8867;10224,83,391
sp|P16387|ODPA_YEAST,sp|P16387|ODPA_YEAST,8,8,8,,1,8,8,8,6,5,6,5,6,5,31.7,31.7,31.7,46.343,420,420,0,27.454,NaN,NaN,NaN,1,1,Median,NaN,NaN,NaN,NaN,NaN,NaN,1,0,1,0,Median,Median,28.6,20.7,32128000,170940,31957000,18215000,170940,18044000,13913000,0,13913000,,,,211,435;490;491;1210;1227;1985;2996;3071,True;True;True;True;True;True;True;True,449;504;505;1241;1258;2036;3083;3161,737;738;822;823;1991;1992;2018;3248;3249;4960;5091,1063;1064;1182;1183;2836;2837;2838;2839;2879;4728;4729;7227;7414,1063;1182;1183;2839;2879;4728;7227;7414,,
sp|P16451|ODPX_YEAST,sp|P16451|ODPX_YEAST,2,2,2,,1,2,2,2,1,2,1,2,1,2,8.3,8.3,8.3,45.361,410,410,0,5.8278,NaN,NaN,NaN,0,0,Median,NaN,NaN,NaN,NaN,NaN,NaN,0,0,0,0,Median,Median,4.9,8.3,4529500,0,4529500,1969100,0,1969100,2560300,0,2560300,,,,212,1366;3208,True;True,1401;3306,2243;5333;5334,3234;7746;7747,3234;7746,,
sp|P16474|GRP78_YEAST,sp|P16474|GRP78_YEAST,20,19,19,,1,20,19,19,16,12,15,11,15,11,34.9,34.9,34.9,74.467,682,682,0,96.593,6.2085,4.0164,137.32,5,5,Median,21.704,NaN,5.3995,NaN,144.36,NaN,4,1,4,1,Linear,Median,29.9,22.6,83885000,1721200,82164000,39781000,1247900,38533000,44104000,473280,43630000,,,,213,586;587;665;1009;1034;1344;1650;1655;1850;1873;2674;2675;2676;2797;3569;3857;4042;4086;4152;4213,False;True;True;True;True;True;True;True;True;True;True;True;True;True;True;True;True;True;True;True,600;601;681;1035;1060;1378;1688;1693;1893;1917;2758;2759;2760;2882;3679;3981;4174;4219;4285;4349,978;979;980;981;1106;1662;1700;1701;2204;2705;2713;3020;3021;3053;4447;4448;4449;4450;4645;5965;5966;6506;6507;6830;6831;6909;7012;7120,1400;1401;1402;1403;1581;2356;2410;2411;3170;3171;3917;3927;4380;4381;4382;4431;6509;6510;6511;6512;6513;6793;8696;8697;8698;8699;8700;8701;9691;9692;10215;10216;10217;10218;10335;10485;10650,1401;1402;1581;2356;2410;3170;3917;3927;4380;4431;6509;6511;6512;6793;8699;9692;10215;10335;10485;10650,,
sp|P16521|EF3A_YEAST;sp|P53978|EF3B_YEAST,sp|P16521|EF3A_YEAST,44;6,44;6,44;6,,2,44,44,44,29,36,29,36,29,36,52.1,52.1,52.1,115.94,1044,1044;1044,0,305.51,50.263,32.57,149.46,12,12,Median,61.286,48.513,38.157,31.117,146.53,173.26,8,4,8,4,Median,Median,38.8,48,1260600000,5223800,1255400000,447930000,4149200,443780000,812670000,1074600,811600000,,,,214,285;293;294;426;515;516;630;651;667;726;780;834;862;863;864;1113;1245;1371;1390;1415;1582;1730;2097;2325;2365;2511;2516;2641;2806;3039;3082;3083;3117;3152;3315;3316;3317;3438;3686;3947;4010;4158;4159;4346,True;True;True;True;True;True;True;True;True;True;True;True;True;True;True;True;True;True;True;True;True;True;True;True;True;True;True;True;True;True;True;True;True;True;True;True;True;True;True;True;True;True;True;True,289;297;298;440;529;530;644;666;667;683;744;799;854;882;883;884;1140;1277;1406;1425;1450;1618;1771;2152;2384;2424;2586;2592;2721;2891;3127;3172;3173;3174;3210;3248;3249;3421;3422;3423;3546;3801;4074;4141;4291;4292;4485,480;481;492;493;494;495;721;860;861;862;863;864;1053;1087;1088;1089;1109;1110;1207;1208;1292;1376;1419;1420;1421;1422;1827;2043;2253;2254;2282;2283;2323;2324;2586;2833;3450;3818;3819;3884;3885;4166;4178;4179;4386;4387;4657;4658;5032;5107;5108;5109;5110;5111;5112;5165;5228;5229;5230;5231;5232;5233;5234;5235;5236;5519;5520;5521;5522;5523;5718;6209;6210;6657;6776;6777;7024;7025;7026;7347;7348;7349,679;680;698;699;700;701;702;703;1043;1235;1236;1237;1238;1239;1240;1241;1242;1505;1506;1555;1556;1557;1558;1559;1585;1586;1587;1588;1727;1728;1729;1855;1961;1962;2016;2017;2018;2019;2020;2021;2600;2907;3249;3250;3280;3281;3282;3283;3284;3334;3335;3336;3738;4116;5057;5058;5059;5558;5559;5641;5642;5643;5644;5645;5646;6081;6102;6103;6403;6404;6405;6406;6807;6808;7330;7431;7432;7433;7434;7435;7436;7437;7506;7588;7589;7590;7591;7592;7593;7594;7595;7596;7597;7598;7599;7600;7601;7602;7603;7604;7605;7606;7607;7608;7609;8022;8023;8024;8025;8026;8027;8028;8294;8295;9225;9226;9227;9893;9894;10112;10113;10114;10115;10116;10500;10501;10502;10503;10504;10985;10986;10987,679;698;700;1043;1237;1242;1505;1558;1585;1729;1855;1961;2017;2019;2020;2600;2907;3250;3280;3335;3738;4116;5058;5559;5643;6081;6103;6403;6808;7330;7436;7437;7506;7606;8023;8024;8026;8294;9227;9893;10116;10500;10504;10987,84;85;86;87,273;832;833;971
sp|P16550|APA1_YEAST,sp|P16550|APA1_YEAST,7,7,7,,1,7,7,7,4,4,4,4,4,4,27.7,27.7,27.7,36.492,321,321,0,32.308,NaN,NaN,NaN,0,0,Median,NaN,NaN,NaN,NaN,NaN,NaN,0,0,0,0,Median,Median,18.1,15,37163000,0,37163000,11238000,0,11238000,25924000,0,25924000,,,,215,130;313;973;1451;2940;3221;3506,True;True;True;True;True;True;True,132;317;998;1486;3026;3319;3616,221;520;521;1604;2374;4872;5354;5850,311;742;743;2265;3411;7098;7772;8513,311;742;2265;3411;7098;7772;8513,,
sp|P16603|NCPR_YEAST,sp|P16603|NCPR_YEAST,1,1,1,,1,1,1,1,1,1,1,1,1,1,1.7,1.7,1.7,76.771,691,691,0,2.7724,NaN,NaN,NaN,0,0,Median,NaN,NaN,NaN,NaN,NaN,NaN,0,0,0,0,Median,Median,1.7,1.7,2034900,0,2034900,628590,0,628590,1406400,0,1406400,,,,216,4418,TRUE,4558,7468;7469,11161;11162,11162,,
sp|P16622|HEMH_YEAST,sp|P16622|HEMH_YEAST,1,1,1,,1,1,1,1,1,1,1,1,1,1,3.3,3.3,3.3,44.596,393,393,0,2.4373,NaN,NaN,NaN,0,0,Median,NaN,NaN,NaN,NaN,NaN,NaN,0,0,0,0,Median,Median,3.3,3.3,1877700,0,1877700,635000,0,635000,1242700,0,1242700,,,,217,2882,TRUE,2967,4783;4784,6974;6975;6976,6976,,
sp|P16649|TUP1_YEAST,sp|P16649|TUP1_YEAST,2,2,2,,1,2,2,2,2,1,2,1,2,1,4.1,4.1,4.1,78.307,713,713,0,6.1684,NaN,NaN,NaN,1,1,Median,NaN,NaN,NaN,NaN,NaN,NaN,0,1,0,1,Median,Median,4.1,1.4,2793200,77664,2715500,1662900,0,1662900,1130300,77664,1052600,,,,218,2402;3116,True;True,2461;3209,3953;3954;5164,5775;5776;7505,5776;7505,,
sp|P16861|PFKA1_YEAST,sp|P16861|PFKA1_YEAST,15,15,15,,1,15,15,15,9,12,9,12,9,12,25,25,25,107.97,987,987,0,70.789,NaN,NaN,NaN,1,1,Median,NaN,NaN,NaN,NaN,NaN,NaN,0,1,0,1,Median,Median,13.2,19.6,108010000,189710,107820000,47501000,0,47501000,60504000,189710,60314000,,,,219,411;581;1193;1332;1391;1502;1642;2190;2244;2267;2274;2275;2494;3214;3463,True;True;True;True;True;True;True;True;True;True;True;True;True;True;True,425;595;1223;1366;1426;1537;1680;2248;2302;2325;2332;2333;2568;3312;3571,695;972;1961;1962;1963;2186;2284;2457;2458;2695;2696;3603;3694;3728;3737;3738;3739;4139;5344;5345;5761;5762,1009;1389;1390;2797;2798;2799;3127;3285;3542;3543;3905;3906;5279;5397;5446;5447;5456;5457;5458;5459;6042;7758;7759;8355;8356;8357;8358,1009;1389;2798;3127;3285;3542;3905;5279;5397;5446;5457;5458;6042;7759;8355,,
sp|P16862|PFKA2_YEAST,sp|P16862|PFKA2_YEAST,12,12,12,,1,12,12,12,8,9,8,9,8,9,16.7,16.7,16.7,104.62,959,959,0,59.646,26.203,16.27,77.79,3,2,Plateau,26.203,NaN,16.27,NaN,77.79,NaN,3,0,2,0,Plateau,Median,13.2,13.1,68887000,590470,68296000,34296000,590470,33705000,34591000,0,34591000,,,,220,24;197;198;199;462;1097;2085;2551;3710;3756;3959;3973,True;True;True;True;True;True;True;True;True;True;True;True,24;201;202;203;476;1124;2139;2629;3825;3871;4086;4101,45;46;333;334;335;336;780;1800;1801;3425;4237;4238;6247;6248;6317;6318;6678;6703,64;65;466;467;468;469;1118;2561;2562;2563;2564;5024;6173;6174;6175;9286;9287;9397;9398;9399;9400;9928;9972,64;466;468;469;1118;2561;5024;6173;9286;9400;9928;9972,,
sp|P17076|RL8A_YEAST,sp|P17076|RL8A_YEAST,30,10,10,,1,30,10,10,20,27,4,8,4,8,78.5,29.7,29.7,28.124,256,256,0,31.778,7.996,7.0286,203.48,5,5,Median,7.996,3.1906,7.0286,2.5823,141.85,302.01,3,2,3,2,Median,Median,64.1,77.7,68197000,10593000,57605000,28911000,593450,28317000,39287000,9999100,29288000,,,,221,382;772;1222;1357;1358;1820;1866;2038;2072;2136;2389;2390;2391;2458;2459;2581;2582;2658;2764;2765;3256;3322;3737;3838;4318;4319;4320;4381;4401;4403,False;True;False;False;False;True;False;False;False;False;False;False;False;True;True;False;False;False;False;True;False;True;False;False;True;True;True;False;False;True,394;791;1253;1392;1393;1863;1910;2089;2125;2191;2448;2449;2450;2525;2526;2659;2660;2740;2848;2849;3357;3428;3852;3961;4457;4458;4459;4520;4540;4542,646;1280;1281;2010;2221;2222;2223;2224;2225;2226;2227;2228;2229;2230;2978;3042;3332;3333;3334;3403;3404;3512;3513;3514;3515;3924;3925;3926;3927;3928;3929;3930;3931;4070;4071;4289;4290;4291;4292;4417;4594;4595;4596;4597;4598;4599;5417;5418;5531;6289;6290;6291;6474;6475;7307;7308;7309;7407;7408;7440;7442,932;933;1843;1844;2870;3195;3196;3197;3198;3199;3200;3201;3202;3203;3204;3205;3206;3207;3208;3209;3210;3211;3212;3213;4330;4412;4847;4848;4849;4850;4851;4994;4995;5142;5143;5144;5145;5146;5147;5148;5707;5708;5709;5710;5711;5712;5713;5714;5715;5716;5717;5718;5719;5720;5721;5722;5949;5950;6259;6260;6261;6262;6263;6264;6265;6266;6267;6268;6269;6441;6729;6730;6731;6732;6733;6734;6735;6736;6737;6738;7880;7881;8040;9348;9349;9350;9351;9352;9353;9354;9355;9356;9642;9643;9644;9645;9646;9647;10935;10936;10937;10938;11072;11073;11074;11075;11076;11077;11078;11079;11080;11120;11121;11122;11124;11125,932;1843;2870;3198;3203;4330;4412;4850;4995;5143;5707;5714;5718;5949;5950;6259;6269;6441;6733;6736;7880;8040;9348;9646;10935;10936;10938;11075;11121;11124,,
sp|P17106|CBF1_YEAST,sp|P17106|CBF1_YEAST,3,3,3,,1,3,3,3,3,1,3,1,3,1,12.3,12.3,12.3,39.387,351,351,0,8.0245,NaN,NaN,NaN,0,0,Median,NaN,NaN,NaN,NaN,NaN,NaN,0,0,0,0,Median,Median,12.3,4,3353100,0,3353100,2173900,0,2173900,1179200,0,1179200,,,,222,2183;2318;2937,True;True;True,2241;2377;3023,3592;3806;4866;4867,5254;5545;5546;7092;7093,5254;5545;7092,,
sp|P17157|PHO85_YEAST,sp|P17157|PHO85_YEAST,1,1,1,,1,1,1,1,1,1,1,1,1,1,3.6,3.6,3.6,34.906,305,305,0,3.8068,NaN,NaN,NaN,0,0,Median,NaN,NaN,NaN,NaN,NaN,NaN,0,0,0,0,Median,Median,3.6,3.6,1641800,0,1641800,742670,0,742670,899160,0,899160,,,,223,3401,TRUE,3508,5660;5661,8216;8217,8217,,
sp|P17255|VATA_YEAST,sp|P17255|VATA_YEAST,26,26,26,,1,26,26,26,20,21,20,21,20,21,34.9,34.9,34.9,118.64,1071,1071,0,126.65,7.0318,6.4746,138.57,13,13,Median,7.5762,7.0318,8.3291,5.6688,162.99,84.495,6,7,6,7,Median,Median,26.5,28.7,202050000,7561100,194480000,79307000,1697400,77610000,122740000,5863700,116870000,,,,224,120;141;142;456;457;518;707;871;1048;1163;1265;1292;1329;1521;1704;1762;1919;2186;2258;3107;3119;3277;3508;3645;3788;3940,True;True;True;True;True;True;True;True;True;True;True;True;True;True;True;True;True;True;True;True;True;True;True;True;True;True,121;143;144;470;471;532;724;891;1074;1193;1297;1324;1363;1556;1745;1803;1969;2244;2316;3200;3212;3380;3618;3759;3903;4066,197;198;238;239;240;241;772;773;774;866;1172;1433;1724;1725;1907;1908;2071;2112;2178;2179;2486;2487;2794;2882;2883;3141;3142;3596;3597;3714;5150;5151;5152;5167;5168;5456;5852;5853;5854;5855;6133;6134;6373;6374;6644,280;281;341;342;343;344;1109;1110;1111;1244;1245;1662;2036;2447;2448;2449;2728;2729;2730;2947;2997;3110;3111;3112;3113;3114;3582;3583;3584;4067;4185;4186;4589;4590;5258;5259;5260;5427;7488;7489;7490;7508;7509;7941;8515;8516;8517;8518;8519;8520;9113;9114;9115;9478;9479;9480;9879,280;341;344;1110;1111;1244;1662;2036;2448;2730;2947;2997;3113;3582;4067;4186;4589;5258;5427;7489;7508;7941;8517;9114;9479;9879,,
sp|P17423|KHSE_YEAST,sp|P17423|KHSE_YEAST,3,3,3,,1,3,3,3,2,3,2,3,2,3,11.8,11.8,11.8,38.712,357,357,0,15.023,NaN,NaN,NaN,0,0,Median,NaN,NaN,NaN,NaN,NaN,NaN,0,0,0,0,Median,Median,9.5,11.8,15773000,0,15773000,5193400,0,5193400,10580000,0,10580000,,,,225,534;558;4380,True;True;True,548;572;4519,891;892;935;936;7406,1276;1277;1278;1344;1345;1346;11071,1277;1346;11071,,
sp|P17505|MDHM_YEAST,sp|P17505|MDHM_YEAST,3,3,3,,1,3,3,3,0,3,0,3,0,3,15.9,15.9,15.9,35.65,334,334,0,13.682,NaN,NaN,NaN,0,0,Median,NaN,NaN,NaN,NaN,NaN,NaN,0,0,0,0,Median,Median,0,15.9,3800300,0,3800300,0,0,0,3800300,0,3800300,,,,226,1001;2035;2609,True;True;True,1027;2086;2688,1647;3329;4331,2324;4842;6322,2324;4842;6322,,
sp|P17536|TPM1_YEAST,sp|P17536|TPM1_YEAST,11,11,11,,1,11,11,11,10,4,10,4,10,4,50.8,50.8,50.8,23.54,199,199,0,63.587,NaN,NaN,NaN,0,0,Median,NaN,NaN,NaN,NaN,NaN,NaN,0,0,0,0,Median,Median,50.3,23.1,28570000,0,28570000,19381000,0,19381000,9189000,0,9189000,,,,227,1743;1992;1993;1994;2567;2608;2673;2830;2831;2860;3296,True;True;True;True;True;True;True;True;True;True;True,1784;2043;2044;2045;2645;2687;2757;2915;2916;2945;3399,2852;2853;3260;3261;3262;4267;4330;4446;4697;4698;4699;4743;4744;5482,4140;4141;4742;4743;4744;6232;6321;6508;6873;6874;6875;6876;6928;6929;7968,4141;4742;4743;4744;6232;6321;6508;6873;6876;6929;7968,,
sp|P17555|CAP_YEAST,sp|P17555|CAP_YEAST,4,4,4,,1,4,4,4,4,2,4,2,4,2,11.4,11.4,11.4,57.521,526,526,0,25.32,NaN,NaN,NaN,0,0,Median,NaN,NaN,NaN,NaN,NaN,NaN,0,0,0,0,Median,Median,11.4,6.1,15000000,0,15000000,9046800,0,9046800,5953200,0,5953200,,,,228,576;1058;3355;4393,True;True;True;True,590;1084;3461;4532,966;1741;5579;5580;7427;7428,1383;2471;8103;8104;8105;11103;11104,1383;2471;8105;11103,,
sp|P17695|GLRX2_YEAST,sp|P17695|GLRX2_YEAST,4,4,4,,1,4,4,4,3,1,3,1,3,1,35,35,35,15.861,143,143,0,6.9981,NaN,NaN,NaN,0,0,Median,NaN,NaN,NaN,NaN,NaN,NaN,0,0,0,0,Median,Median,23.8,11.2,6297200,0,6297200,2814000,0,2814000,3483300,0,3483300,,,,229,437;690;1923;2527,True;True;True;True,451;707;1973;2605,741;1148;3146;4198,1068;1632;4595;6125,1068;1632;4595;6125,,
sp|P17709|HXKG_YEAST,sp|P17709|HXKG_YEAST,2,2,2,,1,2,2,2,1,2,1,2,1,2,5.4,5.4,5.4,55.377,500,500,0,4.5668,NaN,NaN,NaN,0,0,Median,NaN,NaN,NaN,NaN,NaN,NaN,0,0,0,0,Median,Median,2.4,5.4,8932700,0,8932700,2637900,0,2637900,6294800,0,6294800,,,,230,2319;3087,True;True,2378;3178,3807;3808;5117,5547;5548;7443,5548;7443,,
sp|P17967|PDI_YEAST,sp|P17967|PDI_YEAST,16,16,16,,1,16,16,16,12,12,12,12,12,12,37.2,37.2,37.2,58.226,522,522,0,57.627,15.088,13.605,141.2,5,5,Median,20.733,6.4447,17.286,3.7917,3.2772,151.86,2,3,2,3,Median,Median,33.3,25.5,86554000,1832900,84722000,37338000,291710,37046000,49216000,1541200,47675000,,,,231,320;636;747;1066;1233;1691;1723;1844;1945;1968;1969;2645;3155;3156;3340;3341,True;True;True;True;True;True;True;True;True;True;True;True;True;True;True;True,324;650;765;1092;1264;1732;1764;1887;1995;2018;2019;2725;3252;3253;3446;3447,531;532;1062;1241;1751;1752;2025;2774;2775;2822;3013;3180;3218;3219;3220;3221;3222;4392;5240;5241;5242;5555;5556;5557;5558,756;757;758;759;1520;1521;1522;1780;2483;2484;2886;4040;4041;4042;4100;4370;4637;4688;4689;4690;4691;4692;4693;6412;7614;7615;7616;7617;8075;8076;8077;8078;8079;8080,756;1521;1780;2483;2886;4042;4100;4370;4637;4689;4692;6412;7616;7617;8076;8078,,
sp|P18239|ADT2_YEAST;sp|P18238|ADT3_YEAST,sp|P18239|ADT2_YEAST,8;2,8;2,8;2,,2,8,8,8,5,8,5,8,5,8,26.7,26.7,26.7,34.426,318,318;307,0,37.053,11.685,18.371,135.85,4,4,Median,17.884,10.06,28.193,8.1423,111.41,165.91,2,2,2,2,Median,Median,22,26.7,37640000,1130600,36509000,17370000,193260,17177000,20270000,937390,19332000,,,,232,1633;1634;1749;2155;2156;3390;3513;3514,True;True;True;True;True;True;True;True,1671;1672;1790;2212;2213;3497;3623;3624,2681;2682;2683;2863;2864;3547;3548;3549;5644;5645;5864;5865;5866,3889;3890;3891;4154;4155;4156;5189;5190;5191;8195;8196;8197;8529;8530;8531,3889;3891;4154;5189;5191;8196;8529;8531,,
sp|P18562|UPP_YEAST,sp|P18562|UPP_YEAST,1,1,1,,1,1,1,1,0,1,0,1,0,1,6,6,6,24.594,216,216,0,3.1324,NaN,NaN,NaN,0,0,Median,NaN,NaN,NaN,NaN,NaN,NaN,0,0,0,0,Median,Median,0,6,2160400,0,2160400,0,0,0,2160400,0,2160400,,,,233,1530,TRUE,1565,2504,3601,3601,,
sp|P18899|DDR48_YEAST,sp|P18899|DDR48_YEAST,2,2,2,,1,2,2,2,1,2,1,2,1,2,9.5,9.5,9.5,46.233,430,430,0,6.876,NaN,NaN,NaN,0,0,Median,NaN,NaN,NaN,NaN,NaN,NaN,0,0,0,0,Median,Median,3.7,9.5,2668100,0,2668100,890440,0,890440,1777600,0,1777600,,,,234,99;3997,True;True,100;4128,166;167;6758,241;242;10089,241;10089,,
sp|P19097|FAS2_YEAST,sp|P19097|FAS2_YEAST,61,61,61,,1,61,61,61,42,48,42,48,42,48,44.1,44.1,44.1,206.94,1887,1887,0,323.31,7.559,4.6545,116.67,10,10,Median,5.2262,11.347,3.2451,6.6759,129.89,114.33,5,5,5,5,Median,Median,32.5,34.3,521250000,3354300,517900000,220410000,1608400,218810000,300840000,1745800,299090000,,,,235,10;15;122;231;308;448;506;638;662;738;759;836;878;907;936;1050;1099;1102;1168;1207;1276;1283;1287;1520;1545;1689;1848;2120;2159;2306;2425;2460;2463;2542;2572;2767;2843;2844;2858;2871;2876;3006;3070;3130;3193;3268;3274;3528;3562;3676;3799;3865;4003;4004;4119;4239;4271;4283;4297;4298;4405,True;True;True;True;True;True;True;True;True;True;True;True;True;True;True;True;True;True;True;True;True;True;True;True;True;True;True;True;True;True;True;True;True;True;True;True;True;True;True;True;True;True;True;True;True;True;True;True;True;True;True;True;True;True;True;True;True;True;True;True;True,10;15;123;124;235;312;462;520;652;678;756;777;856;899;930;960;1076;1126;1129;1198;1238;1308;1315;1319;1555;1580;1730;1891;2175;2216;2365;2484;2527;2530;2620;2650;2851;2928;2929;2943;2956;2961;3093;3160;3225;3291;3370;3377;3638;3672;3791;3917;3989;4134;4135;4252;4376;4409;4422;4436;4437;4544,20;21;30;31;203;204;205;386;387;513;759;846;1064;1102;1103;1227;1228;1257;1378;1446;1447;1493;1494;1537;1538;1729;1730;1805;1810;1811;1812;1915;1985;1986;1987;1988;2089;2097;2098;2103;2104;2485;2527;2771;2772;3018;3491;3553;3554;3789;3990;4072;4073;4077;4221;4222;4223;4274;4275;4603;4717;4718;4740;4764;4765;4773;4774;4975;5088;5089;5090;5193;5298;5299;5438;5439;5451;5892;5893;5894;5955;5956;6193;6399;6523;6767;6768;6960;6961;7162;7222;7247;7272;7273;7274;7445;7446,32;33;42;43;289;290;291;543;544;545;546;732;1091;1210;1524;1575;1576;1577;1578;1758;1759;1760;1761;1797;1964;2051;2052;2110;2111;2164;2165;2454;2455;2568;2573;2574;2575;2740;2741;2828;2829;2830;2831;2832;2833;2969;2978;2979;2985;2986;3581;3638;4037;4038;4378;5116;5196;5197;5518;5824;5951;5952;5953;5957;6152;6153;6154;6242;6243;6744;6898;6899;6924;6952;6953;6954;6963;6964;7250;7410;7411;7412;7413;7542;7692;7693;7905;7906;7936;8570;8571;8572;8573;8682;8683;9202;9523;9718;10099;10100;10410;10411;10412;10713;10714;10797;10841;10842;10880;10881;10882;10883;10884;11130;11131,32;42;290;545;732;1091;1210;1524;1575;1758;1797;1964;2051;2110;2165;2455;2568;2574;2741;2832;2969;2979;2986;3581;3638;4037;4378;5116;5196;5518;5824;5951;5957;6152;6242;6744;6898;6899;6924;6954;6964;7250;7413;7542;7692;7906;7936;8570;8683;9202;9523;9718;10099;10100;10412;10713;10797;10841;10880;10882;11130,88,290
sp|P19262|ODO2_YEAST,sp|P19262|ODO2_YEAST,1,1,1,,1,1,1,1,1,0,1,0,1,0,4.8,4.8,4.8,50.43,463,463,0,7.4225,NaN,NaN,NaN,0,0,Median,NaN,NaN,NaN,NaN,NaN,NaN,0,0,0,0,Median,Median,4.8,0,2000600,0,2000600,2000600,0,2000600,0,0,0,,,,236,358,TRUE,368,604,876,876,,
sp|P19358|METK2_YEAST,sp|P19358|METK2_YEAST,12,1,1,,1,12,1,1,9,9,1,1,1,1,32,2.9,2.9,42.255,384,384,0,3.3864,NaN,NaN,NaN,1,1,Median,NaN,NaN,NaN,NaN,NaN,NaN,1,0,1,0,Median,Median,25.8,29.7,5622300,85225,5537100,2994300,85225,2909100,2628000,0,2628000,,,,237,714;1483;1484;1508;1509;2577;3100;3297;3613;3876;4303;4304,False;False;False;False;False;False;True;False;False;False;False;False,731;1518;1519;1543;1544;2655;3192;3400;3726;4000;4442;4443,1181;2423;2424;2425;2426;2427;2469;2470;4283;4284;5137;5138;5483;5484;6075;6076;6540;6541;7284;7285,1672;3485;3486;3487;3488;3489;3490;3491;3492;3558;3559;3560;6253;6254;7465;7466;7467;7468;7969;7970;7971;7972;8980;8981;9745;9746;9747;10903;10904,1672;3485;3490;3558;3559;6253;7465;7969;8980;9746;10903;10904,,
sp|P19414|ACON_YEAST,sp|P19414|ACON_YEAST,9,9,9,,1,9,9,9,7,7,7,7,7,7,13,13,13,85.367,778,778,0,30.626,34.835,18.678,139.6,3,3,Median,NaN,13.442,NaN,7.2072,NaN,134.67,1,2,1,2,Median,Median,10.8,13,64420000,619340,63800000,26333000,136280,26197000,38086000,483060,37603000,,,,238,716;1089;1933;2489;2490;2889;3309;4073;4074,True;True;True;True;True;True;True;True;True,733;1115;1983;2563;2564;2974;3413;4206;4207,1184;1788;3160;3161;4132;4133;4134;4793;4794;5503;5504;5505;6888;6889;6890;6891,1675;2542;4613;4614;4615;6034;6035;6036;6037;6985;6986;8001;8002;8003;10312;10313;10314;10315;10316,1675;2542;4615;6034;6036;6985;8002;10312;10316,,
sp|P19735|PRP6_YEAST,sp|P19735|PRP6_YEAST,1,1,1,,1,1,1,1,1,0,1,0,1,0,0.8,0.8,0.8,104.23,899,899,0.0092593,1.1181,NaN,NaN,NaN,1,0,Median,NaN,NaN,NaN,NaN,NaN,NaN,1,0,0,0,Median,Median,0.8,0,45868000,41854000,4014000,45868000,41854000,4014000,0,0,0,,,,239,287,TRUE,291,484,683;684;685;686,683,,
sp|P19882|HSP60_YEAST,sp|P19882|HSP60_YEAST,19,19,19,,1,19,19,19,16,15,16,15,16,15,45.8,45.8,45.8,60.751,572,572,0,89.489,11.493,6.7619,84.137,5,5,Median,11.947,20.643,7.4182,14.173,13.491,118.5,2,3,2,3,Median,Plateau,39.9,35.5,111120000,738750,110380000,51462000,331620,51130000,59659000,407120,59252000,,,,240,49;209;410;779;811;1741;2073;2137;2173;2282;2716;2803;3238;3699;3858;3896;3938;3963;3964,True;True;True;True;True;True;True;True;True;True;True;True;True;True;True;True;True;True;True,49;213;424;798;831;1782;2126;2192;2230;2340;2800;2888;3337;3814;3982;4021;4063;4090;4091,86;353;354;693;694;1291;1339;1340;2848;2849;3405;3516;3517;3576;3750;4515;4516;4653;5383;5384;6228;6229;6508;6509;6575;6576;6639;6640;6683;6684;6685,125;489;490;1004;1005;1006;1007;1008;1854;1913;1914;4134;4135;4136;4137;4996;5149;5150;5222;5471;6607;6608;6802;6803;7833;7834;9258;9259;9260;9693;9694;9695;9696;9796;9797;9798;9799;9874;9875;9936;9937;9938;9939,125;490;1004;1854;1913;4134;4996;5150;5222;5471;6607;6802;7833;9259;9695;9796;9875;9937;9939,,
sp|P20081|FKBP_YEAST,sp|P20081|FKBP_YEAST,6,6,6,,1,6,6,6,5,5,5,5,5,5,54.4,54.4,54.4,12.158,114,114,0,41.071,20.398,17.38,164.45,2,2,Median,20.398,NaN,17.38,NaN,164.45,NaN,2,0,2,0,Median,Median,54.4,54.4,53518000,364020,53154000,21301000,364020,20937000,32218000,0,32218000,,,,241,1024;1025;1280;1308;1406;1407,True;True;True;True;True;True,1050;1051;1312;1341;1441;1442,1684;1685;1686;2094;2134;2135;2307;2308;2309;2310;2311,2387;2388;2389;2975;3028;3029;3316;3317;3318;3319;3320;3321,2387;2389;2975;3029;3318;3321,,
sp|P20424|SRP54_YEAST,sp|P20424|SRP54_YEAST,1,1,1,,1,1,1,1,1,1,1,1,1,1,4.4,4.4,4.4,59.624,541,541,0,14.891,NaN,NaN,NaN,0,0,Median,NaN,NaN,NaN,NaN,NaN,NaN,0,0,0,0,Median,Median,4.4,4.4,2000200,0,2000200,2000200,0,2000200,0,0,0,,,,242,2151,TRUE,2208,3540;3541,5180;5181;5182,5182,,
sp|P20435|RPAB2_YEAST,sp|P20435|RPAB2_YEAST,1,1,1,,1,1,1,1,1,0,1,0,1,0,7.1,7.1,7.1,17.91,155,155,0.0041958,1.6059,NaN,NaN,NaN,0,0,Median,NaN,NaN,NaN,NaN,NaN,NaN,0,0,0,0,Median,Median,7.1,0,756660,0,756660,756660,0,756660,0,0,0,,,,243,725,TRUE,743,1206,1726,1726,,
sp|P20436|RPAB3_YEAST,sp|P20436|RPAB3_YEAST,1,1,1,,1,1,1,1,1,1,1,1,1,1,10.3,10.3,10.3,16.511,146,146,0,3.3596,NaN,NaN,NaN,0,0,Median,NaN,NaN,NaN,NaN,NaN,NaN,0,0,0,0,Median,Median,10.3,10.3,4464900,0,4464900,2305100,0,2305100,2159800,0,2159800,,,,244,3860,TRUE,3984,6512;6513,9699;9700,9699,,
sp|P20447|DBP3_YEAST,sp|P20447|DBP3_YEAST,1,1,1,,1,1,1,1,0,1,0,1,0,1,2.5,2.5,2.5,58.826,523,523,0,2.5705,NaN,NaN,NaN,1,1,Median,NaN,NaN,NaN,NaN,NaN,NaN,0,1,0,1,Median,Median,0,2.5,981950,79365,902580,0,0,0,981950,79365,902580,,,,245,4118,TRUE,4251,6959,10409,10409,,
sp|P20449|DBP5_YEAST,sp|P20449|DBP5_YEAST,2,2,2,,1,2,2,2,2,1,2,1,2,1,7.9,7.9,7.9,53.873,482,482,0.0042614,1.7629,NaN,NaN,NaN,0,0,Median,NaN,NaN,NaN,NaN,NaN,NaN,0,0,0,0,Median,Median,7.9,3.1,1325100,0,1325100,622240,0,622240,702840,0,702840,,,,246,303;3353,True;True,307;3459,506;5575;5576,720;8098;8099;8100,720;8098,,
sp|P20459|IF2A_YEAST,sp|P20459|IF2A_YEAST,1,1,1,,1,1,1,1,1,1,1,1,1,1,3.3,3.3,3.3,34.717,304,304,0.0067295,1.2919,NaN,NaN,NaN,0,0,Median,NaN,NaN,NaN,NaN,NaN,NaN,0,0,0,0,Median,Median,3.3,3.3,3610000,0,3610000,1750600,0,1750600,1859300,0,1859300,,,,247,3012,TRUE,3100,4984;4985,7264;7265,7264,,
sp|P20606|SAR1_YEAST,sp|P20606|SAR1_YEAST,2,2,2,,1,2,2,2,2,1,2,1,2,1,12.6,12.6,12.6,21.45,190,190,0,6.9318,5.0852,3.0736,10.56,2,2,Median,NaN,NaN,NaN,NaN,NaN,NaN,1,1,1,1,Median,Median,12.6,5.8,10208000,1161600,9046400,6388400,557910,5830500,3819600,603660,3215900,,,,248,1141;2148,True;True,1168;2205,1868;3535;3536,2661;5174;5175,2661;5174,,
sp|P21147|ACO1_YEAST,sp|P21147|ACO1_YEAST,1,1,1,,1,1,1,1,0,1,0,1,0,1,1.8,1.8,1.8,58.402,510,510,0.0041609,1.5281,NaN,NaN,NaN,0,0,Median,NaN,NaN,NaN,NaN,NaN,NaN,0,0,0,0,Median,Median,0,1.8,0,0,0,0,0,0,0,0,0,,,,249,2930,TRUE,3015,4852,7069,7069,,
sp|P21242|PSA7_YEAST,sp|P21242|PSA7_YEAST,1,1,1,,1,1,1,1,0,1,0,1,0,1,4.2,4.2,4.2,31.536,288,288,0,2.3156,NaN,NaN,NaN,0,0,Median,NaN,NaN,NaN,NaN,NaN,NaN,0,0,0,0,Median,Median,0,4.2,1030700,0,1030700,0,0,0,1030700,0,1030700,,,,250,1510,TRUE,1545,2471,3561,3561,,
sp|P21243|PSA1_YEAST,sp|P21243|PSA1_YEAST,5,5,5,,1,5,5,5,5,3,5,3,5,3,31.3,31.3,31.3,28.001,252,252,0,20.761,NaN,NaN,NaN,0,0,Median,NaN,NaN,NaN,NaN,NaN,NaN,0,0,0,0,Median,Median,31.3,12.7,15122000,0,15122000,12634000,0,12634000,2488000,0,2488000,,,,251,81;443;1399;2558;3174,True;True;True;True;True,82;457;1434;2636;3272,139;140;751;2296;2297;4247;4248;5271,202;203;204;1082;3303;3304;6189;6190;7659,203;1082;3304;6190;7659,,
sp|P21304|PWP1_YEAST,sp|P21304|PWP1_YEAST,2,2,2,,1,2,2,2,2,1,2,1,2,1,4.7,4.7,4.7,63.803,576,576,0,5.692,NaN,NaN,NaN,0,0,Median,NaN,NaN,NaN,NaN,NaN,NaN,0,0,0,0,Median,Median,4.7,2.8,3318100,0,3318100,2095600,0,2095600,1222500,0,1222500,,,,252,3146;4308,True;True,3242;4447,5219;7290;7291,7576;10909;10910,7576;10910,,
sp|P21306|ATP5E_YEAST,sp|P21306|ATP5E_YEAST,2,2,2,,1,2,2,2,2,2,2,2,2,2,56.5,56.5,56.5,6.7425,62,62,0,7.5183,NaN,NaN,NaN,0,0,Median,NaN,NaN,NaN,NaN,NaN,NaN,0,0,0,0,Median,Median,56.5,56.5,7164300,0,7164300,3194900,0,3194900,3969400,0,3969400,,,,253,2602;3572,True;True,2680;3682,4319;4320;5969;5970,6307;6308;8704;8705,6307;8705,,
sp|P21524|RIR1_YEAST,sp|P21524|RIR1_YEAST,2,2,2,,1,2,2,2,1,1,1,1,1,1,3.7,3.7,3.7,99.56,888,888,0,2.4803,NaN,NaN,NaN,0,0,Median,NaN,NaN,NaN,NaN,NaN,NaN,0,0,0,0,Median,Median,0.8,2.9,1743000,0,1743000,243500,0,243500,1499500,0,1499500,,,,254,1240;3752,True;True,1271;3867,2034;6313,2898;9393,2898;9393,,
sp|P21576|VPS1_YEAST,sp|P21576|VPS1_YEAST,2,2,2,,1,2,2,2,0,2,0,2,0,2,4.3,4.3,4.3,78.736,704,704,0,2.2896,NaN,NaN,NaN,0,0,Median,NaN,NaN,NaN,NaN,NaN,NaN,0,0,0,0,Median,Median,0,4.3,2859500,0,2859500,0,0,0,2859500,0,2859500,,,,255,1915;1939,True;True,1964;1989,3135;3171,4582;4628,4582;4628,,
sp|P21954|IDHP_YEAST,sp|P21954|IDHP_YEAST,4,4,4,,1,4,4,4,4,3,4,3,4,3,12.1,12.1,12.1,48.19,428,428,0,14.644,NaN,NaN,NaN,0,0,Median,NaN,NaN,NaN,NaN,NaN,NaN,0,0,0,0,Median,Median,12.1,7.2,13548000,0,13548000,8255600,0,8255600,5292800,0,5292800,,,,256,546;1188;1624;1813,True;True;True;True,560;1218;1662;1856,914;915;1954;2662;2663;2967;2968,1306;1307;2789;3857;3858;3859;3860;4318;4319,1306;2789;3857;4319,,
sp|P21965|MCK1_YEAST,sp|P21965|MCK1_YEAST,2,2,2,,1,2,2,2,2,1,2,1,2,1,8.3,8.3,8.3,43.135,375,375,0,4.0415,NaN,NaN,NaN,0,0,Median,NaN,NaN,NaN,NaN,NaN,NaN,0,0,0,0,Median,Median,8.3,4.5,4510900,0,4510900,2631400,0,2631400,1879500,0,1879500,,,,257,208;2243,True;True,212;2301,351;352;3693,487;488;5396,488;5396,,
sp|P22137|CLH_YEAST,sp|P22137|CLH_YEAST,8,8,8,,1,8,8,8,6,5,6,5,6,5,7.4,7.4,7.4,187.23,1653,1653,0,26.875,NaN,NaN,NaN,1,1,Median,NaN,NaN,NaN,NaN,NaN,NaN,0,1,0,1,Median,Median,5.9,4.5,21623000,1733700,19889000,8718600,0,8718600,12904000,1733700,11171000,,,,258,176;1680;1944;3114;3817;3954;3985;4033,True;True;True;True;True;True;True;True,179;1721;1994;3207;3937;4081;4116;4165,300;2759;2760;3178;3179;5161;6435;6436;6669;6740;6814,427;4021;4022;4635;4636;7502;9590;9591;9592;9915;10063;10191,427;4022;4635;7502;9592;9915;10063;10191,,
sp|P22138|RPA2_YEAST,sp|P22138|RPA2_YEAST,3,3,3,,1,3,3,3,1,2,1,2,1,2,6,6,6,135.74,1203,1203,0,3.7359,NaN,NaN,NaN,1,1,Median,NaN,NaN,NaN,NaN,NaN,NaN,0,1,0,1,Median,Median,0.8,5.2,5470300,326020,5144300,856500,0,856500,4613800,326020,4287800,,,,259,1489;2330;3903,True;True;True,1524;2389;4028,2434;3825;6588,3502;5566;9812,3502;5566;9812,,
sp|P22139|RPAB5_YEAST,sp|P22139|RPAB5_YEAST,1,1,1,,1,1,1,1,1,1,1,1,1,1,17.1,17.1,17.1,8.2776,70,70,0,2.435,2.0892,2.795,112.71,2,2,Median,NaN,NaN,NaN,NaN,NaN,NaN,1,1,1,1,Median,Median,17.1,17.1,3130400,619130,2511300,1553200,306590,1246600,1577200,312540,1264700,,,,260,2998,TRUE,3085,4963;4964,7232;7233;7234,7234,,
sp|P22146|GAS1_YEAST,sp|P22146|GAS1_YEAST,2,2,2,,1,2,2,2,0,2,0,2,0,2,5.4,5.4,5.4,59.582,559,559,0,3.2115,NaN,NaN,NaN,0,0,Median,NaN,NaN,NaN,NaN,NaN,NaN,0,0,0,0,Median,Median,0,5.4,12150000,0,12150000,0,0,0,12150000,0,12150000,,,,261,26;1790,True;True,26;1831,49;2925,72;73;4243,72;4243,,
sp|P22147|XRN1_YEAST,sp|P22147|XRN1_YEAST,4,4,4,,1,4,4,4,2,3,2,3,2,3,4.7,4.7,4.7,175.46,1528,1528,0,6.7961,1.4589,1.9517,47.77,2,2,Median,NaN,NaN,NaN,NaN,NaN,NaN,1,1,1,1,Median,Median,3.3,3.1,11335000,1745400,9589800,4066900,714430,3352500,7268300,1031000,6237300,,,,262,1465;2983;3969;4417,True;True;True;True,1500;3069;4097;4557,2396;2397;4937;6697;7467,3446;3447;3448;7192;7193;9965;11160,3446;7192;9965;11160,,
sp|P22203|VATE_YEAST,sp|P22203|VATE_YEAST,11,11,11,,1,11,11,11,11,9,11,9,11,9,60.5,60.5,60.5,26.471,233,233,0,63.21,5.6748,9.1427,98.134,6,6,Median,7.039,4.9256,15.526,3.2384,70.853,19.909,4,2,4,2,Median,Median,60.5,47.2,71008000,2073700,68934000,39725000,1145800,38579000,31283000,927860,30355000,,,,263,266;329;367;609;1420;1703;2182;2491;3701;3702;4043,True;True;True;True;True;True;True;True;True;True;True,270;335;378;623;1455;1744;2240;2565;3816;3817;4175,439;440;441;547;548;617;618;1018;1019;2332;2792;2793;3591;4135;4136;6231;6232;6233;6234;6235;6832;6833,615;616;617;618;792;793;895;896;897;1453;1454;1455;3351;4063;4064;4065;4066;5253;6038;6039;9262;9263;9264;9265;9266;9267;9268;10219;10220;10221;10222;10223,615;792;895;1453;3351;4065;5253;6039;9265;9266;10222,,
sp|P22217|TRX1_YEAST,sp|P22217|TRX1_YEAST,7,7,5,,1,7,7,5,6,6,6,6,4,5,66,66,48.5,11.235,103,103,0,38.882,85.826,53.602,137.68,3,3,Plateau,29.554,NaN,18.351,NaN,156.49,NaN,2,1,2,1,Median,Median,66,56.3,77379000,553660,76826000,44470000,428720,44042000,32909000,124940,32784000,,,,264,1124;1125;1987;2462;2574;3542;4180,True;True;True;True;True;True;True,1151;1152;2038;2529;2652;3652;4315,1841;1842;1843;3253;3254;4075;4076;4277;4278;5919;5920;7064,2620;2621;2622;4733;4734;4735;5955;5956;6245;6246;8621;8622;8623;8624;10554;10555,2620;2622;4733;5956;6245;8623;10554,,
sp|P22336|RFA1_YEAST,sp|P22336|RFA1_YEAST,1,1,1,,1,1,1,1,1,0,1,0,1,0,1.6,1.6,1.6,70.347,621,621,0.0042674,1.7975,NaN,NaN,NaN,0,0,Median,NaN,NaN,NaN,NaN,NaN,NaN,0,0,0,0,Median,Median,1.6,0,351360,0,351360,351360,0,351360,0,0,0,,,,265,1002,TRUE,1028,1648,2325,2325,,
sp|P22515|UBA1_YEAST,sp|P22515|UBA1_YEAST,6,6,6,,1,6,6,6,3,4,3,4,3,4,8.3,8.3,8.3,114.26,1024,1024,0,18.865,5.0199,4.7558,64.282,2,2,Median,NaN,5.0199,NaN,4.7558,NaN,64.282,0,2,0,2,Median,Median,4.7,5.4,17864000,208320,17656000,7144500,0,7144500,10720000,208320,10511000,,,,266,2338;2824;2845;3159;3913;3924,True;True;True;True;True;True,2397;2909;2930;3256;4038;4049,3840;4688;4719;5246;5247;6603;6618,5583;6850;6900;7621;7622;9831;9851,5583;6850;6900;7621;9831;9851,,
sp|P22696|ESS1_YEAST,sp|P22696|ESS1_YEAST,1,1,1,,1,1,1,1,1,0,1,0,1,0,11.8,11.8,11.8,19.404,170,170,0.0092105,1.0816,NaN,NaN,NaN,0,0,Median,NaN,NaN,NaN,NaN,NaN,NaN,0,0,0,0,Median,Median,11.8,0,2055800,0,2055800,2055800,0,2055800,0,0,0,,,,267,2748,TRUE,2832,4571,6696,6696,,
sp|P22768|ASSY_YEAST,sp|P22768|ASSY_YEAST,6,6,6,,1,6,6,6,2,4,2,4,2,4,15.7,15.7,15.7,46.927,420,420,0,18.176,NaN,NaN,NaN,1,1,Median,NaN,NaN,NaN,NaN,NaN,NaN,1,0,1,0,Median,Median,4.8,13.8,16392000,70316,16321000,992690,70316,922370,15399000,0,15399000,,,,268,195;196;697;969;1215;3362,True;True;True;True;True;True,199;200;714;994;1246;3468,331;332;1157;1597;1998;5594,464;465;1646;2254;2847;8122,464;465;1646;2254;2847;8122,,
sp|P22803|TRX2_YEAST,sp|P22803|TRX2_YEAST,7,5,5,,1,7,5,5,7,6,5,5,5,5,61.5,53.8,53.8,11.204,104,104,0,24.582,NaN,NaN,NaN,1,1,Median,NaN,NaN,NaN,NaN,NaN,NaN,1,0,1,0,Median,Median,61.5,61.5,70325000,42510,70282000,30747000,42510,30705000,39577000,0,39577000,,,,269,112;971;994;1205;2462;3075;4180,True;True;True;True;False;True;False,113;996;1020;1236;2529;3165;4315,187;188;1599;1600;1637;1638;1981;1982;1983;4075;4076;5097;5098;7064,270;271;2257;2258;2307;2308;2309;2823;2824;2825;2826;5955;5956;7421;7422;10554;10555,270;2258;2309;2826;5956;7422;10554,,
sp|P22943|HSP12_YEAST,sp|P22943|HSP12_YEAST,5,5,5,,1,5,5,5,3,2,3,2,3,2,80.7,80.7,80.7,11.693,109,109,0,14.773,NaN,NaN,NaN,0,0,Median,NaN,NaN,NaN,NaN,NaN,NaN,0,0,0,0,Median,Median,58.7,22,7209300,0,7209300,4241600,0,4241600,2967800,0,2967800,,,,270,719;2200;3096;3499;4085,True;True;True;True;True,737;2258;3188;3609;4218,1190;3619;5132;5836;5837;6908,1684;5296;5297;7460;8497;8498;10334,1684;5297;7460;8497;10334,,
sp|P23248|RS3A2_YEAST,sp|P23248|RS3A2_YEAST,15,15,7,,1,15,15,7,11,13,11,13,5,5,57.6,57.6,23.5,28.812,255,255,0,90.184,43.272,23.202,137.03,3,3,Plateau,NaN,11.499,NaN,6.1659,NaN,187.41,1,2,1,2,Median,Median,43.9,57.6,234300000,956420,233340000,55214000,189710,55024000,179090000,766710,178320000,,,,271,866;967;972;1026;1027;1883;1891;2109;2160;2257;2633;3422;3423;3995;4113,True;True;True;True;True;True;True;True;True;True;True;True;True;True;True,886;992;997;1052;1053;1927;1937;2164;2217;2315;2713;3530;3531;4126;4246,1426;1594;1595;1601;1602;1603;1687;1688;1689;1690;1691;3069;3070;3087;3471;3472;3555;3712;3713;4372;4373;5697;5698;6755;6756;6953,2026;2251;2252;2259;2260;2261;2262;2263;2264;2390;2391;2392;2393;2394;2395;2396;2397;4456;4457;4482;5090;5091;5198;5425;5426;6386;6387;8263;8264;10085;10086;10087;10400,2026;2252;2263;2390;2396;4457;4482;5090;5198;5426;6387;8263;8264;10085;10400,,
sp|P23254|TKT1_YEAST,sp|P23254|TKT1_YEAST,18,18,18,,1,18,18,18,13,16,13,16,13,16,33.7,33.7,33.7,73.805,680,680,0,72.352,5.5524,6.2155,103.78,10,10,Median,5.5524,3.4671,6.2155,3.384,96.883,128.99,6,4,6,4,Median,Median,28.2,29,197850000,6864500,190980000,79664000,1703700,77960000,118180000,5160800,113020000,,,,272,682;1049;1054;1183;1184;1352;1517;2273;2284;2291;2512;2513;2834;2992;3173;3286;3648;4259,True;True;True;True;True;True;True;True;True;True;True;True;True;True;True;True;True;True,698;1075;1080;1213;1214;1387;1552;2331;2342;2349;2587;2588;2919;3079;3271;3389;3762;4397,1132;1726;1727;1728;1735;1736;1947;1948;1949;2215;2480;3736;3754;3755;3766;3767;4167;4168;4169;4170;4171;4704;4955;5269;5270;5467;5468;6137;6138;6139;6140;7199;7200;7201;7202,1615;2450;2451;2452;2453;2462;2463;2464;2782;2783;2784;3187;3188;3570;5455;5475;5476;5477;5490;5491;6082;6083;6084;6085;6086;6087;6088;6089;6881;7222;7655;7656;7657;7658;7952;7953;9118;9119;9120;9121;9122;9123;10770;10771;10772;10773;10774,1615;2450;2464;2783;2784;3188;3570;5455;5477;5491;6083;6087;6881;7222;7658;7952;9118;10771,,
sp|P23301|IF5A1_YEAST,sp|P23301|IF5A1_YEAST,8,8,8,,1,8,8,8,7,5,7,5,7,5,74.5,74.5,74.5,17.114,157,157,0,90.657,NaN,NaN,NaN,1,1,Median,NaN,NaN,NaN,NaN,NaN,NaN,1,0,1,0,Median,Median,66.2,49.7,201620000,4710600,196910000,93955000,4710600,89245000,107670000,0,107670000,,,,273,616;703;1801;1997;3101;3365;3956;3957,True;True;True;True;True;True;True;True,630;720;1842;1843;2048;3193;3194;3471;4083;4084,1031;1165;1166;2945;2946;3267;5139;5140;5141;5599;5600;6672;6673;6674;6675;6676,1468;1655;1656;4264;4265;4266;4267;4268;4752;7469;7470;7471;7472;7473;8129;8130;9918;9919;9920;9921;9922;9923;9924;9925,1468;1655;4265;4752;7470;8129;9918;9925,89;90,21;80
sp|P23542|AATC_YEAST,sp|P23542|AATC_YEAST,8,8,8,,1,8,8,8,6,7,6,7,6,7,36.8,36.8,36.8,46.057,418,418,0,29.705,22.419,15.862,118.61,4,4,Median,23.763,17.248,27.899,11.878,150.17,111.21,2,2,2,2,Median,Median,30.9,31.6,53303000,635740,52667000,23151000,221730,22929000,30152000,414010,29738000,,,,274,1494;1503;2105;2147;2323;2532;3647;3868,True;True;True;True;True;True;True;True,1529;1538;2160;2204;2382;2610;3761;3992,2444;2445;2459;2460;3462;3463;3534;3814;3815;4205;4206;6136;6526,3523;3524;3544;3545;3546;5080;5081;5082;5173;5554;5555;6134;6135;9117;9722,3524;3546;5080;5173;5555;6134;9117;9722,,
sp|P23638|PSA3_YEAST,sp|P23638|PSA3_YEAST,2,2,2,,1,2,2,2,2,1,2,1,2,1,8.5,8.5,8.5,28.714,258,258,0,4.6088,NaN,NaN,NaN,0,0,Median,NaN,NaN,NaN,NaN,NaN,NaN,0,0,0,0,Median,Median,8.5,5.4,6159400,0,6159400,3180100,0,3180100,2979400,0,2979400,,,,275,1435;4168,True;True,1470;4303,2352;7044;7045,3381;10525;10526,3381;10525,,
sp|P23639|PSA2_YEAST,sp|P23639|PSA2_YEAST,2,2,2,,1,2,2,2,2,1,2,1,2,1,8.4,8.4,8.4,27.162,250,250,0,8.6453,2.9038,1.4407,151.4,3,3,Median,3.1098,NaN,0.51394,NaN,196.88,NaN,2,1,2,1,Median,Median,8.4,5.2,11570000,2870200,8699400,5805800,1016500,4789400,5763800,1853700,3910100,,,,276,2192;2356,True;True,2250;2415,3606;3869;3870,5282;5625;5626,5282;5625,,
sp|P23644|TOM40_YEAST,sp|P23644|TOM40_YEAST,2,2,2,,1,2,2,2,2,2,2,2,2,2,10.3,10.3,10.3,42.038,387,387,0,5.9047,NaN,NaN,NaN,0,0,Median,NaN,NaN,NaN,NaN,NaN,NaN,0,0,0,0,Median,Median,10.3,10.3,18409000,0,18409000,8756100,0,8756100,9652800,0,9652800,,,,277,131;4299,True;True,133;4438,222;223;7275;7276,312;313;10885;10886,312;10885,,
sp|P23776|EXG1_YEAST,sp|P23776|EXG1_YEAST,1,1,1,,1,1,1,1,1,1,1,1,1,1,3.6,3.6,3.6,51.31,448,448,0,2.5968,NaN,NaN,NaN,0,0,Median,NaN,NaN,NaN,NaN,NaN,NaN,0,0,0,0,Median,Median,3.6,3.6,3084700,0,3084700,1461500,0,1461500,1623200,0,1623200,,,,278,2562,TRUE,2640,4258;4259,6219;6220,6219,,
sp|P24000|RL24B_YEAST,sp|P24000|RL24B_YEAST,8,1,1,,1,8,1,1,5,7,1,1,1,1,44.5,7.7,7.7,17.547,155,155,0,4.0139,NaN,NaN,NaN,0,0,Median,NaN,NaN,NaN,NaN,NaN,NaN,0,0,0,0,Median,Median,29.7,43.9,10357000,0,10357000,4795600,0,4795600,5561600,0,5561600,,,,279,369;1220;1291;1439;1685;1772;2473;3077,False;False;False;False;False;False;True;False,380;1251;1323;1474;1726;1813;2542;3167,621;622;2007;2111;2356;2357;2765;2766;2899;2900;4096;4097;5100,900;901;2867;2995;2996;3387;3388;3389;3390;3391;4027;4028;4029;4030;4031;4032;4208;4209;5983;5984;7424,901;2867;2995;3388;4028;4208;5984;7424,,
sp|P24280|SEC14_YEAST,sp|P24280|SEC14_YEAST,7,7,7,,1,7,7,7,4,6,4,6,4,6,40.5,40.5,40.5,34.9,304,304,0,23.565,NaN,NaN,NaN,1,1,Median,NaN,NaN,NaN,NaN,NaN,NaN,1,0,1,0,Median,Median,21.1,33.9,27701000,49074,27652000,9738800,49074,9689700,17962000,0,17962000,,,,280,652;762;1206;1434;2644;2807;4166,True;True;True;True;True;True;True,668;780;1237;1469;2724;2892;4301,1090;1263;1264;1984;2351;4391;4659;4660;7041;7042,1560;1811;1812;2827;3380;6411;6809;6810;10522;10523,1560;1812;2827;3380;6411;6809;10522,,
sp|P24783|DBP2_YEAST,sp|P24783|DBP2_YEAST,6,6,6,,1,6,6,6,4,4,4,4,4,4,17,17,17,60.999,546,546,0,37.899,NaN,NaN,NaN,0,0,Median,NaN,NaN,NaN,NaN,NaN,NaN,0,0,0,0,Median,Median,8.4,12.3,21141000,0,21141000,9225500,0,9225500,11916000,0,11916000,,,,281,146;2119;2995;3333;4359;4360,True;True;True;True;True;True,148;2174;3082;3439;4498;4499,248;3490;4959;5546;7372;7373;7374;7375,353;5114;5115;7226;8063;8064;11022;11023;11024;11025;11026,353;5114;7226;8064;11022;11025,,
sp|P25043|PSB2_YEAST,sp|P25043|PSB2_YEAST,1,1,1,,1,1,1,1,1,1,1,1,1,1,5,5,5,28.268,261,261,0,2.1762,NaN,NaN,NaN,0,0,Median,NaN,NaN,NaN,NaN,NaN,NaN,0,0,0,0,Median,Median,5,5,3633800,0,3633800,1804500,0,1804500,1829200,0,1829200,,,,282,3504,TRUE,3614,5847;5848,8510;8511,8511,,
sp|P25087|ERG6_YEAST,sp|P25087|ERG6_YEAST,7,7,7,,1,7,7,7,6,6,6,6,6,6,32.6,32.6,32.6,43.43,383,383,0,26.728,2.9809,1.8017,14.008,2,2,Median,NaN,NaN,NaN,NaN,NaN,NaN,1,1,1,1,Median,Median,27.4,24.5,49474000,668230,48806000,22248000,411770,21836000,27226000,256460,26970000,,,,283,970;1907;2008;2043;3157;4210;4407,True;True;True;True;True;True;True,995;1956;2059;2094;3254;4346;4546,1598;3120;3121;3284;3285;3341;3342;5243;5244;7115;7116;7449,2255;2256;4553;4554;4776;4777;4867;4868;4869;7618;7619;10643;10644;11134,2255;4554;4777;4867;7618;10644;11134,,
sp|P25293|NAP1_YEAST,sp|P25293|NAP1_YEAST,4,4,4,,1,4,4,4,4,3,4,3,4,3,15.3,15.3,15.3,47.884,417,417,0,15.259,7.6246,8.7229,108.23,4,4,Median,7.6246,10.101,8.7229,7.8045,40.877,182.6,2,2,2,2,Median,Median,15.3,11.8,12220000,475320,11745000,5268500,172390,5096100,6952000,302930,6649000,,,,284,1504;2600;3115;3389,True;True;True;True,1539;2678;3208;3496,2461;2462;4317;5162;5163;5642;5643,3547;3548;6305;7503;7504;8193;8194,3548;6305;7504;8194,,
sp|P25294|SIS1_YEAST,sp|P25294|SIS1_YEAST,5,5,5,,1,5,5,5,1,5,1,5,1,5,17.9,17.9,17.9,37.59,352,352,0,10.236,NaN,NaN,NaN,0,0,Median,NaN,NaN,NaN,NaN,NaN,NaN,0,0,0,0,Median,Median,3.4,17.9,13355000,0,13355000,1656600,0,1656600,11699000,0,11699000,,,,285,933;2404;2910;3720;4338,True;True;True;True;True,957;2463;2995;3835;4477,1533;3959;4826;6263;6264;7335,2160;5781;7038;9304;9305;10969,2160;5781;7038;9304;10969,,
sp|P25297|PHO84_YEAST,sp|P25297|PHO84_YEAST,1,1,1,,1,1,1,1,0,1,0,1,0,1,2.4,2.4,2.4,64.381,587,587,0,2.4079,NaN,NaN,NaN,0,0,Median,NaN,NaN,NaN,NaN,NaN,NaN,0,0,0,0,Median,Median,0,2.4,526750,0,526750,0,0,0,526750,0,526750,,,,286,2012,TRUE,2063,3291,4787,4787,,
sp|P25340|ERG4_YEAST,sp|P25340|ERG4_YEAST,1,1,1,,1,1,1,1,1,1,1,1,1,1,1.7,1.7,1.7,56.039,473,473,0,2.4031,NaN,NaN,NaN,1,1,Median,NaN,NaN,NaN,NaN,NaN,NaN,0,1,0,1,Median,Median,1.7,1.7,2069000,32144,2036900,900650,0,900650,1168400,32144,1136200,,,,287,2242,TRUE,2300,3691;3692,5394;5395,5394,,
sp|P25349|YCP4_YEAST,sp|P25349|YCP4_YEAST,1,1,1,,1,1,1,1,1,1,1,1,1,1,6.5,6.5,6.5,26.35,247,247,0,3.9927,NaN,NaN,NaN,0,0,Median,NaN,NaN,NaN,NaN,NaN,NaN,0,0,0,0,Median,Median,6.5,6.5,3761800,0,3761800,1881300,0,1881300,1880600,0,1880600,,,,288,2487,TRUE,2560,4126;4127,6024;6025,6024,,
sp|P25373|GLRX1_YEAST,sp|P25373|GLRX1_YEAST,1,1,1,,1,1,1,1,1,1,1,1,1,1,9.1,9.1,9.1,12.38,110,110,0,2.1566,1.161,1.2961,19.954,2,2,Median,NaN,NaN,NaN,NaN,NaN,NaN,1,1,1,1,Median,Median,9.1,9.1,1641900,808720,833160,825200,430490,394710,816680,378230,438450,,,,289,4127,TRUE,4260,6971;6972,10422;10423,10423,,
sp|P25383|YC21A_YEAST;sp|P25384|YC21B_YEAST,sp|P25383|YC21A_YEAST;sp|P25384|YC21B_YEAST,1;1,1;1,1;1,;,2,1,1,1,0,1,0,1,0,1,2.5,2.5,2.5,49.841,438,438;1770,0.0092715,1.1215,NaN,NaN,NaN,0,0,Median,NaN,NaN,NaN,NaN,NaN,NaN,0,0,0,0,Median,Median,0,2.5,0,0,0,0,0,0,0,0,0,,,,290,2439,TRUE,2504,4037,5910,5910,,
sp|P25443|RS2_YEAST,sp|P25443|RS2_YEAST,18,18,18,,1,18,18,18,12,16,12,16,12,16,63.4,63.4,63.4,27.449,254,254,0,122.25,19.312,14.17,67.757,7,7,Median,20.993,15.002,38.925,9.2403,69.536,62.353,4,3,4,3,Linear,Median,49.2,56.7,439920000,4474500,435440000,163890000,1253100,162630000,276030000,3221400,272810000,,,,291,16;510;1271;1272;1315;1631;1811;2108;2174;2175;2176;2327;2328;2697;2938;3068;3673;3733,True;True;True;True;True;True;True;True;True;True;True;True;True;True;True;True;True;True,16;524;1303;1304;1348;1669;1854;2163;2231;2232;2233;2386;2387;2781;3024;3158;3788;3848,32;33;852;2078;2079;2147;2148;2676;2677;2678;2963;2964;3470;3577;3578;3579;3580;3581;3582;3821;3822;4484;4868;4869;5085;5086;6189;6190;6283;6284,44;45;46;1218;1219;1220;2955;2956;3041;3042;3043;3044;3883;3884;3885;3886;4311;4312;5089;5223;5224;5225;5226;5227;5228;5229;5230;5231;5232;5233;5234;5235;5561;5562;6566;7094;7095;7407;7408;9198;9199;9335;9336;9337;9338;9339;9340;9341;9342,45;1218;2955;2956;3042;3885;4312;5089;5223;5230;5233;5561;5562;6566;7095;7408;9199;9336,,
sp|P25491|MAS5_YEAST,sp|P25491|MAS5_YEAST,9,9,9,,1,9,9,9,8,9,8,9,8,9,31.3,31.3,31.3,44.67,409,409,0,43.395,2.9508,1.8322,142.34,7,6,Median,3.176,2.6382,1.9721,1.5522,84.907,188.98,3,4,2,4,Median,Median,27.9,31.3,85849000,7183500,78666000,37964000,2744500,35220000,47885000,4438900,43446000,,,,292,573;791;1136;1162;1522;2002;2804;3944;4315,True;True;True;True;True;True;True;True;True,587;811;1163;1192;1557;2053;2889;4070;4454,962;1309;1310;1859;1860;1905;1906;2488;2489;2490;3274;3275;3276;4654;4655;6650;6651;6652;7301;7302,1378;1879;1880;2649;2650;2651;2652;2653;2726;2727;3585;3586;3587;4763;4764;4765;6804;6805;9885;9886;9887;10926;10927,1378;1879;2649;2726;3586;4764;6805;9885;10927,,
sp|P25567|SRO9_YEAST,sp|P25567|SRO9_YEAST,4,4,4,,1,4,4,4,2,2,2,2,2,2,12.7,12.7,12.7,48.059,434,434,0,14.159,NaN,NaN,NaN,1,1,Median,NaN,NaN,NaN,NaN,NaN,NaN,1,0,1,0,Median,Median,6,6.7,11055000,150850,10905000,4846800,150850,4696000,6208600,0,6208600,,,,293,402;644;845;3257,True;True;True;True,415;659;865;3358,682;1077;1393;5419,992;1543;1980;7882,992;1543;1980;7882,,
sp|P25605|ILV6_YEAST,sp|P25605|ILV6_YEAST,1,1,1,,1,1,1,1,1,1,1,1,1,1,5.2,5.2,5.2,33.986,309,309,0,4.1171,NaN,NaN,NaN,0,0,Median,NaN,NaN,NaN,NaN,NaN,NaN,0,0,0,0,Median,Median,5.2,5.2,7539900,0,7539900,3855000,0,3855000,3684900,0,3684900,,,,294,2780,TRUE,2865,4621;4622,6764;6765,6764,,
sp|P25694|CDC48_YEAST,sp|P25694|CDC48_YEAST,13,13,13,,1,13,13,13,6,11,6,11,6,11,26.8,26.8,26.8,91.995,835,835,0,58.046,7.8615,8.7525,300.85,3,3,Median,NaN,0.90821,NaN,0.73505,NaN,350.32,1,2,1,2,Median,Median,15.1,20.5,80232000,8357800,71874000,32387000,110830,32276000,47845000,8247000,39598000,,,,295,100;210;373;379;446;1061;1303;2013;2418;2832;3331;3714;3901,True;True;True;True;True;True;True;True;True;True;True;True;True,101;214;384;390;460;1087;1335;2064;2477;2917;3437;3829;4026,168;355;356;627;638;755;756;1745;2125;3292;3981;4700;4701;5542;6252;6584;6585,243;491;492;906;922;1086;1087;1088;2477;3013;4788;5814;6877;6878;8056;9291;9807;9808;9809,243;492;906;922;1088;2477;3013;4788;5814;6878;8056;9291;9807,,
sp|P25719|CYPC_YEAST,sp|P25719|CYPC_YEAST,2,1,1,,1,2,1,1,1,2,1,1,1,1,13.2,6,6,19.919,182,182,0,3.7586,NaN,NaN,NaN,0,0,Median,NaN,NaN,NaN,NaN,NaN,NaN,0,0,0,0,Median,Median,6,13.2,7422500,0,7422500,3458000,0,3458000,3964500,0,3964500,,,,296,3518;3918,False;True,3628;4043,5873;5874;6608;6609,8538;8539;8540;8541;9836;9837,8538;9837,,
sp|P26321|RL5_YEAST,sp|P26321|RL5_YEAST,8,8,8,,1,8,8,8,5,7,5,7,5,7,25.9,25.9,25.9,33.714,297,297,0,42.494,110.32,129.14,286.11,3,3,Median,NaN,12.82,NaN,12.454,NaN,330.77,1,2,1,2,Median,Median,23.9,15.5,101480000,1194100,100290000,32392000,45882,32346000,69089000,1148200,67941000,,,,297,1115;1138;2060;3378;3379;3766;3922;3923,True;True;True;True;True;True;True;True,1142;1165;2113;3484;3485;3881;4047;4048,1829;1863;1864;3387;3388;5621;5622;5623;6334;6614;6615;6616;6617,2602;2656;2657;4973;4974;4975;4976;4977;4978;8169;8170;8171;8172;9419;9843;9844;9845;9846;9847;9848;9849;9850,2602;2657;4973;8169;8171;9419;9844;9849,,
sp|P26637|SYLC_YEAST,sp|P26637|SYLC_YEAST,10,10,10,,1,10,10,10,9,9,9,9,9,9,13.7,13.7,13.7,124.14,1090,1090,0,48.636,19.35,26.336,140.05,3,3,Plateau,10.363,NaN,12.167,NaN,197.97,NaN,2,1,2,1,Median,Median,11.8,10.6,90361000,823680,89537000,32410000,539870,31870000,57951000,283810,57668000,,,,298,1365;1412;1666;2908;2931;3051;3384;3425;3808;3897,True;True;True;True;True;True;True;True;True;True,1400;1447;1704;2993;3016;3139;3490;3533;3927;4022,2241;2242;2318;2319;2732;4823;4824;4853;4854;5053;5054;5631;5700;5701;6420;6421;6577;6578,3232;3233;3329;3330;3962;7031;7032;7070;7071;7359;7360;8182;8266;8267;9572;9573;9800;9801,3233;3329;3962;7032;7070;7360;8182;8266;9573;9800,,
sp|P26783|RS5_YEAST,sp|P26783|RS5_YEAST,13,13,13,,1,13,13,13,7,10,7,10,7,10,49.8,49.8,49.8,25.038,225,225,0,146.81,34.186,27.56,89.38,7,7,Median,12.459,50.103,14.509,32.941,105.09,25.223,5,2,5,2,Median,Median,42.2,38.7,248010000,2888300,245120000,165630000,2083200,163550000,82377000,805130,81572000,,,,299,355;599;600;626;774;1282;1715;2349;2841;3637;4069;4247;4248,True;True;True;True;True;True;True;True;True;True;True;True;True,364;365;613;614;640;793;1314;1756;2408;2926;3751;4202;4385;4386,597;598;599;600;1000;1001;1002;1003;1046;1283;1284;2096;2811;2812;3858;3859;4714;6123;6882;7179;7180,865;866;867;868;869;870;871;872;1427;1428;1429;1430;1431;1432;1489;1490;1491;1846;1847;2977;4087;4088;4089;5608;5609;6892;9097;9098;9099;10297;10746;10747;10748;10749,872;1430;1431;1489;1847;2977;4088;5609;6892;9097;10297;10746;10749,91;92,98;99
sp|P26784|RL16A_YEAST,sp|P26784|RL16A_YEAST,15,8,8,,1,15,8,8,10,12,5,5,5,5,59.8,42.7,42.7,22.201,199,199,0,43.916,32.465,23.273,45.703,4,4,Median,NaN,24.163,NaN,25.664,NaN,14.183,1,3,1,3,Median,Plateau,35.7,53.8,98370000,1025100,97345000,42234000,380950,41853000,56136000,644140,55492000,,,,300,29;31;1212;1662;1867;2320;2321;3034;3035;3475;3842;3916;4131;4292;4335,False;True;True;True;True;False;False;False;False;True;True;True;True;False;False,29;31;1243;1700;1911;2379;2380;3122;3123;3585;3965;4041;4264;4431;4474,54;56;57;1994;2728;3043;3809;3810;3811;3812;5018;5019;5020;5021;5022;5023;5024;5792;6480;6481;6606;6978;6979;7264;7265;7331,79;80;81;83;84;2841;2842;3958;4413;5549;5550;5551;5552;7310;7311;7312;7313;7314;7315;7316;7317;8428;9653;9654;9655;9656;9834;10430;10431;10868;10869;10963,80;83;2841;3958;4413;5549;5552;7311;7315;8428;9653;9834;10430;10868;10963,,
sp|P26785|RL16B_YEAST,sp|P26785|RL16B_YEAST,18,18,11,,1,18,18,11,13,15,13,15,8,8,54,54,44.4,22.249,198,198,0,78.856,11.61,9.8923,134.52,8,8,Median,11.61,15.968,9.8923,12.562,153.79,134.25,4,4,4,4,Median,Median,43.4,49.5,245330000,1392300,243940000,124720000,740940,123980000,120610000,651340,119960000,,,,301,29;30;658;1432;1433;1884;2131;2320;2321;2322;3034;3035;3354;4103;4104;4132;4292;4335,True;True;True;True;True;True;True;True;True;True;True;True;True;True;True;True;True;True,29;30;674;1467;1468;1928;2186;2379;2380;2381;3122;3123;3460;4236;4237;4265;4431;4474,54;55;1097;2348;2349;2350;3071;3072;3506;3809;3810;3811;3812;3813;5018;5019;5020;5021;5022;5023;5024;5577;5578;6936;6937;6938;6939;6980;6981;7264;7265;7331,79;80;81;82;1568;1569;1570;3375;3376;3377;3378;3379;4458;4459;4460;5136;5549;5550;5551;5552;5553;7310;7311;7312;7313;7314;7315;7316;7317;8101;8102;10374;10375;10376;10377;10378;10379;10380;10432;10433;10434;10435;10436;10437;10868;10869;10963,80;82;1569;3377;3379;4460;5136;5549;5552;5553;7311;7315;8101;10374;10380;10436;10868;10963,,
sp|P26786|RS7A_YEAST,sp|P26786|RS7A_YEAST,17,9,9,,1,17,9,9,15,15,7,8,7,8,58.4,42.1,42.1,21.622,190,190,0,47.332,99.099,45.872,107.01,3,3,Plateau,NaN,81.672,NaN,45.872,NaN,99.397,1,2,1,2,Median,Median,58.4,56.3,295460000,328930,295130000,114090000,37849,114060000,181370000,291080,181080000,,,,302,97;246;247;748;749;1519;1701;2020;2021;2022;2341;2351;3226;3227;4027;4028;4367,True;True;True;False;False;True;True;False;False;True;True;False;True;True;False;False;False,98;250;251;766;767;1554;1742;2071;2072;2073;2400;2410;3325;3326;4159;4160;4506,162;163;406;407;408;1242;1243;1244;1245;2483;2484;2789;2790;3304;3305;3306;3307;3308;3309;3844;3862;3863;5363;5364;5365;6806;6807;6808;7384;7385,234;235;236;568;569;570;571;572;573;574;575;1781;1782;1783;1784;1785;3575;3576;3577;3578;3579;3580;4060;4061;4805;4806;4807;4808;4809;4810;4811;4812;4813;5587;5612;5613;5614;5615;5616;5617;7797;7798;7799;7800;7801;7802;7803;7804;10180;10181;10182;10183;10184;11038;11039;11040,236;573;575;1782;1785;3576;4060;4805;4809;4811;5587;5614;7798;7802;10180;10181;11038,,
sp|P27476|NSR1_YEAST,sp|P27476|NSR1_YEAST,5,5,5,,1,5,5,5,2,4,2,4,2,4,27.3,27.3,27.3,44.535,414,414,0,15.141,NaN,NaN,NaN,0,0,Median,NaN,NaN,NaN,NaN,NaN,NaN,0,0,0,0,Median,Median,11.1,19.3,16399000,0,16399000,7035400,0,7035400,9364000,0,9364000,,,,303,1285;1333;1739;1758;3126,True;True;True;True;True,1317;1367;1780;1799;3221,2101;2187;2845;2846;2875;5186,2983;3128;3129;3130;4131;4132;4174;7533,2983;3129;4132;4174;7533,,
sp|P27810|KTR1_YEAST,sp|P27810|KTR1_YEAST,1,1,1,,1,1,1,1,0,1,0,1,0,1,3.1,3.1,3.1,46.022,393,393,0,4.0853,NaN,NaN,NaN,0,0,Median,NaN,NaN,NaN,NaN,NaN,NaN,0,0,0,0,Median,Median,0,3.1,0,0,0,0,0,0,0,0,0,,,,304,3907,TRUE,4032,6593,9818,9818,,
sp|P28007|GAR1_YEAST,sp|P28007|GAR1_YEAST,1,1,1,,1,1,1,1,1,1,1,1,1,1,8.8,8.8,8.8,21.48,205,205,0,6.9277,NaN,NaN,NaN,0,0,Median,NaN,NaN,NaN,NaN,NaN,NaN,0,0,0,0,Median,Median,8.8,8.8,6338100,0,6338100,2610800,0,2610800,3727300,0,3727300,,,,305,3220,TRUE,3318,5352;5353,7770;7771,7771,,
sp|P28241|IDH2_YEAST,sp|P28241|IDH2_YEAST,2,2,2,,1,2,2,2,2,2,2,2,2,2,7.9,7.9,7.9,39.739,369,369,0,8.2133,3.6424,4.8728,59.311,2,2,Median,NaN,NaN,NaN,NaN,NaN,NaN,1,1,1,1,Median,Median,7.9,7.9,10036000,1653500,8382500,4654700,652570,4002100,5381400,1000900,4380400,,,,306,3585;4396,True;True,3697;4535,6019;6020;7432;7433,8854;8855;8856;11110;11111,8854;11111,,
sp|P28272|PYRD_YEAST,sp|P28272|PYRD_YEAST,2,2,2,,1,2,2,2,1,1,1,1,1,1,8,8,8,34.801,314,314,0,6.15,NaN,NaN,NaN,1,1,Median,NaN,NaN,NaN,NaN,NaN,NaN,0,1,0,1,Median,Median,8,6.4,5197200,1529500,3667700,1003200,0,1003200,4194100,1529500,2664600,,,,307,2590;2591,True;True,2668;2669,4306;4307,6292;6293,6292;6293,,
sp|P28274|URA7_YEAST;sp|P38627|URA8_YEAST,sp|P28274|URA7_YEAST,3;1,3;1,3;1,,2,3,3,3,2,3,2,3,2,3,11.2,11.2,11.2,64.71,579,579;578,0,12.171,NaN,NaN,NaN,0,0,Median,NaN,NaN,NaN,NaN,NaN,NaN,0,0,0,0,Median,Median,5.7,11.2,11000000,0,11000000,4720400,0,4720400,6279300,0,6279300,,,,308,450;914;1374,True;True;True,464;938;1409,762;763;1505;1506;2259,1094;1095;2123;2124;3256,1095;2123;3256,,
sp|P28707|SBA1_YEAST,sp|P28707|SBA1_YEAST,1,1,1,,1,1,1,1,0,1,0,1,0,1,6.5,6.5,6.5,24.081,216,216,0,8.4503,NaN,NaN,NaN,0,0,Median,NaN,NaN,NaN,NaN,NaN,NaN,0,0,0,0,Median,Median,0,6.5,2755800,0,2755800,0,0,0,2755800,0,2755800,,,,309,3110,TRUE,3203,5156,7495,7495,,
sp|P28777|AROC_YEAST,sp|P28777|AROC_YEAST,5,5,5,,1,5,5,5,5,2,5,2,5,2,22.6,22.6,22.6,40.838,376,376,0,20.872,21.893,13.232,35.565,2,2,Median,NaN,NaN,NaN,NaN,NaN,NaN,1,1,1,1,Median,Median,22.6,6.9,27032000,439540,26592000,17319000,122710,17197000,9712600,316830,9395700,,,,310,1192;1995;2041;3464;3879,True;True;True;True;True,1222;2046;2092;3572;4003,1960;3263;3264;3339;5763;5764;6545,2796;4745;4746;4747;4864;8359;8360;8361;9753,2796;4746;4864;8360;9753,,
sp|P28834|IDH1_YEAST,sp|P28834|IDH1_YEAST,2,2,2,,1,2,2,2,1,1,1,1,1,1,5,5,5,39.324,360,360,0,2.4299,NaN,NaN,NaN,0,0,Median,NaN,NaN,NaN,NaN,NaN,NaN,0,0,0,0,Median,Median,3.1,1.9,1898000,0,1898000,927450,0,927450,970530,0,970530,,,,311,860;995,True;True,880;1021,1417;1639,2014;2310,2014;2310,,
sp|P29311|BMH1_YEAST,sp|P29311|BMH1_YEAST,13,13,5,,1,13,13,5,7,11,7,11,3,5,54.3,54.3,23.2,30.091,267,267,0,67.981,55.367,33.233,197.85,5,5,Median,69.026,70.027,42.86,41.2,35.98,249.68,2,3,2,3,Median,Plateau,33,50.6,205380000,7734900,197650000,40759000,398150,40361000,164620000,7336800,157290000,,,,312,439;1187;1424;1425;1658;1659;1924;2899;3137;3454;3775;3776;4351,True;True;True;True;True;True;True;True;True;True;True;True;True,453;1217;1459;1460;1696;1697;1974;2984;3232;3562;3890;3891;4490,744;745;1953;2338;2339;2340;2720;2721;2722;3147;3148;4811;5201;5202;5745;6348;6349;6350;6351;7359,1072;1073;1074;1075;2788;3361;3362;3363;3364;3949;3950;3951;3952;4596;4597;7016;7552;7553;7554;8331;8332;8333;9440;9441;9442;9443;9444;9445;11000;11001,1073;2788;3361;3363;3949;3951;4596;7016;7552;8331;9442;9444;11000,,
sp|P29453|RL8B_YEAST,sp|P29453|RL8B_YEAST,31,31,11,,1,31,31,11,24,29,24,29,8,10,77.7,77.7,28.9,28.111,256,256,0,188.72,145.7,42.873,122.28,19,18,Linear,52.135,58.519,45.827,33.533,109.09,138.85,9,10,8,10,Median,Median,72.7,74.2,1096600000,7684700,1088900000,384230000,2862700,381360000,712390000,4822000,707570000,,,,313,244;382;771;1222;1357;1358;1819;1866;2038;2072;2136;2389;2390;2391;2455;2456;2457;2581;2582;2658;2764;2766;3256;3321;3737;3838;4321;4322;4381;4401;4402,True;True;True;True;True;True;True;True;True;True;True;True;True;True;True;True;True;True;True;True;True;True;True;True;True;True;True;True;True;True;True,248;394;790;1253;1392;1393;1862;1910;2089;2125;2191;2448;2449;2450;2522;2523;2524;2659;2660;2740;2848;2850;3357;3427;3852;3961;4460;4461;4520;4540;4541,403;404;646;1279;2010;2221;2222;2223;2224;2225;2226;2227;2228;2229;2230;2976;2977;3042;3332;3333;3334;3403;3404;3512;3513;3514;3515;3924;3925;3926;3927;3928;3929;3930;3931;4066;4067;4068;4069;4289;4290;4291;4292;4417;4594;4595;4596;4597;4600;4601;4602;5417;5418;5529;5530;6289;6290;6291;6474;6475;7310;7311;7312;7313;7407;7408;7440;7441,565;566;932;933;1842;2870;3195;3196;3197;3198;3199;3200;3201;3202;3203;3204;3205;3206;3207;3208;3209;3210;3211;3212;3213;4327;4328;4329;4412;4847;4848;4849;4850;4851;4994;4995;5142;5143;5144;5145;5146;5147;5148;5707;5708;5709;5710;5711;5712;5713;5714;5715;5716;5717;5718;5719;5720;5721;5722;5945;5946;5947;5948;6259;6260;6261;6262;6263;6264;6265;6266;6267;6268;6269;6441;6729;6730;6731;6732;6733;6734;6735;6739;6740;6741;6742;6743;7880;7881;8035;8036;8037;8038;8039;9348;9349;9350;9351;9352;9353;9354;9355;9356;9642;9643;9644;9645;9646;9647;10939;10940;10941;10942;10943;10944;10945;11072;11073;11074;11075;11076;11077;11078;11079;11080;11120;11121;11122;11123,565;932;1842;2870;3198;3203;4329;4412;4850;4995;5143;5707;5714;5718;5945;5946;5947;6259;6269;6441;6733;6743;7880;8036;9348;9646;10939;10944;11075;11121;11123,93,173
sp|P29509|TRXB1_YEAST;sp|P38816|TRXB2_YEAST,sp|P29509|TRXB1_YEAST,10;1,10;1,10;1,,2,10,10,10,7,10,7,10,7,10,41.4,41.4,41.4,34.238,319,319;342,0,58.967,14.517,7.0074,121.82,4,4,Median,9.429,15.474,2.0923,11.112,127.2,21.468,2,2,2,2,Median,Median,34.2,41.4,67526000,1041200,66485000,28762000,430850,28331000,38764000,610390,38154000,,,,314,659;1067;1418;1419;1637;1822;2569;2623;2997;4154,True;True;True;True;True;True;True;True;True;True,675;1093;1453;1454;1675;1865;2647;2703;3084;4287,1098;1099;1753;1754;2329;2330;2331;2687;2688;2980;4269;4270;4357;4961;4962;7016;7017,1571;1572;2485;2486;2487;2488;2489;3348;3349;3350;3896;3897;3898;4332;6234;6235;6236;6237;6359;6360;7228;7229;7230;7231;10489;10490;10491;10492,1572;2485;3348;3350;3898;4332;6236;6359;7230;10492,,
sp|P29547|EF1G1_YEAST,sp|P29547|EF1G1_YEAST,5,3,3,,1,5,3,3,4,2,3,1,3,1,13.3,10.6,10.6,47.087,415,415,0,6.8863,NaN,NaN,NaN,1,1,Median,NaN,NaN,NaN,NaN,NaN,NaN,1,0,1,0,Median,Median,13.3,5.5,6196500,357560,5839000,3841300,357560,3483800,2355200,0,2355200,,,,315,1882;1988;2336;3419;3420,True;True;True;False;False,1926;2039;2395;3527;3528,3068;3255;3836;3837;5694;5695,4455;4736;5577;5578;8260;8261,4455;4736;5577;8260;8261,,
sp|P29952|MPI_YEAST,sp|P29952|MPI_YEAST,8,8,8,,1,8,8,8,6,7,6,7,6,7,34,34,34,48.188,429,429,0,34.457,4.6737,3.7678,141.88,3,3,Median,NaN,3.9501,NaN,2.5971,NaN,52.624,1,2,1,2,Median,Median,28.4,30.1,41061000,653370,40407000,21138000,87026,21051000,19923000,566340,19357000,,,,316,664;935;1475;2039;2643;2691;4045;4055,True;True;True;True;True;True;True;True,680;959;1510;2090;2723;2775;4177;4187,1105;1535;1536;2411;2412;3335;3336;4389;4390;4475;4476;6835;6852,1580;2162;2163;3469;3470;3471;3472;3473;4852;4853;4854;4855;6409;6410;6554;6555;10225;10245,1580;2162;3469;4852;6409;6554;10225;10245,,
sp|P30624|LCF1_YEAST,sp|P30624|LCF1_YEAST,2,2,2,,1,2,2,2,2,0,2,0,2,0,4.3,4.3,4.3,77.865,700,700,0,4.1345,NaN,NaN,NaN,1,1,Median,NaN,NaN,NaN,NaN,NaN,NaN,1,0,1,0,Median,Median,4.3,0,1658200,144570,1513700,1658200,144570,1513700,0,0,0,,,,317,1805;2024,True;True,1847;2075,2950;3312,4272;4816,4272;4816,,
sp|P30822|XPO1_YEAST,sp|P30822|XPO1_YEAST,1,1,1,,1,1,1,1,1,0,1,0,1,0,1.7,1.7,1.7,124.1,1084,1084,0,3.5285,NaN,NaN,NaN,0,0,Median,NaN,NaN,NaN,NaN,NaN,NaN,0,0,0,0,Median,Median,1.7,0,1983100,0,1983100,1983100,0,1983100,0,0,0,,,,318,2761,TRUE,2845,4590,6724,6724,,
sp|P31116|DHOM_YEAST,sp|P31116|DHOM_YEAST,13,13,13,,1,13,13,13,10,11,10,11,10,11,47.9,47.9,47.9,38.502,359,359,0,66.502,20.06,22.334,131.55,3,3,Plateau,6.6557,NaN,6.6022,NaN,157.2,NaN,2,1,2,1,Median,Median,35.1,42.3,120430000,1169100,119260000,60304000,877890,59426000,60128000,291240,59837000,,,,319,132;639;1147;1148;1596;1699;2078;3046;3430;3488;3681;4289;4290,True;True;True;True;True;True;True;True;True;True;True;True;True,134;653;1175;1176;1634;1740;2131;3134;3538;3598;3796;4428;4429,224;1065;1066;1878;1879;1880;1881;2622;2786;2787;3414;5043;5044;5707;5813;5814;6199;6200;7258;7259;7260;7261,314;315;1525;1526;2673;2674;2675;2676;2677;3803;4057;4058;5007;5008;7347;7348;7349;8273;8462;8463;9209;9210;9211;9212;9213;10862;10863;10864;10865,314;1526;2675;2676;3803;4057;5007;7347;8273;8462;9212;10862;10863,,
sp|P31373|CYS3_YEAST,sp|P31373|CYS3_YEAST,5,5,5,,1,5,5,5,4,4,4,4,4,4,21.8,21.8,21.8,42.542,394,394,0,28.947,NaN,NaN,NaN,0,0,Median,NaN,NaN,NaN,NaN,NaN,NaN,0,0,0,0,Median,Median,14.7,20.3,98606000,0,98606000,49401000,0,49401000,49205000,0,49205000,,,,320,2042;2398;2399;3682;3836,True;True;True;True;True,2093;2457;2458;3797;3959,3340;3947;3948;3949;6201;6202;6203;6204;6471;6472,4865;4866;5766;5767;5768;5769;9214;9215;9216;9217;9218;9219;9639;9640,4865;5766;5768;9217;9639,,
sp|P31382|PMT2_YEAST,sp|P31382|PMT2_YEAST,1,1,1,,1,1,1,1,1,1,1,1,1,1,2.2,2.2,2.2,86.869,759,759,0,4.2784,NaN,NaN,NaN,1,1,Median,NaN,NaN,NaN,NaN,NaN,NaN,0,1,0,1,Median,Median,2.2,2.2,5416500,111000,5305500,916880,0,916880,4499600,111000,4388600,,,,321,3426,TRUE,3534,5702;5703,8268;8269,8269,,
sp|P31412|VATC_YEAST,sp|P31412|VATC_YEAST,5,5,5,,1,5,5,5,3,3,3,3,3,3,18.6,18.6,18.6,44.188,392,392,0,16.534,NaN,NaN,NaN,0,0,Median,NaN,NaN,NaN,NaN,NaN,NaN,0,0,0,0,Median,Median,10.7,12.8,17204000,0,17204000,6797100,0,6797100,10407000,0,10407000,,,,322,691;2728;3148;3215;3872,True;True;True;True;True,708;2812;3244;3313;3996,1149;4538;5222;5223;5346;6533,1633;6656;7580;7581;7760;9736,1633;6656;7580;7760;9736,,
sp|P31539|HS104_YEAST,sp|P31539|HS104_YEAST,6,6,6,,1,6,6,6,5,5,5,5,5,5,9.9,9.9,9.9,102.03,908,908,0,16.969,NaN,NaN,NaN,1,1,Median,NaN,NaN,NaN,NaN,NaN,NaN,0,1,0,1,Median,Median,9,7.4,35117000,358820,34758000,13979000,0,13979000,21138000,358820,20779000,,,,323,604;2210;3324;3970;4260;4334,True;True;True;True;True;True,618;2268;3430;4098;4398;4473,1009;1010;3637;5533;5534;6698;6699;7203;7204;7330,1441;1442;1443;5323;8042;8043;9966;9967;10775;10776;10962,1443;5323;8043;9967;10775;10962,,
sp|P31688|TPS2_YEAST,sp|P31688|TPS2_YEAST,1,1,1,,1,1,1,1,1,1,1,1,1,1,1.2,1.2,1.2,102.98,896,896,0,3.7354,NaN,NaN,NaN,0,0,Median,NaN,NaN,NaN,NaN,NaN,NaN,0,0,0,0,Median,Median,1.2,1.2,1876400,0,1876400,818120,0,818120,1058300,0,1058300,,,,324,3765,TRUE,3880,6332;6333,9417;9418,9418,,
sp|P31787|ACBP_YEAST,sp|P31787|ACBP_YEAST,5,5,5,,1,5,5,5,4,2,4,2,4,2,58.6,58.6,58.6,10.061,87,87,0,15.146,9.2155,5.7222,81.335,2,2,Median,9.2155,NaN,5.7222,NaN,81.335,NaN,2,0,2,0,Median,Median,50.6,31,49302000,1225300,48077000,37094000,1225300,35869000,12208000,0,12208000,,,,325,240;494;977;3339;4129,True;True;True;True;True,244;508;1002;3445;4262,397;826;1610;5554;6975;6976,556;1186;2274;8073;8074;10426;10427,556;1186;2274;8073;10426,,
sp|P32074|COPG_YEAST,sp|P32074|COPG_YEAST,3,3,3,,1,3,3,3,2,1,2,1,2,1,5.1,5.1,5.1,104.83,935,935,0,9.6989,NaN,NaN,NaN,0,0,Median,NaN,NaN,NaN,NaN,NaN,NaN,0,0,0,0,Median,Median,3.3,1.8,4465600,0,4465600,3395600,0,3395600,1070000,0,1070000,,,,326,2317;2775;3158,True;True;True,2376;2860;3255,3805;4615;5245,5544;6758;7620,5544;6758;7620,,
sp|P32178|CHMU_YEAST,sp|P32178|CHMU_YEAST,1,1,1,,1,1,1,1,0,1,0,1,0,1,3.9,3.9,3.9,29.747,256,256,0.0042373,1.7303,NaN,NaN,NaN,0,0,Median,NaN,NaN,NaN,NaN,NaN,NaN,0,0,0,0,Median,Median,0,3.9,908490,0,908490,0,0,0,908490,0,908490,,,,327,2617,TRUE,2696,4345,6337,6337,,
sp|P32179|MET22_YEAST,sp|P32179|MET22_YEAST,2,2,2,,1,2,2,2,1,2,1,2,1,2,7,7,7,39.149,357,357,0,4.5885,NaN,NaN,NaN,0,0,Median,NaN,NaN,NaN,NaN,NaN,NaN,0,0,0,0,Median,Median,4.2,7,3449700,0,3449700,1735000,0,1735000,1714700,0,1714700,,,,328,267;2959,True;True,271;3045,442;443;4901,619;620;7145,620;7145,,
sp|P32263|P5CR_YEAST,sp|P32263|P5CR_YEAST,1,1,1,,1,1,1,1,1,0,1,0,1,0,4.5,4.5,4.5,30.131,286,286,0.0014535,2.0993,NaN,NaN,NaN,0,0,Median,NaN,NaN,NaN,NaN,NaN,NaN,0,0,0,0,Median,Median,4.5,0,770460,0,770460,770460,0,770460,0,0,0,,,,329,7,TRUE,7,17,29,29,,
sp|P32288|GLNA_YEAST,sp|P32288|GLNA_YEAST,2,2,2,,1,2,2,2,1,2,1,2,1,2,4.6,4.6,4.6,41.766,370,370,0,3.4075,20.042,12.114,133.28,2,2,Median,NaN,NaN,NaN,NaN,NaN,NaN,1,1,1,1,Median,Median,2.2,4.6,10344000,200340,10143000,3955400,61875,3893500,6388100,138470,6249700,,,,330,912;4341,True;True,936;4480,1503;7339;7340,2121;10973;10974,2121;10974,,
sp|P32324|EF2_YEAST,sp|P32324|EF2_YEAST,49,49,49,,1,49,49,49,31,46,31,46,31,46,58,58,58,93.288,842,842,0,251.66,757.01,536.31,201.68,18,17,Linear,58.683,13.523,36.438,374.73,208.59,201.05,7,11,7,10,Median,Linear,38.6,53.8,1159500000,15420000,1144000000,323630000,6079100,317550000,835830000,9341000,826490000,,,,331,65;152;153;154;155;228;380;454;504;629;809;830;855;856;954;1095;1132;1133;1149;1161;1298;1335;1544;1571;1572;1601;1667;1668;1713;2484;2485;2525;2650;2757;2762;2777;2934;3407;3408;3440;3441;3624;3829;3830;3873;3874;4099;4100;4161,True;True;True;True;True;True;True;True;True;True;True;True;True;True;True;True;True;True;True;True;True;True;True;True;True;True;True;True;True;True;True;True;True;True;True;True;True;True;True;True;True;True;True;True;True;True;True;True;True,65;154;155;156;157;232;391;392;468;518;643;829;850;875;876;979;1121;1159;1160;1177;1191;1330;1369;1579;1607;1608;1639;1705;1706;1754;2555;2556;2557;2603;2731;2732;2841;2846;2862;3020;3515;3516;3548;3549;3737;3738;3950;3951;3952;3953;3997;3998;4232;4233;4294;4295,111;257;258;259;260;261;262;263;380;381;639;640;641;642;643;769;770;842;843;1050;1051;1052;1337;1369;1370;1407;1408;1572;1573;1796;1852;1853;1854;1855;1882;1904;2120;2189;2524;2525;2526;2564;2565;2566;2628;2629;2630;2631;2733;2734;2735;2808;4116;4117;4118;4119;4120;4121;4122;4194;4195;4196;4402;4403;4404;4584;4591;4618;4863;5672;5673;5674;5675;5720;5721;5722;5723;6096;6097;6098;6099;6454;6455;6456;6457;6458;6459;6460;6461;6462;6534;6535;6536;6537;6929;6930;6931;7029;7030;7031;7032;7033,156;363;364;365;366;367;368;369;370;371;372;373;530;531;532;923;924;925;926;927;928;929;1106;1107;1205;1206;1207;1495;1496;1497;1498;1499;1500;1501;1502;1503;1504;1911;1953;1954;1955;2003;2004;2222;2223;2550;2634;2635;2636;2637;2638;2639;2640;2641;2642;2643;2644;2645;2678;2679;2725;3005;3006;3135;3630;3631;3632;3633;3634;3635;3636;3637;3692;3693;3694;3695;3811;3812;3813;3814;3815;3816;3963;3964;3965;3966;4084;6008;6009;6010;6011;6012;6013;6014;6015;6016;6017;6018;6019;6020;6120;6121;6122;6123;6422;6423;6424;6425;6718;6725;6761;7086;7087;7088;7089;8231;8232;8233;8234;8235;8236;8297;8298;8299;8300;8301;9022;9023;9024;9025;9026;9027;9028;9029;9030;9618;9619;9620;9621;9622;9623;9624;9625;9626;9627;9628;9629;9630;9737;9738;9739;9740;9741;9742;10365;10366;10367;10507;10508;10509;10510;10511;10512;10513;10514,156;363;367;368;373;532;925;1107;1205;1501;1911;1954;2003;2004;2223;2550;2636;2643;2678;2725;3006;3135;3634;3693;3695;3816;3963;3966;4084;6009;6018;6122;6424;6718;6725;6761;7087;8232;8235;8298;8300;9026;9620;9629;9740;9742;10365;10367;10512,94;95;96;97;98;99;100,9;13;22;240;241;478;619
sp|P32327|PYC2_YEAST;sp|P11154|PYC1_YEAST,sp|P32327|PYC2_YEAST;sp|P11154|PYC1_YEAST,6;5,6;5,6;5,;,2,6,6,6,6,4,6,4,6,4,7.4,7.4,7.4,130.17,1180,1180;1178,0,17.498,NaN,NaN,NaN,0,0,Median,NaN,NaN,NaN,NaN,NaN,NaN,0,0,0,0,Median,Median,7.4,4.9,19890000,0,19890000,11459000,0,11459000,8430700,0,8430700,,,,332,1652;2333;2903;3352;4178;4182,True;True;True;True;True;True,1690;2392;2988;3458;4313;4317,2708;2709;3829;4816;4817;5573;5574;7061;7062;7067,3921;3922;5570;7022;7023;8096;8097;10550;10551;10560,3922;5570;7022;8096;10550;10560,,
sp|P32333|MOT1_YEAST,sp|P32333|MOT1_YEAST,2,2,2,,1,2,2,2,2,0,2,0,2,0,0.9,0.9,0.9,209.97,1867,1867,0.0042796,1.8638,NaN,NaN,NaN,0,0,Median,NaN,NaN,NaN,NaN,NaN,NaN,0,0,0,0,Median,Median,0.9,0,6760700,0,6760700,6760700,0,6760700,0,0,0,,,,333,1346;2708,True;True,1380;2792,2206;4503,3174;6591,3174;6591,,
sp|P32337|IMB3_YEAST,sp|P32337|IMB3_YEAST,1,1,1,,1,1,1,1,1,0,1,0,1,0,1.6,1.6,1.6,121.03,1089,1089,0,3.1507,NaN,NaN,NaN,0,0,Median,NaN,NaN,NaN,NaN,NaN,NaN,0,0,0,0,Median,Median,1.6,0,1017700,0,1017700,1017700,0,1017700,0,0,0,,,,334,2003,TRUE,2054,3277,4766,4766,,
sp|P32353|ERG3_YEAST,sp|P32353|ERG3_YEAST,1,1,1,,1,1,1,1,1,1,1,1,1,1,4.4,4.4,4.4,42.73,365,365,0,2.8356,NaN,NaN,NaN,0,0,Median,NaN,NaN,NaN,NaN,NaN,NaN,0,0,0,0,Median,Median,4.4,4.4,2626400,0,2626400,1064900,0,1064900,1561500,0,1561500,,,,335,4035,TRUE,4167,6817;6818,10195;10196;10197,10197,,
sp|P32366|VA0D_YEAST,sp|P32366|VA0D_YEAST,1,1,1,,1,1,1,1,1,1,1,1,1,1,5.2,5.2,5.2,39.79,345,345,0,11.215,NaN,NaN,NaN,0,0,Median,NaN,NaN,NaN,NaN,NaN,NaN,0,0,0,0,Median,Median,5.2,5.2,4394800,0,4394800,2119700,0,2119700,2275100,0,2275100,,,,336,2406,TRUE,2465,3961;3962,5783;5784,5784,,
sp|P32377|MVD1_YEAST,sp|P32377|MVD1_YEAST,5,5,5,,1,5,5,5,3,4,3,4,3,4,21,21,21,44.115,396,396,0,14.001,NaN,NaN,NaN,0,0,Median,NaN,NaN,NaN,NaN,NaN,NaN,0,0,0,0,Median,Median,15.9,14.6,16985000,0,16985000,6042900,0,6042900,10942000,0,10942000,,,,337,632;744;2032;2080;2411,True;True;True;True;True,646;762;2083;2133;2470,1056;1237;3324;3325;3416;3417;3969,1511;1773;4837;4838;5012;5013;5797,1511;1773;4838;5012;5797,,
sp|P32379|PSA5_YEAST,sp|P32379|PSA5_YEAST,3,3,3,,1,3,3,3,2,2,2,2,2,2,18.1,18.1,18.1,28.617,260,260,0,4.948,NaN,NaN,NaN,0,0,Median,NaN,NaN,NaN,NaN,NaN,NaN,0,0,0,0,Median,Median,10.4,13.1,3654500,0,3654500,1346200,0,1346200,2308400,0,2308400,,,,338,1964;2448;2901,True;True;True,2014;2515;2986,3213;4057;4813;4814,4682;5935;7019;7020,4682;5935;7020,,
sp|P32381|ARP2_YEAST,sp|P32381|ARP2_YEAST,2,2,2,,1,2,2,2,0,2,0,2,0,2,9.5,9.5,9.5,44.073,391,391,0,11.219,NaN,NaN,NaN,0,0,Median,NaN,NaN,NaN,NaN,NaN,NaN,0,0,0,0,Median,Median,0,9.5,4204000,0,4204000,0,0,0,4204000,0,4204000,,,,339,238;2429,True;True,242;2489,395;4002,554;5843,554;5843,,
sp|P32386|YBT1_YEAST,sp|P32386|YBT1_YEAST,1,1,1,,1,1,1,1,1,0,1,0,1,0,1,1,1,189.16,1661,1661,0.0041841,1.5817,NaN,NaN,NaN,0,0,Median,NaN,NaN,NaN,NaN,NaN,NaN,0,0,0,0,Median,Median,1,0,845390,0,845390,845390,0,845390,0,0,0,,,,340,928,TRUE,952,1526,2152,2152,,
sp|P32419|MDHP_YEAST,sp|P32419|MDHP_YEAST,2,2,2,,1,2,2,2,1,1,1,1,1,1,10.8,10.8,10.8,37.186,343,343,0.0042017,1.6081,NaN,NaN,NaN,0,0,Median,NaN,NaN,NaN,NaN,NaN,NaN,0,0,0,0,Median,Median,4.7,6.1,0,0,0,0,0,0,0,0,0,,,,341,2786;3999,True;True,2871;4130,4629;6762,6775;10094,6775;10094,,
sp|P32445|RIM1_YEAST,sp|P32445|RIM1_YEAST,3,3,3,,1,3,3,3,2,3,2,3,2,3,51.9,51.9,51.9,15.386,135,135,0,17.113,NaN,NaN,NaN,0,0,Median,NaN,NaN,NaN,NaN,NaN,NaN,0,0,0,0,Median,Median,28.9,51.9,11685000,0,11685000,4992600,0,4992600,6692500,0,6692500,,,,342,1172;1800;2504,True;True;True,1202;1841;2579,1926;2943;2944;4156;4157,2756;4262;4263;6069;6070;6071;6072,2756;4263;6070,,
sp|P32449|AROG_YEAST,sp|P32449|AROG_YEAST,4,4,4,,1,4,4,4,4,3,4,3,4,3,20.3,20.3,20.3,39.749,370,370,0,37.442,NaN,NaN,NaN,0,0,Median,NaN,NaN,NaN,NaN,NaN,NaN,0,0,0,0,Median,Median,20.3,13,22725000,0,22725000,12132000,0,12132000,10593000,0,10593000,,,,343,364;614;3462;4333,True;True;True;True,374;628;3570;4472,611;612;1029;5759;5760;7328;7329,885;886;887;888;1466;8352;8353;8354;10960;10961,885;1466;8352;10960,,
sp|P32454|APE2_YEAST,sp|P32454|APE2_YEAST,2,2,2,,1,2,2,2,0,2,0,2,0,2,3.4,3.4,3.4,107.75,952,952,0,5.1936,NaN,NaN,NaN,0,0,Median,NaN,NaN,NaN,NaN,NaN,NaN,0,0,0,0,Median,Median,0,3.4,1566300,0,1566300,0,0,0,1566300,0,1566300,,,,344,372;3432,True;True,383;3540,626;5709,905;8275,905;8275,,
sp|P32457|CDC3_YEAST,sp|P32457|CDC3_YEAST,1,1,1,,1,1,1,1,1,1,1,1,1,1,1.7,1.7,1.7,60.054,520,520,0,2.1422,NaN,NaN,NaN,0,0,Median,NaN,NaN,NaN,NaN,NaN,NaN,0,0,0,0,Median,Median,1.7,1.7,948540,0,948540,0,0,0,948540,0,948540,,,,345,563,TRUE,577,947;948,1358;1359,1359,,
sp|P32463|ACPM_YEAST,sp|P32463|ACPM_YEAST,4,4,4,,1,4,4,4,4,2,4,2,4,2,27.2,27.2,27.2,13.943,125,125,0,28.682,2.9526,3.2962,13.035,2,2,Median,NaN,NaN,NaN,NaN,NaN,NaN,1,1,1,1,Median,Median,27.2,27.2,24325000,1346500,22978000,14753000,685330,14067000,9572200,661190,8911000,,,,346,727;728;2690;2810,True;True;True;True,745;746;2774;2895,1209;1210;1211;4472;4473;4474;4664,1730;1731;1732;6551;6552;6553;6814,1730;1731;6551;6814,,
sp|P32465|HXT1_YEAST,sp|P32465|HXT1_YEAST,1,1,1,,1,1,1,1,1,0,1,0,1,0,3.3,3.3,3.3,63.261,570,570,0,3.3663,NaN,NaN,NaN,0,0,Median,NaN,NaN,NaN,NaN,NaN,NaN,0,0,0,0,Median,Median,3.3,0,1837400,0,1837400,1837400,0,1837400,0,0,0,,,,347,2925,TRUE,3010,4845,7062,7062,,
sp|P32468|CDC12_YEAST,sp|P32468|CDC12_YEAST,1,1,1,,1,1,1,1,1,0,1,0,1,0,3.2,3.2,3.2,46.667,407,407,0,2.6917,NaN,NaN,NaN,0,0,Median,NaN,NaN,NaN,NaN,NaN,NaN,0,0,0,0,Median,Median,3.2,0,3300100,0,3300100,3300100,0,3300100,0,0,0,,,,348,3757,TRUE,3872,6319,9401,9401,,
sp|P32471|EF1B_YEAST,sp|P32471|EF1B_YEAST,11,11,11,,1,11,11,11,9,10,9,10,9,10,63.1,63.1,63.1,22.627,206,206,0,96.592,47.458,38.41,122.22,4,4,Median,NaN,33.64,NaN,37.453,NaN,121.96,1,3,1,3,Median,Median,63.1,49.5,301680000,1148600,300530000,150880000,264140,150620000,150800000,884440,149920000,,,,349,103;126;127;201;202;1427;2228;2827;3244;4120;4236,True;True;True;True;True;True;True;True;True;True;True,104;128;129;205;206;1462;2286;2912;3344;3345;4253;4373,172;173;211;212;213;214;215;216;339;340;341;2342;2343;3672;3673;4693;4694;5396;5397;5398;6962;7159,248;249;297;298;299;300;301;302;303;304;305;306;473;474;475;3366;3367;3368;5372;5373;5374;5375;6867;6868;6869;6870;7850;7851;7852;7853;10413;10710,248;297;305;473;474;3366;5373;6870;7852;10413;10710,101;102,139;148
sp|P32472|FKBP2_YEAST,sp|P32472|FKBP2_YEAST,1,1,1,,1,1,1,1,0,1,0,1,0,1,7.4,7.4,7.4,14.487,135,135,0.006812,1.3886,NaN,NaN,NaN,1,1,Median,NaN,NaN,NaN,NaN,NaN,NaN,0,1,0,1,Median,Median,0,7.4,4682600,3319300,1363300,0,0,0,4682600,3319300,1363300,,,,350,2958,TRUE,3044,4900,7144,7144,,
sp|P32473|ODPB_YEAST,sp|P32473|ODPB_YEAST,1,1,1,,1,1,1,1,0,1,0,1,0,1,2.5,2.5,2.5,40.053,366,366,0.0067476,1.3091,NaN,NaN,NaN,0,0,Median,NaN,NaN,NaN,NaN,NaN,NaN,0,0,0,0,Median,Median,0,2.5,2398200,0,2398200,0,0,0,2398200,0,2398200,,,,351,488,TRUE,502,820,1180,1180,,
sp|P32474|EUG1_YEAST,sp|P32474|EUG1_YEAST,1,1,1,,1,1,1,1,0,1,0,1,0,1,2.3,2.3,2.3,58.981,517,517,0,2.5639,NaN,NaN,NaN,1,1,Median,NaN,NaN,NaN,NaN,NaN,NaN,0,1,0,1,Median,Median,0,2.3,1425700,274780,1151000,0,0,0,1425700,274780,1151000,,,,352,768,TRUE,787,1275,1833,1833,,
sp|P32481|IF2G_YEAST,sp|P32481|IF2G_YEAST,7,7,7,,1,7,7,7,4,6,4,6,4,6,14.8,14.8,14.8,57.865,527,527,0,21.363,NaN,NaN,NaN,1,1,Median,NaN,NaN,NaN,NaN,NaN,NaN,0,1,0,1,Median,Median,11.2,11.8,26119000,69987,26049000,10518000,0,10518000,15600000,69987,15530000,,,,353,67;233;565;625;2130;2230;3870,True;True;True;True;True;True;True,67;237;579;639;2185;2288;3994,114;115;389;950;1044;1045;3505;3675;6529;6530,159;160;548;1361;1487;1488;5135;5377;9726;9727;9728,159;548;1361;1487;5135;5377;9727,,
sp|P32495|NHP2_YEAST,sp|P32495|NHP2_YEAST,1,1,1,,1,1,1,1,1,1,1,1,1,1,14.1,14.1,14.1,17.122,156,156,0.0041494,1.5008,NaN,NaN,NaN,0,0,Median,NaN,NaN,NaN,NaN,NaN,NaN,0,0,0,0,Median,Median,14.1,14.1,12111000,0,12111000,6212400,0,6212400,5898500,0,5898500,,,,354,3778,TRUE,3893,6353;6354;6355,9448;9449;9450,9449,,
sp|P32496|RPN12_YEAST,sp|P32496|RPN12_YEAST,2,2,2,,1,2,2,2,1,1,1,1,1,1,8,8,8,31.919,274,274,0,3.0772,NaN,NaN,NaN,1,1,Median,NaN,NaN,NaN,NaN,NaN,NaN,1,0,1,0,Median,Median,3.3,4.7,1864400,327920,1536500,1116400,327920,788440,748020,0,748020,,,,355,291;3061,True;True,295;3150,490;5073,696;7386,696;7386,,
sp|P32497|EIF3C_YEAST,sp|P32497|EIF3C_YEAST,4,4,4,,1,4,4,4,3,3,3,3,3,3,7.8,7.8,7.8,93.203,812,812,0,21.915,NaN,NaN,NaN,0,0,Median,NaN,NaN,NaN,NaN,NaN,NaN,0,0,0,0,Median,Median,6.5,5.3,16894000,0,16894000,9842900,0,9842900,7051100,0,7051100,,,,356,931;2278;2892;4173,True;True;True;True,955;2336;2977;4308,1530;3743;3744;4798;4799;7053,2156;5463;5464;5465;6992;6993;10535,2156;5464;6993;10535,,
sp|P32499|NUP2_YEAST,sp|P32499|NUP2_YEAST,2,2,2,,1,2,2,2,2,0,2,0,2,0,4.3,4.3,4.3,77.88,720,720,0,3.6356,NaN,NaN,NaN,0,0,Median,NaN,NaN,NaN,NaN,NaN,NaN,0,0,0,0,Median,Median,4.3,0,2519200,0,2519200,2519200,0,2519200,0,0,0,,,,357,1135;3383,True;True,1162;3489,1858;5630,2648;8181,2648;8181,,
sp|P32521|PAN1_YEAST,sp|P32521|PAN1_YEAST,2,2,2,,1,2,2,2,0,2,0,2,0,2,2,2,2,160.27,1480,1480,0,3.7537,NaN,NaN,NaN,0,0,Median,NaN,NaN,NaN,NaN,NaN,NaN,0,0,0,0,Median,Median,0,2,1554700,0,1554700,0,0,0,1554700,0,1554700,,,,358,2568;3245,True;True,2646;3346,4268;5399,6233;7854,6233;7854,,
sp|P32527|ZUO1_YEAST,sp|P32527|ZUO1_YEAST,8,8,8,,1,8,8,8,5,7,5,7,5,7,20.1,20.1,20.1,49.019,433,433,0,54.606,2.7345,2.2191,204.47,4,4,Median,5.6884,NaN,6.3678,NaN,219.16,NaN,3,1,3,1,Median,Median,14.3,16.9,38346000,4698400,33647000,13061000,2921400,10140000,25284000,1776900,23507000,,,,359,1118;1863;2250;2370;2850;2851;2898;3515,True;True;True;True;True;True;True;True,1145;1907;2308;2429;2935;2936;2983;3625,1833;3038;3704;3894;4727;4728;4729;4730;4809;4810;5867;5868,2610;4406;4407;4408;5416;5658;5659;5660;6909;6910;6911;6912;7014;7015;8532;8533,2610;4408;5416;5659;6909;6912;7014;8533,,
sp|P32558|SPT16_YEAST,sp|P32558|SPT16_YEAST,1,1,1,,1,1,1,1,1,1,1,1,1,1,1.4,1.4,1.4,118.63,1035,1035,0,5.3833,NaN,NaN,NaN,0,0,Median,NaN,NaN,NaN,NaN,NaN,NaN,0,0,0,0,Median,Median,1.4,1.4,4283200,0,4283200,1426900,0,1426900,2856300,0,2856300,,,,360,2972,TRUE,3058,4917;4918,7167;7168,7167,,
sp|P32565|RPN2_YEAST,sp|P32565|RPN2_YEAST,2,2,2,,1,2,2,2,1,1,1,1,1,1,3.5,3.5,3.5,104.23,945,945,0,19.261,NaN,NaN,NaN,0,0,Median,NaN,NaN,NaN,NaN,NaN,NaN,0,0,0,0,Median,Median,1.4,2.1,4842000,0,4842000,0,0,0,4842000,0,4842000,,,,361,3293;3845,True;True,3396;3968,5477;6485,7962;9664,7962;9664,,
sp|P32582|CBS_YEAST,sp|P32582|CBS_YEAST,22,22,22,,1,22,22,22,19,18,19,18,19,18,54.2,54.2,54.2,56.021,507,507,0,152.2,22.887,32.7,83.637,5,5,Median,14.729,34.674,32.7,38.605,110.35,58.751,3,2,3,2,Median,Median,49.5,44.4,249200000,659820,248540000,121240000,335020,120910000,127960000,324810,127630000,,,,362,269;270;273;688;689;1314;1532;1814;1827;1996;2014;2211;2266;2283;2289;2290;2652;2693;3151;3646;3902;4270,True;True;True;True;True;True;True;True;True;True;True;True;True;True;True;True;True;True;True;True;True;True,273;274;277;705;706;1347;1567;1857;1870;2047;2065;2269;2324;2341;2347;2348;2734;2777;3247;3760;4027;4408,445;446;447;448;449;450;451;452;456;457;1144;1145;1146;1147;2144;2145;2146;2506;2969;2970;2987;3265;3266;3293;3294;3638;3639;3726;3727;3751;3752;3753;3762;3763;3764;3765;4407;4478;4479;4480;5227;6135;6586;6587;7221,622;623;624;625;626;627;628;629;630;631;632;636;637;638;639;1628;1629;1630;1631;3038;3039;3040;3603;4320;4321;4339;4340;4748;4749;4750;4751;4789;4790;4791;5324;5325;5444;5445;5472;5473;5474;5484;5485;5486;5487;5488;5489;6429;6557;6558;6559;6560;6561;7586;7587;9116;9810;9811;10796,624;629;636;1629;1630;3039;3603;4321;4339;4748;4790;5325;5444;5472;5486;5488;6429;6559;7586;9116;9811;10796,,
sp|P32588|PUB1_YEAST,sp|P32588|PUB1_YEAST,3,3,3,,1,3,3,3,2,1,2,1,2,1,6.4,6.4,6.4,50.762,453,453,0,4.4503,NaN,NaN,NaN,0,0,Median,NaN,NaN,NaN,NaN,NaN,NaN,0,0,0,0,Median,Median,4.6,1.8,2423000,0,2423000,2423000,0,2423000,0,0,0,,,,363,236;2802;2879,True;True;True,240;2887;2964,393;4652;4779,552;6801;6969,552;6801;6969,,
sp|P32589|HSP7F_YEAST;sp|P32590|HSP79_YEAST,sp|P32589|HSP7F_YEAST,29;4,29;4,29;4,,2,29,29,29,24,25,24,25,24,25,40.7,40.7,40.7,77.365,693,693;693,0,270.85,6.5397,9.9153,103.63,13,13,Median,6.5397,7.4559,9.9813,7.0636,124.7,82.568,7,6,7,6,Median,Median,35.9,38.4,332380000,6190100,326190000,168880000,2654800,166220000,163510000,3535300,159970000,,,,364,90;532;610;611;913;1030;1166;1167;1402;1714;1812;1857;1999;2000;2227;2259;2369;2681;2705;2706;2769;2855;2952;3445;3600;3662;4022;4293;4294,True;True;True;True;True;True;True;True;True;True;True;True;True;True;True;True;True;True;True;True;True;True;True;True;True;True;True;True;True,91;546;624;625;937;1056;1196;1197;1437;1755;1855;1900;2050;2051;2285;2317;2428;2765;2789;2790;2853;2854;2940;3038;3553;3713;3776;4154;4432;4433,151;152;887;888;1020;1021;1022;1023;1024;1025;1504;1695;1911;1912;1913;1914;2302;2303;2809;2810;2965;2966;3030;3269;3270;3271;3272;3670;3671;3715;3716;3892;3893;4458;4498;4499;4500;4605;4606;4607;4608;4609;4734;4735;4891;4892;5730;6054;6055;6167;6799;7266;7267;7268,216;217;218;219;220;1272;1273;1456;1457;1458;1459;1460;1461;1462;2122;2405;2735;2736;2737;2738;2739;3311;3312;4085;4086;4313;4314;4315;4316;4317;4393;4754;4755;4756;4757;4758;4759;4760;4761;5370;5371;5428;5429;5430;5656;5657;6528;6586;6587;6588;6746;6747;6748;6749;6750;6751;6916;6917;6918;7133;7134;7135;7136;8310;8944;8945;9162;10169;10870;10871;10872;10873;10874,216;1272;1459;1461;2122;2405;2736;2738;3312;4086;4316;4393;4756;4758;5371;5430;5657;6528;6586;6588;6750;6918;7134;8310;8944;9162;10169;10870;10871,103;104,662;665
sp|P32599|FIMB_YEAST,sp|P32599|FIMB_YEAST,3,3,3,,1,3,3,3,3,2,3,2,3,2,11.5,11.5,11.5,71.772,642,642,0,12.23,NaN,NaN,NaN,1,1,Median,NaN,NaN,NaN,NaN,NaN,NaN,1,0,1,0,Median,Median,11.5,8.6,29987000,619350,29368000,15058000,619350,14438000,14929000,0,14929000,,,,365,1507;2235;3599,True;True;True,1542;2293;3712,2467;2468;3681;6052;6053,3555;3556;3557;5384;8940;8941;8942;8943,3556;5384;8942,,
sp|P32603|SPR1_YEAST,sp|P32603|SPR1_YEAST,1,1,1,,1,1,1,1,1,0,1,0,1,0,2.7,2.7,2.7,51.809,445,445,0.0067935,1.3603,NaN,NaN,NaN,0,0,Median,NaN,NaN,NaN,NaN,NaN,NaN,0,0,0,0,Median,Median,2.7,0,0,0,0,0,0,0,0,0,0,,,,366,1087,TRUE,1113,1785,2539,2539,,
sp|P32610|VATD_YEAST,sp|P32610|VATD_YEAST,2,2,2,,1,2,2,2,2,1,2,1,2,1,12.5,12.5,12.5,29.194,256,256,0,5.8231,NaN,NaN,NaN,0,0,Median,NaN,NaN,NaN,NaN,NaN,NaN,0,0,0,0,Median,Median,12.5,7,11546000,0,11546000,6615200,0,6615200,4931100,0,4931100,,,,367,3189;3661,True;True,3287;3775,5292;5293;6166,7686;7687;9161,7687;9161,,
sp|P32614|FRDS_YEAST,sp|P32614|FRDS_YEAST,1,1,1,,1,1,1,1,1,0,1,0,1,0,5.7,5.7,5.7,50.843,470,470,0,3.4892,NaN,NaN,NaN,0,0,Median,NaN,NaN,NaN,NaN,NaN,NaN,0,0,0,0,Median,Median,5.7,0,1810100,0,1810100,1810100,0,1810100,0,0,0,,,,368,974,TRUE,999,1605,2266,2266,,
sp|P32623|CRH2_YEAST,sp|P32623|CRH2_YEAST,1,1,1,,1,1,1,1,1,1,1,1,1,1,3.6,3.6,3.6,49.906,467,467,0.0028653,1.9575,NaN,NaN,NaN,0,0,Median,NaN,NaN,NaN,NaN,NaN,NaN,0,0,0,0,Median,Median,3.6,3.6,4548900,0,4548900,2065100,0,2065100,2483800,0,2483800,,,,369,2688,TRUE,2772,4469;4470,6548;6549,6548,,
sp|P32628|RAD23_YEAST,sp|P32628|RAD23_YEAST,1,1,1,,1,1,1,1,1,1,1,1,1,1,3.3,3.3,3.3,42.366,398,398,0,6.7153,NaN,NaN,NaN,0,0,Median,NaN,NaN,NaN,NaN,NaN,NaN,0,0,0,0,Median,Median,3.3,3.3,3106200,0,3106200,1371200,0,1371200,1735000,0,1735000,,,,370,1937,TRUE,1987,3167;3168,4623;4624;4625,4624,,
sp|P32771|FADH_YEAST,sp|P32771|FADH_YEAST,1,1,1,,1,1,1,1,0,1,0,1,0,1,2.6,2.6,2.6,41.042,386,386,0,3.7646,NaN,NaN,NaN,1,1,Median,NaN,NaN,NaN,NaN,NaN,NaN,0,1,0,1,Median,Median,0,2.6,2892100,102530,2789600,0,0,0,2892100,102530,2789600,,,,371,3050,TRUE,3138,5052,7358,7358,,
sp|P32774|T2AG_YEAST,sp|P32774|T2AG_YEAST,1,1,1,,1,1,1,1,1,1,1,1,1,1,10.7,10.7,10.7,13.458,122,122,0,3.5463,NaN,NaN,NaN,0,0,Median,NaN,NaN,NaN,NaN,NaN,NaN,0,0,0,0,Median,Median,10.7,10.7,280480,0,280480,280480,0,280480,0,0,0,,,,372,4172,TRUE,4307,7051;7052,10532;10533;10534,10534,,
sp|P32835|GSP1_YEAST;sp|P32836|GSP2_YEAST,sp|P32835|GSP1_YEAST;sp|P32836|GSP2_YEAST,6;6,6;6,6;6,;,2,6,6,6,6,6,6,6,6,6,32,32,32,24.81,219,219;220,0,38.239,53.769,31.635,94.433,5,5,Median,55.192,53.769,46.014,31.635,79.246,120.98,2,3,2,3,Median,Median,32,32,139090000,1082800,138000000,51128000,237430,50891000,87960000,845360,87114000,,,,373,1826;2379;2639;2725;2939;3332,True;True;True;True;True;True,1869;2438;2719;2809;3025;3438,2985;2986;3908;3909;4382;4383;4533;4534;4870;4871;5543;5544;5545,4337;4338;5682;5683;5684;5685;6397;6398;6399;6400;6650;6651;7096;7097;8057;8058;8059;8060;8061;8062,4338;5682;6398;6650;7097;8060,,
sp|P32861|UGPA1_YEAST,sp|P32861|UGPA1_YEAST,7,7,7,,1,7,7,7,5,6,5,6,5,6,19.6,19.6,19.6,55.987,499,499,0,56.839,NaN,NaN,NaN,0,0,Median,NaN,NaN,NaN,NaN,NaN,NaN,0,0,0,0,Median,Median,16.4,18.6,27047000,0,27047000,9524800,0,9524800,17522000,0,17522000,,,,374,1039;2204;3112;3361;3634;3635;4295,True;True;True;True;True;True;True,1065;2262;3205;3467;3748;3749;4434,1709;1710;3625;3626;5158;5159;5593;6120;6121;7269;7270,2425;2426;5304;5305;7497;7498;7499;8121;9090;9091;9092;10875;10876,2425;5305;7497;8121;9090;9092;10875,,
sp|P32895|KPR1_YEAST,sp|P32895|KPR1_YEAST,2,2,2,,1,2,2,2,2,0,2,0,2,0,8.4,8.4,8.4,47.047,427,427,0,3.5693,NaN,NaN,NaN,0,0,Median,NaN,NaN,NaN,NaN,NaN,NaN,0,0,0,0,Median,Median,8.4,0,3899300,0,3899300,3899300,0,3899300,0,0,0,,,,375,1607;3097,True;True,1645;3189,2640;5133,3827;7461,3827;7461,,
sp|P32905|RSSA1_YEAST,sp|P32905|RSSA1_YEAST,9,9,3,,1,9,9,3,4,9,4,9,2,3,49.2,49.2,16.3,28.024,252,252,0,76.652,91.758,400.32,199.95,4,4,Linear,91.758,26.416,150.81,30.065,10.149,306.32,2,2,2,2,Median,Median,29.4,49.2,349640000,1247900,348400000,99115000,467570,98647000,250530000,780290,249750000,,,,376,793;985;986;1139;1486;1487;2374;2729;3586,True;True;True;True;True;True;True;True;True,813;1010;1011;1166;1521;1522;2433;2813;3698,1312;1622;1623;1624;1865;2430;2431;3900;3901;3902;4539;4540;4541;4542;4543;6021;6022,1882;2287;2288;2289;2290;2291;2292;2293;2294;2658;3495;3496;3497;3498;5668;5669;5670;5671;6657;6658;6659;6660;6661;6662;6663;8857;8858;8859,1882;2287;2289;2658;3496;3498;5671;6657;8859,,
sp|P32911|SUI1_YEAST,sp|P32911|SUI1_YEAST,3,3,3,,1,3,3,3,3,2,3,2,3,2,42.6,42.6,42.6,12.312,108,108,0,18.758,NaN,NaN,NaN,1,1,Median,NaN,NaN,NaN,NaN,NaN,NaN,1,0,1,0,Median,Median,42.6,38.9,14145000,415070,13730000,8179300,415070,7764200,5965900,0,5965900,,,,377,631;3690;3691,True;True;True,645;3805;3806,1054;1055;6216;6217;6218,1507;1508;1509;1510;9239;9240;9241,1508;9239;9241,,
sp|P32939|YPT7_YEAST,sp|P32939|YPT7_YEAST,1,1,1,,1,1,1,1,1,1,1,1,1,1,6.2,6.2,6.2,23.042,208,208,0,2.9527,NaN,NaN,NaN,0,0,Median,NaN,NaN,NaN,NaN,NaN,NaN,0,0,0,0,Median,Median,6.2,6.2,4989100,0,4989100,2040900,0,2040900,2948200,0,2948200,,,,378,3273,TRUE,3376,5449;5450,7934;7935,7935,,
sp|P33201|MRT4_YEAST,sp|P33201|MRT4_YEAST,1,1,1,,1,1,1,1,0,1,0,1,0,1,3.8,3.8,3.8,27.058,236,236,0,3.728,NaN,NaN,NaN,0,0,Median,NaN,NaN,NaN,NaN,NaN,NaN,0,0,0,0,Median,Median,0,3.8,2341400,0,2341400,0,0,0,2341400,0,2341400,,,,379,2395,TRUE,2454,3944,5763,5763,,
sp|P33299|PRS7_YEAST,sp|P33299|PRS7_YEAST,1,1,1,,1,1,1,1,0,1,0,1,0,1,4.5,4.5,4.5,51.982,467,467,0,3.6496,NaN,NaN,NaN,0,0,Median,NaN,NaN,NaN,NaN,NaN,NaN,0,0,0,0,Median,Median,0,4.5,1991500,0,1991500,0,0,0,1991500,0,1991500,,,,380,464,TRUE,478,783,1121,1121,,
sp|P33302|PDR5_YEAST,sp|P33302|PDR5_YEAST,4,4,4,,1,4,4,4,3,3,3,3,3,3,5.4,5.4,5.4,170.44,1511,1511,0,19.651,NaN,NaN,NaN,1,1,Median,NaN,NaN,NaN,NaN,NaN,NaN,0,1,0,1,Median,Median,4.1,4.3,16852000,210810,16641000,5481500,0,5481500,11370000,210810,11159000,,,,381,1941;2640;3234;4258,True;True;True;True,1991;2720;3333;4396,3173;3174;4384;4385;5378;7198,4630;4631;6401;6402;7828;10769,4630;6402;7828;10769,,
sp|P33322|CBF5_YEAST,sp|P33322|CBF5_YEAST,7,7,7,,1,7,7,7,5,6,5,6,5,6,23.2,23.2,23.2,54.704,483,483,0,32.677,NaN,NaN,NaN,0,0,Median,NaN,NaN,NaN,NaN,NaN,NaN,0,0,0,0,Median,Median,19.3,20.1,41004000,0,41004000,21374000,0,21374000,19630000,0,19630000,,,,382,732;960;1751;1752;2191;3503;4326,True;True;True;True;True;True;True,750;985;1792;1793;2249;3613;4465,1216;1583;2866;2867;2868;3604;3605;5844;5845;5846;7318;7319,1741;2237;4158;4159;4160;4161;4162;4163;4164;5280;5281;8507;8508;8509;10950;10951,1741;2237;4159;4162;5280;8507;10950,,
sp|P33330|SERC_YEAST,sp|P33330|SERC_YEAST,9,9,9,,1,9,9,9,7,8,7,8,7,8,30.9,30.9,30.9,43.415,395,395,0,57.8,NaN,NaN,NaN,1,1,Median,NaN,NaN,NaN,NaN,NaN,NaN,1,0,1,0,Median,Median,22.8,30.9,38754000,136790,38617000,17335000,136790,17198000,21419000,0,21419000,,,,383,502;503;649;1211;1377;1770;2655;2981;3270,True;True;True;True;True;True;True;True;True,516;517;664;1242;1412;1811;2737;3067;3372,839;840;841;1083;1084;1993;2264;2265;2895;2896;2897;4412;4932;4933;4934;5441;5442,1202;1203;1204;1551;1552;2840;3261;3262;4203;4204;4205;4206;6435;7186;7187;7188;7908;7909;7910,1202;1204;1551;2840;3261;4205;6435;7186;7910,,
sp|P33331|NTF2_YEAST,sp|P33331|NTF2_YEAST,1,1,1,,1,1,1,1,1,1,1,1,1,1,6.4,6.4,6.4,14.453,125,125,0,3.2605,NaN,NaN,NaN,0,0,Median,NaN,NaN,NaN,NaN,NaN,NaN,0,0,0,0,Median,Median,6.4,6.4,19332000,0,19332000,9213200,0,9213200,10119000,0,10119000,,,,384,2388,TRUE,2447,3922;3923,5705;5706,5705,,
sp|P33399|LHP1_YEAST,sp|P33399|LHP1_YEAST,1,1,1,,1,1,1,1,1,0,1,0,1,0,6.2,6.2,6.2,32.104,275,275,0,4.416,NaN,NaN,NaN,1,1,Median,NaN,NaN,NaN,NaN,NaN,NaN,1,0,1,0,Median,Median,6.2,0,1641800,150660,1491100,1641800,150660,1491100,0,0,0,,,,385,2556,TRUE,2634,4245,6186;6187,6186,,
sp|P33401|PGM1_YEAST,sp|P33401|PGM1_YEAST,2,2,2,,1,2,2,2,1,1,1,1,1,1,6.3,6.3,6.3,63.111,570,570,0,6.1162,NaN,NaN,NaN,1,1,Median,NaN,NaN,NaN,NaN,NaN,NaN,0,1,0,1,Median,Median,4.2,2.1,4624100,442510,4181600,3178800,0,3178800,1445200,442510,1002700,,,,386,1363;2373,True;True,1398;2432,2238;3899,3228;5667,3228;5667,,
sp|P33442|RS3A1_YEAST,sp|P33442|RS3A1_YEAST,15,7,7,,1,15,7,7,11,13,5,5,5,5,57.3,23.1,23.1,28.743,255,255,0,33.548,12.55,7.5853,43.482,2,2,Median,NaN,NaN,NaN,NaN,NaN,NaN,1,1,1,1,Median,Median,42,56.5,103150000,946000,102200000,54273000,444080,53829000,48872000,501920,48370000,,,,387,866;966;972;1026;1027;1513;1888;2109;2160;2257;2633;3424;3986;3987;4149,False;True;False;False;False;True;True;False;False;False;False;True;True;True;True,886;991;997;1052;1053;1548;1932;2164;2217;2315;2713;3532;4117;4118;4282,1426;1592;1593;1601;1602;1603;1687;1688;1689;1690;1691;2474;3078;3079;3471;3472;3555;3712;3713;4372;4373;5699;6741;6742;6743;7006;7007,2026;2248;2249;2250;2259;2260;2261;2262;2263;2264;2390;2391;2392;2393;2394;2395;2396;2397;3564;4469;4470;5090;5091;5198;5425;5426;6386;6387;8265;10064;10065;10066;10067;10068;10069;10070;10071;10477;10478;10479,2026;2250;2263;2390;2396;3564;4470;5090;5198;5426;6387;8265;10064;10068;10479,,
sp|P33448|TOM6_YEAST,sp|P33448|TOM6_YEAST,1,1,1,,1,1,1,1,1,0,1,0,1,0,45.9,45.9,45.9,6.4074,61,61,0,3.3537,NaN,NaN,NaN,0,0,Median,NaN,NaN,NaN,NaN,NaN,NaN,0,0,0,0,Median,Median,45.9,0,2018100,0,2018100,2018100,0,2018100,0,0,0,,,,388,2424,TRUE,2483,3989,5823,5823,,
sp|P33767|OSTB_YEAST,sp|P33767|OSTB_YEAST,1,1,1,,1,1,1,1,1,0,1,0,1,0,4,4,4,49.391,430,430,0.0080321,1.2045,NaN,NaN,NaN,0,0,Median,NaN,NaN,NaN,NaN,NaN,NaN,0,0,0,0,Median,Median,4,0,1374800,0,1374800,1374800,0,1374800,0,0,0,,,,389,929,TRUE,953,1527,2153,2153,,
sp|P33775|PMT1_YEAST,sp|P33775|PMT1_YEAST,1,1,1,,1,1,1,1,1,0,1,0,1,0,1.5,1.5,1.5,92.674,817,817,0.0042076,1.6503,NaN,NaN,NaN,0,0,Median,NaN,NaN,NaN,NaN,NaN,NaN,0,0,0,0,Median,Median,1.5,0,1975100,0,1975100,1975100,0,1975100,0,0,0,,,,390,2963,TRUE,3049,4906,7151,7151,,
sp|P33892|GCN1_YEAST,sp|P33892|GCN1_YEAST,4,4,4,,1,4,4,4,3,2,3,2,3,2,2,2,2,296.69,2672,2672,0,9.4698,NaN,NaN,NaN,1,1,Median,NaN,NaN,NaN,NaN,NaN,NaN,1,0,1,0,Median,Median,1.3,1.2,9484000,149400,9334600,5708000,149400,5558600,3776000,0,3776000,,,,391,528;1591;2917;2945,True;True;True;True,542;1629;3002;3031,881;2616;4835;4877;4878,1263;3795;3796;7050;7104;7105;7106;7107,1263;3795;7050;7104,,
sp|P34167|IF4B_YEAST,sp|P34167|IF4B_YEAST,5,5,5,,1,5,5,5,3,4,3,4,3,4,16.7,16.7,16.7,48.521,436,436,0,12.545,NaN,NaN,NaN,1,0,Median,NaN,NaN,NaN,NaN,NaN,NaN,1,0,0,0,Median,Median,9.2,14.2,15086000,200550,14885000,4469600,200550,4269000,10616000,0,10616000,,,,392,826;1614;2656;2715;3861,True;True;True;True;True,846;1652;2738;2799;3985,1363;2649;4413;4414;4514;6514;6515,1942;3836;6436;6437;6438;6606;9701;9702;9703,1942;3836;6438;6606;9701,,
sp|P34216|EDE1_YEAST,sp|P34216|EDE1_YEAST,3,3,3,,1,3,3,3,2,2,2,2,2,2,2.8,2.8,2.8,150.78,1381,1381,0,8.7319,NaN,NaN,NaN,0,0,Median,NaN,NaN,NaN,NaN,NaN,NaN,0,0,0,0,Median,Median,2.1,1.8,3548100,0,3548100,1986200,0,1986200,1561900,0,1561900,,,,393,797;2201;3078,True;True;True,817;2259;3168,1319;1320;3620;5101,1891;1892;5298;7425,1891;5298;7425,,
sp|P34223|UBX1_YEAST,sp|P34223|UBX1_YEAST,1,1,1,,1,1,1,1,1,0,1,0,1,0,3.1,3.1,3.1,46.987,423,423,0.0068027,1.3817,NaN,NaN,NaN,0,0,Median,NaN,NaN,NaN,NaN,NaN,NaN,0,0,0,0,Median,Median,3.1,0,1098700,0,1098700,1098700,0,1098700,0,0,0,,,,394,2913,TRUE,2998,4830,7044,7044,,
sp|P34730|BMH2_YEAST,sp|P34730|BMH2_YEAST,12,4,4,,1,12,4,4,8,10,4,4,4,4,53.1,22.7,22.7,31.061,273,273,0,31.187,6.9014,5.6507,32.983,4,4,Median,6.9014,8.3628,5.6507,5.3641,8.8367,56.2,2,2,2,2,Median,Median,38.8,49.5,70845000,2016200,68829000,30136000,816320,29320000,40709000,1199900,39509000,,,,395,444;466;1187;1424;1425;1658;1659;1924;2899;3138;3357;4351,True;True;False;False;False;False;False;False;False;True;True;False,458;480;1217;1459;1460;1696;1697;1974;2984;3233;3463;4490,752;753;785;786;1953;2338;2339;2340;2720;2721;2722;3147;3148;4811;5203;5204;5583;5584;7359,1083;1084;1124;1125;2788;3361;3362;3363;3364;3949;3950;3951;3952;4596;4597;7016;7555;7556;8108;8109;8110;8111;11000;11001,1083;1125;2788;3361;3363;3949;3951;4596;7016;7556;8110;11000,,
sp|P34760|TSA1_YEAST,sp|P34760|TSA1_YEAST,4,4,4,,1,4,4,4,3,4,3,4,3,4,26,26,26,21.589,196,196,0,34.46,2.451,1.9891,65.359,4,2,Median,3.3101,2.2375,2.7597,1.8109,88.954,55.925,2,2,1,1,Median,Median,26,26,75938000,12042000,63896000,39145000,6104600,33041000,36792000,5936900,30855000,,,,396,976;2603;2604;3552,True;True;True;True,1001;2681;2682;3662,1608;1609;4321;4322;4323;5935;5936;5937,2271;2272;2273;6309;6310;6311;6312;8657;8658;8659;8660;8661;8662,2271;6311;6312;8657,,
sp|P35176|CYPD_YEAST,sp|P35176|CYPD_YEAST,3,3,3,,1,3,3,3,1,3,1,3,1,3,17.3,17.3,17.3,25.326,225,225,0,8.979,NaN,NaN,NaN,0,0,Median,NaN,NaN,NaN,NaN,NaN,NaN,0,0,0,0,Median,Median,3.6,17.3,6968300,0,6968300,1029000,0,1029000,5939300,0,5939300,,,,397,2461;3210;3982,True;True;True,2528;3308;4113,4074;5337;5338;6736,5954;7750;7751;10059,5954;7750;10059,,
sp|P35189|TAF14_YEAST,sp|P35189|TAF14_YEAST,2,2,2,,1,2,2,2,2,1,2,1,2,1,12.7,12.7,12.7,27.44,244,244,0,4.5556,NaN,NaN,NaN,0,0,Median,NaN,NaN,NaN,NaN,NaN,NaN,0,0,0,0,Median,Median,12.7,6.6,2115100,0,2115100,1170100,0,1170100,944970,0,944970,,,,398,3195;3619,True;True,3293;3732,5301;5302;6088,7695;7696;9002,7696;9002,,
sp|P35197|GCS1_YEAST,sp|P35197|GCS1_YEAST,1,1,1,,1,1,1,1,1,1,1,1,1,1,6.2,6.2,6.2,39.296,352,352,0,3.4764,NaN,NaN,NaN,0,0,Median,NaN,NaN,NaN,NaN,NaN,NaN,0,0,0,0,Median,Median,6.2,6.2,2688000,0,2688000,1196200,0,1196200,1491800,0,1491800,,,,399,2587,TRUE,2665,4301;4302,6280;6281;6282;6283,6280,,
sp|P35691|TCTP_YEAST,sp|P35691|TCTP_YEAST,9,9,9,,1,9,9,9,7,7,7,7,7,7,26.3,26.3,26.3,18.741,167,167,0,56.959,29.819,17.544,203.21,3,2,Median,NaN,5.2525,NaN,4.3796,NaN,196.25,1,2,1,1,Median,Median,21.6,21.6,275450000,3358500,272100000,139830000,244240,139590000,135620000,3114300,132510000,,,,400,243;1334;1846;1847;2225;2226;2234;3170;3171,True;True;True;True;True;True;True;True;True,247;1368;1889;1890;2283;2284;2292;3268;3269,401;402;2188;3016;3017;3665;3666;3667;3668;3669;3680;5264;5265;5266;5267,562;563;564;3131;3132;3133;3134;4376;4377;5363;5364;5365;5366;5367;5368;5369;5383;7647;7648;7649;7650;7651;7652;7653,563;3132;4376;4377;5363;5366;5383;7650;7652,,
sp|P35719|MRP8_YEAST,sp|P35719|MRP8_YEAST,1,1,1,,1,1,1,1,1,0,1,0,1,0,9.1,9.1,9.1,25.097,219,219,0,5.8187,NaN,NaN,NaN,0,0,Median,NaN,NaN,NaN,NaN,NaN,NaN,0,0,0,0,Median,Median,9.1,0,2579100,0,2579100,2579100,0,2579100,0,0,0,,,,401,3883,TRUE,4007,6551,9761,9761,,
sp|P35732|DEF1_YEAST,sp|P35732|DEF1_YEAST,5,5,5,,1,5,5,5,3,3,3,3,3,3,11.8,11.8,11.8,83.972,738,738,0,17.308,NaN,NaN,NaN,1,1,Median,NaN,NaN,NaN,NaN,NaN,NaN,1,0,1,0,Median,Median,6.8,8.1,8423400,245080,8178300,3571500,245080,3326400,4851900,0,4851900,,,,402,820;1747;1821;1855;3394,True;True;True;True;True,840;1788;1864;1898;3501,1354;2859;2860;2979;3028;5650,1933;4149;4150;4151;4331;4391;8204,1933;4149;4331;4391;8204,,
sp|P35844|KES1_YEAST,sp|P35844|KES1_YEAST,3,3,3,,1,3,3,3,2,1,2,1,2,1,8.3,8.3,8.3,49.491,434,434,0,4.1815,NaN,NaN,NaN,0,0,Median,NaN,NaN,NaN,NaN,NaN,NaN,0,0,0,0,Median,Median,6,2.3,2278800,0,2278800,2278800,0,2278800,0,0,0,,,,403,322;1942;3571,True;True;True,326;1992;3681,535;3175;5968,762;4632;8703,762;4632;8703,,
sp|P38711|RS27B_YEAST;sp|P35997|RS27A_YEAST,sp|P38711|RS27B_YEAST;sp|P35997|RS27A_YEAST,6;6,6;6,6;6,;,2,6,6,6,1,6,1,6,1,6,46.3,46.3,46.3,8.8653,82,82;82,0,19.25,2.8362,2.3841,14.313,2,2,Median,NaN,2.8362,NaN,2.3841,NaN,14.313,0,2,0,2,Median,Median,12.2,46.3,115260000,3497800,111760000,5011400,0,5011400,110250000,3497800,106750000,,,,404,2134;2268;2269;4050;4051;4052,True;True;True;True;True;True,2189;2326;2327;4182;4183;4184,3509;3729;3730;3731;6843;6844;6845;6846;6847,5139;5448;5449;5450;10234;10235;10236;10237;10238;10239,5139;5448;5450;10234;10236;10238,,
sp|P36008|EF1G2_YEAST,sp|P36008|EF1G2_YEAST,9,9,7,,1,9,9,7,3,7,3,7,2,6,18.2,18.2,15.5,46.52,412,412,0,38.917,27.71,15.493,39.322,3,3,Plateau,12.304,NaN,10.484,NaN,22.047,NaN,2,1,2,1,Median,Median,6.8,15.8,56166000,945170,55220000,14112000,704330,13407000,42054000,240840,41813000,,,,405,315;316;1404;1722;1980;2734;3345;3419;3420,True;True;True;True;True;True;True;True;True,319;320;1439;1763;2030;2818;3451;3527;3528,524;525;526;2305;2821;3237;4550;5564;5694;5695,747;748;749;750;751;3314;4099;4709;6670;8087;8260;8261,750;751;3314;4099;4709;6670;8087;8260;8261,,
sp|P36010|NDK_YEAST,sp|P36010|NDK_YEAST,3,3,3,,1,3,3,3,1,2,1,2,1,2,35.3,35.3,35.3,17.166,153,153,0,8.1802,NaN,NaN,NaN,0,0,Median,NaN,NaN,NaN,NaN,NaN,NaN,0,0,0,0,Median,Median,11.1,24.2,8526000,0,8526000,1218000,0,1218000,7308100,0,7308100,,,,406,2144;3190;3397,True;True;True,2201;3288;3504,3530;5294;5654,5169;7688;8210,5169;7688;8210,,
sp|P36015|YKT6_YEAST,sp|P36015|YKT6_YEAST,1,1,1,,1,1,1,1,1,0,1,0,1,0,3.5,3.5,3.5,22.707,200,200,0.0068681,1.4425,NaN,NaN,NaN,0,0,Median,NaN,NaN,NaN,NaN,NaN,NaN,0,0,0,0,Median,Median,3.5,0,910340,0,910340,910340,0,910340,0,0,0,,,,407,1974,TRUE,2024,3230,4701,4701,,
sp|P36018|YPT52_YEAST,sp|P36018|YPT52_YEAST,2,2,2,,1,2,2,2,1,2,1,2,1,2,11.5,11.5,11.5,26.132,234,234,0,5.9256,NaN,NaN,NaN,0,0,Median,NaN,NaN,NaN,NaN,NaN,NaN,0,0,0,0,Median,Median,6.8,11.5,5234400,0,5234400,1968300,0,1968300,3266100,0,3266100,,,,408,2375;2877,True;True,2434;2962,3903;4775;4776,5672;6965;6966,5672;6965,,
sp|P36036|YRA2_YEAST,sp|P36036|YRA2_YEAST,1,1,1,,1,1,1,1,1,0,1,0,1,0,8.9,8.9,8.9,23.777,203,203,0.0091623,1.0582,NaN,NaN,NaN,0,0,Median,NaN,NaN,NaN,NaN,NaN,NaN,0,0,0,0,Median,Median,8.9,0,693380,0,693380,693380,0,693380,0,0,0,,,,409,116,TRUE,117,192,275,275,,
sp|P36049|EBP2_YEAST,sp|P36049|EBP2_YEAST,3,3,3,,1,3,3,3,2,3,2,3,2,3,7.7,7.7,7.7,49.734,427,427,0,9.8602,NaN,NaN,NaN,0,0,Median,NaN,NaN,NaN,NaN,NaN,NaN,0,0,0,0,Median,Median,5.6,7.7,4615200,0,4615200,2137400,0,2137400,2477900,0,2477900,,,,410,958;2096;2874,True;True;True,983;2151;2959,1579;1580;3448;3449;4770,2233;2234;5055;5056;6960,2233;5056;6960,,
sp|P36105|RL14A_YEAST,sp|P36105|RL14A_YEAST,13,13,2,,1,13,13,2,9,11,9,11,2,1,68.8,68.8,7.2,15.167,138,138,0,107.84,22.468,21.822,54.743,4,4,Median,22.326,22.468,35.195,21.286,78.989,14.912,2,2,2,2,Median,Median,43.5,68.1,317610000,2619200,314990000,134150000,1150800,132990000,183460000,1468400,181990000,,,,411,33;34;407;408;1878;1896;1913;1914;2371;2754;3411;4225;4228,True;True;True;True;True;True;True;True;True;True;True;True;True,33;34;421;422;1922;1945;1962;1963;2430;2838;3519;4361;4364,59;60;690;691;3061;3062;3104;3131;3132;3133;3134;3895;3896;4579;5680;5681;7137;7138;7141;7142,86;87;88;1001;1002;4445;4446;4447;4448;4533;4534;4535;4568;4569;4570;4571;4572;4573;4574;4575;4576;4577;4578;4579;4580;4581;5661;5662;5663;5664;6704;6705;8242;8243;10678;10679;10680;10681;10685;10686;10687;10688;10689,86;87;1001;1002;4448;4533;4568;4577;5662;6704;8242;10680;10688,,
sp|P36421|SYYC_YEAST,sp|P36421|SYYC_YEAST,7,7,7,,1,7,7,7,6,3,6,3,6,3,24.9,24.9,24.9,44.019,394,394,0,28.071,NaN,NaN,NaN,1,1,Median,NaN,NaN,NaN,NaN,NaN,NaN,1,0,1,0,Median,Median,21.8,12.7,27818000,386620,27431000,15707000,386620,15320000,12111000,0,12111000,,,,412,1313;1403;1443;1478;1928;2888;3700,True;True;True;True;True;True;True,1346;1438;1478;1513;1978;2973;3815,2143;2304;2362;2363;2417;2418;3153;4792;6230,3037;3313;3398;3399;3478;3479;3480;4605;6984;9261,3037;3313;3398;3480;4605;6984;9261,,
sp|P37291|GLYC_YEAST,sp|P37291|GLYC_YEAST,11,11,11,,1,11,11,11,8,8,8,8,8,8,26.2,26.2,26.2,52.218,469,469,0,51.705,12.442,7.1789,147.09,2,2,Median,NaN,NaN,NaN,NaN,NaN,NaN,1,1,1,1,Median,Median,14.5,22,53392000,375380,53017000,27543000,52264,27491000,25849000,323120,25526000,,,,413,268;980;981;1555;2121;2196;2536;2751;3864;4047;4048,True;True;True;True;True;True;True;True;True;True;True,272;1005;1006;1591;2176;2254;2614;2835;3988;4179;4180,444;1614;1615;1616;1617;2544;2545;3492;3612;4213;4575;6521;6522;6838;6839;6840,621;2278;2279;2280;2281;3669;3670;5117;5288;6142;6143;6700;9716;9717;10228;10229;10230;10231,621;2278;2280;3669;5117;5288;6142;6700;9717;10229;10231,,
sp|P37292|GLYM_YEAST,sp|P37292|GLYM_YEAST,6,6,6,,1,6,6,6,4,4,4,4,4,4,11.8,11.8,11.8,53.686,490,490,0,10.941,4.1727,2.9965,42.711,2,2,Median,NaN,4.1727,NaN,2.9965,NaN,42.711,0,2,0,2,Median,Median,7.3,7.6,18665000,2526300,16139000,5815500,0,5815500,12850000,2526300,10324000,,,,414,263;979;3197;3991;4234;4340,True;True;True;True;True;True,267;1004;3295;4122;4371;4479,434;1613;5304;6749;7154;7155;7337;7338,608;2277;7699;10078;10704;10705;10971;10972,608;2277;7699;10078;10705;10972,,
sp|P37302|APE3_YEAST,sp|P37302|APE3_YEAST,6,6,6,,1,6,6,6,6,5,6,5,6,5,15.6,15.6,15.6,60.137,537,537,0,29.896,3.0397,2.5742,82.221,7,7,Median,2.2767,5.7786,7.939,3.2456,87.61,91.435,3,4,3,4,Plateau,Median,15.6,12.7,38548000,2668400,35880000,19736000,1136200,18600000,18812000,1532300,17279000,,,,415,853;1056;1353;2087;2368;2799,True;True;True;True;True;True,873;1082;1388;2141;2427;2884,1404;1405;1739;2216;2217;3427;3428;3890;3891;4647;4648;4649,2000;2001;2469;3189;3190;3191;5026;5027;5028;5029;5030;5654;5655;6795;6796;6797;6798,2001;2469;3189;5026;5655;6797,,
sp|P37303|GLY1_YEAST,sp|P37303|GLY1_YEAST,4,4,4,,1,4,4,4,1,4,1,4,1,4,14.2,14.2,14.2,42.815,387,387,0,17.292,NaN,NaN,NaN,1,1,Median,NaN,NaN,NaN,NaN,NaN,NaN,0,1,0,1,Median,Median,2.8,14.2,23329000,310440,23019000,1526400,0,1526400,21803000,310440,21492000,,,,416,44;1214;2421;3308,True;True;True;True,44;1245;2480;3412,77;78;1997;3985;5502,112;113;2846;5819;8000,112;2846;5819;8000,,
sp|P37370|VRP1_YEAST,sp|P37370|VRP1_YEAST,1,1,1,,1,1,1,1,0,1,0,1,0,1,2.9,2.9,2.9,82.593,817,817,0,3.2071,NaN,NaN,NaN,0,0,Median,NaN,NaN,NaN,NaN,NaN,NaN,0,0,0,0,Median,Median,0,2.9,1080900,0,1080900,0,0,0,1080900,0,1080900,,,,417,144,TRUE,146,244,348,348,,
sp|P38011|GBLP_YEAST,sp|P38011|GBLP_YEAST,22,22,22,,1,22,22,22,12,21,12,21,12,21,77.1,77.1,77.1,34.805,319,319,0,110.9,17.319,13.786,138.28,6,6,Median,NaN,40.738,NaN,21.843,NaN,114.22,1,5,1,5,Median,Median,43.6,77.1,341250000,922280,340320000,141230000,231590,141000000,200010000,690700,199320000,,,,418,12;13;60;61;332;404;406;513;642;643;1252;1253;1290;1707;3121;3122;3684;3685;4198;4199;4207;4208,True;True;True;True;True;True;True;True;True;True;True;True;True;True;True;True;True;True;True;True;True;True,12;13;60;61;338;417;418;420;527;656;657;658;1284;1285;1322;1748;3214;3215;3216;3217;3799;3800;4334;4335;4343;4344,25;26;102;103;104;552;684;685;686;687;689;856;857;1072;1073;1074;1075;1076;2052;2053;2054;2110;2797;2798;2799;5170;5171;5172;5173;5174;5175;5176;5177;5178;5179;5180;5181;6206;6207;6208;7094;7095;7108;7109;7110;7111,37;38;146;147;148;149;799;995;996;997;998;1000;1231;1232;1533;1534;1535;1536;1537;1538;1539;1540;1541;1542;2916;2917;2918;2919;2994;4070;4071;4072;4073;7511;7512;7513;7514;7515;7516;7517;7518;7519;7520;7521;7522;7523;7524;7525;7526;7527;7528;9221;9222;9223;9224;10608;10609;10610;10632;10633;10634;10635;10636,37;38;146;149;799;996;1000;1232;1533;1541;2916;2919;2994;4073;7514;7528;9221;9223;10608;10610;10632;10636,105;106;107,111;121;221
sp|P38013|AHP1_YEAST,sp|P38013|AHP1_YEAST,5,5,5,,1,5,5,5,5,2,5,2,5,2,56.2,56.2,56.2,19.114,176,176,0,41.901,63.649,56.563,141.32,5,5,Median,50.528,72.543,56.563,58.712,188.8,26.603,3,2,3,2,Median,Median,56.2,10.8,330690000,4005300,326680000,189380000,2903900,186480000,141310000,1101500,140210000,,,,419,880;1008;1116;1761;3974,True;True;True;True;True,901;1034;1143;1802;4102,1449;1660;1661;1830;1831;2880;2881;6704,2054;2346;2347;2348;2349;2350;2351;2352;2353;2354;2355;2603;2604;2605;2606;2607;4180;4181;4182;4183;4184;9973,2054;2347;2604;4183;9973,,
sp|P38061|RL32_YEAST,sp|P38061|RL32_YEAST,11,11,11,,1,11,11,11,9,11,9,11,9,11,58.5,58.5,58.5,14.771,130,130,0,59.366,16.099,11.258,137.33,9,9,Median,110.1,11.298,68.362,9.9688,199.28,107.34,3,6,3,6,Median,Median,52.3,58.5,352630000,13535000,339090000,160910000,3346100,157570000,191710000,10189000,181530000,,,,420,274;687;1098;1119;2685;2922;3590;3591;3660;3805;4160,True;True;True;True;True;True;True;True;True;True;True,278;703;704;1125;1146;2769;3007;3702;3703;3704;3774;3924;4293,458;459;1139;1140;1141;1142;1143;1802;1803;1804;1834;4465;4840;4841;6027;6028;6029;6030;6031;6032;6164;6165;6413;6414;6415;7027;7028,640;641;1622;1623;1624;1625;1626;1627;2565;2566;2567;2611;6539;6540;6541;6542;6543;7055;7056;8868;8869;8870;8871;8872;8873;8874;8875;8876;8877;8878;8879;8880;8881;8882;8883;8884;8885;8886;9159;9160;9557;9558;9559;9560;9561;9562;9563;9564;9565;9566;9567;10505;10506,641;1625;2566;2611;6539;7056;8874;8881;9159;9561;10506,108,87
sp|P38077|ATPG_YEAST,sp|P38077|ATPG_YEAST,3,3,3,,1,3,3,3,3,2,3,2,3,2,11.3,11.3,11.3,34.35,311,311,0,8.9677,NaN,NaN,NaN,0,0,Median,NaN,NaN,NaN,NaN,NaN,NaN,0,0,0,0,Median,Median,11.3,7.1,6538200,0,6538200,3807000,0,3807000,2731100,0,2731100,,,,421,598;2288;2625,True;True;True,612;2346;2705,998;999;3760;3761;4360,1425;1426;5482;5483;6364,1425;5482;6364,,
sp|P38088|SYG_YEAST;sp|Q06817|SYG2_YEAST,sp|P38088|SYG_YEAST,23;1,23;1,23;1,,2,23,23,23,12,17,12,17,12,17,40.9,40.9,40.9,78.183,690,690;618,0,100.88,3.8841,4.0505,169.5,7,6,Median,NaN,4.9028,NaN,4.2914,NaN,169.53,1,6,1,5,Median,Median,20.9,32.6,100560000,3121500,97443000,45833000,91611,45742000,54731000,3029900,51701000,,,,422,50;374;489;597;1311;1398;1479;1686;1961;1975;1976;2127;2142;2276;2517;2875;3172;3347;3484;3786;3905;3911;4032,True;True;True;True;True;True;True;True;True;True;True;True;True;True;True;True;True;True;True;True;True;True;True,50;385;503;611;1344;1433;1514;1727;2011;2025;2026;2182;2198;2334;2593;2960;3270;3453;3594;3901;4030;4036;4164,87;628;821;997;2139;2140;2295;2419;2767;3207;3231;3232;3233;3501;3526;3527;3740;4180;4771;4772;5268;5567;5568;5806;6371;6590;6599;6600;6813,126;907;1181;1424;3033;3034;3302;3481;4033;4676;4702;4703;4704;5129;5130;5159;5160;5460;6104;6961;6962;7654;8090;8091;8454;9476;9814;9815;9825;9826;9827;10190,126;907;1181;1424;3033;3302;3481;4033;4676;4702;4704;5129;5159;5460;6104;6961;7654;8091;8454;9476;9815;9825;10190,,
sp|P38143|GPX2_YEAST,sp|P38143|GPX2_YEAST,3,3,2,,1,3,3,2,3,0,3,0,2,0,29,29,24.1,18.406,162,162,0,15.119,NaN,NaN,NaN,1,1,Median,NaN,NaN,NaN,NaN,NaN,NaN,1,0,1,0,Median,Median,29,0,11939000,6100500,5838200,11939000,6100500,5838200,0,0,0,,,,423,169;553;4200,True;True;True,171;567;4336,286;928;7096,408;1333;10611,408;1333;10611,,
sp|P38174|MAP2_YEAST,sp|P38174|MAP2_YEAST,2,2,2,,1,2,2,2,0,2,0,2,0,2,4.5,4.5,4.5,47.518,421,421,0,2.2963,NaN,NaN,NaN,0,0,Median,NaN,NaN,NaN,NaN,NaN,NaN,0,0,0,0,Median,Median,0,4.5,1454700,0,1454700,0,0,0,1454700,0,1454700,,,,424,1750;4354,True;True,1791;4493,2865;7364,4157;11008,4157;11008,,
sp|P38197|PLPHP_YEAST,sp|P38197|PLPHP_YEAST,2,2,2,,1,2,2,2,1,1,1,1,1,1,11.7,11.7,11.7,29.123,257,257,0,5.7812,NaN,NaN,NaN,0,0,Median,NaN,NaN,NaN,NaN,NaN,NaN,0,0,0,0,Median,Median,7.4,4.3,4172300,0,4172300,2917100,0,2917100,1255300,0,1255300,,,,425,3421;3722,True;True,3529;3837,5696;6267,8262;9308,8262;9308,,
sp|P38199|HEK2_YEAST,sp|P38199|HEK2_YEAST,1,1,1,,1,1,1,1,1,1,1,1,1,1,2.1,2.1,2.1,41.682,381,381,0,2.1781,NaN,NaN,NaN,1,1,Median,NaN,NaN,NaN,NaN,NaN,NaN,0,1,0,1,Median,Median,2.1,2.1,1882000,82759,1799200,886680,0,886680,995280,82759,912520,,,,426,2635,TRUE,2715,4376;4377,6390;6391,6390,,
sp|P38205|NCL1_YEAST,sp|P38205|NCL1_YEAST,3,3,3,,1,3,3,3,2,3,2,3,2,3,6.4,6.4,6.4,77.878,684,684,0,7.4025,NaN,NaN,NaN,0,0,Median,NaN,NaN,NaN,NaN,NaN,NaN,0,0,0,0,Median,Median,3.9,6.4,4638400,0,4638400,1884100,0,1884100,2754300,0,2754300,,,,427,2313;3555;3888,True;True;True,2372;3665;4012,3799;3800;5941;6560;6561,5535;5536;8668;9770;9771,5535;8668;9770,,
sp|P38216|YBM6_YEAST,sp|P38216|YBM6_YEAST,1,1,1,,1,1,1,1,1,1,1,1,1,1,14.1,14.1,14.1,14.617,128,128,0.0091743,1.0659,NaN,NaN,NaN,0,0,Median,NaN,NaN,NaN,NaN,NaN,NaN,0,0,0,0,Median,Median,14.1,14.1,1577900,0,1577900,1009900,0,1009900,567960,0,567960,,,,428,3359,TRUE,3465,5589;5590,8117;8118,8117,,
sp|P38219|OLA1_YEAST,sp|P38219|OLA1_YEAST,10,10,10,,1,10,10,10,7,7,7,7,7,7,26.4,26.4,26.4,44.174,394,394,0,43.791,NaN,NaN,NaN,0,0,Median,NaN,NaN,NaN,NaN,NaN,NaN,0,0,0,0,Median,Median,23.1,17.8,79419000,0,79419000,37913000,0,37913000,41506000,0,41506000,,,,429,164;1174;1734;1735;1817;1879;1955;2146;2240;3543,True;True;True;True;True;True;True;True;True;True,166;1204;1775;1776;1860;1923;2005;2203;2298;3653,275;1929;1930;2839;2840;2974;3063;3064;3196;3533;3687;3688;5921;5922,388;389;2759;2760;4123;4124;4325;4449;4450;4659;5172;5390;5391;8625;8626;8627;8628,388;2760;4123;4124;4325;4450;4659;5172;5390;8627,,
sp|P38248|ECM33_YEAST,sp|P38248|ECM33_YEAST,2,2,2,,1,2,2,2,2,2,2,2,2,2,7,7,7,43.768,429,429,0,30.756,NaN,NaN,NaN,0,0,Median,NaN,NaN,NaN,NaN,NaN,NaN,0,0,0,0,Median,Median,7,7,31926000,0,31926000,15299000,0,15299000,16626000,0,16626000,,,,430,2237;3948,True;True,2295;4075,3683;3684;6658;6659,5386;5387;9895;9896;9897;9898,5386;9897,,
sp|P38249|EIF3A_YEAST,sp|P38249|EIF3A_YEAST,14,14,14,,1,14,14,14,7,10,7,10,7,10,18.4,18.4,18.4,110.34,964,964,0,29.259,3.8961,3.4011,93.829,5,5,Median,1.623,5.7807,2.5128,3.4011,72.866,120.16,2,3,2,3,Median,Median,8.2,13.7,35805000,3520200,32285000,12847000,1166400,11680000,22958000,2353800,20604000,,,,431,350;1142;1213;1998;2166;2412;2466;2749;2887;2897;3279;3809;3919;3920,True;True;True;True;True;True;True;True;True;True;True;True;True;True,357;1169;1244;2049;2223;2471;2533;2833;2972;2982;3382;3928;4044;4045,580;581;1869;1870;1995;1996;3268;3566;3970;4081;4572;4791;4808;5458;6422;6610;6611,842;843;2662;2663;2843;2844;2845;4753;5209;5798;5962;6697;6983;7013;7943;9574;9838;9839,843;2663;2843;4753;5209;5798;5962;6697;6983;7013;7943;9574;9838;9839,,
sp|P38250|IST2_YEAST,sp|P38250|IST2_YEAST,1,1,1,,1,1,1,1,1,1,1,1,1,1,1.6,1.6,1.6,105.85,946,946,0,5.5448,NaN,NaN,NaN,0,0,Median,NaN,NaN,NaN,NaN,NaN,NaN,0,0,0,0,Median,Median,1.6,1.6,1656000,0,1656000,719800,0,719800,936240,0,936240,,,,432,1392,TRUE,1427,2285;2286,3286;3287;3288,3287,,
sp|P38264|PHO88_YEAST,sp|P38264|PHO88_YEAST,2,2,2,,1,2,2,2,2,1,2,1,2,1,19.7,19.7,19.7,21.137,188,188,0,4.3871,NaN,NaN,NaN,0,0,Median,NaN,NaN,NaN,NaN,NaN,NaN,0,0,0,0,Median,Median,19.7,8.5,7815700,0,7815700,4738200,0,4738200,3077600,0,3077600,,,,433,2559;3207,True;True,2637;3305,4249;5330;5331;5332,6191;7743;7744;7745,6191;7745,,
sp|P38427|TSL1_YEAST;sp|P38426|TPS3_YEAST,sp|P38427|TSL1_YEAST;sp|P38426|TPS3_YEAST,2;1,2;1,2;1,;,2,2,2,2,1,1,1,1,1,1,2.7,2.7,2.7,123.02,1098,1098;1054,0,2.3312,NaN,NaN,NaN,0,0,Median,NaN,NaN,NaN,NaN,NaN,NaN,0,0,0,0,Median,Median,1.1,1.6,1735100,0,1735100,468310,0,468310,1266800,0,1266800,,,,434,2805;2964,True;True,2890;3050,4656;4907,6806;7152,6806;7152,,
sp|P38431|IF5_YEAST,sp|P38431|IF5_YEAST,5,5,5,,1,5,5,5,3,3,3,3,3,3,20.5,20.5,20.5,45.261,405,405,0,14.255,NaN,NaN,NaN,0,0,Median,NaN,NaN,NaN,NaN,NaN,NaN,0,0,0,0,Median,Median,18.3,13.1,21773000,0,21773000,10005000,0,10005000,11768000,0,11768000,,,,435,47;1690;1764;3351;3551,True;True;True;True;True,47;1731;1805;3457;3661,84;2773;2885;5572;5933;5934,123;4039;4188;8095;8655;8656,123;4039;4188;8095;8655,,
sp|P38523|GRPE_YEAST,sp|P38523|GRPE_YEAST,4,4,4,,1,4,4,4,3,2,3,2,3,2,28.9,28.9,28.9,26.066,228,228,0,11.537,NaN,NaN,NaN,1,1,Median,NaN,NaN,NaN,NaN,NaN,NaN,1,0,1,0,Median,Median,23.2,14.5,8806200,314090,8492100,6064500,314090,5750400,2741700,0,2741700,,,,436,698;1804;3129;3461,True;True;True;True,715;1846;3224;3569,1158;2949;5191;5192;5758,1647;4271;7540;7541;8351,1647;4271;7541;8351,,
sp|P38555|YPT31_YEAST,sp|P38555|YPT31_YEAST,1,1,1,,1,1,1,1,0,1,0,1,0,1,5.4,5.4,5.4,24.469,223,223,0,2.1502,NaN,NaN,NaN,1,1,Median,NaN,NaN,NaN,NaN,NaN,NaN,0,1,0,1,Median,Median,0,5.4,1332100,328880,1003200,0,0,0,1332100,328880,1003200,,,,437,117,TRUE,118,193,276,276,,
sp|P38624|PSB1_YEAST,sp|P38624|PSB1_YEAST,1,1,1,,1,1,1,1,1,0,1,0,1,0,11.2,11.2,11.2,23.547,215,215,0.0067204,1.2815,NaN,NaN,NaN,0,0,Median,NaN,NaN,NaN,NaN,NaN,NaN,0,0,0,0,Median,Median,11.2,0,1580200,0,1580200,1580200,0,1580200,0,0,0,,,,438,656,TRUE,672,1094,1564,1564,,
sp|P38625|GUAA_YEAST,sp|P38625|GUAA_YEAST,9,9,9,,1,9,9,9,8,6,8,6,8,6,28.6,28.6,28.6,58.482,525,525,0,44.987,NaN,NaN,NaN,1,1,Median,NaN,NaN,NaN,NaN,NaN,NaN,0,1,0,1,Median,Median,28.6,16.4,43246000,210090,43036000,23885000,0,23885000,19361000,210090,19151000,,,,439,68;175;2132;2198;2247;2576;2839;2840;3639,True;True;True;True;True;True;True;True;True,68;178;2187;2256;2305;2654;2924;2925;3753,116;117;298;299;3507;3615;3616;3698;4281;4282;4710;4711;4712;4713;6126,161;162;163;425;426;5137;5291;5292;5293;5403;6251;6252;6888;6889;6890;6891;9102;9103;9104,161;426;5137;5291;5403;6252;6888;6889;9103,,
sp|P38626|NCB5R_YEAST,sp|P38626|NCB5R_YEAST,3,3,3,,1,3,3,3,3,1,3,1,3,1,16.9,16.9,16.9,31.493,284,284,0,7.3897,NaN,NaN,NaN,0,0,Median,NaN,NaN,NaN,NaN,NaN,NaN,0,0,0,0,Median,Median,16.9,7.4,4712400,0,4712400,2794900,0,2794900,1917500,0,1917500,,,,440,1060;3650;4122,True;True;True,1086;3764;4255,1743;1744;6143;6964,2474;2475;2476;9126;10415,2475;9126;10415,,
sp|P38631|FKS1_YEAST;sp|P40989|FKS2_YEAST,sp|P38631|FKS1_YEAST;sp|P40989|FKS2_YEAST,2;1,2;1,2;1,;,2,2,2,2,0,2,0,2,0,2,2,2,2,214.85,1876,1876;1895,0,8.0936,NaN,NaN,NaN,0,0,Median,NaN,NaN,NaN,NaN,NaN,NaN,0,0,0,0,Median,Median,0,2,4928000,0,4928000,0,0,0,4928000,0,4928000,,,,441,2193;2505,True;True,2251;2580,3607;4158,5283;6073,5283;6073,,
sp|P38682|GLO3_YEAST,sp|P38682|GLO3_YEAST,2,2,2,,1,2,2,2,2,2,2,2,2,2,5.9,5.9,5.9,55.093,493,493,0,8.7244,8.3699,9.3509,182.51,4,4,Linear,2.225,1.034,2.4908,1.1511,94.431,291.64,2,2,2,2,Median,Median,5.9,5.9,6596000,1416000,5180000,2779800,291140,2488600,3816200,1124900,2691400,,,,442,2222;3669,True;True,2280;3784,3660;3661;6182;6183,5358;5359;9187;9188;9189,5358;9187,,
sp|P38687|SRP68_YEAST,sp|P38687|SRP68_YEAST,1,1,1,,1,1,1,1,0,1,0,1,0,1,2.7,2.7,2.7,69.005,599,599,0.0080429,1.2264,NaN,NaN,NaN,0,0,Median,NaN,NaN,NaN,NaN,NaN,NaN,0,0,0,0,Median,Median,0,2.7,1943200,0,1943200,0,0,0,1943200,0,1943200,,,,443,1600,TRUE,1638,2627,3810,3810,,
sp|P38689|KPR3_YEAST,sp|P38689|KPR3_YEAST,3,3,3,,1,3,3,3,3,3,3,3,3,3,15.9,15.9,15.9,35.123,320,320,0,10.76,NaN,NaN,NaN,0,0,Median,NaN,NaN,NaN,NaN,NaN,NaN,0,0,0,0,Median,Median,15.9,15.9,13986000,0,13986000,6459700,0,6459700,7526000,0,7526000,,,,444,11;1983;3482,True;True;True,11;2034;3592,22;23;24;3245;3246;5802;5803,34;35;36;4725;4726;8444;8445,35;4725;8444,,
sp|P38701|RS20_YEAST,sp|P38701|RS20_YEAST,14,14,14,,1,14,14,14,9,13,9,13,9,13,69.4,69.4,69.4,13.907,121,121,0,148.31,22.517,25.07,60.829,7,7,Median,23.018,17.076,41.5,19.012,66.622,39.118,5,2,5,2,Median,Median,52.9,69.4,332060000,1619100,330440000,121220000,1142300,120080000,210840000,476860,210360000,,,,445,881;882;1620;1776;2820;2821;3040;3104;3105;3802;3803;3894;3895;3998,True;True;True;True;True;True;True;True;True;True;True;True;True;True,902;903;1658;1817;2905;2906;3128;3197;3198;3920;3921;3922;4019;4020;4129,1450;1451;2657;2905;2906;4677;4678;4679;4680;4681;5033;5145;5146;5147;6406;6407;6408;6409;6410;6411;6571;6572;6573;6574;6759;6760;6761,2055;2056;3851;4216;4217;4218;6828;6829;6830;6831;6832;6833;6834;6835;6836;7331;7332;7333;7334;7478;7479;7480;7481;7482;7483;7484;7485;9539;9540;9541;9542;9543;9544;9545;9546;9547;9548;9549;9550;9786;9787;9788;9789;9790;9791;9792;9793;9794;9795;10090;10091;10092;10093,2055;2056;3851;4218;6828;6836;7332;7480;7483;9539;9548;9788;9790;10092,109,84
sp|P38707|SYNC_YEAST,sp|P38707|SYNC_YEAST,5,5,5,,1,5,5,5,1,5,1,5,1,5,15,15,15,62.206,554,554,0,29.999,NaN,NaN,NaN,0,0,Median,NaN,NaN,NaN,NaN,NaN,NaN,0,0,0,0,Median,Median,5.6,15,45424000,0,45424000,17745000,0,17745000,27679000,0,27679000,,,,446,796;2829;3387;3487;4330,True;True;True;True;True,816;2914;3493;3597;4469,1316;1317;1318;4696;5634;5812;7324,1887;1888;1889;1890;6872;8185;8461;10956,1887;6872;8185;8461;10956,,
sp|P38708|YHI0_YEAST,sp|P38708|YHI0_YEAST,12,12,12,,1,12,12,12,9,11,9,11,9,11,31.7,31.7,31.7,77.385,688,688,0,52.296,NaN,NaN,NaN,0,0,Median,NaN,NaN,NaN,NaN,NaN,NaN,0,0,0,0,Median,Median,25.6,29.1,82855000,0,82855000,33536000,0,33536000,49318000,0,49318000,,,,447,181;182;892;996;1092;1093;1129;1957;2449;2677;3266;3942,True;True;True;True;True;True;True;True;True;True;True;True,185;186;913;1022;1118;1119;1156;2007;2516;2761;3368;4068,309;310;311;1467;1468;1640;1641;1792;1793;1794;1847;3200;3201;4058;4451;4452;5435;5436;6646;6647,437;438;439;2076;2077;2311;2312;2313;2314;2315;2546;2547;2548;2627;4667;4668;4669;5936;6514;6515;7902;7903;9881;9882,437;439;2076;2311;2546;2548;2627;4669;5936;6514;7903;9881,,
sp|P38715|GRE3_YEAST,sp|P38715|GRE3_YEAST,2,2,2,,1,2,2,2,0,2,0,2,0,2,8,8,8,37.118,327,327,0,4.7107,5.8137,4.887,13.898,2,2,Median,NaN,5.8137,NaN,4.887,NaN,13.898,0,2,0,2,Median,Median,0,8,3006100,306410,2699600,0,0,0,3006100,306410,2699600,,,,448,232;4130,True;True,236;4263,388;6977,547;10428;10429,547;10428,,
sp|P38720|6PGD1_YEAST;sp|P53319|6PGD2_YEAST,sp|P38720|6PGD1_YEAST,9;1,9;1,9;1,,2,9,9,9,9,3,9,3,9,3,25.2,25.2,25.2,53.543,489,489;492,0,50.805,NaN,NaN,NaN,1,1,Median,NaN,NaN,NaN,NaN,NaN,NaN,1,0,1,0,Median,Median,25.2,9.6,54002000,105460,53896000,37324000,105460,37219000,16677000,0,16677000,,,,449,145;601;1045;2519;2610;2978;2979;3108;4037,True;True;True;True;True;True;True;True;True,147;615;1071;2596;2689;3064;3065;3201;4169,245;246;247;1004;1718;4183;4332;4333;4928;4929;5153;5154;6822,349;350;351;352;1433;1434;2436;6108;6323;6324;7180;7181;7182;7183;7491;7492;7493;10201,351;1433;2436;6108;6323;7180;7182;7493;10201,,
sp|P38754|RL14B_YEAST,sp|P38754|RL14B_YEAST,13,2,2,,1,13,2,2,9,11,2,1,2,1,68.8,7.2,7.2,15.153,138,138,0,3.4991,15.301,12.722,69.788,2,2,Median,NaN,NaN,NaN,NaN,NaN,NaN,1,1,1,1,Median,Median,43.5,68.8,12788000,232040,12556000,7374300,138310,7236000,5413300,93731,5319600,,,,450,33;34;407;408;1878;1897;1913;1914;2371;2754;3411;4226;4228,False;False;False;False;False;True;False;False;False;False;False;True;False,33;34;421;422;1922;1946;1962;1963;2430;2838;3519;4362;4364,59;60;690;691;3061;3062;3105;3106;3131;3132;3133;3134;3895;3896;4579;5680;5681;7139;7141;7142,86;87;88;1001;1002;4445;4446;4447;4448;4536;4537;4568;4569;4570;4571;4572;4573;4574;4575;4576;4577;4578;4579;4580;4581;5661;5662;5663;5664;6704;6705;8242;8243;10682;10685;10686;10687;10688;10689,86;87;1001;1002;4448;4536;4568;4577;5662;6704;8242;10682;10688,,
sp|P38764|RPN1_YEAST,sp|P38764|RPN1_YEAST,6,6,6,,1,6,6,6,5,3,5,3,5,3,7.9,7.9,7.9,109.49,993,993,0,13.107,NaN,NaN,NaN,0,0,Median,NaN,NaN,NaN,NaN,NaN,NaN,0,0,0,0,Median,Median,6.8,3.5,10734000,1963300,8770700,6218500,1963300,4255200,4515500,0,4515500,,,,451,1838;2270;2271;2818;3385;3741,True;True;True;True;True;True,1881;2328;2329;2903;3491;3856,3002;3003;3732;3733;3734;4675;5632;6296,4358;4359;5451;5452;5453;6826;8183;9362,4358;5451;5453;6826;8183;9362,,
sp|P38777|FSH1_YEAST,sp|P38777|FSH1_YEAST,3,3,3,,1,3,3,3,3,0,3,0,3,0,14.4,14.4,14.4,27.339,243,243,0,4.7664,NaN,NaN,NaN,0,0,Median,NaN,NaN,NaN,NaN,NaN,NaN,0,0,0,0,Median,Median,14.4,0,3914900,0,3914900,3914900,0,3914900,0,0,0,,,,452,2149;4005;4368,True;True;True,2206;4136;4507,3537;6769;7386,5176;5177;10101;11041,5176;10101;11041,,
sp|P38779|CIC1_YEAST,sp|P38779|CIC1_YEAST,3,3,3,,1,3,3,3,3,2,3,2,3,2,11.4,11.4,11.4,42.529,376,376,0,9.56,NaN,NaN,NaN,0,0,Median,NaN,NaN,NaN,NaN,NaN,NaN,0,0,0,0,Median,Median,11.4,8,5536400,0,5536400,3777900,0,3777900,1758500,0,1758500,,,,453,841;1140;1825,True;True;True,861;1167;1868,1388;1866;1867;2983;2984,1975;2659;2660;4335;4336,1975;2660;4335,,
sp|P38788|SSZ1_YEAST,sp|P38788|SSZ1_YEAST,17,17,17,,1,17,17,17,14,14,14,14,14,14,44.8,44.8,44.8,58.237,538,538,0,109.74,11.292,8.4093,84.024,6,6,Median,8.3763,11.292,6.8584,9.1392,54.175,103.37,2,4,2,4,Median,Median,36.8,36.2,204590000,4317300,200270000,86838000,1991900,84846000,117750000,2325300,115420000,,,,454,95;544;695;801;1181;1912;2195;2358;2413;2496;2547;2561;2701;3674;3915;3936;3937,True;True;True;True;True;True;True;True;True;True;True;True;True;True;True;True;True,96;558;712;821;1211;1961;2253;2417;2472;2570;2625;2639;2785;3789;4040;4061;4062,159;910;911;1155;1326;1327;1943;1944;3129;3130;3610;3611;3873;3874;3875;3971;3972;4142;4143;4231;4232;4255;4256;4257;4490;6191;6605;6635;6636;6637;6638,227;1300;1301;1302;1303;1644;1900;1901;2776;2777;2778;2779;4564;4565;4566;4567;5286;5287;5629;5630;5631;5799;5800;5801;5802;6045;6046;6047;6167;6168;6214;6215;6216;6217;6218;6572;9200;9833;9869;9870;9871;9872;9873,227;1300;1644;1901;2776;4566;5287;5629;5801;6047;6168;6216;6572;9200;9833;9869;9872,,
sp|P38791|DHYS_YEAST,sp|P38791|DHYS_YEAST,4,4,4,,1,4,4,4,4,3,4,3,4,3,15,15,15,42.892,387,387,0,11.412,NaN,NaN,NaN,1,1,Median,NaN,NaN,NaN,NaN,NaN,NaN,0,1,0,1,Median,Median,15,12.4,19429000,1084300,18345000,9590500,0,9590500,9838600,1084300,8754400,,,,455,561;1563;1765;2479,True;True;True;True,575;1599;1806;2549,943;944;2554;2555;2886;2887;4106,1354;1355;3680;3681;4189;4190;5993;5994,1354;3680;4189;5994,,
sp|P38810|SFB3_YEAST,sp|P38810|SFB3_YEAST,1,1,1,,1,1,1,1,0,1,0,1,0,1,1.4,1.4,1.4,103.95,929,929,0,2.1849,NaN,NaN,NaN,0,0,Median,NaN,NaN,NaN,NaN,NaN,NaN,0,0,0,0,Median,Median,0,1.4,422910,0,422910,0,0,0,422910,0,422910,,,,456,4137,TRUE,4270,6988,10447,10447,,
sp|P38817|GGA2_YEAST,sp|P38817|GGA2_YEAST,1,1,1,,1,1,1,1,1,1,1,1,1,1,2.4,2.4,2.4,64.346,585,585,0,3.0193,NaN,NaN,NaN,0,0,Median,NaN,NaN,NaN,NaN,NaN,NaN,0,0,0,0,Median,Median,2.4,2.4,2478200,0,2478200,1185100,0,1185100,1293000,0,1293000,,,,457,2232,TRUE,2290,3677;3678,5380;5381,5380,,
sp|P38837|NSG1_YEAST,sp|P38837|NSG1_YEAST,1,1,1,,1,1,1,1,1,1,1,1,1,1,5.5,5.5,5.5,32.214,291,291,0,3.2625,NaN,NaN,NaN,0,0,Median,NaN,NaN,NaN,NaN,NaN,NaN,0,0,0,0,Median,Median,5.5,5.5,2067900,0,2067900,795110,0,795110,1272800,0,1272800,,,,458,2668,TRUE,2752,4440;4441,6501;6502,6502,,
sp|P38845|CRP1_YEAST,sp|P38845|CRP1_YEAST,1,1,1,,1,1,1,1,1,1,1,1,1,1,2.4,2.4,2.4,51.115,465,465,0,2.3385,NaN,NaN,NaN,0,0,Median,NaN,NaN,NaN,NaN,NaN,NaN,0,0,0,0,Median,Median,2.4,2.4,2097400,0,2097400,1023000,0,1023000,1074400,0,1074400,,,,459,3909,TRUE,4034,6595;6596,9820;9821;9822,9820,,
sp|P38879|NACA_YEAST,sp|P38879|NACA_YEAST,9,9,9,,1,9,9,9,7,8,7,8,7,8,56.9,56.9,56.9,18.709,174,174,0,56.249,65.623,53.256,98.083,4,4,Median,NaN,76.416,NaN,44.959,NaN,119.23,1,3,1,3,Median,Median,54.6,48.9,119850000,728270,119130000,56060000,349540,55710000,63794000,378730,63416000,,,,460,189;280;608;720;2064;2808;3056;3060;3871,True;True;True;True;True;True;True;True;True,193;284;622;738;2117;2893;3144;3149;3995,322;471;472;473;1016;1017;1191;1192;3393;4661;4662;5060;5061;5071;5072;6531;6532,452;664;665;666;667;668;1451;1452;1685;1686;4984;6811;6812;7367;7368;7369;7383;7384;7385;9729;9730;9731;9732;9733;9734;9735,452;667;1451;1686;4984;6812;7368;7383;9734,,
sp|P38886|RPN10_YEAST,sp|P38886|RPN10_YEAST,1,1,1,,1,1,1,1,1,1,1,1,1,1,4.9,4.9,4.9,29.747,268,268,0,2.2524,NaN,NaN,NaN,1,1,Median,NaN,NaN,NaN,NaN,NaN,NaN,1,0,1,0,Median,Median,4.9,4.9,3379200,17542,3361700,1377300,17542,1359800,2001900,0,2001900,,,,461,1516,TRUE,1551,2478;2479,3568;3569,3569,,
sp|P38891|BCA1_YEAST,sp|P38891|BCA1_YEAST,3,3,3,,1,3,3,3,2,2,2,2,2,2,15.3,15.3,15.3,43.596,393,393,0,4.9868,NaN,NaN,NaN,0,0,Median,NaN,NaN,NaN,NaN,NaN,NaN,0,0,0,0,Median,Median,11.2,9.4,5927700,0,5927700,3353700,0,3353700,2574000,0,2574000,,,,462,505;536;1978,True;True;True,519;550;2028,844;845;895;3235,1208;1209;1281;4706,1209;1281;4706,,
sp|P38902|RPB11_YEAST,sp|P38902|RPB11_YEAST,2,2,2,,1,2,2,2,1,2,1,2,1,2,29.2,29.2,29.2,13.615,120,120,0,3.991,7.7841,6.7638,46.382,2,2,Median,NaN,NaN,NaN,NaN,NaN,NaN,1,1,1,1,Median,Median,15,29.2,5296000,190550,5105400,1345700,112840,1232900,3950300,77713,3872500,,,,463,807;1405,True;True,827;1440,1334;1335;2306,1908;1909;3315,1908;3315,,
sp|P38903|2A5D_YEAST,sp|P38903|2A5D_YEAST,2,2,2,,1,2,2,2,1,2,1,2,1,2,3.4,3.4,3.4,85.334,757,757,0,2.49,NaN,NaN,NaN,0,0,Median,NaN,NaN,NaN,NaN,NaN,NaN,0,0,0,0,Median,Median,3.4,3.4,1660000,0,1660000,797890,0,797890,862100,0,862100,,,,464,3547;3548,True;True,3657;3658,5928;5929;5930,8649;8650;8651,8649;8650,,
sp|P38910|CH10_YEAST,sp|P38910|CH10_YEAST,5,5,5,,1,5,5,5,5,4,5,4,5,4,51.9,51.9,51.9,11.372,106,106,0,23.141,NaN,NaN,NaN,0,0,Median,NaN,NaN,NaN,NaN,NaN,NaN,0,0,0,0,Median,Median,51.9,51.9,28642000,0,28642000,13286000,0,13286000,15356000,0,15356000,,,,465,2214;3240;3241;3544;3545,True;True;True;True;True,2272;3339;3340;3654;3655,3643;3644;5387;5388;5389;5390;5923;5924;5925,5329;5330;5331;7837;7838;7839;7840;8629;8630;8631;8632,5331;7838;7839;8629;8630,,
sp|P38911|FKBP3_YEAST;sp|Q06205|FKBP4_YEAST,sp|P38911|FKBP3_YEAST,5;1,5;1,5;1,,2,5,5,5,4,5,4,5,4,5,19.5,19.5,19.5,46.553,411,411;392,0,13.128,6.4431,8.6195,85.717,4,4,Median,NaN,6.9034,NaN,5.5652,NaN,91.295,1,3,1,3,Median,Median,14.4,19.5,24796000,876230,23919000,12193000,240300,11953000,12603000,635930,11967000,,,,466,686;1621;2712;2758;4013,True;True;True;True;True,702;1659;2796;2842;4144,1137;1138;2658;4510;4511;4585;4586;6781;6782,1620;1621;3852;6602;6603;6719;6720;10122;10123,1620;3852;6603;6720;10123,,
sp|P38912|IF1A_YEAST,sp|P38912|IF1A_YEAST,2,2,2,,1,2,2,2,2,1,2,1,2,1,17,17,17,17.435,153,153,0,13.555,NaN,NaN,NaN,0,0,Median,NaN,NaN,NaN,NaN,NaN,NaN,0,0,0,0,Median,Median,17,10.5,11320000,0,11320000,5503100,0,5503100,5816600,0,5816600,,,,467,2480;2664,True;True,2550;2748,4107;4108;4433,5995;5996;6483;6484,5995;6483,,
sp|P38934|BFR1_YEAST,sp|P38934|BFR1_YEAST,8,8,8,,1,8,8,8,8,5,8,5,8,5,27.9,27.9,27.9,54.639,470,470,0,37.838,NaN,NaN,NaN,0,0,Median,NaN,NaN,NaN,NaN,NaN,NaN,0,0,0,0,Median,Median,27.9,16,29627000,0,29627000,16017000,0,16017000,13610000,0,13610000,,,,468,607;711;1131;1560;1799;2209;2698;2801,True;True;True;True;True;True;True;True,621;728;1158;1596;1840;2267;2782;2886,1014;1015;1177;1178;1850;1851;2551;2941;2942;3636;4485;4486;4651,1447;1448;1449;1450;1667;1668;2630;2631;2632;2633;3677;4259;4260;4261;5322;6567;6568;6800,1447;1667;2633;3677;4261;5322;6568;6800,,
sp|P38968|SEC31_YEAST,sp|P38968|SEC31_YEAST,4,4,4,,1,4,4,4,4,1,4,1,4,1,4.8,4.8,4.8,138.72,1273,1273,0,8.2615,NaN,NaN,NaN,1,1,Median,NaN,NaN,NaN,NaN,NaN,NaN,0,1,0,1,Median,Median,4.8,1.3,20941000,11471000,9470300,6196900,0,6196900,14744000,11471000,3273400,,,,469,226;387;2384;3284,True;True;True;True,230;400;2443;3387,378;655;3916;3917;5465,528;947;5699;5700;7950,528;947;5699;7950,,
sp|P38972|PUR4_YEAST,sp|P38972|PUR4_YEAST,13,13,13,,1,13,13,13,10,11,10,11,10,11,14,14,14,148.9,1358,1358,0,45.543,7.411,7.0402,119.75,4,4,Median,2.7861,26.454,2.3228,17.392,46.624,17.71,2,2,2,2,Median,Median,10,11.8,44038000,368400,43669000,20290000,293140,19997000,23747000,75257,23672000,,,,470,442;722;1201;1458;1536;2123;2263;2324;2912;3485;3754;3761;4088,True;True;True;True;True;True;True;True;True;True;True;True;True,456;740;1232;1493;1571;2178;2321;2383;2997;3595;3869;3876;4221,749;750;1194;1977;2383;2384;2511;2512;3495;3496;3722;3723;3816;3817;4829;5807;5808;5809;6315;6326;6327;6911,1079;1080;1081;1689;2818;3427;3428;3608;3609;5120;5121;5440;5441;5556;5557;7042;7043;8455;8456;8457;9395;9409;9410;10337,1079;1689;2818;3427;3608;5120;5441;5556;7042;8455;9395;9409;10337,,
sp|P38986|ASPG1_YEAST,sp|P38986|ASPG1_YEAST,5,5,5,,1,5,5,5,3,2,3,2,3,2,14.7,14.7,14.7,41.395,381,381,0,16.278,7.0198,5.5948,39.605,2,2,Median,NaN,NaN,NaN,NaN,NaN,NaN,1,1,1,1,Median,Median,11.8,7.1,10007000,740580,9266500,6031500,445500,5586000,3975600,295080,3680500,,,,471,810;1525;2296;3349;3350,True;True;True;True;True,830;1560;2355;3455;3456,1338;2498;3776;5570;5571,1912;3595;5504;8093;8094,1912;3595;5504;8093;8094,,
sp|P39005|KRE9_YEAST,sp|P39005|KRE9_YEAST,1,1,1,,1,1,1,1,1,0,1,0,1,0,4,4,4,29.988,276,276,0.0042918,1.9123,NaN,NaN,NaN,0,0,Median,NaN,NaN,NaN,NaN,NaN,NaN,0,0,0,0,Median,Median,4,0,716520,0,716520,716520,0,716520,0,0,0,,,,472,1623,TRUE,1661,2661,3856,3856,,
sp|P39015|STM1_YEAST,sp|P39015|STM1_YEAST,16,16,16,,1,16,16,16,12,13,12,13,12,13,63.7,63.7,63.7,29.995,273,273,0,83.984,9.4765,4.7121,131.89,4,4,Median,9.4765,8.2335,1.5662,8.1335,144.08,65.496,2,2,2,2,Median,Median,57.1,61.5,445630000,3111500,442520000,179830000,1417600,178420000,265790000,1693900,264100000,,,,473,786;803;804;1246;1692;1774;1869;1881;2580;2682;3325;3326;3538;3539;3906;4070,True;True;True;True;True;True;True;True;True;True;True;True;True;True;True;True,806;823;824;1278;1733;1815;1913;1925;2658;2766;3431;3432;3648;3649;4031;4203,1303;1304;1329;1330;1331;2044;2045;2776;2777;2902;3045;3046;3067;4288;4459;4460;5535;5536;5537;5909;5910;5911;5912;5913;6591;6592;6883;6884,1868;1869;1870;1871;1872;1873;1874;1903;1904;1905;2908;2909;4043;4044;4045;4212;4213;4415;4416;4417;4418;4419;4420;4453;4454;6258;6529;6530;6531;6532;8044;8045;8046;8047;8048;8049;8607;8608;8609;8610;8611;8612;8613;9816;9817;10298;10299,1873;1903;1904;2908;4045;4212;4415;4454;6258;6529;8044;8047;8608;8613;9816;10298,,
sp|P39076|TCPB_YEAST,sp|P39076|TCPB_YEAST,7,7,7,,1,7,7,7,6,3,6,3,6,3,12.9,12.9,12.9,57.203,527,527,0,15.332,NaN,NaN,NaN,1,1,Median,NaN,NaN,NaN,NaN,NaN,NaN,1,0,1,0,Median,Median,11.2,6.6,10822000,96299,10726000,5455400,96299,5359100,5366800,0,5366800,,,,474,469;470;1527;3223;3265;3437;3697,True;True;True;True;True;True;True,483;484;1562;3322;3367;3545;3812,792;793;794;2500;2501;5359;5434;5717;6226,1136;1137;1138;3597;3598;7790;7901;8293;9256,1136;1138;3597;7790;7901;8293;9256,,
sp|P39077|TCPG_YEAST,sp|P39077|TCPG_YEAST,5,5,5,,1,5,5,5,2,4,2,4,2,4,17.4,17.4,17.4,58.814,534,534,0,16.245,NaN,NaN,NaN,0,0,Median,NaN,NaN,NaN,NaN,NaN,NaN,0,0,0,0,Median,Median,4.9,14.4,12268000,0,12268000,2573000,0,2573000,9695500,0,9695500,,,,475,670;1319;2422;2492;2506,True;True;True;True;True,686;1353;2481;2566;2581,1113;2157;3986;3987;4137;4159,1591;3054;5820;5821;6040;6074,1591;3054;5820;6040;6074,,
sp|P39078|TCPD_YEAST,sp|P39078|TCPD_YEAST,5,5,5,,1,5,5,5,2,5,2,5,2,5,17.4,17.4,17.4,57.603,528,528,0,29.35,NaN,NaN,NaN,0,0,Median,NaN,NaN,NaN,NaN,NaN,NaN,0,0,0,0,Median,Median,8.7,17.4,14886000,0,14886000,4457300,0,4457300,10429000,0,10429000,,,,476,1460;3216;3217;3460;3749,True;True;True;True;True,1495;3314;3315;3568;3864,2387;2388;5347;5348;5757;6308;6309,3431;3432;3433;3434;3435;7761;7762;8350;9385;9386;9387,3434;7761;7762;8350;9385,,
sp|P39079|TCPZ_YEAST,sp|P39079|TCPZ_YEAST,4,4,4,,1,4,4,4,3,3,3,3,3,3,9.9,9.9,9.9,59.923,546,546,0,7.5149,NaN,NaN,NaN,0,0,Median,NaN,NaN,NaN,NaN,NaN,NaN,0,0,0,0,Median,Median,7.1,7.9,7496300,0,7496300,3389500,0,3389500,4106900,0,4106900,,,,477,107;1145;3577;3703,True;True;True;True,108;1173;3687;3818,178;1875;1876;5975;5976;6236,257;2670;2671;8710;8711;9269,257;2670;8710;9269,,
sp|P39101|CAJ1_YEAST,sp|P39101|CAJ1_YEAST,3,3,3,,1,3,3,3,1,3,1,3,1,3,10.2,10.2,10.2,44.854,391,391,0,13.741,NaN,NaN,NaN,1,1,Median,NaN,NaN,NaN,NaN,NaN,NaN,0,1,0,1,Median,Median,3.6,10.2,7593400,288450,7304900,2723700,0,2723700,4869700,288450,4581300,,,,478,324;1044;3088,True;True;True,328;1070;3179,537;1717;5118;5119,764;2435;7444;7445,764;2435;7445,,
sp|P39107|MNN9_YEAST,sp|P39107|MNN9_YEAST,1,1,1,,1,1,1,1,1,0,1,0,1,0,4.1,4.1,4.1,45.954,395,395,0,3.3735,NaN,NaN,NaN,0,0,Median,NaN,NaN,NaN,NaN,NaN,NaN,0,0,0,0,Median,Median,4.1,0,1346800,0,1346800,1346800,0,1346800,0,0,0,,,,479,215,TRUE,219,364,505,505,,
sp|P39516|RS14B_YEAST,sp|P39516|RS14B_YEAST,19,19,3,,1,19,19,3,11,18,11,18,2,2,88.4,88.4,26.1,14.65,138,138,0,115.03,7.2335,5.8916,108.02,9,9,Median,4.8421,8.358,5.8916,6.002,156.02,90.322,3,6,3,6,Median,Median,71.7,88.4,299200000,3942500,295250000,77270000,2375600,74894000,221930000,1566900,220360000,,,,480,72;73;336;337;338;429;560;721;947;948;961;1470;1670;1671;1672;3665;3666;3712;3993,True;True;True;True;True;True;True;True;True;True;True;True;True;True;True;True;True;True;True,72;73;74;342;343;344;345;443;574;739;971;972;973;986;1505;1709;1710;1711;3780;3781;3827;4124,122;123;124;125;126;559;560;561;562;563;726;727;939;940;941;942;1193;1556;1557;1558;1559;1560;1561;1584;1585;2403;2404;2741;2742;2743;2744;6175;6176;6177;6250;6751;6752,168;169;170;171;172;173;174;175;176;177;178;179;180;181;182;809;810;811;812;813;1050;1051;1350;1351;1352;1353;1687;1688;2189;2190;2191;2192;2193;2194;2195;2238;2239;2240;3456;3457;3458;3974;3975;3976;3977;3978;3979;3980;3981;3982;3983;3984;3985;9175;9176;9177;9178;9179;9289;10080;10081;10082,173;182;809;811;813;1050;1352;1687;2191;2194;2238;3456;3980;3984;3985;9175;9178;9289;10080,54;55,47;62
sp|P39517|DHH1_YEAST,sp|P39517|DHH1_YEAST,1,1,1,,1,1,1,1,0,1,0,1,0,1,3,3,3,57.543,506,506,0,3.834,NaN,NaN,NaN,0,0,Median,NaN,NaN,NaN,NaN,NaN,NaN,0,0,0,0,Median,Median,0,3,1073300,0,1073300,0,0,0,1073300,0,1073300,,,,481,1793,TRUE,1834,2929,4247,4247,,
sp|P39522|ILV3_YEAST,sp|P39522|ILV3_YEAST,10,10,10,,1,10,10,10,7,7,7,7,7,7,27.9,27.9,27.9,62.86,585,585,0,46.352,0.43161,0.50464,72.162,2,2,Median,0.43161,NaN,0.50464,NaN,72.162,NaN,2,0,2,0,Median,Median,25.8,23.8,70311000,4346600,65965000,41272000,4346600,36926000,29039000,0,29039000,,,,482,778;1611;1862;1920;1921;2302;2859;3696;4369;4392,True;True;True;True;True;True;True;True;True;True,797;1649;1906;1970;1971;2361;2944;3811;4508;4531,1289;1290;2646;3037;3143;3144;3783;3784;4741;4742;6225;7387;7388;7425;7426,1852;1853;3833;4405;4591;4592;5512;5513;6925;6926;6927;9254;9255;11042;11043;11101;11102,1852;3833;4405;4591;4592;5512;6925;9254;11042;11102,,
sp|P39533|ACON2_YEAST,sp|P39533|ACON2_YEAST,1,1,1,,1,1,1,1,1,0,1,0,1,0,1.9,1.9,1.9,86.582,789,789,0,3.7562,NaN,NaN,NaN,0,0,Median,NaN,NaN,NaN,NaN,NaN,NaN,0,0,0,0,Median,Median,1.9,0,2550500,0,2550500,2550500,0,2550500,0,0,0,,,,483,179,TRUE,183,306,434,434,,
sp|P39676|FHP_YEAST,sp|P39676|FHP_YEAST,8,8,8,,1,8,8,8,5,6,5,6,5,6,28.8,28.8,28.8,44.646,399,399,0,56.311,5.9716,5.5345,112.03,3,3,Median,8.9288,NaN,14.076,NaN,132.01,NaN,2,1,2,1,Median,Median,19.5,22.6,54682000,623810,54058000,25126000,283270,24842000,29556000,340530,29216000,,,,484,304;452;453;564;984;2434;2598;2649,True;True;True;True;True;True;True;True,308;466;467;578;1009;2497;2676;2730,507;766;767;768;949;1620;1621;4019;4315;4399;4400;4401,721;722;1099;1100;1101;1102;1103;1104;1105;1360;2285;2286;5878;6303;6419;6420;6421,721;1099;1102;1360;2285;5878;6303;6419,,
sp|P39714|BDH1_YEAST,sp|P39714|BDH1_YEAST,1,1,1,,1,1,1,1,1,0,1,0,1,0,5.2,5.2,5.2,41.582,382,382,0,2.9844,NaN,NaN,NaN,0,0,Median,NaN,NaN,NaN,NaN,NaN,NaN,0,0,0,0,Median,Median,5.2,0,823230,0,823230,823230,0,823230,0,0,0,,,,485,2297,TRUE,2356,3777,5505,5505,,
sp|P39730|IF2P_YEAST,sp|P39730|IF2P_YEAST,14,14,14,,1,14,14,14,13,9,13,9,13,9,19.2,19.2,19.2,112.27,1002,1002,0,49.852,6.819,4.4934,12.143,2,2,Median,NaN,NaN,NaN,NaN,NaN,NaN,1,1,1,1,Median,Median,18,12.8,46843000,480870,46362000,24701000,360130,24341000,22143000,120740,22022000,,,,486,129;705;713;777;816;1362;1573;2017;2857;3010;3025;3026;3443;3988,True;True;True;True;True;True;True;True;True;True;True;True;True;True,131;722;730;796;836;1397;1609;2068;2942;3097;3113;3114;3551;4119,219;220;1169;1180;1288;1348;2237;2567;2568;3299;3300;4738;4739;4980;5005;5006;5007;5008;5726;5727;6744;6745,309;310;1659;1671;1851;1926;3227;3696;3697;4800;4801;6921;6922;6923;7260;7293;7294;7295;7296;8304;8305;8306;8307;10072;10073,309;1659;1671;1851;1926;3227;3696;4800;6921;7260;7293;7296;8304;10072,,
sp|P39742|SEC72_YEAST,sp|P39742|SEC72_YEAST,1,1,1,,1,1,1,1,1,1,1,1,1,1,5.2,5.2,5.2,21.607,193,193,0,3.5683,NaN,NaN,NaN,1,1,Median,NaN,NaN,NaN,NaN,NaN,NaN,1,0,1,0,Median,Median,5.2,5.2,1469400,295180,1174200,1469400,295180,1174200,0,0,0,,,,487,4156,TRUE,4289,7019;7020,10494;10495,10494,,
sp|P39743|RV167_YEAST,sp|P39743|RV167_YEAST,2,2,2,,1,2,2,2,2,2,2,2,2,2,7.3,7.3,7.3,52.774,482,482,0,21.498,NaN,NaN,NaN,0,0,Median,NaN,NaN,NaN,NaN,NaN,NaN,0,0,0,0,Median,Median,7.3,7.3,13242000,0,13242000,6628100,0,6628100,6614000,0,6614000,,,,488,1775;3045,True;True,1816;3133,2903;2904;5041;5042,4214;4215;7345;7346,4214;7345,,
sp|P39744|NOC2_YEAST,sp|P39744|NOC2_YEAST,4,4,4,,1,4,4,4,2,4,2,4,2,4,6.9,6.9,6.9,81.6,710,710,0,12.698,NaN,NaN,NaN,0,0,Median,NaN,NaN,NaN,NaN,NaN,NaN,0,0,0,0,Median,Median,2.8,6.9,8166700,0,8166700,1608700,0,1608700,6558000,0,6558000,,,,489,56;572;1849;2217,True;True;True;True,56;586;1892;2275,96;960;961;3019;3653;3654,138;1376;1377;4379;5351;5352,138;1377;4379;5351,,
sp|P39935|IF4F1_YEAST,sp|P39935|IF4F1_YEAST,10,10,10,,1,10,10,10,9,6,9,6,9,6,15.8,15.8,15.8,107.1,952,952,0,50.151,NaN,NaN,NaN,0,0,Median,NaN,NaN,NaN,NaN,NaN,NaN,0,0,0,0,Median,Median,14.1,10,19903000,0,19903000,11578000,0,11578000,8325100,0,8325100,,,,490,57;412;927;2126;2238;2239;3053;3560;3568;3760,True;True;True;True;True;True;True;True;True;True,57;426;951;2181;2296;2297;3141;3670;3678;3875,97;98;696;697;1525;3499;3500;3685;3686;5057;5951;5952;5964;6324;6325,139;140;1010;1011;2151;5125;5126;5127;5128;5388;5389;7364;8678;8679;8694;8695;9406;9407;9408,139;1010;2151;5128;5388;5389;7364;8679;8694;9407,,
sp|P39939|RS26B_YEAST;sp|P39938|RS26A_YEAST,sp|P39939|RS26B_YEAST;sp|P39938|RS26A_YEAST,3;3,3;3,3;3,;,2,3,3,3,2,2,2,2,2,2,33.6,33.6,33.6,13.447,119,119;119,0,15.274,NaN,NaN,NaN,1,1,Median,NaN,NaN,NaN,NaN,NaN,NaN,1,0,1,0,Median,Median,30.3,33.6,29815000,295990,29519000,14548000,295990,14252000,15266000,0,15266000,,,,491,2084;2618;2619,True;True;True,2138;2697;2698,3423;3424;4346;4347,5021;5022;5023;6338;6339;6340,5023;6338;6340,,
sp|P39954|SAHH_YEAST,sp|P39954|SAHH_YEAST,20,20,20,,1,20,20,20,18,19,18,19,18,19,37.6,37.6,37.6,49.125,449,449,0,98.949,17.425,14.62,114.83,13,13,Median,15.96,24.849,16.849,14.62,72.091,144.53,6,7,6,7,Median,Median,35.4,35.6,448170000,9624300,438540000,167660000,2497000,165160000,280510000,7127300,273380000,,,,492,525;850;865;1023;1071;1072;1177;1364;1518;2135;2900;3067;3251;3615;3616;3852;3853;3854;4090;4091,True;True;True;True;True;True;True;True;True;True;True;True;True;True;True;True;True;True;True;True,539;870;885;1049;1097;1098;1207;1399;1553;2190;2985;3157;3352;3728;3729;3975;3976;3977;3978;4223;4224,877;1400;1401;1423;1424;1425;1682;1683;1759;1760;1761;1936;1937;2239;2240;2481;2482;3510;3511;4812;5083;5084;5409;5410;6079;6080;6081;6082;6083;6084;6494;6495;6496;6497;6498;6499;6500;6501;6914;6915;6916;6917;6918;6919,1258;1259;1996;1997;2022;2023;2024;2025;2383;2384;2385;2386;2494;2495;2496;2497;2498;2499;2769;2770;3229;3230;3231;3571;3572;3573;3574;5140;5141;7017;7018;7405;7406;7871;7872;7873;8986;8987;8988;8989;8990;8991;8992;8993;8994;8995;8996;8997;8998;9678;9679;9680;9681;9682;9683;9684;9685;10342;10343;10344;10345;10346;10347;10348;10349;10350;10351;10352;10353,1258;1997;2024;2383;2494;2495;2770;3231;3571;5141;7017;7405;7872;8987;8995;9679;9681;9684;10343;10348,110,238
sp|P39958|GDI1_YEAST,sp|P39958|GDI1_YEAST,3,3,3,,1,3,3,3,2,2,2,2,2,2,11.3,11.3,11.3,51.206,451,451,0,5.8156,2.1259,2.1666,65.498,2,2,Median,NaN,NaN,NaN,NaN,NaN,NaN,1,1,1,1,Median,Median,6.4,9.5,10108000,784710,9323400,3142300,303920,2838400,6965800,480790,6485000,,,,493,1682;2071;2152,True;True;True,1723;2124;2209,2762;3401;3402;3542,4024;4992;4993;5183,4024;4992;5183,,
sp|P39960|BEM2_YEAST,sp|P39960|BEM2_YEAST,2,2,2,,1,2,2,2,2,1,2,1,2,1,2.1,2.1,2.1,245.43,2167,2167,0,3.2702,NaN,NaN,NaN,1,0,Median,NaN,NaN,NaN,NaN,NaN,NaN,1,0,0,0,Median,Median,2.1,0.7,10899000,8702000,2197500,10301000,8702000,1598900,598590,0,598590,,,,494,1839;2083,True;True,1882;2137,3004;3005;3422,4360;4361;5020,4361;5020,,
sp|P39976|DLD3_YEAST,sp|P39976|DLD3_YEAST,5,5,5,,1,5,5,5,5,4,5,4,5,4,15.3,15.3,15.3,55.224,496,496,0,16.361,NaN,NaN,NaN,0,0,Median,NaN,NaN,NaN,NaN,NaN,NaN,0,0,0,0,Median,Median,15.3,13.5,15651000,0,15651000,7610700,0,7610700,8040300,0,8040300,,,,495,666;1909;2117;3486;3512,True;True;True;True;True,682;1958;2172;3596;3622,1107;1108;3123;3124;3487;5810;5811;5862;5863,1582;1583;1584;4556;4557;5111;8458;8459;8460;8527;8528,1582;4557;5111;8459;8528,,
sp|P39986|ATC6_YEAST,sp|P39986|ATC6_YEAST,4,4,4,,1,4,4,4,3,2,3,2,3,2,4.5,4.5,4.5,135.27,1215,1215,0,10.212,NaN,NaN,NaN,0,0,Median,NaN,NaN,NaN,NaN,NaN,NaN,0,0,0,0,Median,Median,3.6,2.3,8270500,0,8270500,3999500,0,3999500,4270900,0,4270900,,,,496,1970;2051;3013;3194,True;True;True;True,2020;2104;3101;3292,3223;3373;4986;4987;5300,4694;4951;7266;7267;7694,4694;4951;7267;7694,,
sp|P39990|SNU13_YEAST,sp|P39990|SNU13_YEAST,1,1,1,,1,1,1,1,1,1,1,1,1,1,17.5,17.5,17.5,13.569,126,126,0,13.102,0.54212,0.72524,47.32,2,2,Median,NaN,NaN,NaN,NaN,NaN,NaN,1,1,1,1,Median,Median,17.5,17.5,11141000,5749900,5391000,2728300,1424000,1304300,8412600,4325900,4086700,,,,497,54,TRUE,54,93;94,135;136,136,,
sp|P40005|PFD2_YEAST,sp|P40005|PFD2_YEAST,1,1,1,,1,1,1,1,1,0,1,0,1,0,7.2,7.2,7.2,12.994,111,111,0.0068871,1.4585,NaN,NaN,NaN,0,0,Median,NaN,NaN,NaN,NaN,NaN,NaN,0,0,0,0,Median,Median,7.2,0,537720,0,537720,537720,0,537720,0,0,0,,,,498,618,TRUE,632,1034,1475,1475,,
sp|P40010|NUG1_YEAST,sp|P40010|NUG1_YEAST,6,6,6,,1,6,6,6,4,5,4,5,4,5,17.7,17.7,17.7,57.708,520,520,0,24.743,NaN,NaN,NaN,0,0,Median,NaN,NaN,NaN,NaN,NaN,NaN,0,0,0,0,Median,Median,13.8,13.7,19847000,0,19847000,10131000,0,10131000,9716700,0,9716700,,,,499,1204;3103;3382;3406;3869;3889,True;True;True;True;True;True,1235;3196;3488;3514;3993;4013,1980;5144;5628;5629;5671;6527;6528;6562;6563,2822;7477;8178;8179;8180;8230;9723;9724;9725;9772;9773;9774,2822;7477;8178;8230;9724;9773,,
sp|P40016|RPN3_YEAST,sp|P40016|RPN3_YEAST,1,1,1,,1,1,1,1,1,1,1,1,1,1,4.2,4.2,4.2,60.392,523,523,0.0042857,1.8848,NaN,NaN,NaN,0,0,Median,NaN,NaN,NaN,NaN,NaN,NaN,0,0,0,0,Median,Median,4.2,4.2,1889600,0,1889600,1889600,0,1889600,0,0,0,,,,500,414,TRUE,428,700;701,1016;1017,1016,,
sp|P40024|ARB1_YEAST,sp|P40024|ARB1_YEAST,13,13,13,,1,13,13,13,10,9,10,9,10,9,23.9,23.9,23.9,68.376,610,610,0,57.459,2.8308,1.7577,187.74,3,3,Median,4.7915,NaN,5.6257,NaN,164.52,NaN,2,1,2,1,Median,Median,19.5,20.7,66113000,2212800,63901000,32100000,591550,31509000,34013000,1621200,32392000,,,,501,770;1073;1381;1725;1759;2076;2316;2332;2435;3062;3729;4023;4024,True;True;True;True;True;True;True;True;True;True;True;True;True,789;1099;1416;1766;1800;2129;2375;2391;2498;3151;3844;4155;4156,1278;1762;2271;2272;2826;2876;2877;3410;3411;3412;3804;3827;3828;4020;4021;5074;6277;6278;6800;6801,1841;2500;3268;3269;4105;4175;4176;5003;5004;5005;5543;5568;5569;5879;5880;7387;9323;9324;10170;10171,1841;2500;3268;4105;4175;5003;5543;5569;5879;7387;9323;10170;10171,,
sp|P40032|TPA1_YEAST,sp|P40032|TPA1_YEAST,2,2,2,,1,2,2,2,1,1,1,1,1,1,3.4,3.4,3.4,74.041,644,644,0,3.0101,NaN,NaN,NaN,0,0,Median,NaN,NaN,NaN,NaN,NaN,NaN,0,0,0,0,Median,Median,1.9,1.6,2503700,0,2503700,1846700,0,1846700,657010,0,657010,,,,502,2382;3563,True;True,2441;3673,3914;5957,5697;8684,5697;8684,,
sp|P40037|HMF1_YEAST,sp|P40037|HMF1_YEAST,3,3,3,,1,3,3,3,3,2,3,2,3,2,46.5,46.5,46.5,13.906,129,129,0,11.957,NaN,NaN,NaN,1,1,Median,NaN,NaN,NaN,NaN,NaN,NaN,0,1,0,1,Median,Median,46.5,39.5,19799000,110220,19689000,10945000,0,10945000,8854500,110220,8744300,,,,503,102;4067;4169,True;True;True,103;4200;4304,171;6878;6879;7046;7047,247;10292;10293;10294;10527;10528,247;10293;10528,,
sp|P40040|THO1_YEAST,sp|P40040|THO1_YEAST,1,1,1,,1,1,1,1,1,0,1,0,1,0,5,5,5,24.137,218,218,0,2.2393,NaN,NaN,NaN,0,0,Median,NaN,NaN,NaN,NaN,NaN,NaN,0,0,0,0,Median,Median,5,0,624050,0,624050,624050,0,624050,0,0,0,,,,504,1922,TRUE,1972,3145,4593;4594,4594,,
sp|P40046|VTC1_YEAST,sp|P40046|VTC1_YEAST,2,2,2,,1,2,2,2,1,2,1,2,1,2,10.1,10.1,10.1,14.371,129,129,0,6.7964,NaN,NaN,NaN,0,0,Median,NaN,NaN,NaN,NaN,NaN,NaN,0,0,0,0,Median,Median,9.3,10.1,12862000,0,12862000,6180000,0,6180000,6682000,0,6682000,,,,505,3376;3377,True;True,3482;3483,5618;5619;5620,8166;8167;8168,8167;8168,,
sp|P40053|AIM9_YEAST,sp|P40053|AIM9_YEAST,1,1,1,,1,1,1,1,1,1,1,1,1,1,2.1,2.1,2.1,72.413,627,627,0,2.9124,9.9499,6.0139,10.098,2,2,Median,NaN,NaN,NaN,NaN,NaN,NaN,1,1,1,1,Median,Median,2.1,2.1,2885800,196080,2689700,1178900,98982,1079900,1706900,97101,1609800,,,,506,4094,TRUE,4227,6922;6923,10356;10357,10357,,
sp|P40056|GET2_YEAST,sp|P40056|GET2_YEAST,1,1,1,,1,1,1,1,1,1,1,1,1,1,4.2,4.2,4.2,31.493,285,285,0,2.546,NaN,NaN,NaN,0,0,Median,NaN,NaN,NaN,NaN,NaN,NaN,0,0,0,0,Median,Median,4.2,4.2,319710,0,319710,0,0,0,319710,0,319710,,,,507,2816,TRUE,2901,4671;4672,6822;6823,6823,,
sp|P40069|IMB4_YEAST,sp|P40069|IMB4_YEAST,12,12,12,,1,12,12,12,6,11,6,11,6,11,16.2,16.2,16.2,122.6,1113,1113,0,43.854,6.9762,15.487,164.34,3,3,Median,NaN,10.72,NaN,9.4587,NaN,228.9,1,2,1,2,Median,Median,9.9,15.2,51487000,1055000,50432000,14143000,142110,14001000,37344000,912880,36431000,,,,508,937;959;1143;1359;1500;2067;2430;3565;3746;3747;4216;4217,True;True;True;True;True;True;True;True;True;True;True;True,961;984;1170;1394;1535;2120;2490;2491;3675;3861;3862;4352;4353,1539;1540;1581;1582;1871;2231;2232;2454;2455;3396;4003;4004;4005;5960;6305;6306;7124;7125,2166;2167;2235;2236;2664;3214;3215;3539;3540;4987;5844;5845;5846;8688;9382;9383;10657;10658,2166;2235;2664;3214;3539;4987;5845;8688;9382;9383;10657;10658,111,1
sp|P40075|SCS2_YEAST,sp|P40075|SCS2_YEAST,7,7,7,,1,7,7,7,5,5,5,5,5,5,38.1,38.1,38.1,26.925,244,244,0,26.204,NaN,NaN,NaN,1,1,Median,NaN,NaN,NaN,NaN,NaN,NaN,0,1,0,1,Median,Median,27.9,30.3,31123000,1092500,30031000,13623000,0,13623000,17500000,1092500,16408000,,,,509,459;460;964;1101;1738;2863;4364,True;True;True;True;True;True;True,473;474;989;1128;1779;2948;4503,776;777;778;1590;1808;1809;2844;4749;4750;7380,1113;1114;1115;1116;2246;2571;2572;4129;4130;6935;6936;11034,1113;1116;2246;2571;4130;6936;11034,,
sp|P40089|LSM5_YEAST,sp|P40089|LSM5_YEAST,2,2,2,,1,2,2,2,0,2,0,2,0,2,36.6,36.6,36.6,10.423,93,93,0,16.374,NaN,NaN,NaN,0,0,Median,NaN,NaN,NaN,NaN,NaN,NaN,0,0,0,0,Median,Median,0,36.6,4541000,0,4541000,0,0,0,4541000,0,4541000,,,,510,2481;3285,True;True,2551;3388,4109;5466,5997;7951,5997;7951,,
sp|P40093|YEY6_YEAST,sp|P40093|YEY6_YEAST,1,1,1,,1,1,1,1,0,1,0,1,0,1,3,3,3,38.174,338,338,0.0041551,1.5176,NaN,NaN,NaN,0,0,Median,NaN,NaN,NaN,NaN,NaN,NaN,0,0,0,0,Median,Median,0,3,755930,0,755930,0,0,0,755930,0,755930,,,,511,3249,TRUE,3350,5406,7868,7868,,
sp|P40159|YNU8_YEAST,sp|P40159|YNU8_YEAST,2,2,2,,1,2,2,2,2,2,2,2,2,2,17.1,17.1,17.1,20.151,199,199,0,20.148,NaN,NaN,NaN,0,0,Median,NaN,NaN,NaN,NaN,NaN,NaN,0,0,0,0,Median,Median,17.1,17.1,25216000,0,25216000,11415000,0,11415000,13801000,0,13801000,,,,512,1226;2285,True;True,1257;2343,2016;2017;3756;3757,2876;2877;2878;5478;5479,2877;5478,,
sp|P40185|MMF1_YEAST,sp|P40185|MMF1_YEAST,5,5,5,,1,5,5,5,5,5,5,5,5,5,52.4,52.4,52.4,15.908,145,145,0,22.984,29.033,17.399,16.024,3,3,Median,25.069,NaN,15.566,NaN,20.758,NaN,2,1,2,1,Median,Median,52.4,52.4,63990000,781940,63208000,27258000,408350,26849000,36732000,373590,36359000,,,,513,101;347;1936;2575;2614,True;True;True;True;True,102;354;1986;2653;2693,169;170;575;576;3165;3166;4279;4280;4340;4341,244;245;246;836;837;838;4621;4622;6247;6248;6249;6250;6331;6332,244;837;4621;6247;6331,,
sp|P40202|CCS1_YEAST,sp|P40202|CCS1_YEAST,4,4,4,,1,4,4,4,4,0,4,0,4,0,24.5,24.5,24.5,27.33,249,249,0,5.7752,NaN,NaN,NaN,0,0,Median,NaN,NaN,NaN,NaN,NaN,NaN,0,0,0,0,Median,Median,24.5,0,5181600,0,5181600,5181600,0,5181600,0,0,0,,,,514,589;592;741;3281,True;True;True;True,603;606;759;3384,983;989;1232;5460,1405;1414;1768;7945,1405;1414;1768;7945,,
sp|Q12690|RL13A_YEAST;sp|P40212|RL13B_YEAST,sp|Q12690|RL13A_YEAST;sp|P40212|RL13B_YEAST,14;14,14;14,14;14,;,2,14,14,14,5,13,5,13,5,13,53.3,53.3,53.3,22.554,199,199;199,0,94.458,51.63,4.7449,109.41,3,2,Plateau,29.381,NaN,6.6632,NaN,152.22,NaN,2,1,1,1,Median,Median,31.2,47.7,201810000,1333300,200480000,48004000,993880,47010000,153810000,339430,153470000,,,,515,22;178;499;500;501;1380;2637;2662;2836;2837;3643;3644;4000;4095,True;True;True;True;True;True;True;True;True;True;True;True;True;True,22;182;513;514;515;1415;2717;2746;2921;2922;3757;3758;4131;4228,42;43;304;305;836;837;838;2268;2269;2270;4379;4431;4706;4707;4708;6131;6132;6763;6924,61;62;431;432;433;1199;1200;1201;3265;3266;3267;6393;6481;6883;6884;6885;6886;9110;9111;9112;10095;10358;10359,62;432;1199;1200;1201;3267;6393;6481;6883;6885;9110;9111;10095;10359,,
sp|P40217|EIF3I_YEAST,sp|P40217|EIF3I_YEAST,5,5,5,,1,5,5,5,5,4,5,4,5,4,15.6,15.6,15.6,38.755,347,347,0,15.241,7.4518,5.1182,27.188,3,3,Plateau,3.6825,NaN,5.9329,NaN,20.89,NaN,2,1,2,1,Median,Median,15.6,15.6,13586000,414560,13171000,7655900,291430,7364500,5929700,123120,5806600,,,,516,753;844;2339;2340;4287,True;True;True;True;True,771;864;2398;2399;4426,1249;1250;1391;1392;3841;3842;3843;7254;7255,1789;1790;1978;1979;5584;5585;5586;10857;10858;10859,1789;1978;5584;5585;10859,,
sp|P40302|PSA6_YEAST,sp|P40302|PSA6_YEAST,2,2,2,,1,2,2,2,1,1,1,1,1,1,12.8,12.8,12.8,25.604,234,234,0,16.16,NaN,NaN,NaN,0,0,Median,NaN,NaN,NaN,NaN,NaN,NaN,0,0,0,0,Median,Median,12.8,10.7,12448000,0,12448000,7982000,0,7982000,4466500,0,4466500,,,,517,3175;3176,True;True,3273;3274,5272;5273,7660;7661;7662,7661;7662,,
sp|P40303|PSA4_YEAST,sp|P40303|PSA4_YEAST,2,2,2,,1,2,2,2,2,0,2,0,2,0,11.4,11.4,11.4,28.439,254,254,0,5.8472,NaN,NaN,NaN,1,1,Median,NaN,NaN,NaN,NaN,NaN,NaN,1,0,1,0,Median,Median,11.4,0,2325000,1201900,1123100,2325000,1201900,1123100,0,0,0,,,,518,2359;2553,True;True,2418;2631,3876;4241,5632;6179,5632;6179,,
sp|P40319|ELO3_YEAST,sp|P40319|ELO3_YEAST,1,1,1,,1,1,1,1,1,1,1,1,1,1,6.4,6.4,6.4,39.465,345,345,0,3.6463,NaN,NaN,NaN,0,0,Median,NaN,NaN,NaN,NaN,NaN,NaN,0,0,0,0,Median,Median,6.4,6.4,1669600,0,1669600,937640,0,937640,731920,0,731920,,,,519,932,TRUE,956,1531;1532,2157;2158;2159,2158,,
sp|P40327|PRS4_YEAST,sp|P40327|PRS4_YEAST,1,1,1,,1,1,1,1,1,1,1,1,1,1,4.8,4.8,4.8,48.828,437,437,0,8.272,NaN,NaN,NaN,0,0,Median,NaN,NaN,NaN,NaN,NaN,NaN,0,0,0,0,Median,Median,4.8,4.8,8258200,0,8258200,5198500,0,5198500,3059800,0,3059800,,,,520,463,TRUE,477,781;782,1119;1120,1119,,
sp|P40413|TCPE_YEAST,sp|P40413|TCPE_YEAST,2,2,2,,1,2,2,2,2,1,2,1,2,1,3.7,3.7,3.7,61.913,562,562,0,2.722,NaN,NaN,NaN,0,0,Median,NaN,NaN,NaN,NaN,NaN,NaN,0,0,0,0,Median,Median,3.7,1.8,2000700,0,2000700,905760,0,905760,1094900,0,1094900,,,,521,894;1375,True;True,915;1410,1470;2260;2261,2079;3257;3258,2079;3258,,
sp|P40414|TPM2_YEAST,sp|P40414|TPM2_YEAST,2,2,2,,1,2,2,2,2,1,2,1,2,1,16.8,16.8,16.8,19.093,161,161,0,3.0103,NaN,NaN,NaN,0,0,Median,NaN,NaN,NaN,NaN,NaN,NaN,0,0,0,0,Median,Median,16.8,11.2,3350600,0,3350600,2072300,0,2072300,1278300,0,1278300,,,,522,2018;2817,True;True,2069;2902,3301;4673;4674,4802;6824;6825,4802;6825,,
sp|P40422|RPAB4_YEAST,sp|P40422|RPAB4_YEAST,3,3,3,,1,3,3,3,3,1,3,1,3,1,62.9,62.9,62.9,7.7159,70,70,0,26.373,NaN,NaN,NaN,1,1,Median,NaN,NaN,NaN,NaN,NaN,NaN,1,0,1,0,Median,Median,62.9,38.6,19223000,290420,18933000,13909000,290420,13618000,5314500,0,5314500,,,,523,2993;3360;4339,True;True;True,3080;3466;4478,4956;5591;5592;7336,7223;8119;8120;10970,7223;8119;10970,,
sp|P40482|SEC24_YEAST,sp|P40482|SEC24_YEAST,2,2,2,,1,2,2,2,1,1,1,1,1,1,3.1,3.1,3.1,103.63,926,926,0,3.6753,NaN,NaN,NaN,1,1,Median,NaN,NaN,NaN,NaN,NaN,NaN,0,1,0,1,Median,Median,1.6,1.5,4703800,129050,4574700,1747200,0,1747200,2956600,129050,2827500,,,,524,299;2236,True;True,303;2294,501;3682,711;5385,711;5385,,
sp|P40495|LYS12_YEAST,sp|P40495|LYS12_YEAST,4,4,4,,1,4,4,4,3,4,3,4,3,4,17.3,17.3,17.3,40.068,371,371,0,17.851,NaN,NaN,NaN,1,1,Median,NaN,NaN,NaN,NaN,NaN,NaN,0,1,0,1,Median,Median,13.7,17.3,17699000,486680,17212000,8083800,0,8083800,9615200,486680,9128500,,,,525,416;3292;3811;3904,True;True;True;True,430;3395;3930;4029,705;706;5475;5476;6424;6425;6589,1021;1022;7960;7961;9576;9577;9813,1021;7960;9576;9813,,
sp|P40498|UTP25_YEAST,sp|P40498|UTP25_YEAST,2,2,2,,1,2,2,2,0,2,0,2,0,2,2.2,2.2,2.2,83.99,721,721,0.0067114,1.2515,NaN,NaN,NaN,1,1,Median,NaN,NaN,NaN,NaN,NaN,NaN,0,1,0,1,Median,Median,0,2.2,48289000,2728400,45561000,0,0,0,48289000,2728400,45561000,,,,526,2503;2773,True;True,2578;2858,4155;4613,6068;6755;6756,6068;6756,,
sp|P40525|RL34B_YEAST;sp|P87262|RL34A_YEAST,sp|P40525|RL34B_YEAST;sp|P87262|RL34A_YEAST,10;9,10;9,10;9,;,2,10,10,10,7,8,7,8,7,8,61.2,61.2,61.2,13.641,121,121;121,0,40.521,17.312,11.923,149.51,4,4,Median,NaN,109.17,NaN,49.396,NaN,144.93,1,3,1,3,Median,Plateau,56.2,57.9,134860000,960710,133900000,22188000,342590,21845000,112670000,618120,112050000,,,,527,123;124;526;551;552;1515;1653;3711;3798;4193,True;True;True;True;True;True;True;True;True;True,125;126;540;565;566;1550;1691;3826;3916;4329,206;207;208;878;879;923;924;925;926;927;2477;2710;2711;6249;6398;7085,292;293;294;1260;1261;1325;1326;1327;1328;1329;1330;1331;1332;3567;3923;3924;3925;9288;9522;10596,292;294;1261;1326;1330;3567;3924;9288;9522;10596,,
sp|P40531|GVP36_YEAST,sp|P40531|GVP36_YEAST,5,5,5,,1,5,5,5,3,5,3,5,3,5,19.6,19.6,19.6,36.67,326,326,0,40.963,NaN,NaN,NaN,1,1,Median,NaN,NaN,NaN,NaN,NaN,NaN,0,1,0,1,Median,Median,15.3,19.6,29897000,158560,29738000,11571000,0,11571000,18326000,158560,18168000,,,,528,352;1816;2224;2337;3832,True;True;True;True;True,359;1859;2282;2396;3955,584;2972;2973;3664;3838;3839;6465;6466,848;849;4323;4324;5362;5579;5580;5581;5582;9633;9634,848;4324;5362;5581;9634,,
sp|P40541|SCC3_YEAST,sp|P40541|SCC3_YEAST,1,1,1,,1,1,1,1,0,1,0,1,0,1,1.3,1.3,1.3,133.01,1150,1150,1,-2,NaN,NaN,NaN,0,0,Median,NaN,NaN,NaN,NaN,NaN,NaN,0,0,0,0,Median,Median,0,1.3,4219800,4219800,0,0,0,0,4219800,4219800,0,+,,,529,1640,TRUE,1678,2693,3903,3903,112,1064
sp|P40547|VID28_YEAST,sp|P40547|VID28_YEAST,1,1,1,,1,1,1,1,0,1,0,1,0,1,1.2,1.2,1.2,105.49,921,921,1,-2,NaN,NaN,NaN,1,1,Median,NaN,NaN,NaN,NaN,NaN,NaN,0,1,0,1,Median,Median,0,1.2,4102400,137290,3965100,0,0,0,4102400,137290,3965100,+,,,530,2514,TRUE,2589,4172,6090,6090,113,1
sp|P40579|YIV5_YEAST,sp|P40579|YIV5_YEAST,1,1,1,,1,1,1,1,1,0,1,0,1,0,7.1,7.1,7.1,27.48,254,254,0,6.9166,NaN,NaN,NaN,0,0,Median,NaN,NaN,NaN,NaN,NaN,NaN,0,0,0,0,Median,Median,7.1,0,1501000,0,1501000,1501000,0,1501000,0,0,0,,,,531,32,TRUE,32,58,85,85,,
sp|P40581|GPX3_YEAST,sp|P40581|GPX3_YEAST,3,2,2,,1,3,2,2,2,2,1,2,1,2,22.1,17.2,17.2,18.641,163,163,0,5.1286,5.0997,5.1975,9.7885,2,2,Median,NaN,NaN,NaN,NaN,NaN,NaN,1,1,1,1,Median,Median,12.9,17.2,5284000,474380,4809700,1295900,112680,1183200,3988100,361700,3626400,,,,532,553;1777;3185,False;True;True,567;1818;3283,928;2907;2908;5286,1333;4219;4220;4221;4222;7677,1333;4219;7677,,
sp|P40825|SYA_YEAST,sp|P40825|SYA_YEAST,10,10,10,,1,10,10,10,7,7,7,7,7,7,17.1,17.1,17.1,110.06,983,983,0,29.166,NaN,NaN,NaN,1,1,Median,NaN,NaN,NaN,NaN,NaN,NaN,1,0,1,0,Median,Median,11.8,10.5,38892000,271840,38620000,19265000,271840,18994000,19626000,0,19626000,,,,533,235;646;1885;2062;2070;2718;3248;4249;4327;4385,True;True;True;True;True;True;True;True;True;True,239;661;1929;2115;2123;2802;3349;4387;4466;4524,391;392;1080;3073;3390;3399;3400;4518;5405;7181;7182;7320;7414;7415,550;551;1548;4461;4980;4981;4990;4991;6610;6611;7867;10750;10751;10952;11089;11090,551;1548;4461;4980;4991;6610;7867;10750;10952;11090,,
sp|P40991|NOP2_YEAST,sp|P40991|NOP2_YEAST,4,4,4,,1,4,4,4,3,2,3,2,3,2,10.7,10.7,10.7,69.811,618,618,0,10.954,NaN,NaN,NaN,0,0,Median,NaN,NaN,NaN,NaN,NaN,NaN,0,0,0,0,Median,Median,7.6,5.7,6160500,0,6160500,3673500,0,3673500,2487000,0,2487000,,,,534,1468;2364;2700;2826,True;True;True;True,1503;2423;2784;2911,2400;3883;4488;4489;4692,3452;5640;6570;6571;6866,3452;5640;6570;6866,,
sp|P41056|RL33B_YEAST,sp|P41056|RL33B_YEAST,8,8,1,,1,8,8,1,5,8,5,8,1,1,68.2,68.2,15,12.168,107,107,0,33.661,22.386,38.816,58.387,4,4,Linear,NaN,26.448,NaN,33.405,NaN,31.797,1,3,1,3,Median,Plateau,47.7,68.2,210000000,713980,209280000,23092000,140850,22951000,186910000,573130,186330000,,,,535,106;428;1417;1436;1588;2946;2947;3032,True;True;True;True;True;True;True;True,107;442;1452;1471;1626;3032;3033;3120,176;177;724;725;2327;2328;2353;2611;2612;4879;4880;4881;4882;5015,253;254;255;256;1046;1047;1048;1049;3343;3344;3345;3346;3347;3382;3790;3791;7108;7109;7110;7111;7112;7113;7114;7305;7306;7307,254;1049;3346;3382;3791;7109;7110;7305,,
sp|P41057|RS29A_YEAST,sp|P41057|RS29A_YEAST,5,5,4,,1,5,5,4,2,5,2,5,1,4,60.7,60.7,41.1,6.6606,56,56,0,22.108,7.9792,4.2787,293.57,3,3,Median,20.939,NaN,6.5434,NaN,413.72,NaN,2,1,2,1,Median,Median,37.5,60.7,58136000,468980,57667000,8667100,264590,8402500,49469000,204390,49265000,,,,536,186;335;4323;4324;4325,True;True;True;True;True,190;341;4462;4463;4464,316;317;557;558;7314;7315;7316;7317,444;445;446;805;806;807;808;10946;10947;10948;10949,445;806;10946;10947;10949,,
sp|P41058|RS29B_YEAST,sp|P41058|RS29B_YEAST,3,2,2,,1,3,2,2,2,3,1,2,1,2,60.7,41.1,41.1,6.7276,56,56,0,5.1832,NaN,NaN,NaN,0,0,Median,NaN,NaN,NaN,NaN,NaN,NaN,0,0,0,0,Median,Median,37.5,60.7,44218000,0,44218000,14026000,0,14026000,30192000,0,30192000,,,,537,186;334;4278,False;True;True,190;340;4416,316;317;555;556;7237,444;445;446;802;803;804;10830,445;802;10830,,
sp|P41277|GPP1_YEAST,sp|P41277|GPP1_YEAST,15,15,12,,1,15,15,12,13,11,13,11,10,8,48.4,48.4,42.4,27.947,250,250,0,70.553,60.079,7.3545,124.3,6,6,Linear,8.6314,13.072,7.3545,7.342,139.22,134.57,4,2,4,2,Median,Median,42.8,48.4,294370000,2985500,291380000,146010000,1199400,144810000,148360000,1786000,146570000,,,,538,1003;1004;1005;1514;1898;1956;2007;2596;2597;2745;3258;4203;4231;4311;4312,True;True;True;True;True;True;True;True;True;True;True;True;True;True;True,1029;1030;1031;1549;1947;2006;2058;2674;2675;2829;3359;4339;4367;4368;4450;4451,1649;1650;1651;1652;1653;1654;1655;1656;2475;2476;3107;3108;3197;3198;3199;3283;4313;4314;4565;4566;5420;5421;7100;7101;7146;7147;7148;7149;7295;7296,2326;2327;2328;2329;2330;2331;2332;2333;2334;2335;2336;2337;2338;2339;2340;2341;2342;3565;3566;4538;4539;4660;4661;4662;4663;4664;4665;4666;4775;6301;6302;6686;6687;6688;7883;7884;10615;10616;10617;10618;10693;10694;10695;10696;10697;10698;10914;10915,2326;2329;2331;3566;4538;4660;4775;6301;6302;6686;7884;10617;10697;10914;10915,114,121
sp|P41338|THIL_YEAST,sp|P41338|THIL_YEAST,9,9,9,,1,9,9,9,6,6,6,6,6,6,41.5,41.5,41.5,41.728,398,398,0,57.895,8.4799,7.9113,49.357,2,2,Median,NaN,NaN,NaN,NaN,NaN,NaN,1,1,1,1,Median,Median,30.4,30.2,48813000,372880,48440000,19084000,191590,18893000,29729000,181290,29548000,,,,539,545;915;1022;1065;1203;1477;2254;3713;4077,True;True;True;True;True;True;True;True;True,559;939;1048;1091;1234;1512;2312;3828;4210,912;913;1507;1681;1749;1750;1979;2415;2416;3709;6251;6896,1304;1305;2125;2126;2382;2481;2482;2821;3476;3477;5422;9290;10321,1305;2125;2382;2482;2821;3477;5422;9290;10321,,
sp|P41805|RL10_YEAST,sp|P41805|RL10_YEAST,17,17,17,,1,17,17,17,9,15,9,15,9,15,75.6,75.6,75.6,25.361,221,221,0,56.826,3.0922,3.017,276.87,10,10,Median,2.6776,3.5708,4.7539,1.9146,348.03,204.69,5,5,5,5,Median,Median,45.7,72.9,290740000,25916000,264830000,45361000,19590000,25770000,245380000,6325200,239060000,,,,540,389;451;495;755;1583;1674;1779;1899;2482;2909;3369;3866;3958;4237;4238;4345;4372,True;True;True;True;True;True;True;True;True;True;True;True;True;True;True;True;True,402;465;509;773;1619;1713;1820;1948;2552;2994;3475;3990;4085;4374;4375;4484;4511,658;659;764;765;827;828;1252;2587;2588;2746;2910;3109;4110;4111;4825;5606;6524;6677;7160;7161;7345;7346;7392;7393,951;952;953;954;1096;1097;1098;1187;1188;1189;1792;3739;3740;3987;4224;4225;4540;5998;5999;7033;7034;7035;7036;7037;8137;9719;9926;9927;10711;10712;10979;10980;10981;10982;10983;10984;11048;11049;11050,951;1097;1187;1792;3740;3987;4224;4540;5999;7034;8137;9719;9926;10711;10712;10982;11048,,
sp|P41807|VATH_YEAST,sp|P41807|VATH_YEAST,3,3,3,,1,3,3,3,3,0,3,0,3,0,10.7,10.7,10.7,54.415,478,478,0,8.5911,NaN,NaN,NaN,0,0,Median,NaN,NaN,NaN,NaN,NaN,NaN,0,0,0,0,Median,Median,10.7,0,6184600,0,6184600,6184600,0,6184600,0,0,0,,,,541,445;1534;1823,True;True;True,459;1569;1866,754;2508;2981,1085;3605;4333,1085;3605;4333,,
sp|P41811|COPB2_YEAST,sp|P41811|COPB2_YEAST,2,2,2,,1,2,2,2,0,2,0,2,0,2,4.3,4.3,4.3,99.444,889,889,0,8.8533,NaN,NaN,NaN,0,0,Median,NaN,NaN,NaN,NaN,NaN,NaN,0,0,0,0,Median,Median,0,4.3,6264500,0,6264500,0,0,0,6264500,0,6264500,,,,542,271;1950,True;True,275;2000,453;3189,633;4649;4650,633;4649,,
sp|P41911|GPD2_YEAST,sp|P41911|GPD2_YEAST,2,1,1,,1,2,1,1,2,1,1,0,1,0,7.5,4.1,4.1,49.421,440,440,0,4.9164,NaN,NaN,NaN,0,0,Median,NaN,NaN,NaN,NaN,NaN,NaN,0,0,0,0,Median,Median,7.5,3.4,1569000,0,1569000,1569000,0,1569000,0,0,0,,,,543,1447;4170,True;False,1482;4305,2368;7048;7049,3404;3405;10529;10530,3404;10530,,
sp|P41920|YRB1_YEAST,sp|P41920|YRB1_YEAST,6,6,6,,1,6,6,6,5,3,5,3,5,3,33.8,33.8,33.8,22.953,201,201,0,31.138,NaN,NaN,NaN,0,0,Median,NaN,NaN,NaN,NaN,NaN,NaN,0,0,0,0,Median,Median,33.8,21.9,45809000,0,45809000,24000000,0,24000000,21810000,0,21810000,,,,544,843;1731;1740;3381;3694;3695,True;True;True;True;True;True,863;1772;1781;3487;3809;3810,1390;2834;2835;2847;5626;5627;6223;6224,1977;4117;4118;4119;4133;8176;8177;9251;9252;9253,1977;4117;4133;8176;9251;9252,,
sp|P41921|GSHR_YEAST,sp|P41921|GSHR_YEAST,6,6,6,,1,6,6,6,3,4,3,4,3,4,19.5,19.5,19.5,53.44,483,483,0,23.927,NaN,NaN,NaN,1,1,Median,NaN,NaN,NaN,NaN,NaN,NaN,0,1,0,1,Median,Median,10.4,12,12245000,131180,12114000,6564900,0,6564900,5680400,131180,5549200,,,,545,272;1020;1639;1989;2907;3881,True;True;True;True;True;True,276;1046;1677;2040;2992;4005,454;455;1679;2692;3256;4822;6548,634;635;2380;3902;4737;4738;7030;9756,634;2380;3902;4737;7030;9756,,
sp|P41940|MPG1_YEAST,sp|P41940|MPG1_YEAST,15,15,15,,1,15,15,15,13,12,13,12,13,12,41,41,41,39.565,361,361,0,120.1,22.08,12.991,95.531,5,5,Median,10.641,22.08,6.6073,12.991,160.04,41.164,2,3,2,3,Median,Median,37.4,28.3,211780000,941240,210840000,109290000,296900,109000000,102480000,644340,101840000,,,,546,624;637;884;1289;1461;1462;1625;1796;1948;2470;3229;3491;3492;4038;4332,True;True;True;True;True;True;True;True;True;True;True;True;True;True;True,638;651;905;1321;1496;1497;1663;1837;1998;2537;3328;3601;3602;4170;4471,1043;1063;1453;1454;2107;2108;2109;2389;2390;2391;2664;2665;2937;2938;3185;3186;4086;5368;5369;5820;5821;5822;5823;6823;6824;7327,1486;1523;2058;2059;2989;2990;2991;2992;2993;3436;3437;3438;3439;3440;3861;3862;4255;4256;4645;4646;5967;7807;7808;7809;7810;8470;8471;8472;8473;10202;10203;10959,1486;1523;2058;2992;3436;3437;3862;4255;4645;5967;7808;8471;8473;10202;10959,,
sp|P42846|KRI1_YEAST,sp|P42846|KRI1_YEAST,1,1,1,,1,1,1,1,0,1,0,1,0,1,2.9,2.9,2.9,68.653,591,591,0,4.8896,NaN,NaN,NaN,0,0,Median,NaN,NaN,NaN,NaN,NaN,NaN,0,0,0,0,Median,Median,0,2.9,0,0,0,0,0,0,0,0,0,,,,547,3740,TRUE,3855,6295,9361,9361,,
sp|P42943|TCPH_YEAST,sp|P42943|TCPH_YEAST,2,2,2,,1,2,2,2,0,2,0,2,0,2,4.4,4.4,4.4,59.735,550,550,0,4.7676,NaN,NaN,NaN,1,1,Median,NaN,NaN,NaN,NaN,NaN,NaN,0,1,0,1,Median,Median,0,4.4,4238000,344240,3893700,0,0,0,4238000,344240,3893700,,,,548,1552;3758,True;True,1588;3873,2541;6320,3666;9402,3666;9402,,
sp|P42949|TIM16_YEAST,sp|P42949|TIM16_YEAST,1,1,1,,1,1,1,1,0,1,0,1,0,1,10.1,10.1,10.1,16.216,149,149,0,5.8304,NaN,NaN,NaN,0,0,Median,NaN,NaN,NaN,NaN,NaN,NaN,0,0,0,0,Median,Median,0,10.1,891840,0,891840,0,0,0,891840,0,891840,,,,549,115,TRUE,116,191,274,274,,
sp|P43123|UAP1_YEAST,sp|P43123|UAP1_YEAST,1,1,1,,1,1,1,1,1,1,1,1,1,1,2.7,2.7,2.7,53.475,477,477,0,2.3878,NaN,NaN,NaN,1,1,Median,NaN,NaN,NaN,NaN,NaN,NaN,0,1,0,1,Median,Median,2.7,2.7,1844300,81684,1762700,774610,0,774610,1069700,81684,988050,,,,550,2905,TRUE,2990,4819;4820,7025;7026;7027,7026,,
sp|P43535|GCN20_YEAST,sp|P43535|GCN20_YEAST,2,2,2,,1,2,2,2,2,2,2,2,2,2,3.1,3.1,3.1,85.026,752,752,0,9.8134,4.7767,6.0056,115.68,4,4,Median,4.7767,5.1911,7.3953,3.8976,117.46,149.16,2,2,2,2,Median,Median,3.1,3.1,10164000,1173900,8990100,4495500,312940,4182600,5668400,860980,4807500,,,,551,401;2544,True;True,414;2622,680;681;4226;4227,990;991;6159;6160;6161,990;6161,,
sp|P43585|VTC2_YEAST,sp|P43585|VTC2_YEAST,2,2,2,,1,2,2,2,1,2,1,2,1,2,2.3,2.3,2.3,95.44,828,828,0,2.4134,NaN,NaN,NaN,1,1,Median,NaN,NaN,NaN,NaN,NaN,NaN,0,1,0,1,Median,Median,1.2,2.3,2972400,195830,2776600,539210,0,539210,2433200,195830,2237400,,,,552,2533;2987,True;True,2611;3074,4207;4208;4947,6136;6137;7208,6136;7208,,
sp|P43588|RPN11_YEAST,sp|P43588|RPN11_YEAST,2,2,2,,1,2,2,2,1,1,1,1,1,1,7.5,7.5,7.5,34.398,306,306,0.0068587,1.4404,NaN,NaN,NaN,0,0,Median,NaN,NaN,NaN,NaN,NaN,NaN,0,0,0,0,Median,Median,7.5,4.9,2047400,358920,1688500,1688500,0,1688500,358920,358920,0,,,,553,467;3165,True;True,481;3263,787;5258,1126;1127;7635,1126;7635,,
sp|P43590|YFH6_YEAST,sp|P43590|YFH6_YEAST,1,1,1,,1,1,1,1,0,1,0,1,0,1,1.7,1.7,1.7,61.753,535,535,0.002886,2.0233,NaN,NaN,NaN,0,0,Median,NaN,NaN,NaN,NaN,NaN,NaN,0,0,0,0,Median,Median,0,1.7,981360,0,981360,0,0,0,981360,0,981360,,,,554,699,TRUE,716,1159,1648,1648,,
sp|P43593|UBP6_YEAST,sp|P43593|UBP6_YEAST,3,3,3,,1,3,3,3,1,3,1,3,1,3,8.6,8.6,8.6,57.11,499,499,0,6.9526,NaN,NaN,NaN,0,0,Median,NaN,NaN,NaN,NaN,NaN,NaN,0,0,0,0,Median,Median,2.8,8.6,4901200,0,4901200,917390,0,917390,3983800,0,3983800,,,,555,89;3181;4220,True;True;True,90;3279;4356,150;5280;5281;7129,215;7670;7671;10666,215;7670;10666,,
sp|P43616|DUG1_YEAST,sp|P43616|DUG1_YEAST,6,6,6,,1,6,6,6,4,5,4,5,4,5,17.5,17.5,17.5,52.871,481,481,0,57.367,3.4356,2.0213,88.581,3,3,Median,NaN,1.419,NaN,0.97725,NaN,102.78,1,2,1,2,Median,Median,11,13.7,39298000,2291300,37007000,16110000,695440,15414000,23188000,1595800,21592000,,,,556,225;1079;1408;1528;1971;3202,True;True;True;True;True;True,229;1105;1443;1563;2021;3300,377;1773;2312;2313;2502;3224;3225;5319;5320,526;527;2522;3322;3323;3599;4695;4696;7724;7725,526;2522;3322;3599;4695;7725,,
sp|P43621|COPD_YEAST,sp|P43621|COPD_YEAST,1,1,1,,1,1,1,1,1,1,1,1,1,1,2.6,2.6,2.6,60.627,546,546,0,2.4644,NaN,NaN,NaN,1,1,Median,NaN,NaN,NaN,NaN,NaN,NaN,0,1,0,1,Median,Median,2.6,2.6,1388500,419850,968690,0,0,0,1388500,419850,968690,,,,557,3633,TRUE,3747,6117;6118;6119,9087;9088;9089,9089,,
sp|P45978|SCD6_YEAST,sp|P45978|SCD6_YEAST,1,1,1,,1,1,1,1,1,1,1,1,1,1,4.9,4.9,4.9,39.189,349,349,0,2.7202,NaN,NaN,NaN,0,0,Median,NaN,NaN,NaN,NaN,NaN,NaN,0,0,0,0,Median,Median,4.9,4.9,1949300,0,1949300,1091400,0,1091400,857910,0,857910,,,,558,3444,TRUE,3552,5728;5729,8308;8309,8308,,
sp|P46367|ALDH4_YEAST,sp|P46367|ALDH4_YEAST,2,2,2,,1,2,2,2,1,1,1,1,1,1,7.7,7.7,7.7,56.723,519,519,0,4.3773,NaN,NaN,NaN,0,0,Median,NaN,NaN,NaN,NaN,NaN,NaN,0,0,0,0,Median,Median,4.4,3.3,3316300,0,3316300,1519600,0,1519600,1796700,0,1796700,,,,559,234;3828,True;True,238;3949,390;6453,549;9617,549;9617,,
sp|P46654|RSSA2_YEAST,sp|P46654|RSSA2_YEAST,8,2,2,,1,8,2,2,3,8,1,2,1,2,43.3,10.3,10.3,27.962,252,252,0,6.6612,NaN,NaN,NaN,0,0,Median,NaN,NaN,NaN,NaN,NaN,NaN,0,0,0,0,Median,Median,28.6,43.3,26286000,0,26286000,1811800,0,1811800,24475000,0,24475000,,,,560,793;985;986;1139;1486;1488;2729;3810,False;False;False;False;False;True;False;True,813;1010;1011;1166;1521;1523;2813;3929,1312;1622;1623;1624;1865;2430;2432;2433;4539;4540;4541;4542;4543;6423,1882;2287;2288;2289;2290;2291;2292;2293;2294;2658;3495;3496;3499;3500;3501;6657;6658;6659;6660;6661;6662;6663;9575,1882;2287;2289;2658;3496;3501;6657;9575,,
sp|P46655|SYEC_YEAST,sp|P46655|SYEC_YEAST,9,9,9,,1,9,9,9,7,8,7,8,7,8,13.7,13.7,13.7,80.842,708,708,0,47.732,4.3408,3.4994,62.497,3,3,Plateau,NaN,3.7923,NaN,3.5928,NaN,3.7256,1,2,1,2,Median,Median,10.6,11.7,38734000,3014900,35719000,17318000,1903800,15414000,21416000,1111100,20304000,,,,561,514;648;987;988;1409;1448;1960;2451;4254,True;True;True;True;True;True;True;True;True,528;663;1012;1013;1444;1483;2010;2518;4392,858;859;1082;1625;1626;1627;2314;2315;2369;2370;3205;3206;4061;7192;7193,1233;1234;1550;2295;2296;2297;3324;3325;3406;3407;4674;4675;5939;10763;10764,1233;1550;2295;2297;3325;3407;4674;5939;10764,,
sp|P46672|ARC1_YEAST,sp|P46672|ARC1_YEAST,10,10,10,,1,10,10,10,9,7,9,7,9,7,33.8,33.8,33.8,42.083,376,376,0,68.152,18.632,4.1345,102.69,2,2,Median,18.632,NaN,4.1345,NaN,102.69,NaN,2,0,2,0,Median,Median,32.2,26.9,78976000,239460,78736000,37397000,239460,37158000,41578000,0,41578000,,,,562,214;710;930;1043;2009;3113;3409;3843;3898;3899,True;True;True;True;True;True;True;True;True;True,218;727;954;1069;2060;3206;3517;3966;4023;4024,361;362;363;1176;1528;1529;1715;1716;3286;5160;5676;5677;6482;6483;6579;6580;6581,501;502;503;504;1666;2154;2155;2433;2434;4778;7500;7501;8237;8238;8239;9657;9658;9659;9660;9661;9662;9802;9803;9804,504;1666;2154;2434;4778;7500;8237;9660;9802;9803,,
sp|P46680|AIP1_YEAST,sp|P46680|AIP1_YEAST,1,1,1,,1,1,1,1,1,0,1,0,1,0,5.2,5.2,5.2,67.325,615,615,0.0068399,1.4254,NaN,NaN,NaN,0,0,Median,NaN,NaN,NaN,NaN,NaN,NaN,0,0,0,0,Median,Median,5.2,0,920770,0,920770,920770,0,920770,0,0,0,,,,563,3055,TRUE,3143,5059,7366,7366,,
sp|P46683|YAR1_YEAST,sp|P46683|YAR1_YEAST,2,2,2,,1,2,2,2,2,0,2,0,2,0,10.5,10.5,10.5,22.355,200,200,0,8.161,NaN,NaN,NaN,0,0,Median,NaN,NaN,NaN,NaN,NaN,NaN,0,0,0,0,Median,Median,10.5,0,944910,0,944910,944910,0,944910,0,0,0,,,,564,794;1286,True;True,814;1318,1313;2102,1883;2984,1883;2984,,
sp|Q08745|RS10A_YEAST;sp|P46784|RS10B_YEAST,sp|Q08745|RS10A_YEAST;sp|P46784|RS10B_YEAST,4;4,4;4,4;4,;,2,4,4,4,3,3,3,3,3,3,37.1,37.1,37.1,12.739,105,105;105,0,19.017,319.7,179.93,141.99,4,4,Linear,58.621,33.192,48.874,26.864,117.57,207.55,2,2,2,2,Median,Median,24.8,33.3,95767000,1534600,94233000,46010000,723820,45287000,49757000,810820,48946000,,,,565,305;306;1323;1485,True;True;True;True,309;310;1357;1520,508;509;510;2165;2428;2429,723;724;725;726;727;3066;3493;3494,725;727;3066;3494,,
sp|P46969|RPE_YEAST,sp|P46969|RPE_YEAST,3,3,3,,1,3,3,3,3,2,3,2,3,2,29.4,29.4,29.4,25.967,238,238,0,15.49,NaN,NaN,NaN,1,1,Median,NaN,NaN,NaN,NaN,NaN,NaN,0,1,0,1,Median,Median,29.4,19.7,22598000,320290,22278000,11247000,0,11247000,11351000,320290,11030000,,,,566,143;550;3996,True;True;True,145;564;4127,242;243;921;922;6757,345;346;347;1323;1324;10088,345;1323;10088,,
sp|P46988|PFD1_YEAST,sp|P46988|PFD1_YEAST,2,2,2,,1,2,2,2,1,2,1,2,1,2,17.4,17.4,17.4,12.782,109,109,0,3.4402,79.772,48.216,108.1,2,1,Median,NaN,NaN,NaN,NaN,NaN,NaN,1,1,0,1,Median,Median,8.3,17.4,93003000,496600,92507000,45432000,295040,45137000,47571000,201560,47369000,,,,567,1744;2737,True;True,1785;2821,2854;4553;4554,4142;4143;6673;6674,4142;6674,,
sp|P46990|RL17B_YEAST,sp|P46990|RL17B_YEAST,16,16,2,,1,16,16,2,11,15,11,15,2,2,76.6,76.6,8.7,20.551,184,184,0,149.22,9.6144,7.7508,227.75,3,2,Median,11.067,NaN,24.568,NaN,308,NaN,2,1,1,1,Median,Median,58.7,76.6,450280000,2632500,447650000,145740000,1795100,143950000,304530000,837430,303700000,,,,568,388;837;1154;1155;1284;1557;2415;2416;2417;2710;2711;2920;3073;4296;4352;4353,True;True;True;True;True;True;True;True;True;True;True;True;True;True;True;True,401;857;1184;1185;1316;1593;2474;2475;2476;2794;2795;3005;3163;4435;4491;4492,656;657;1379;1380;1893;1894;1895;1896;2099;2100;2547;3975;3976;3977;3978;3979;3980;4505;4506;4507;4508;4509;4838;5094;7271;7360;7361;7362;7363,948;949;950;1965;1966;1967;2704;2705;2706;2707;2708;2709;2710;2711;2712;2713;2714;2715;2716;2717;2980;2981;2982;3673;5805;5806;5807;5808;5809;5810;5811;5812;5813;6593;6594;6595;6596;6597;6598;6599;6600;6601;7053;7417;10877;10878;10879;11002;11003;11004;11005;11006;11007,950;1965;2705;2715;2980;3673;5806;5809;5812;6599;6601;7053;7417;10877;11003;11007,,
sp|P47018|MTC1_YEAST,sp|P47018|MTC1_YEAST,2,2,2,,1,2,2,2,2,0,2,0,2,0,5.4,5.4,5.4,53.477,478,478,0,5.4675,NaN,NaN,NaN,0,0,Median,NaN,NaN,NaN,NaN,NaN,NaN,0,0,0,0,Median,Median,5.4,0,3459100,0,3459100,3459100,0,3459100,0,0,0,,,,569,1564;1927,True;True,1600;1977,2556;3152,3682;4604,3682;4604,,
sp|P47019|ALB1_YEAST,sp|P47019|ALB1_YEAST,2,2,2,,1,2,2,2,1,1,1,1,1,1,24.6,24.6,24.6,19.287,175,175,0.0028818,2.0075,NaN,NaN,NaN,0,0,Median,NaN,NaN,NaN,NaN,NaN,NaN,0,0,0,0,Median,Median,16.6,8,2143400,0,2143400,1280000,0,1280000,863390,0,863390,,,,570,171;2573,True;True,173;2651,289;4276,411;6244,411;6244,,
sp|P47044|YJF5_YEAST,sp|P47044|YJF5_YEAST,1,1,1,,1,1,1,1,1,1,1,1,1,1,6.5,6.5,6.5,26.864,245,245,0,5.7216,NaN,NaN,NaN,0,0,Median,NaN,NaN,NaN,NaN,NaN,NaN,0,0,0,0,Median,Median,6.5,6.5,4250400,0,4250400,2095100,0,2095100,2155300,0,2155300,,,,571,321,TRUE,325,533;534,760;761,760,,
sp|P47075|VTC4_YEAST,sp|P47075|VTC4_YEAST,1,1,1,,1,1,1,1,0,1,0,1,0,1,1.7,1.7,1.7,83.154,721,721,0.0092961,1.1426,NaN,NaN,NaN,0,0,Median,NaN,NaN,NaN,NaN,NaN,NaN,0,0,0,0,Median,Median,0,1.7,0,0,0,0,0,0,0,0,0,,,,572,1076,TRUE,1102,1768,2514,2514,,
sp|P47079|TCPQ_YEAST,sp|P47079|TCPQ_YEAST,4,4,4,,1,4,4,4,4,3,4,3,4,3,10.4,10.4,10.4,61.662,568,568,0,26.383,NaN,NaN,NaN,0,0,Median,NaN,NaN,NaN,NaN,NaN,NaN,0,0,0,0,Median,Median,10.4,7.6,13326000,0,13326000,6009900,0,6009900,7316100,0,7316100,,,,573,2796;3288;3851;4313,True;True;True;True,2881;3391;3974;4452,4643;4644;5470;5471;6493;7297;7298,6790;6791;6792;7955;7956;9677;10916;10917;10918;10919,6791;7955;9677;10916,,
sp|P47089|DENR_YEAST,sp|P47089|DENR_YEAST,4,4,4,,1,4,4,4,2,2,2,2,2,2,22.2,22.2,22.2,22.495,198,198,0,8.3951,NaN,NaN,NaN,1,1,Median,NaN,NaN,NaN,NaN,NaN,NaN,1,0,1,0,Median,Median,15.7,11.1,4881000,117040,4764000,2252300,117040,2135300,2628700,0,2628700,,,,574,1010;1925;2405;3581,True;True;True;True,1036;1975;2464;3693,1663;3149;3960;6011,2357;4598;5782;8834,2357;4598;5782;8834,,
sp|P47117|ARP3_YEAST,sp|P47117|ARP3_YEAST,3,3,3,,1,3,3,3,3,3,3,3,3,3,12.2,12.2,12.2,49.541,449,449,0,16.983,NaN,NaN,NaN,0,0,Median,NaN,NaN,NaN,NaN,NaN,NaN,0,0,0,0,Median,Median,12.2,12.2,12648000,0,12648000,6260300,0,6260300,6387700,0,6387700,,,,575,1006;2055;3239,True;True;True,1032;2108;3338,1657;1658;3380;3381;5385;5386,2343;2344;4965;4966;4967;7835;7836,2343;4967;7835,,
sp|P47120|DOHH_YEAST,sp|P47120|DOHH_YEAST,3,3,3,,1,3,3,3,2,2,2,2,2,2,13.8,13.8,13.8,36.164,325,325,0,21.079,NaN,NaN,NaN,1,1,Median,NaN,NaN,NaN,NaN,NaN,NaN,0,1,0,1,Median,Median,11.4,6.8,9199900,999870,8200000,4100200,0,4100200,5099700,999870,4099800,,,,576,681;3770;3789,True;True;True,697;3885;3904,1131;6339;6340;6375,1613;1614;9430;9431;9481,1613;9431;9481,,
sp|P47143|ADK_YEAST,sp|P47143|ADK_YEAST,14,14,14,,1,14,14,14,12,10,12,10,12,10,56.5,56.5,56.5,36.372,340,340,0,77.502,4.9013,13.224,207.15,3,3,Plateau,2.9787,NaN,0.49228,NaN,116.77,NaN,2,1,2,1,Median,Median,56.5,39.4,160020000,1386700,158640000,77752000,909200,76842000,82271000,477470,81794000,,,,577,542;543;918;1126;1297;1356;2045;2361;2362;2420;3302;3313;3787;4387,True;True;True;True;True;True;True;True;True;True;True;True;True;True,556;557;942;1153;1329;1391;2096;2420;2421;2479;3406;3418;3419;3902;4526,907;908;909;1511;1512;1844;2118;2119;2220;3344;3345;3878;3879;3880;3983;3984;5493;5513;5514;5515;5516;6372;7417;7418,1296;1297;1298;1299;2130;2131;2623;3003;3004;3194;4871;4872;5634;5635;5636;5637;5816;5817;5818;7987;8013;8014;8015;8016;8017;8018;8019;9477;11092;11093,1296;1297;2130;2623;3003;3194;4871;5635;5637;5817;7987;8013;9477;11092,115,109
sp|P47160|ENT3_YEAST,sp|P47160|ENT3_YEAST,1,1,1,,1,1,1,1,1,1,1,1,1,1,2.5,2.5,2.5,45.091,408,408,0,2.1473,NaN,NaN,NaN,1,1,Median,NaN,NaN,NaN,NaN,NaN,NaN,1,0,1,0,Median,Median,2.5,2.5,1355100,17081,1338000,606730,17081,589650,748390,0,748390,,,,578,391,TRUE,404,661;662,956;957,957,,
sp|P47912|LCF4_YEAST;sp|P39002|LCF3_YEAST,sp|P47912|LCF4_YEAST,3;1,3;1,3;1,,2,3,3,3,2,2,2,2,2,2,6.2,6.2,6.2,77.266,694,694;694,0,4.2455,NaN,NaN,NaN,0,0,Median,NaN,NaN,NaN,NaN,NaN,NaN,0,0,0,0,Median,Median,2.7,5,7326300,0,7326300,4213700,0,4213700,3112600,0,3112600,,,,579,1815;3574;3679,True;True;True,1858;3684;3794,2971;5972;6196;6197,4322;8707;9206;9207,4322;8707;9207,,
sp|P48164|RS7B_YEAST,sp|P48164|RS7B_YEAST,17,17,9,,1,17,17,9,16,15,16,15,8,8,73.2,73.2,51.6,21.634,190,190,0,126.34,70.177,43.588,53.787,3,3,Plateau,45.234,NaN,28.087,NaN,62.151,NaN,2,1,2,1,Median,Median,72.6,71.1,357420000,1289900,356130000,156850000,1040600,155810000,200570000,249330,200320000,,,,580,66;317;318;748;749;1538;1702;2020;2021;2342;2351;3228;3587;4009;4027;4028;4367,True;True;True;True;True;True;True;True;True;True;True;True;True;True;True;True;True,66;321;322;766;767;1573;1743;2071;2072;2401;2410;3327;3699;4140;4159;4160;4506,112;113;527;528;529;1242;1243;1244;1245;2515;2516;2791;3304;3305;3306;3307;3845;3846;3862;3863;5366;5367;6023;6024;6774;6775;6806;6807;6808;7384;7385,157;158;752;753;754;1781;1782;1783;1784;1785;3612;3613;3614;3615;3616;3617;4062;4805;4806;4807;4808;4809;4810;5588;5589;5612;5613;5614;5615;5616;5617;7805;7806;8860;8861;8862;8863;8864;10107;10108;10109;10110;10111;10180;10181;10182;10183;10184;11038;11039;11040,158;752;754;1782;1785;3612;4062;4805;4809;5588;5614;7806;8860;10110;10180;10181;11038,,
sp|P48362|HGH1_YEAST,sp|P48362|HGH1_YEAST,1,1,1,,1,1,1,1,0,1,0,1,0,1,3.6,3.6,3.6,44.951,394,394,0.0091984,1.0786,NaN,NaN,NaN,0,0,Median,NaN,NaN,NaN,NaN,NaN,NaN,0,0,0,0,Median,Median,0,3.6,729200,0,729200,0,0,0,729200,0,729200,,,,581,2689,TRUE,2773,4471,6550,6550,,
sp|P48363|PFD3_YEAST,sp|P48363|PFD3_YEAST,1,1,1,,1,1,1,1,1,0,1,0,1,0,6.5,6.5,6.5,23.115,199,199,0.0042254,1.6822,NaN,NaN,NaN,0,0,Median,NaN,NaN,NaN,NaN,NaN,NaN,0,0,0,0,Median,Median,6.5,0,1050600,0,1050600,1050600,0,1050600,0,0,0,,,,582,371,TRUE,382,625,904,904,,
sp|P48510|DSK2_YEAST,sp|P48510|DSK2_YEAST,3,3,3,,1,3,3,3,2,3,2,3,2,3,9.9,9.9,9.9,39.345,373,373,0,8.0003,NaN,NaN,NaN,1,1,Median,NaN,NaN,NaN,NaN,NaN,NaN,0,1,0,1,Median,Median,7.2,9.9,12258000,146820,12111000,5774800,0,5774800,6482800,146820,6336000,,,,583,342;612;3282,True;True;True,349;626;3385,568;1026;1027;5461;5462,825;1463;1464;7946;7947,825;1463;7946,,
sp|P48589|RS12_YEAST,sp|P48589|RS12_YEAST,7,7,7,,1,7,7,7,6,6,6,6,6,6,54.5,54.5,54.5,15.471,143,143,0,77.273,62.608,59.979,21.855,5,5,Median,96.972,65.603,61.087,53.095,28.384,17.239,3,2,3,2,Plateau,Median,54.5,41.3,286320000,1873400,284440000,128580000,1295800,127290000,157730000,577650,157150000,,,,584,2367;2732;2823;3532;3533;3823;4181,True;True;True;True;True;True;True,2426;2816;2908;3642;3643;3944;4316,3887;3888;3889;4547;4686;4687;5899;5900;5901;6447;6448;7065;7066,5649;5650;5651;5652;5653;6667;6842;6843;6844;6845;6846;6847;6848;6849;8582;8583;8584;8585;8586;8587;8588;9610;9611;10556;10557;10558;10559,5651;6667;6848;8582;8587;9611;10557,,
sp|P48836|VATG_YEAST,sp|P48836|VATG_YEAST,5,5,5,,1,5,5,5,4,2,4,2,4,2,50,50,50,12.713,114,114,0,28.323,14.066,8.7342,47.355,3,3,Plateau,8.3428,NaN,6.1635,NaN,49.3,NaN,2,1,2,1,Median,Median,50,12.3,18770000,883860,17886000,13940000,790710,13149000,4830100,93148,4736900,,,,585,1529;1694;2595;3557;3558,True;True;True;True;True,1564;1735;2673;3667;3668,2503;2780;4312;5944;5945;5946;5947;5948,3600;4048;6300;8671;8672;8673;8674;8675,3600;4048;6300;8671;8675,,
sp|P49089|ASNS1_YEAST,sp|P49089|ASNS1_YEAST,7,5,5,,1,7,5,5,5,6,3,4,3,4,21.7,13.1,13.1,64.47,572,572,0,24.63,NaN,NaN,NaN,0,0,Median,NaN,NaN,NaN,NaN,NaN,NaN,0,0,0,0,Median,Median,17.8,17.8,10946000,0,10946000,4607100,0,4607100,6339300,0,6339300,,,,586,80;440;441;1626;2521;2768;2956,True;True;True;False;False;True;True,81;454;455;1664;2598;2852;3042,138;746;747;748;2666;2667;4185;4186;4604;4897;4898,201;1076;1077;1078;3863;3864;6110;6111;6745;7141;7142,201;1077;1078;3863;6111;6745;7141,,
sp|P49090|ASNS2_YEAST,sp|P49090|ASNS2_YEAST,8,8,6,,1,8,8,6,6,7,6,7,4,5,21,21,12.4,64.592,572,572,0,27.388,NaN,NaN,NaN,0,0,Median,NaN,NaN,NaN,NaN,NaN,NaN,0,0,0,0,Median,Median,16.1,19.6,39446000,0,39446000,19209000,0,19209000,20238000,0,20238000,,,,587,79;554;1019;1626;2521;2957;3396;3511,True;True;True;True;True;True;True;True,80;568;1045;1664;2598;3043;3503;3621,136;137;929;1677;1678;2666;2667;4185;4186;4899;5653;5859;5860;5861,199;200;1334;2378;2379;3863;3864;6110;6111;7143;8209;8524;8525;8526,199;1334;2378;3863;6111;7143;8209;8525,,
sp|P49166|RL37A_YEAST,sp|P49166|RL37A_YEAST,3,3,3,,1,3,3,3,2,1,2,1,2,1,23.9,23.9,23.9,9.8502,88,88,0,4.0178,14.609,32.432,204.8,3,3,Plateau,8.6484,NaN,10.154,NaN,164.23,NaN,2,1,2,1,Median,Median,21.6,10.2,4113900,826510,3287400,3035200,160630,2874600,1078700,665880,412840,,,,588,2594;3507;3732,True;True;True,2672;3617;3847,4311;5851;6282,6297;6298;6299;8514;9334,6297;8514;9334,,
sp|P49167|RL38_YEAST,sp|P49167|RL38_YEAST,8,8,8,,1,8,8,8,6,7,6,7,6,7,64.1,64.1,64.1,8.8264,78,78,0,34.893,11.039,8.6598,173.57,8,8,Median,9.4229,11.039,11.516,7.6025,137.61,218.79,4,4,4,4,Median,Median,57.7,64.1,122050000,12316000,109740000,35058000,2082900,32976000,86994000,10233000,76761000,,,,589,375;376;1281;1810;2116;2782;4096;4097,True;True;True;True;True;True;True;True,386;387;1313;1853;2171;2867;4229;4230,629;630;631;632;2095;2960;2961;2962;3485;3486;4624;6925;6926;6927,908;909;910;911;912;913;914;2976;4300;4301;4302;4303;4304;4305;4306;4307;4308;4309;4310;5107;5108;5109;5110;6767;10360;10361;10362;10363,908;913;2976;4302;5110;6767;10360;10362,,
sp|P49334|TOM22_YEAST,sp|P49334|TOM22_YEAST,1,1,1,,1,1,1,1,0,1,0,1,0,1,10.5,10.5,10.5,16.79,152,152,0.0068213,1.4189,NaN,NaN,NaN,0,0,Median,NaN,NaN,NaN,NaN,NaN,NaN,0,0,0,0,Median,Median,0,10.5,1698900,0,1698900,0,0,0,1698900,0,1698900,,,,590,3008,TRUE,3095,4977,7253,7253,,
sp|P49367|LYS4_YEAST,sp|P49367|LYS4_YEAST,1,1,1,,1,1,1,1,1,1,1,1,1,1,3.2,3.2,3.2,75.15,693,693,0,2.9431,NaN,NaN,NaN,1,1,Median,NaN,NaN,NaN,NaN,NaN,NaN,0,1,0,1,Median,Median,3.2,3.2,1834800,298120,1536700,0,0,0,1834800,298120,1536700,,,,591,3840,TRUE,3963,6477;6478,9649;9650,9649,,
sp|P49435|APT1_YEAST,sp|P49435|APT1_YEAST,2,2,2,,1,2,2,2,1,2,1,2,1,2,8,8,8,20.587,187,187,0,23.751,NaN,NaN,NaN,1,1,Median,NaN,NaN,NaN,NaN,NaN,NaN,0,1,0,1,Median,Median,7,8,10082000,105720,9976500,4340200,0,4340200,5742000,105720,5636300,,,,592,2199;3255,True;True,2257;3356,3617;3618;5416,5294;5295;7879,5295;7879,,
sp|P49626|RL4B_YEAST,sp|P49626|RL4B_YEAST,25,1,1,,1,25,1,1,16,25,0,1,0,1,62.4,4.4,4.4,39.062,362,362,0,4.2205,NaN,NaN,NaN,0,0,Median,NaN,NaN,NaN,NaN,NaN,NaN,0,0,0,0,Median,Median,49.2,62.4,35256000,0,35256000,0,0,0,35256000,0,35256000,,,,593,161;162;163;465;477;478;800;1208;1249;1499;1566;1568;1982;2624;2872;3003;3036;3191;3192;3621;3659;3939;3955;4246;4251,False;False;False;False;False;False;False;False;False;False;False;False;False;False;False;False;False;False;False;True;False;False;False;False;False,163;164;165;479;491;492;820;1239;1281;1534;1602;1604;2033;2704;2957;3090;3124;3289;3290;3734;3773;4064;4065;4082;4384;4389,271;272;273;274;784;805;806;807;808;1323;1324;1325;1989;2048;2452;2453;2558;2559;2561;3243;3244;4358;4359;4766;4767;4971;4972;5025;5026;5295;5296;5297;6091;6162;6163;6641;6642;6643;6670;6671;7177;7178;7185;7186,381;382;383;384;385;386;387;1122;1123;1156;1157;1158;1159;1160;1161;1162;1163;1164;1895;1896;1897;1898;1899;2834;2912;3536;3537;3538;3685;3686;3687;3689;4715;4716;4717;4718;4719;4720;4721;4722;4723;4724;6361;6362;6363;6955;6956;6957;7242;7243;7244;7245;7246;7247;7318;7319;7320;7689;7690;7691;9005;9006;9156;9157;9158;9876;9877;9878;9916;9917;10744;10745;10754;10755,384;385;387;1123;1160;1164;1899;2834;2912;3537;3686;3689;4716;6361;6957;7244;7318;7689;7691;9006;9158;9876;9917;10744;10754,74,93
sp|P49723|RIR4_YEAST,sp|P49723|RIR4_YEAST,5,5,5,,1,5,5,5,4,5,4,5,4,5,22,22,22,40.054,345,345,0,20.655,5.4093,3.2695,74.946,2,2,Median,NaN,NaN,NaN,NaN,NaN,NaN,1,1,1,1,Median,Median,18.8,22,53729000,534570,53195000,21346000,200210,21146000,32383000,334360,32049000,,,,594,14;620;1505;2436;3213,True;True;True;True;True,14;634;1540;2499;2500;3311,27;28;29;1037;2463;2464;4022;4023;4024;4025;5342;5343,39;40;41;1478;3549;3550;3551;3552;5881;5882;5883;5884;7755;7756;7757,40;1478;3549;5884;7756,116,1
sp|P49954|NIT3_YEAST,sp|P49954|NIT3_YEAST,1,1,1,,1,1,1,1,1,1,1,1,1,1,4.5,4.5,4.5,32.549,291,291,0,3.0919,NaN,NaN,NaN,0,0,Median,NaN,NaN,NaN,NaN,NaN,NaN,0,0,0,0,Median,Median,4.5,4.5,1015500,0,1015500,1015500,0,1015500,0,0,0,,,,595,3835,TRUE,3958,6469;6470,9637;9638,9637,,
sp|P50094|IMDH4_YEAST;sp|P38697|IMDH2_YEAST;sp|O42831|YA075_YEAST,sp|P50094|IMDH4_YEAST,7;3;1,7;3;1,4;0;0,,3,7,7,4,6,5,6,5,3,3,18.5,18.5,10.9,56.393,524,524;523;157,0,24.898,4.3193,4.1032,160.37,2,2,Median,NaN,NaN,NaN,NaN,NaN,NaN,1,1,1,1,Median,Median,14.5,14.9,51317000,662590,50654000,20607000,67579,20540000,30709000,595010,30114000,,,,596,535;854;1055;2157;2671;3049;3541,True;True;True;True;True;True;True,549;874;1081;2214;2755;3137;3651,893;894;1406;1737;1738;3550;4444;5050;5051;5917;5918,1279;1280;2002;2465;2466;2467;2468;5192;6505;6506;7356;7357;8619;8620,1280;2002;2465;5192;6505;7357;8619,,
sp|P50095|IMDH3_YEAST,sp|P50095|IMDH3_YEAST,6,3,3,,1,6,3,3,6,4,3,2,3,2,16.8,9.2,9.2,56.584,523,523,0,19.503,9.1565,12.145,103.98,3,3,Median,11.579,NaN,25.706,NaN,106.04,NaN,2,1,2,1,Median,Median,16.8,13.8,25644000,1441300,24203000,16227000,1007700,15219000,9417300,433560,8983700,,,,597,51;535;1760;2158;2671;3541,True;False;True;True;False;False,51;549;1801;2215;2755;3651,88;893;894;2878;2879;3551;3552;4444;5917;5918,127;1279;1280;4177;4178;4179;5193;5194;5195;6505;6506;8619;8620,127;1280;4178;5193;6505;8619,,
sp|P50107|LGUL_YEAST,sp|P50107|LGUL_YEAST,1,1,1,,1,1,1,1,1,1,1,1,1,1,4,4,4,37.208,326,326,0,3.3906,NaN,NaN,NaN,0,0,Median,NaN,NaN,NaN,NaN,NaN,NaN,0,0,0,0,Median,Median,4,4,2055800,0,2055800,907310,0,907310,1148500,0,1148500,,,,598,3412,TRUE,3520,5682;5683,8244;8245,8245,,
sp|P50623|UBC9_YEAST,sp|P50623|UBC9_YEAST,1,1,1,,1,1,1,1,1,0,1,0,1,0,8.3,8.3,8.3,17.911,157,157,0,2.5366,NaN,NaN,NaN,0,0,Median,NaN,NaN,NaN,NaN,NaN,NaN,0,0,0,0,Median,Median,8.3,0,3400900,0,3400900,3400900,0,3400900,0,0,0,,,,599,3386,TRUE,3492,5633,8184,8184,,
sp|P51401|RL9B_YEAST,sp|P51401|RL9B_YEAST,16,1,1,,1,16,1,1,11,14,1,1,1,1,79.1,11,11,21.657,191,191,0,3.4936,NaN,NaN,NaN,0,0,Median,NaN,NaN,NaN,NaN,NaN,NaN,0,0,0,0,Median,Median,59.7,73.3,8097500,0,8097500,3734700,0,3734700,4362800,0,4362800,,,,600,622;623;1075;1340;1341;1354;1647;2474;2497;2498;2726;3298;4068;4185;4186;4415,False;False;False;False;False;False;False;True;False;False;False;False;False;False;False;False,636;637;1101;1374;1375;1389;1685;2543;2571;2572;2573;2810;3401;3402;4201;4321;4322;4555,1040;1041;1042;1764;1765;1766;1767;2197;2198;2199;2200;2218;2702;4098;4099;4144;4145;4146;4147;4148;4149;4150;4535;5485;5486;5487;5488;6880;6881;7072;7073;7464;7465,1481;1482;1483;1484;1485;2502;2503;2504;2505;2506;2507;2508;2509;2510;2511;2512;2513;3147;3148;3149;3150;3151;3152;3153;3154;3155;3156;3157;3158;3159;3160;3161;3192;3913;5985;5986;6048;6049;6050;6051;6052;6053;6054;6055;6056;6057;6058;6059;6060;6061;6652;6653;7973;7974;7975;7976;7977;7978;7979;7980;10295;10296;10574;10575;10576;10577;11157;11158,1481;1484;2511;3155;3157;3192;3913;5986;6054;6061;6652;7976;10296;10574;10577;11158,44;45,78;90
sp|P51402|RL37B_YEAST,sp|P51402|RL37B_YEAST,2,2,2,,1,2,2,2,0,2,0,2,0,2,13.6,13.6,13.6,9.8682,88,88,0,2.6226,NaN,NaN,NaN,0,0,Median,NaN,NaN,NaN,NaN,NaN,NaN,0,0,0,0,Median,Median,0,13.6,1728400,0,1728400,0,0,0,1728400,0,1728400,,,,601,1081;2919,True;True,1107;3004,1775;4837,2525;7052,2525;7052,,
sp|P51601|GCH1_YEAST,sp|P51601|GCH1_YEAST,1,1,1,,1,1,1,1,1,1,1,1,1,1,9.9,9.9,9.9,27.769,243,243,0,4.088,NaN,NaN,NaN,0,0,Median,NaN,NaN,NaN,NaN,NaN,NaN,0,0,0,0,Median,Median,9.9,9.9,3420700,0,3420700,1840100,0,1840100,1580600,0,1580600,,,,602,3649,TRUE,3763,6141;6142,9124;9125,9124,,
sp|P52286|SKP1_YEAST,sp|P52286|SKP1_YEAST,1,1,1,,1,1,1,1,1,0,1,0,1,0,9.8,9.8,9.8,22.33,194,194,0.0068966,1.4643,NaN,NaN,NaN,1,1,Median,NaN,NaN,NaN,NaN,NaN,NaN,1,0,1,0,Median,Median,9.8,0,1925800,437380,1488400,1925800,437380,1488400,0,0,0,,,,603,4167,TRUE,4302,7043,10524,10524,,
sp|P52553|PFD6_YEAST,sp|P52553|PFD6_YEAST,2,2,2,,1,2,2,2,2,2,2,2,2,2,22.8,22.8,22.8,13.284,114,114,0,8.6958,NaN,NaN,NaN,1,1,Median,NaN,NaN,NaN,NaN,NaN,NaN,1,0,1,0,Median,Median,22.8,22.8,4316100,73851,4242300,1362800,73851,1289000,2953300,0,2953300,,,,604,2212;2973,True;True,2270;3059,3640;3641;4919;4920;4921,5326;5327;7169;7170;7171,5327;7169,,
sp|P52870|SC6B1_YEAST,sp|P52870|SC6B1_YEAST,1,1,1,,1,1,1,1,1,1,1,1,1,1,17.1,17.1,17.1,8.7111,82,82,0,4.4441,NaN,NaN,NaN,0,0,Median,NaN,NaN,NaN,NaN,NaN,NaN,0,0,0,0,Median,Median,17.1,17.1,7054100,0,7054100,3573200,0,3573200,3480900,0,3480900,,,,605,3395,TRUE,3502,5651;5652,8205;8206;8207;8208,8207,,
sp|P52910|ACS2_YEAST,sp|P52910|ACS2_YEAST,8,8,8,,1,8,8,8,4,7,4,7,4,7,14.3,14.3,14.3,75.491,683,683,0,18.527,NaN,NaN,NaN,1,1,Median,NaN,NaN,NaN,NaN,NaN,NaN,1,0,1,0,Median,Median,5.6,13,23165000,179480,22985000,7505000,179480,7325600,15660000,0,15660000,,,,606,431;978;1542;1795;4092;4128;4191;4204,True;True;True;True;True;True;True;True,445;1003;1577;1836;4225;4261;4327;4340,730;1611;1612;2522;2936;6920;6973;6974;7080;7081;7102,1055;2275;2276;3628;4254;10354;10424;10425;10586;10587;10588;10619;10620,1055;2276;3628;4254;10354;10424;10588;10619,,
sp|P53043|PPT1_YEAST,sp|P53043|PPT1_YEAST,1,1,1,,1,1,1,1,1,1,1,1,1,1,1.9,1.9,1.9,57.994,513,513,0,2.3697,NaN,NaN,NaN,0,0,Median,NaN,NaN,NaN,NaN,NaN,NaN,0,0,0,0,Median,Median,1.9,1.9,2881900,0,2881900,1146400,0,1146400,1735400,0,1735400,,,,607,3446,TRUE,3554,5731;5732,8311;8312,8312,,
sp|P53090|ARO8_YEAST,sp|P53090|ARO8_YEAST,13,13,13,,1,13,13,13,11,9,11,9,11,9,40.8,40.8,40.8,56.177,500,500,0,56.103,6.6268,10.26,93.653,4,4,Median,6.6268,7.7097,10.26,6.4808,55.725,145.25,2,2,2,2,Median,Median,38.4,33.4,81691000,1082200,80609000,43661000,701890,42959000,38030000,380350,37650000,,,,608,307;370;640;968;2194;2977;3066;3133;3134;3263;4002;4054;4177,True;True;True;True;True;True;True;True;True;True;True;True;True,311;381;654;993;2252;3063;3156;3228;3229;3365;4133;4186;4312,511;512;623;624;1067;1068;1069;1596;3608;3609;4927;5082;5197;5198;5430;5431;6765;6766;6850;6851;7059;7060,728;729;730;731;902;903;1527;1528;1529;2253;5284;5285;7179;7404;7546;7547;7548;7549;7894;7895;7896;10097;10098;10243;10244;10547;10548;10549,730;902;1527;2253;5285;7179;7404;7547;7549;7896;10097;10244;10548,,
sp|P53111|ARI1_YEAST,sp|P53111|ARI1_YEAST,4,4,4,,1,4,4,4,3,2,3,2,3,2,16.7,16.7,16.7,38.083,347,347,0,10.831,NaN,NaN,NaN,1,1,Median,NaN,NaN,NaN,NaN,NaN,NaN,0,1,0,1,Median,Median,12.7,7.2,4672300,430230,4242100,3449900,0,3449900,1222400,430230,792200,,,,609,185;701;1386;1648,True;True;True;True,189;718;1421;1686,315;1162;1163;2278;2703,443;1651;1652;1653;3276;3914;3915,443;1653;3276;3914,,
sp|P53131|PRP43_YEAST,sp|P53131|PRP43_YEAST,1,1,1,,1,1,1,1,1,0,1,0,1,0,1.7,1.7,1.7,87.561,767,767,0.0080107,1.1604,NaN,NaN,NaN,0,0,Median,NaN,NaN,NaN,NaN,NaN,NaN,0,0,0,0,Median,Median,1.7,0,0,0,0,0,0,0,0,0,0,,,,610,249,TRUE,253,410,577,577,,
sp|P53141|MLC1_YEAST,sp|P53141|MLC1_YEAST,3,3,3,,1,3,3,3,3,1,3,1,3,1,25.5,25.5,25.5,16.444,149,149,0,10.913,NaN,NaN,NaN,0,0,Median,NaN,NaN,NaN,NaN,NaN,NaN,0,0,0,0,Median,Median,25.5,4.7,17033000,0,17033000,14881000,0,14881000,2152000,0,2152000,,,,611,128;3080;4141,True;True;True,130;3170;4274,217;218;5104;6995,307;308;7428;10456,308;7428;10456,,
sp|P53152|MMS2_YEAST,sp|P53152|MMS2_YEAST,1,1,1,,1,1,1,1,1,0,1,0,1,0,10.2,10.2,10.2,15.544,137,137,0,2.3672,NaN,NaN,NaN,0,0,Median,NaN,NaN,NaN,NaN,NaN,NaN,0,0,0,0,Median,Median,10.2,0,1533100,0,1533100,1533100,0,1533100,0,0,0,,,,612,2904,TRUE,2989,4818,7024,7024,,
sp|P53183|YGD9_YEAST,sp|P53183|YGD9_YEAST,1,1,1,,1,1,1,1,1,0,1,0,1,0,5.2,5.2,5.2,38.259,348,348,0,3.2712,NaN,NaN,NaN,0,0,Median,NaN,NaN,NaN,NaN,NaN,NaN,0,0,0,0,Median,Median,5.2,0,1095300,0,1095300,1095300,0,1095300,0,0,0,,,,613,4194,TRUE,4330,7086,10597,10597,,
sp|P53184|PNC1_YEAST,sp|P53184|PNC1_YEAST,2,2,2,,1,2,2,2,2,2,2,2,2,2,9.7,9.7,9.7,24.993,216,216,0,5.3915,NaN,NaN,NaN,0,0,Median,NaN,NaN,NaN,NaN,NaN,NaN,0,0,0,0,Median,Median,9.7,9.7,6263300,0,6263300,3032600,0,3032600,3230800,0,3230800,,,,614,190;419,True;True,194;433,323;324;711;712,453;454;455;1029;1030;1031,453;1031,,
sp|P53221|RL26B_YEAST,sp|P53221|RL26B_YEAST,12,12,3,,1,12,12,3,4,12,4,12,0,3,66.9,66.9,15.7,14.235,127,127,0,53.369,80.256,54.828,126.5,8,8,Median,141.62,68.68,87.935,44.053,55.686,135.46,2,6,2,6,Median,Median,32.3,66.9,456260000,7111100,449150000,97890000,531740,97359000,358370000,6579400,351790000,,,,615,302;520;521;522;883;905;1014;1604;2856;3030;4030;4063,True;True;True;True;True;True;True;True;True;True;True;True,306;534;535;536;904;927;1040;1642;2941;3118;4162;4196,505;869;870;871;872;1452;1490;1670;1671;2636;4736;4737;5013;6810;6811;6868;6869,718;719;1248;1249;1250;1251;1252;2057;2102;2103;2104;2105;2365;2366;2367;2368;3821;3822;3823;6919;6920;7302;7303;10186;10187;10188;10271;10272;10273;10274;10275,719;1248;1250;1251;2057;2103;2368;3821;6920;7303;10188;10273,,
sp|P53235|EIF2A_YEAST,sp|P53235|EIF2A_YEAST,1,1,1,,1,1,1,1,1,0,1,0,1,0,1.6,1.6,1.6,71.304,642,642,0,4.2844,NaN,NaN,NaN,0,0,Median,NaN,NaN,NaN,NaN,NaN,NaN,0,0,0,0,Median,Median,1.6,0,1114600,0,1114600,1114600,0,1114600,0,0,0,,,,616,1018,TRUE,1044,1676,2377,2377,,
sp|P53252|PIL1_YEAST,sp|P53252|PIL1_YEAST,5,5,5,,1,5,5,5,4,4,4,4,4,4,22.4,22.4,22.4,38.349,339,339,0,11.716,8.7466,7.0511,144.38,4,4,Median,4.4118,8.7466,6.163,7.0511,244.21,52.165,2,2,2,2,Median,Median,14.5,18.6,44125000,1033100,43092000,12694000,365120,12329000,31430000,667970,30763000,,,,617,290;1372;1393;3048;3307,True;True;True;True;True,294;1407;1428;3136;3411,489;2255;2256;2287;5047;5048;5049;5500;5501,695;3251;3252;3289;7353;7354;7355;7997;7998;7999,695;3251;3289;7353;7998,,
sp|P53254|UTP22_YEAST,sp|P53254|UTP22_YEAST,1,1,1,,1,1,1,1,1,0,1,0,1,0,0.8,0.8,0.8,140.48,1237,1237,0.0091864,1.0674,NaN,NaN,NaN,1,1,Median,NaN,NaN,NaN,NaN,NaN,NaN,1,0,1,0,Median,Median,0.8,0,483230,91387,391850,483230,91387,391850,0,0,0,,,,618,1705,TRUE,1746,2795,4068,4068,,
sp|P53261|PESC_YEAST,sp|P53261|PESC_YEAST,2,2,2,,1,2,2,2,1,2,1,2,1,2,3.8,3.8,3.8,69.876,605,605,0,4.64,0.83652,0.97807,71.642,3,3,Median,0.95697,NaN,1.1189,NaN,19.023,NaN,2,1,2,1,Median,Median,2.3,3.8,9231700,4189400,5042300,4131800,1427000,2704800,5100000,2762400,2337600,,,,619,2464;4153,True;True,2531;4286,4078;7013;7014;7015,5958;10486;10487;10488,5958;10488,,
sp|P53299|TIM13_YEAST,sp|P53299|TIM13_YEAST,1,1,1,,1,1,1,1,0,1,0,1,0,1,14.3,14.3,14.3,11.286,105,105,0,2.4565,NaN,NaN,NaN,0,0,Median,NaN,NaN,NaN,NaN,NaN,NaN,0,0,0,0,Median,Median,0,14.3,1173000,0,1173000,0,0,0,1173000,0,1173000,,,,620,1236,TRUE,1267,2028,2889,2889,,
sp|P53303|ZPR1_YEAST,sp|P53303|ZPR1_YEAST,1,1,1,,1,1,1,1,1,1,1,1,1,1,2.7,2.7,2.7,55.071,486,486,0,2.3663,5.4226,4.7118,82.679,2,2,Median,NaN,NaN,NaN,NaN,NaN,NaN,1,1,1,1,Median,Median,2.7,2.7,3312200,208950,3103300,1913500,132000,1781500,1398700,76955,1321800,,,,621,3885,TRUE,4009,6554;6555;6556,9764;9765;9766,9765,,
sp|P53551|H1_YEAST,sp|P53551|H1_YEAST,2,2,2,,1,2,2,2,1,2,1,2,1,2,11.2,11.2,11.2,27.803,258,258,0,7.7904,NaN,NaN,NaN,0,0,Median,NaN,NaN,NaN,NaN,NaN,NaN,0,0,0,0,Median,Median,5.4,11.2,3807900,0,3807900,0,0,0,3807900,0,3807900,,,,622,2752;3751,True;True,2836;3866,4576;4577;6312,6701;6702;9392,6702;9392,,
sp|P53598|SUCA_YEAST,sp|P53598|SUCA_YEAST,2,2,2,,1,2,2,2,1,2,1,2,1,2,10.6,10.6,10.6,35.032,329,329,0,4.3606,NaN,NaN,NaN,0,0,Median,NaN,NaN,NaN,NaN,NaN,NaN,0,0,0,0,Median,Median,6.4,10.6,2449400,0,2449400,489370,0,489370,1960000,0,1960000,,,,623,1307;3196,True;True,1340;3294,2132;2133;5303,3026;3027;7697;7698,3026;7698,,
sp|P53622|COPA_YEAST,sp|P53622|COPA_YEAST,5,5,5,,1,5,5,5,2,3,2,3,2,3,6.7,6.7,6.7,135.61,1201,1201,0,10.367,NaN,NaN,NaN,1,1,Median,NaN,NaN,NaN,NaN,NaN,NaN,1,0,1,0,Median,Median,1.7,4.9,6336600,471330,5865300,3253400,471330,2782100,3083200,0,3083200,,,,624,1444;2493;2699;2809;3235,True;True;True;True;True,1479;2567;2783;2894;3334,2364;4138;4487;4663;5379,3400;6041;6569;6813;7829,3400;6041;6569;6813;7829,,
sp|P53633|PRA1_YEAST,sp|P53633|PRA1_YEAST,2,2,2,,1,2,2,2,2,2,2,2,2,2,13.6,13.6,13.6,19.411,176,176,0,6.9287,NaN,NaN,NaN,0,0,Median,NaN,NaN,NaN,NaN,NaN,NaN,0,0,0,0,Median,Median,13.6,13.6,7071800,0,7071800,3426400,0,3426400,3645500,0,3645500,,,,625,1949;3132,True;True,1999;3227,3187;3188;5195;5196,4647;4648;7544;7545,4648;7544,,
sp|P53691|PPID_YEAST,sp|P53691|PPID_YEAST,2,2,2,,1,2,2,2,2,2,2,2,2,2,4.6,4.6,4.6,42.071,371,371,0,4.9172,NaN,NaN,NaN,0,0,Median,NaN,NaN,NaN,NaN,NaN,NaN,0,0,0,0,Median,Median,4.6,4.6,4449900,0,4449900,1850000,0,1850000,2599900,0,2599900,,,,626,1837;3517,True;True,1880;3627,3000;3001;5871;5872,4355;4356;4357;8536;8537,4356;8537,,
sp|P53723|YN8B_YEAST,sp|P53723|YN8B_YEAST,1,1,1,,1,1,1,1,1,0,1,0,1,0,2.5,2.5,2.5,47.093,404,404,0,3.0671,NaN,NaN,NaN,0,0,Median,NaN,NaN,NaN,NaN,NaN,NaN,0,0,0,0,Median,Median,2.5,0,706400,0,706400,706400,0,706400,0,0,0,,,,627,944,TRUE,968,1551,2184,2184,,
sp|P53834|HCH1_YEAST,sp|P53834|HCH1_YEAST,1,1,1,,1,1,1,1,1,1,1,1,1,1,9.2,9.2,9.2,17.246,153,153,0,5.1241,NaN,NaN,NaN,0,0,Median,NaN,NaN,NaN,NaN,NaN,NaN,0,0,0,0,Median,Median,9.2,9.2,887420,0,887420,0,0,0,887420,0,887420,,,,628,2355,TRUE,2414,3867;3868,5622;5623;5624,5624,,
sp|P53852|SYC_YEAST,sp|P53852|SYC_YEAST,6,6,6,,1,6,6,6,5,5,5,5,5,5,10.7,10.7,10.7,87.529,767,767,0,13.709,NaN,NaN,NaN,1,1,Median,NaN,NaN,NaN,NaN,NaN,NaN,0,1,0,1,Median,Median,9,7,28982000,65305,28917000,18202000,0,18202000,10781000,65305,10715000,,,,629,896;1100;1501;1806;3164;3328,True;True;True;True;True;True,917;1127;1536;1848;3262;3434,1472;1473;1806;1807;2456;2951;2952;5256;5257;5539,2081;2082;2569;2570;3541;4273;4274;7633;7634;8051,2082;2569;3541;4273;7634;8051,,
sp|P53883|NOP13_YEAST,sp|P53883|NOP13_YEAST,2,2,2,,1,2,2,2,2,0,2,0,2,0,9.7,9.7,9.7,45.609,403,403,0,2.2856,NaN,NaN,NaN,1,1,Median,NaN,NaN,NaN,NaN,NaN,NaN,1,0,1,0,Median,Median,9.7,0,2983500,243650,2739800,2983500,243650,2739800,0,0,0,,,,630,492;3403,True;True,506;3510,824;5664,1184;8220,1184;8220,,
sp|P53885|MDG1_YEAST,sp|P53885|MDG1_YEAST,1,1,1,,1,1,1,1,0,1,0,1,0,1,5.5,5.5,5.5,40.278,366,366,0.0068776,1.4451,NaN,NaN,NaN,0,0,Median,NaN,NaN,NaN,NaN,NaN,NaN,0,0,0,0,Median,Median,0,5.5,553980,0,553980,0,0,0,553980,0,553980,,,,631,3846,TRUE,3969,6486,9665,9665,,
sp|P53900|PFD4_YEAST,sp|P53900|PFD4_YEAST,1,1,1,,1,1,1,1,1,1,1,1,1,1,7,7,7,15.18,129,129,0,2.7895,NaN,NaN,NaN,0,0,Median,NaN,NaN,NaN,NaN,NaN,NaN,0,0,0,0,Median,Median,7,7,2500000,0,2500000,1084900,0,1084900,1415100,0,1415100,,,,632,1052,TRUE,1078,1732;1733,2457;2458,2457,,
sp|P53909|ADE_YEAST,sp|P53909|ADE_YEAST,2,2,2,,1,2,2,2,2,1,2,1,2,1,6.1,6.1,6.1,39.635,347,347,0,4.2763,1.9715,1.5999,92.688,2,2,Median,NaN,NaN,NaN,NaN,NaN,NaN,1,1,1,1,Median,Median,6.1,3.2,4877300,757830,4119500,2862500,397220,2465300,2014800,360610,1654200,,,,633,3473;4138,True;True,3582;4271,5783;6989;6990,8400;10448;10449,8400;10449,,
sp|P53912|YNN4_YEAST,sp|P53912|YNN4_YEAST,1,1,1,,1,1,1,1,1,1,1,1,1,1,6.6,6.6,6.6,41.164,376,376,0,9.1095,NaN,NaN,NaN,0,0,Median,NaN,NaN,NaN,NaN,NaN,NaN,0,0,0,0,Median,Median,6.6,6.6,10925000,0,10925000,5005500,0,5005500,5919700,0,5919700,,,,634,368,TRUE,379,619;620,898;899,898,,
sp|P53920|NM111_YEAST,sp|P53920|NM111_YEAST,1,1,1,,1,1,1,1,1,1,1,1,1,1,1.5,1.5,1.5,110.88,997,997,0.0079787,1.1538,NaN,NaN,NaN,0,0,Median,NaN,NaN,NaN,NaN,NaN,NaN,0,0,0,0,Median,Median,1.5,1.5,1464100,0,1464100,709970,0,709970,754150,0,754150,,,,635,3949,TRUE,4076,6660;6661,9899;9900;9901,9900,,
sp|P53927|NOP15_YEAST,sp|P53927|NOP15_YEAST,2,2,2,,1,2,2,2,1,1,1,1,1,1,14.1,14.1,14.1,25.447,220,220,0,9.6443,NaN,NaN,NaN,1,1,Median,NaN,NaN,NaN,NaN,NaN,NaN,0,1,0,1,Median,Median,7.3,6.8,2255400,179310,2076100,1187000,0,1187000,1068500,179310,889180,,,,636,955;4301,True;True,980;4440,1574;7278,2224;2225;10888,2224;10888,,
sp|P53941|IMP4_YEAST,sp|P53941|IMP4_YEAST,1,1,1,,1,1,1,1,1,1,1,1,1,1,4.1,4.1,4.1,33.482,290,290,0,6.4694,NaN,NaN,NaN,0,0,Median,NaN,NaN,NaN,NaN,NaN,NaN,0,0,0,0,Median,Median,4.1,4.1,719280,0,719280,719280,0,719280,0,0,0,,,,637,357,TRUE,367,602;603,874;875,874,,
sp|P53981|YNB0_YEAST,sp|P53981|YNB0_YEAST,5,5,5,,1,5,5,5,4,3,4,3,4,3,18.3,18.3,18.3,27.48,241,241,0,15.109,NaN,NaN,NaN,1,1,Median,NaN,NaN,NaN,NaN,NaN,NaN,0,1,0,1,Median,Median,14.1,13.3,17770000,106410,17664000,8869200,0,8869200,8900700,106410,8794300,,,,638,712;1836;2372;3917;4031,True;True;True;True;True,729;1879;2431;4042;4163,1179;2998;2999;3897;3898;6607;6812,1669;1670;4352;4353;4354;5665;5666;9835;10189,1670;4354;5666;9835;10189,,
sp|P54113|PUR91_YEAST,sp|P54113|PUR91_YEAST,4,4,1,,1,4,4,1,2,4,2,4,1,1,10,10,3,65.282,591,591,0,11.164,NaN,NaN,NaN,0,0,Median,NaN,NaN,NaN,NaN,NaN,NaN,0,0,0,0,Median,Median,6.1,10,10569000,0,10569000,3656300,0,3656300,6912700,0,6912700,,,,639,118;2599;3314;3530,True;True;True;True,119;2677;3420;3640,194;195;4316;5517;5518;5897,277;278;6304;8020;8021;8580,278;6304;8020;8580,,
sp|P54115|ALDH6_YEAST,sp|P54115|ALDH6_YEAST,12,12,12,,1,12,12,12,8,10,8,10,8,10,31.8,31.8,31.8,54.414,500,500,0,57.737,3.9791,3.1325,110.76,5,5,Median,4.8466,5.3242,4.0407,3.1325,166.52,85.989,2,3,2,3,Median,Plateau,22.4,24,177630000,5978900,171650000,72078000,2944300,69134000,105550000,3034600,102520000,,,,640,341;822;1619;1687;1929;2534;2853;3057;3465;3466;3785;3941,True;True;True;True;True;True;True;True;True;True;True;True,348;842;1657;1728;1979;2612;2938;3145;3573;3574;3900;4067,567;1356;1357;2655;2656;2768;3154;4209;4210;4732;5062;5063;5765;5766;5767;5768;5769;6370;6645,824;1935;1936;3847;3848;3849;3850;4034;4606;6138;6139;6914;7370;7371;7372;8362;8363;8364;8365;8366;8367;8368;8369;8370;9475;9880,824;1935;3847;4034;4606;6138;6914;7370;8364;8366;9475;9880,,
sp|P54783|ALO_YEAST,sp|P54783|ALO_YEAST,2,2,2,,1,2,2,2,0,2,0,2,0,2,4.2,4.2,4.2,59.493,526,526,0,3.6282,NaN,NaN,NaN,0,0,Median,NaN,NaN,NaN,NaN,NaN,NaN,0,0,0,0,Median,Median,0,4.2,1088100,0,1088100,0,0,0,1088100,0,1088100,,,,641,1584;3427,True;True,1620;3535,2589;5704,3741;8270,3741;8270,,
sp|P54838|DAK1_YEAST,sp|P54838|DAK1_YEAST,5,5,5,,1,5,5,5,3,2,3,2,3,2,11.8,11.8,11.8,62.206,584,584,0,12.682,NaN,NaN,NaN,1,1,Median,NaN,NaN,NaN,NaN,NaN,NaN,0,1,0,1,Median,Median,6.7,5.1,10125000,389070,9735700,6424100,0,6424100,3700600,389070,3311600,,,,642,481;1646;2741;3166;3735,True;True;True;True;True,495;1684;2825;3264;3850,811;2701;4560;5259;6286,1167;3912;6681;7636;9344,1167;3912;6681;7636;9344,,
sp|P54839|HMCS_YEAST,sp|P54839|HMCS_YEAST,7,7,7,,1,7,7,7,5,5,5,5,5,5,17.7,17.7,17.7,55.013,491,491,0,17.859,NaN,NaN,NaN,1,1,Median,NaN,NaN,NaN,NaN,NaN,NaN,0,1,0,1,Median,Median,8.6,14.5,23452000,137900,23314000,7762000,0,7762000,15690000,137900,15552000,,,,643,254;886;1021;1239;1471;3505;3727,True;True;True;True;True;True;True,258;907;1047;1270;1506;3615;3842,417;418;1457;1458;1680;2033;2405;5849;6273;6274,589;590;2064;2065;2066;2381;2897;3459;3460;8512;9318;9319,589;2064;2381;2897;3459;8512;9319,,
sp|P54885|PROA_YEAST,sp|P54885|PROA_YEAST,2,2,2,,1,2,2,2,2,2,2,2,2,2,4.6,4.6,4.6,49.74,456,456,0,3.6199,7.2216,4.3649,79.452,2,2,Median,NaN,NaN,NaN,NaN,NaN,NaN,1,1,1,1,Median,Median,4.6,4.6,8022600,301750,7720900,4161800,176330,3985500,3860800,125410,3735400,,,,644,939;945,True;True,963;969,1543;1544;1552;1553,2170;2171;2185;2186,2171;2185,,
sp|P60010|ACT_YEAST,sp|P60010|ACT_YEAST,17,17,17,,1,17,17,17,10,17,10,17,10,17,62.1,62.1,62.1,41.689,375,375,0,132.38,16.232,14.227,70.101,7,6,Median,21.895,10.363,25.564,10.497,80.098,43.002,5,2,4,2,Median,Median,50.7,62.1,292340000,1944300,290390000,110740000,1339500,109400000,181590000,604730,180990000,,,,645,156;157;475;476;739;876;877;910;1117;1347;1669;1958;2431;2776;2932;3501;3839,True;True;True;True;True;True;True;True;True;True;True;True;True;True;True;True;True,158;159;489;490;757;896;897;898;933;934;1144;1381;1382;1707;1708;2008;2492;2861;3017;3018;3611;3962,264;265;266;267;803;804;1229;1230;1441;1442;1443;1444;1445;1498;1499;1500;1501;1832;2207;2208;2209;2736;2737;2738;2739;2740;3202;3203;4006;4007;4616;4617;4855;4856;4857;4858;4859;4860;5840;5841;6476,374;375;376;377;1153;1154;1155;1762;1763;1764;1765;1766;2046;2047;2048;2049;2050;2115;2116;2117;2118;2119;2608;2609;3175;3176;3177;3967;3968;3969;3970;3971;3972;3973;4670;4671;4672;5847;5848;5849;6759;6760;7072;7073;7074;7075;7076;7077;7078;7079;7080;7081;7082;7083;8501;8502;8503;8504;9648,374;375;1153;1154;1762;2046;2050;2117;2609;3177;3973;4670;5848;6760;7081;8503;9648,117;118;119;120;121;122,44;47;82;110;305;325
sp|P61830|H3_YEAST,sp|P61830|H3_YEAST,2,2,2,,1,2,2,2,1,2,1,2,1,2,9.6,9.6,9.6,15.356,136,136,0,12.705,NaN,NaN,NaN,1,1,Median,NaN,NaN,NaN,NaN,NaN,NaN,0,1,0,1,Median,Median,9.6,9.6,9760600,364790,9395800,1195400,0,1195400,8565200,364790,8200400,,,,646,3414;3415,True;True,3522;3523,5686;5687;5688,8248;8249;8250;8251;8252,8248;8252,,
sp|P80210|PURA_YEAST,sp|P80210|PURA_YEAST,4,4,4,,1,4,4,4,4,1,4,1,4,1,14.5,14.5,14.5,48.279,433,433,0,11.515,NaN,NaN,NaN,1,1,Median,NaN,NaN,NaN,NaN,NaN,NaN,1,0,1,0,Median,Median,14.5,5.1,6471300,285800,6185500,5383400,285800,5097600,1087900,0,1087900,,,,647,538;873;1618;2611,True;True;True;True,552;893;1656;2690,898;899;1436;2654;4334,1287;1288;2041;3846;6325,1287;2041;3846;6325,,
sp|P80967|TOM5_YEAST,sp|P80967|TOM5_YEAST,1,1,1,,1,1,1,1,0,1,0,1,0,1,28,28,28,5.9849,50,50,0,3.2301,NaN,NaN,NaN,0,0,Median,NaN,NaN,NaN,NaN,NaN,NaN,0,0,0,0,Median,Median,0,28,2624200,0,2624200,0,0,0,2624200,0,2624200,,,,648,2447,TRUE,2514,4056,5934,5934,,
sp|P87108|TIM10_YEAST,sp|P87108|TIM10_YEAST,1,1,1,,1,1,1,1,1,1,1,1,1,1,26.9,26.9,26.9,10.305,93,93,0,5.6967,NaN,NaN,NaN,0,0,Median,NaN,NaN,NaN,NaN,NaN,NaN,0,0,0,0,Median,Median,26.9,26.9,4885900,0,4885900,2401000,0,2401000,2484900,0,2484900,,,,649,559,TRUE,573,937;938,1347;1348;1349,1347,,
sp|Q00055|GPD1_YEAST,sp|Q00055|GPD1_YEAST,3,3,2,,1,3,3,2,3,2,3,2,2,1,11.3,11.3,7.4,42.868,391,391,0,25.822,1.9125,1.1252,156.36,3,3,Median,3.0086,NaN,3.5323,NaN,200.44,NaN,2,1,2,1,Median,Median,11.3,8.7,17418000,2538100,14880000,8655200,1454200,7201000,8763100,1083900,7679200,,,,650,3047;3841;4170,True;True;True,3135;3964;4305,5045;5046;6479;7048;7049,7350;7351;7352;9651;9652;10529;10530,7352;9651;10530,,
sp|Q00402|NUM1_YEAST,sp|Q00402|NUM1_YEAST,3,3,3,,1,3,3,3,1,2,1,2,1,2,10.2,10.2,10.2,313.03,2748,2748,0,11.488,NaN,NaN,NaN,1,1,Median,NaN,NaN,NaN,NaN,NaN,NaN,0,1,0,1,Median,Median,2.7,7.4,9309500,390820,8918700,2586400,0,2586400,6723100,390820,6332300,,,,651,1802;1803;2059,True;True;True,1844;1845;2112,2947;2948;3386,4269;4270;4972,4269;4270;4972,,
sp|Q00764|TPS1_YEAST,sp|Q00764|TPS1_YEAST,1,1,1,,1,1,1,1,0,1,0,1,0,1,5.1,5.1,5.1,56.147,495,495,0,9.2249,NaN,NaN,NaN,0,0,Median,NaN,NaN,NaN,NaN,NaN,NaN,0,0,0,0,Median,Median,0,5.1,3232600,0,3232600,0,0,0,3232600,0,3232600,,,,652,2696,TRUE,2780,4483,6564;6565,6565,,
sp|Q00955|ACAC_YEAST;sp|P32874|HFA1_YEAST,sp|Q00955|ACAC_YEAST,33;2,33;2,33;2,,2,33,33,33,26,26,26,26,26,26,19.7,19.7,19.7,250.35,2233,2233;2273,0,115.02,9.3929,6.6115,182.38,9,9,Median,32.108,9.3929,13.566,5.5263,125.82,220.92,4,5,4,5,Linear,Median,15.5,15.6,208650000,10114000,198530000,107520000,927520,106590000,101130000,9186000,91942000,,,,653,110;121;188;1164;1178;1179;1361;1474;1492;1526;1590;1643;1683;1965;2019;2299;2446;2509;2651;2771;2927;2933;2949;3002;3186;3264;3275;3480;3537;3611;3612;3967;3968,True;True;True;True;True;True;True;True;True;True;True;True;True;True;True;True;True;True;True;True;True;True;True;True;True;True;True;True;True;True;True;True;True,111;122;192;1194;1208;1209;1396;1509;1527;1561;1628;1681;1724;2015;2070;2358;2513;2584;2733;2856;3012;3019;3035;3089;3284;3366;3378;3590;3647;3724;3725;4095;4096,183;184;199;200;201;202;320;321;1909;1938;1939;1940;2235;2236;2410;2440;2441;2499;2615;2697;2763;3214;3302;3303;3779;4054;4055;4163;4164;4405;4406;4611;4847;4848;4861;4862;4884;4885;4970;5287;5288;5432;5433;5452;5453;5800;5908;6071;6072;6073;6074;6694;6695;6696,265;266;282;283;284;285;286;287;288;449;450;451;2731;2771;2772;2773;3224;3225;3226;3468;3515;3516;3517;3596;3794;3907;4025;4683;4803;4804;5508;5932;5933;6078;6079;6426;6427;6428;6753;7064;7065;7084;7085;7117;7118;7241;7678;7679;7897;7898;7899;7900;7937;7938;8441;8606;8975;8976;8977;8978;8979;9962;9963;9964,265;284;449;2731;2772;2773;3225;3468;3517;3596;3794;3907;4025;4683;4803;5508;5932;6078;6426;6753;7065;7084;7117;7241;7678;7897;7937;8441;8606;8975;8978;9963;9964,,
sp|Q01532|BLH1_YEAST,sp|Q01532|BLH1_YEAST,2,2,2,,1,2,2,2,1,1,1,1,1,1,7.2,7.2,7.2,55.482,483,483,0.0014493,2.0818,NaN,NaN,NaN,1,1,Median,NaN,NaN,NaN,NaN,NaN,NaN,1,0,1,0,Median,Median,3.3,3.9,3748600,325460,3423200,2234600,325460,1909200,1514000,0,1514000,,,,654,838;1979,True;True,858;2029,1381;3236,1968;4707;4708,1968;4708,,
sp|Q01560|NOP3_YEAST,sp|Q01560|NOP3_YEAST,2,2,2,,1,2,2,2,2,1,2,1,2,1,7,7,7,45.407,414,414,0,6.8479,104.89,118.97,229.39,3,3,Plateau,13.705,NaN,11.426,NaN,225.4,NaN,2,1,2,1,Median,Median,7,4.1,28366000,345970,28020000,13703000,282500,13421000,14663000,63476,14600000,,,,655,2636;3161,True;True,2716;3259,4378;5252;5253,6392;7627;7628;7629,6392;7628,,
sp|Q01662|MAP1_YEAST,sp|Q01662|MAP1_YEAST,8,8,8,,1,8,8,8,7,3,7,3,7,3,37.7,37.7,37.7,43.373,387,387,0,65.876,NaN,NaN,NaN,0,0,Median,NaN,NaN,NaN,NaN,NaN,NaN,0,0,0,0,Median,Median,37.7,14.2,36333000,0,36333000,26124000,0,26124000,10210000,0,10210000,,,,656,55;784;1673;2264;2265;2423;2928;3410,True;True;True;True;True;True;True;True,55;803;1712;2322;2323;2482;3013;3518,95;1298;2745;3724;3725;3988;4849;4850;5678;5679,137;1861;1862;3986;5442;5443;5822;7066;7067;8240;8241,137;1861;3986;5442;5443;5822;7066;8241,,
sp|Q01855|RS15_YEAST,sp|Q01855|RS15_YEAST,7,7,7,,1,7,7,7,4,6,4,6,4,6,57,57,57,16.002,142,142,0,27.912,8.6736,9.0667,132.12,6,6,Median,2.6766,12.076,3.1426,9.0667,156.61,108.61,2,4,2,4,Median,Median,37.3,49.3,254850000,4192200,250660000,85292000,2087900,83204000,169560000,2104300,167450000,,,,657,148;1244;1916;1917;2143;2647;3636,True;True;True;True;True;True;True,150;1275;1276;1965;1966;1967;2199;2200;2727;2728;3750,251;252;253;2039;2040;2041;2042;3136;3137;3138;3139;3528;3529;4395;4396;6122,356;357;358;359;2903;2904;2905;2906;4583;4584;4585;4586;4587;5161;5162;5163;5164;5165;5166;5167;5168;6415;6416;9093;9094;9095;9096,358;2906;4583;4585;5163;6415;9093,123;124;125;126;127,28;49;57;80;83
sp|Q01939|PRS8_YEAST,sp|Q01939|PRS8_YEAST,4,4,4,,1,4,4,4,1,3,1,3,1,3,12.6,12.6,12.6,45.271,405,405,0,5.0546,NaN,NaN,NaN,0,0,Median,NaN,NaN,NaN,NaN,NaN,NaN,0,0,0,0,Median,Median,4,8.6,1272200,0,1272200,1272200,0,1272200,0,0,0,,,,658,409;627;893;2663,True;True;True;True,423;641;914;2747,692;1047;1469;4432,1003;1492;2078;6482,1003;1492;2078;6482,128,236
sp|Q02326|RL6A_YEAST,sp|Q02326|RL6A_YEAST,14,14,6,,1,14,14,6,8,13,8,13,2,6,51.7,51.7,26.1,19.961,176,176,0,60.487,25.7,17.394,109.16,7,7,Median,102.26,34.801,17.394,20.475,77.367,131.06,3,4,3,4,Plateau,Median,33,51.7,314530000,5733100,308800000,106840000,759310,106080000,207690000,4973800,202720000,,,,659,105;1108;1109;1110;1726;1727;2881;3069;4059;4139;4140;4255;4256;4400,True;True;True;True;True;True;True;True;True;True;True;True;True;True,106;1135;1136;1137;1767;1768;2966;3159;4192;4272;4273;4393;4394;4539,175;1819;1820;1821;1822;1823;2827;2828;2829;4782;5087;6862;6863;6991;6992;6993;6994;7194;7195;7196;7439,251;252;2585;2586;2587;2588;2589;2590;2591;2592;4106;4107;4108;4109;4110;4111;4112;6973;7409;10257;10258;10450;10451;10452;10453;10454;10455;10765;10766;10767;11119,251;2585;2591;2592;4106;4110;6973;7409;10258;10450;10455;10765;10767;11119,,
sp|Q02486|ABF2_YEAST,sp|Q02486|ABF2_YEAST,5,5,5,,1,5,5,5,5,3,5,3,5,3,36.1,36.1,36.1,21.561,183,183,0,23.705,3.3588,4.4933,80.335,2,2,Median,NaN,NaN,NaN,NaN,NaN,NaN,1,1,1,1,Median,Median,36.1,20.8,20945000,1484200,19460000,12003000,571480,11432000,8941200,912750,8028500,,,,660,224;917;1367;3024;4264,True;True;True;True;True,228;941;1402;3112;4402,376;1509;1510;2244;5003;5004;7209;7210,525;2128;2129;3235;7291;7292;10782;10783,525;2128;3235;7291;10783,,
sp|Q02642|NACB1_YEAST,sp|Q02642|NACB1_YEAST,3,3,3,,1,3,3,3,3,2,3,2,3,2,38.9,38.9,38.9,17.02,157,157,0,43.102,NaN,NaN,NaN,1,1,Median,NaN,NaN,NaN,NaN,NaN,NaN,0,1,0,1,Median,Median,38.9,26.1,54590000,246850,54343000,31178000,0,31178000,23412000,246850,23166000,,,,661,180;2079;3952,True;True;True,184;2132;4079,307;308;3415;6665;6666,435;436;5009;5010;5011;9905;9906;9907;9908;9909;9910;9911;9912,436;5009;9909,,
sp|Q02725|VTC3_YEAST,sp|Q02725|VTC3_YEAST,3,3,3,,1,3,3,3,0,3,0,3,0,3,4.9,4.9,4.9,96.552,835,835,0,4.9427,NaN,NaN,NaN,0,0,Median,NaN,NaN,NaN,NaN,NaN,NaN,0,0,0,0,Median,Median,0,4.9,1511500,0,1511500,0,0,0,1511500,0,1511500,,,,662,2286;3327;4223,True;True;True,2344;3433;4359,3758;5538;7133,5480;8050;10670,5480;8050;10670,,
sp|Q02753|RL21A_YEAST,sp|Q02753|RL21A_YEAST,13,13,2,,1,13,13,2,10,12,10,12,2,1,65,65,18.1,18.242,160,160,0,60.451,173.65,58.61,137.36,10,10,Linear,111.26,88.994,52.671,65.22,61.87,195.3,5,5,5,5,Linear,Median,52.5,63.1,457340000,3121200,454220000,199230000,1822600,197410000,258110000,1298600,256810000,,,,663,361;566;567;1242;1330;2518;2988;3404;3405;3629;3931;4218;4371,True;True;True;True;True;True;True;True;True;True;True;True;True,371;580;581;1273;1364;2594;2595;3075;3511;3512;3513;3743;4056;4354;4510,607;608;951;952;2036;2037;2180;2181;2182;4181;4182;4948;5665;5666;5667;5668;5669;5670;6109;6110;6627;6628;6629;7126;7390;7391,879;880;881;882;1362;1363;1364;1365;2900;2901;3115;3116;3117;3118;3119;3120;6105;6106;6107;7209;7210;8221;8222;8223;8224;8225;8226;8227;8228;8229;9073;9074;9075;9076;9077;9078;9861;9862;9863;10659;10660;11045;11046;11047,879;1362;1364;2900;3119;6106;7209;8221;8229;9073;9862;10659;11046,129,79
sp|Q02821|IMA1_YEAST,sp|Q02821|IMA1_YEAST,1,1,1,,1,1,1,1,1,0,1,0,1,0,3,3,3,60.441,542,542,0,2.7611,NaN,NaN,NaN,0,0,Median,NaN,NaN,NaN,NaN,NaN,NaN,0,0,0,0,Median,Median,3,0,1353400,0,1353400,1353400,0,1353400,0,0,0,,,,664,788,TRUE,808,1306,1876,1876,,
sp|Q02892|NOG1_YEAST,sp|Q02892|NOG1_YEAST,3,3,3,,1,3,3,3,2,3,2,3,2,3,5.3,5.3,5.3,74.409,647,647,0,7.0679,NaN,NaN,NaN,1,0,Median,NaN,NaN,NaN,NaN,NaN,NaN,0,1,0,0,Median,Median,3.7,5.3,6739200,964960,5774200,1595500,0,1595500,5143700,964960,4178700,,,,665,2787;3023;4281,True;True;True,2872;3111;4420,4630;4631;5002;7244;7245,6776;6777;7290;10838;10839,6777;7290;10838,,
sp|Q03048|COFI_YEAST,sp|Q03048|COFI_YEAST,9,9,9,,1,9,9,9,6,9,6,9,6,9,58.7,58.7,58.7,15.901,143,143,0,89.372,NaN,NaN,NaN,1,1,Median,NaN,NaN,NaN,NaN,NaN,NaN,0,1,0,1,Median,Median,58.7,58.7,129500000,190210,129310000,55488000,0,55488000,74015000,190210,73824000,,,,666,297;298;1077;1644;1645;1904;3198;3367;3368,True;True;True;True;True;True;True;True;True,301;302;1103;1682;1683;1953;3296;3473;3474,498;499;500;1769;1770;2698;2699;2700;3115;3116;5305;5602;5603;5604;5605,706;707;708;709;710;2515;2516;2517;2518;3908;3909;3910;3911;4547;4548;4549;7700;8132;8133;8134;8135;8136,706;709;2515;3908;3909;4547;7700;8132;8136,,
sp|Q03161|YMY9_YEAST,sp|Q03161|YMY9_YEAST,4,4,4,,1,4,4,4,1,3,1,3,1,3,15.8,15.8,15.8,33.955,297,297,0,4.503,NaN,NaN,NaN,0,0,Median,NaN,NaN,NaN,NaN,NaN,NaN,0,0,0,0,Median,Median,3.4,12.5,3285800,0,3285800,492120,0,492120,2793700,0,2793700,,,,667,3042;3128;3343;4310,True;True;True;True,3130;3223;3449;4449,5035;5190;5561;7294,7336;7539;8084;10913,7336;7539;8084;10913,,
sp|Q03195|RLI1_YEAST,sp|Q03195|RLI1_YEAST,4,4,4,,1,4,4,4,4,1,4,1,4,1,7.9,7.9,7.9,68.34,608,608,0,9.4033,NaN,NaN,NaN,0,0,Median,NaN,NaN,NaN,NaN,NaN,NaN,0,0,0,0,Median,Median,7.9,1.5,6936900,0,6936900,5179400,0,5179400,1757500,0,1757500,,,,668,1379;1537;2692;4307,True;True;True;True,1414;1572;2776;4446,2267;2513;2514;4477;7289,3264;3610;3611;6556;10908,3264;3610;6556;10908,,
sp|Q03219|YM44_YEAST,sp|Q03219|YM44_YEAST,1,1,1,,1,1,1,1,1,0,1,0,1,0,2.9,2.9,2.9,31.144,274,274,0.0068306,1.4223,NaN,NaN,NaN,0,0,Median,NaN,NaN,NaN,NaN,NaN,NaN,0,0,0,0,Median,Median,2.9,0,0,0,0,0,0,0,0,0,0,,,,669,134,TRUE,136,227,318,318,,
sp|Q03532|HAS1_YEAST,sp|Q03532|HAS1_YEAST,5,5,5,,1,5,5,5,4,3,4,3,4,3,13.3,13.3,13.3,56.717,505,505,0,10.353,4.6164,2.7902,39.355,2,2,Median,NaN,NaN,NaN,NaN,NaN,NaN,1,1,1,1,Median,Median,10.3,8.1,10023000,913340,9109300,4385500,411050,3974400,5637100,502280,5134800,,,,670,403;1376;2835;3017;3334,True;True;True;True;True,416;1411;2920;3105;3440,683;2262;2263;4705;4992;4993;5547,993;994;3259;3260;6882;7276;7277;7278;8065,993;3259;6882;7278;8065,,
sp|Q03558|OYE2_YEAST;sp|P41816|OYE3_YEAST,sp|Q03558|OYE2_YEAST,4;1,4;1,4;1,,2,4,4,4,1,4,1,4,1,4,13.5,13.5,13.5,45.01,400,400;400,0,15.089,3.8689,4.3192,26.878,2,2,Median,NaN,NaN,NaN,NaN,NaN,NaN,1,1,1,1,Median,Median,2,13.5,12126000,450330,11676000,2101000,212450,1888600,10025000,237870,9787100,,,,671,619;1017;2499;2970,True;True;True;True,633;1043;2574;3056,1035;1036;1675;4151;4915,1476;1477;2376;6062;7161;7162,1476;2376;6062;7161,,
sp|Q03640|TCB3_YEAST,sp|Q03640|TCB3_YEAST,3,3,3,,1,3,3,3,2,3,2,3,2,3,3.8,3.8,3.8,171.07,1545,1545,0,2.7942,NaN,NaN,NaN,0,0,Median,NaN,NaN,NaN,NaN,NaN,NaN,0,0,0,0,Median,Median,2,3.8,10046000,0,10046000,1916600,0,1916600,8129000,0,8129000,,,,672,1963;2308;3709,True;True;True,2013;2367;3824,3211;3212;3792;6245;6246,4680;4681;5528;9284;9285,4680;5528;9285,,
sp|Q03690|CLU_YEAST,sp|Q03690|CLU_YEAST,3,3,3,,1,3,3,3,2,2,2,2,2,2,2.6,2.6,2.6,145.16,1277,1277,0,4.4517,NaN,NaN,NaN,0,0,Median,NaN,NaN,NaN,NaN,NaN,NaN,0,0,0,0,Median,Median,1.7,1.4,4982200,0,4982200,3173100,0,3173100,1809000,0,1809000,,,,673,859;1579;2229,True;True;True,879;1615;2287,1415;1416;2579;3674,2012;2013;3724;5376,2013;3724;5376,,
sp|Q03771|ACL4_YEAST,sp|Q03771|ACL4_YEAST,2,2,2,,1,2,2,2,1,1,1,1,1,1,7.2,7.2,7.2,42.942,387,387,0,4.4208,NaN,NaN,NaN,1,1,Median,NaN,NaN,NaN,NaN,NaN,NaN,0,1,0,1,Median,Median,4.4,2.8,36181000,33429000,2752000,456630,0,456630,35725000,33429000,2295300,,,,674,1832;3145,True;True,1875;3241,2993;5218,4347;7575,4347;7575,,
sp|Q03774|TRM82_YEAST,sp|Q03774|TRM82_YEAST,1,1,1,,1,1,1,1,1,1,1,1,1,1,3.4,3.4,3.4,50.487,444,444,0,4.5852,NaN,NaN,NaN,0,0,Median,NaN,NaN,NaN,NaN,NaN,NaN,0,0,0,0,Median,Median,3.4,3.4,5435200,0,5435200,1756100,0,1756100,3679100,0,3679100,,,,675,1733,TRUE,1774,2837;2838,4121;4122,4121,,
sp|Q03880|PKR1_YEAST,sp|Q03880|PKR1_YEAST,1,1,1,,1,1,1,1,0,1,0,1,0,1,13.9,13.9,13.9,13.962,122,122,0,2.6959,NaN,NaN,NaN,0,0,Median,NaN,NaN,NaN,NaN,NaN,NaN,0,0,0,0,Median,Median,0,13.9,524780,0,524780,0,0,0,524780,0,524780,,,,676,615,TRUE,629,1030,1467,1467,,
sp|Q03940|RUVB1_YEAST,sp|Q03940|RUVB1_YEAST,2,2,2,,1,2,2,2,1,2,1,2,1,2,9.9,9.9,9.9,50.452,463,463,0,4.1585,NaN,NaN,NaN,1,1,Median,NaN,NaN,NaN,NaN,NaN,NaN,0,1,0,1,Median,Median,6.5,9.9,6097700,229550,5868200,1629600,0,1629600,4468200,229550,4238600,,,,677,3683;3831,True;True,3798;3954,6205;6463;6464,9220;9631;9632,9220;9631,,
sp|Q03973|HMO1_YEAST,sp|Q03973|HMO1_YEAST,3,3,3,,1,3,3,3,2,2,2,2,2,2,26.4,26.4,26.4,27.544,246,246,0,9.8622,NaN,NaN,NaN,0,0,Median,NaN,NaN,NaN,NaN,NaN,NaN,0,0,0,0,Median,Median,21.5,11.8,8842200,0,8842200,6061000,0,6061000,2781200,0,2781200,,,,678,173;736;1411,True;True;True,176;754;1446,295;296;1222;2317,422;423;1748;3328,423;1748;3328,,
sp|Q04013|YHM2_YEAST,sp|Q04013|YHM2_YEAST,1,1,1,,1,1,1,1,1,1,1,1,1,1,8.6,8.6,8.6,34.184,314,314,0,22.678,NaN,NaN,NaN,0,0,Median,NaN,NaN,NaN,NaN,NaN,NaN,0,0,0,0,Median,Median,8.6,8.6,9043000,0,9043000,4574000,0,4574000,4468900,0,4468900,,,,679,1445,TRUE,1480,2365;2366,3401;3402,3402,,
sp|Q04067|EIF3G_YEAST,sp|Q04067|EIF3G_YEAST,2,2,2,,1,2,2,2,0,2,0,2,0,2,8.4,8.4,8.4,30.501,274,274,0,2.6944,NaN,NaN,NaN,0,0,Median,NaN,NaN,NaN,NaN,NaN,NaN,0,0,0,0,Median,Median,0,8.4,1961600,0,1961600,0,0,0,1961600,0,1961600,,,,680,1279;2753,True;True,1311;2837,2093;4578,2974;6703,2974;6703,,
sp|Q04178|HPRT_YEAST,sp|Q04178|HPRT_YEAST,4,4,4,,1,4,4,4,2,4,2,4,2,4,25.3,25.3,25.3,25.19,221,221,0,24.206,NaN,NaN,NaN,0,0,Median,NaN,NaN,NaN,NaN,NaN,NaN,0,0,0,0,Median,Median,11.3,25.3,15866000,0,15866000,5416100,0,5416100,10450000,0,10450000,,,,681,242;2419;2880;3064,True;True;True;True,246;2478;2965;3153,400;3982;4780;4781;5076;5077,561;5815;6970;6971;6972;7389;7390,561;5815;6970;7390,,
sp|Q04182|PDR15_YEAST,sp|Q04182|PDR15_YEAST,1,1,1,,1,1,1,1,1,0,1,0,1,0,1,1,1,172.25,1529,1529,0,3.7632,NaN,NaN,NaN,0,0,Median,NaN,NaN,NaN,NaN,NaN,NaN,0,0,0,0,Median,Median,1,0,2914100,0,2914100,2914100,0,2914100,0,0,0,,,,682,3946,TRUE,4073,6656,9892,9892,,
sp|Q04225|RRB1_YEAST,sp|Q04225|RRB1_YEAST,3,3,3,,1,3,3,3,2,2,2,2,2,2,7.4,7.4,7.4,57.261,511,511,0,15.128,NaN,NaN,NaN,0,0,Median,NaN,NaN,NaN,NaN,NaN,NaN,0,0,0,0,Median,Median,4.3,5.3,5751500,0,5751500,1861700,0,1861700,3889900,0,3889900,,,,683,133;1831;3014,True;True;True,135;1874;3102,225;226;2992;4988,316;317;4346;7268,316;4346;7268,,
sp|Q04305|UTP15_YEAST,sp|Q04305|UTP15_YEAST,1,1,1,,1,1,1,1,1,1,1,1,1,1,2.7,2.7,2.7,57.686,513,513,0,4.5736,NaN,NaN,NaN,0,0,Median,NaN,NaN,NaN,NaN,NaN,NaN,0,0,0,0,Median,Median,2.7,2.7,1279400,0,1279400,0,0,0,1279400,0,1279400,,,,684,3018,TRUE,3106,4994;4995,7279;7280,7279,,
sp|Q04344|HNT1_YEAST,sp|Q04344|HNT1_YEAST,3,3,3,,1,3,3,3,3,3,3,3,3,3,25.3,25.3,25.3,17.679,158,158,0,30.237,NaN,NaN,NaN,0,0,Median,NaN,NaN,NaN,NaN,NaN,NaN,0,0,0,0,Median,Median,25.3,25.3,27240000,0,27240000,12024000,0,12024000,15216000,0,15216000,,,,685,1986;3140;4391,True;True;True,2037;3235;4530,3250;3251;3252;5207;5208;7423;7424,4730;4731;4732;7559;7560;11098;11099;11100,4732;7559;11098,,
sp|Q04491|SEC13_YEAST,sp|Q04491|SEC13_YEAST,4,4,4,,1,4,4,4,4,3,4,3,4,3,18.2,18.2,18.2,33.043,297,297,0,10.567,NaN,NaN,NaN,1,1,Median,NaN,NaN,NaN,NaN,NaN,NaN,0,1,0,1,Median,Median,18.2,14.5,16216000,117680,16098000,8950600,0,8950600,7265300,117680,7147700,,,,686,1069;1159;4187;4233,True;True;True;True,1095;1189;4323;4370,1756;1757;1901;7074;7075;7152;7153,2491;2492;2722;10578;10579;10580;10702;10703,2491;2722;10579;10703,,
sp|Q04697|GSF2_YEAST,sp|Q04697|GSF2_YEAST,2,2,2,,1,2,2,2,1,2,1,2,1,2,8.2,8.2,8.2,45.869,403,403,0,2.165,2.598,2.2574,2.3466,2,2,Median,NaN,NaN,NaN,NaN,NaN,NaN,1,1,1,1,Median,Median,3.7,8.2,4847100,679030,4168100,1254100,338770,915370,3592900,340260,3252700,,,,687,2452;2902,True;True,2519;2987,4062;4063;4815,5940;5941;7021,5940;7021,,
sp|Q04773|YMW4_YEAST,sp|Q04773|YMW4_YEAST,2,2,2,,1,2,2,2,2,2,2,2,2,2,7.6,7.6,7.6,15.977,145,145,0,5.4567,NaN,NaN,NaN,0,0,Median,NaN,NaN,NaN,NaN,NaN,NaN,0,0,0,0,Median,Median,7.6,7.6,2272800,0,2272800,1405600,0,1405600,867270,0,867270,,,,688,1807;2088,True;True,1849;2142,2953;2954;3429;3430,4275;4276;5031;5032,4275;5032,,
sp|Q04869|YM94_YEAST,sp|Q04869|YM94_YEAST,3,3,3,,1,3,3,3,2,2,2,2,2,2,16.3,16.3,16.3,38.215,349,349,0,14.293,NaN,NaN,NaN,0,0,Median,NaN,NaN,NaN,NaN,NaN,NaN,0,0,0,0,Median,Median,12,10,8671400,0,8671400,3644100,0,3644100,5027400,0,5027400,,,,689,1469;3304;3335,True;True;True,1504;3408;3441,2401;2402;5496;5548,3453;3454;3455;7993;8066,3454;7993;8066,,
sp|Q04894|ADH6_YEAST,sp|Q04894|ADH6_YEAST,4,4,4,,1,4,4,4,3,3,3,3,3,3,13.6,13.6,13.6,39.617,360,360,0,14.849,NaN,NaN,NaN,1,1,Median,NaN,NaN,NaN,NaN,NaN,NaN,1,0,1,0,Median,Median,13.6,12.5,15848000,2628800,13219000,8684500,2628800,6055600,7163600,0,7163600,,,,690,325;326;1035;3943,True;True;True;True,329;330;1061;4069,538;539;1702;1703;6648;6649,765;766;2412;2413;2414;9883;9884,765;766;2413;9884,,
sp|Q04947|RTN1_YEAST,sp|Q04947|RTN1_YEAST,9,9,9,,1,9,9,9,8,8,8,8,8,8,40.3,40.3,40.3,32.916,295,295,0,96.928,5.7567,4.253,141.11,2,2,Median,5.7567,NaN,4.253,NaN,141.11,NaN,2,0,2,0,Median,Median,40.3,39.7,83417000,778620,82638000,36519000,778620,35741000,46898000,0,46898000,,,,691,537;1911;2068;2069;2638;3072;3536;3717;3718,True;True;True;True;True;True;True;True;True,551;1960;2121;2122;2718;3162;3646;3832;3833,896;897;3127;3128;3397;3398;4380;4381;5092;5093;5906;5907;6257;6258;6259;6260,1282;1283;1284;1285;1286;4560;4561;4562;4563;4988;4989;6394;6395;6396;7415;7416;8599;8600;8601;8602;8603;8604;8605;9296;9297;9298;9299;9300,1285;4560;4988;4989;6396;7416;8600;9296;9299,,
sp|Q05016|YM71_YEAST,sp|Q05016|YM71_YEAST,4,4,4,,1,4,4,4,4,3,4,3,4,3,22.1,22.1,22.1,29.158,267,267,0,47.141,NaN,NaN,NaN,0,0,Median,NaN,NaN,NaN,NaN,NaN,NaN,0,0,0,0,Median,Median,22.1,18.4,18971000,0,18971000,9992400,0,9992400,8978600,0,8978600,,,,692,1012;2107;2686;3640,True;True;True;True,1038;2162;2770;3754,1665;1666;3469;4466;4467;6127;6128,2359;2360;5088;6544;6545;6546;9105;9106,2360;5088;6545;9105,,
sp|Q05022|RRP5_YEAST,sp|Q05022|RRP5_YEAST,5,5,5,,1,5,5,5,5,3,5,3,5,3,4.6,4.6,4.6,193.13,1729,1729,0,19.763,NaN,NaN,NaN,0,0,Median,NaN,NaN,NaN,NaN,NaN,NaN,0,0,0,0,Median,Median,4.6,3,10789000,0,10789000,6569500,0,6569500,4219400,0,4219400,,,,693,417;427;733;2168;2601,True;True;True;True;True,431;441;751;2225;2679,707;722;723;1217;1218;3569;3570;4318,1023;1044;1045;1742;1743;5214;5215;6306,1023;1044;1742;5215;6306,,
sp|Q05050|EIS1_YEAST,sp|Q05050|EIS1_YEAST,2,2,2,,1,2,2,2,2,1,2,1,2,1,3.9,3.9,3.9,93.344,843,843,0,3.8641,NaN,NaN,NaN,0,0,Median,NaN,NaN,NaN,NaN,NaN,NaN,0,0,0,0,Median,Median,3.9,2,2694400,0,2694400,1839900,0,1839900,854490,0,854490,,,,694,36;795,True;True,36;815,62;1314;1315,90;1884;1885;1886,90;1884,,
sp|Q05506|SYRC_YEAST,sp|Q05506|SYRC_YEAST,9,9,9,,1,9,9,9,7,6,7,6,7,6,18,18,18,69.524,607,607,0,31.104,NaN,NaN,NaN,1,1,Median,NaN,NaN,NaN,NaN,NaN,NaN,0,1,0,1,Median,Median,14.2,13,32776000,216390,32559000,15089000,0,15089000,17687000,216390,17470000,,,,695,413;704;1299;2077;2921;2955;3476;4240;4288,True;True;True;True;True;True;True;True;True,427;721;1331;2130;3006;3041;3586;4377;4427,698;699;1167;1168;2121;3413;4839;4896;5793;7163;7164;7256;7257,1012;1013;1014;1015;1657;1658;3007;5006;7054;7140;8429;10715;10716;10860;10861,1012;1657;3007;5006;7054;7140;8429;10716;10860,,
sp|Q05515|SVF1_YEAST,sp|Q05515|SVF1_YEAST,1,1,1,,1,1,1,1,1,1,1,1,1,1,2.5,2.5,2.5,54.367,481,481,0,2.5551,NaN,NaN,NaN,0,0,Median,NaN,NaN,NaN,NaN,NaN,NaN,0,0,0,0,Median,Median,2.5,2.5,3652600,0,3652600,1446300,0,1446300,2206300,0,2206300,,,,696,4384,TRUE,4523,7412;7413,11087;11088,11087,,
sp|Q05584|GLO2_YEAST,sp|Q05584|GLO2_YEAST,2,2,2,,1,2,2,2,2,0,2,0,2,0,8.8,8.8,8.8,31.326,274,274,0,2.2593,NaN,NaN,NaN,0,0,Median,NaN,NaN,NaN,NaN,NaN,NaN,0,0,0,0,Median,Median,8.8,0,548450,0,548450,548450,0,548450,0,0,0,,,,697,3734;4155,True;True,3849;4288,6285;7018,9343;10493,9343;10493,,
sp|Q05775|EIF3J_YEAST,sp|Q05775|EIF3J_YEAST,3,3,3,,1,3,3,3,3,2,3,2,3,2,15.1,15.1,15.1,29.564,265,265,0,25.475,18.671,15.486,49.495,2,2,Median,NaN,NaN,NaN,NaN,NaN,NaN,1,1,1,1,Median,Median,15.1,9.8,14872000,292210,14580000,8214300,121570,8092700,6658200,170630,6487500,,,,698,311;743;923,True;True;True,315;761;947,517;518;1235;1236;1520,738;739;740;1771;1772;2143,738;1771;2143,,
sp|Q05788|PNPH_YEAST,sp|Q05788|PNPH_YEAST,1,1,1,,1,1,1,1,0,1,0,1,0,1,4.8,4.8,4.8,33.755,311,311,0,9.6622,NaN,NaN,NaN,0,0,Median,NaN,NaN,NaN,NaN,NaN,NaN,0,0,0,0,Median,Median,0,4.8,1507300,0,1507300,0,0,0,1507300,0,1507300,,,,699,3109,TRUE,3202,5155,7494,7494,,
sp|Q05905|HRI1_YEAST,sp|Q05905|HRI1_YEAST,3,3,3,,1,3,3,3,3,2,3,2,3,2,23.4,23.4,23.4,27.5,244,244,0,12.531,NaN,NaN,NaN,0,0,Median,NaN,NaN,NaN,NaN,NaN,NaN,0,0,0,0,Median,Median,23.4,14.3,18666000,0,18666000,11314000,0,11314000,7352300,0,7352300,,,,700,1780;2653;3131,True;True;True,1821;2735;3226,2911;2912;4408;4409;5194,4226;4227;4228;6430;6431;7543,4227;6430;7543,,
sp|Q05911|PUR8_YEAST,sp|Q05911|PUR8_YEAST,7,7,7,,1,7,7,7,5,6,5,6,5,6,21.8,21.8,21.8,54.51,482,482,0,18.929,1.6576,1.1728,100.3,2,2,Median,NaN,NaN,NaN,NaN,NaN,NaN,1,1,1,1,Median,Median,14.1,19.5,27834000,902590,26931000,10713000,649350,10064000,17121000,253240,16868000,,,,701,1000;1355;1400;3346;3884;4221;4366,True;True;True;True;True;True;True,1026;1390;1435;3452;4008;4357;4505,1646;2219;2298;2299;5565;5566;6552;6553;7130;7131;7383,2323;3193;3305;3306;8088;8089;9762;9763;10667;10668;11037,2323;3193;3306;8089;9763;10667;11037,,
sp|Q06103|RPN7_YEAST,sp|Q06103|RPN7_YEAST,1,1,1,,1,1,1,1,1,1,1,1,1,1,5.1,5.1,5.1,48.958,429,429,0,8.665,NaN,NaN,NaN,0,0,Median,NaN,NaN,NaN,NaN,NaN,NaN,0,0,0,0,Median,Median,5.1,5.1,3914400,0,3914400,1935200,0,1935200,1979200,0,1979200,,,,702,3342,TRUE,3448,5559;5560,8081;8082;8083,8082,,
sp|Q06142|IMB1_YEAST,sp|Q06142|IMB1_YEAST,2,2,2,,1,2,2,2,1,1,1,1,1,1,3,3,3,94.775,861,861,0,4.6822,NaN,NaN,NaN,0,0,Median,NaN,NaN,NaN,NaN,NaN,NaN,0,0,0,0,Median,Median,1.3,1.7,1890200,0,1890200,878160,0,878160,1012100,0,1012100,,,,703,740;1546,True;True,758;1581,1231;2528,1767;3639;3640,1767;3639,,
sp|Q06252|YL179_YEAST,sp|Q06252|YL179_YEAST,1,1,1,,1,1,1,1,1,0,1,0,1,0,5,5,5,22.151,201,201,0,3.767,NaN,NaN,NaN,0,0,Median,NaN,NaN,NaN,NaN,NaN,NaN,0,0,0,0,Median,Median,5,0,984230,0,984230,984230,0,984230,0,0,0,,,,704,3374,TRUE,3480,5615,8162,8162,,
sp|Q06338|BCP1_YEAST,sp|Q06338|BCP1_YEAST,1,1,1,,1,1,1,1,1,0,1,0,1,0,6,6,6,32.661,283,283,0,6.4312,NaN,NaN,NaN,0,0,Median,NaN,NaN,NaN,NaN,NaN,NaN,0,0,0,0,Median,Median,6,0,2761800,0,2761800,2761800,0,2761800,0,0,0,,,,705,1783,TRUE,1824,2915,4231,4231,,
sp|Q06344|ESF1_YEAST,sp|Q06344|ESF1_YEAST,1,1,1,,1,1,1,1,1,0,1,0,1,0,2.9,2.9,2.9,72.409,628,628,0,3.0979,NaN,NaN,NaN,0,0,Median,NaN,NaN,NaN,NaN,NaN,NaN,0,0,0,0,Median,Median,2.9,0,1481700,0,1481700,1481700,0,1481700,0,0,0,,,,706,2740,TRUE,2824,4559,6680,6680,,
sp|Q06440|CORO_YEAST,sp|Q06440|CORO_YEAST,3,3,3,,1,3,3,3,2,3,2,3,2,3,6.6,6.6,6.6,72.552,651,651,0,4.8744,NaN,NaN,NaN,0,0,Median,NaN,NaN,NaN,NaN,NaN,NaN,0,0,0,0,Median,Median,3.7,6.6,2375700,0,2375700,488120,0,488120,1887600,0,1887600,,,,707,1656;3079;3531,True;True;True,1694;3169;3641,2714;2715;5102;5103;5898,3928;3929;3930;7426;7427;8581,3930;7427;8581,,
sp|Q06489|MTNA_YEAST,sp|Q06489|MTNA_YEAST,1,1,1,,1,1,1,1,1,1,1,1,1,1,4.4,4.4,4.4,45.02,411,411,0,4.4546,NaN,NaN,NaN,0,0,Median,NaN,NaN,NaN,NaN,NaN,NaN,0,0,0,0,Median,Median,4.4,4.4,3870300,0,3870300,2344700,0,2344700,1525600,0,1525600,,,,708,17,TRUE,17,34;35,47;48,47,,
sp|Q06523|YP148_YEAST,sp|Q06523|YP148_YEAST,1,1,1,,1,1,1,1,1,0,1,0,1,0,3.9,3.9,3.9,49.279,435,435,0.0041667,1.5422,NaN,NaN,NaN,0,0,Median,NaN,NaN,NaN,NaN,NaN,NaN,0,0,0,0,Median,Median,3.9,0,0,0,0,0,0,0,0,0,0,,,,709,48,TRUE,48,85,124,124,,
sp|Q06631|BFR2_YEAST,sp|Q06631|BFR2_YEAST,2,2,2,,1,2,2,2,1,1,1,1,1,1,5.4,5.4,5.4,61.202,534,534,0.0067843,1.3571,NaN,NaN,NaN,0,0,Median,NaN,NaN,NaN,NaN,NaN,NaN,0,0,0,0,Median,Median,2.4,3,0,0,0,0,0,0,0,0,0,,,,710,2220;4133,True;True,2278;4266,3657;6982,5355;10438,5355;10438,,
sp|Q07362|PBP4_YEAST,sp|Q07362|PBP4_YEAST,1,1,1,,1,1,1,1,1,1,1,1,1,1,13,13,13,19.881,185,185,0.009247,1.11,NaN,NaN,NaN,0,0,Median,NaN,NaN,NaN,NaN,NaN,NaN,0,0,0,0,Median,Median,13,13,1203800,0,1203800,616350,0,616350,587470,0,587470,,,,711,3638,TRUE,3752,6124;6125,9100;9101,9101,,
sp|Q07478|SUB2_YEAST,sp|Q07478|SUB2_YEAST,13,13,13,,1,13,13,13,7,9,7,9,7,9,41,41,41,50.308,446,446,0,48.924,3.6268,2.252,118.26,5,5,Median,3.6268,3.812,2.252,2.2427,160.99,51.554,3,2,3,2,Median,Median,21.5,34.5,66127000,3601200,62525000,32870000,2299700,30571000,33256000,1301500,31955000,,,,712,8;9;211;319;578;1223;1224;1570;1781;2162;2347;2770;3550,True;True;True;True;True;True;True;True;True;True;True;True;True,8;9;215;323;592;1254;1255;1606;1822;2219;2406;2855;3660,18;19;357;530;968;2011;2012;2013;2563;2913;3558;3559;3854;3855;3856;4610;5932,30;31;493;494;755;1385;2871;2872;2873;3691;4229;5201;5202;5604;5605;5606;6752;8654,30;31;493;755;1385;2871;2873;3691;4229;5202;5604;6752;8654,,
sp|Q07551|KAR_YEAST,sp|Q07551|KAR_YEAST,4,4,4,,1,4,4,4,2,4,2,4,2,4,18.6,18.6,18.6,35.56,312,312,0,9.4743,NaN,NaN,NaN,0,0,Median,NaN,NaN,NaN,NaN,NaN,NaN,0,0,0,0,Median,Median,9.3,18.6,10324000,0,10324000,4229700,0,4229700,6094200,0,6094200,,,,713,310;2502;2935;3124,True;True;True;True,314;2577;3021;3219,515;516;4154;4864;5183;5184,736;737;6067;7090;7530;7531,737;6067;7090;7530,,
sp|Q07657|SHS1_YEAST,sp|Q07657|SHS1_YEAST,1,1,1,,1,1,1,1,0,1,0,1,0,1,2,2,2,62.629,551,551,0.0042194,1.6665,NaN,NaN,NaN,0,0,Median,NaN,NaN,NaN,NaN,NaN,NaN,0,0,0,0,Median,Median,0,2,0,0,0,0,0,0,0,0,0,,,,714,3524,TRUE,3634,5884,8553,8553,,
sp|Q07915|RLP24_YEAST,sp|Q07915|RLP24_YEAST,3,3,3,,1,3,3,3,2,2,2,2,2,2,13.6,13.6,13.6,23.975,199,199,0,4.1496,NaN,NaN,NaN,1,1,Median,NaN,NaN,NaN,NaN,NaN,NaN,1,0,1,0,Median,Median,13.6,11.6,10007000,77177,9929400,3133700,77177,3056500,6872900,0,6872900,,,,715,323;1414;2727,True;True;True,327;1449;2811,536;2322;4536;4537,763;3333;6654;6655,763;3333;6655,,
sp|Q07953|SDO1_YEAST,sp|Q07953|SDO1_YEAST,1,1,1,,1,1,1,1,1,1,1,1,1,1,4,4,4,28.283,250,250,0,3.007,NaN,NaN,NaN,1,1,Median,NaN,NaN,NaN,NaN,NaN,NaN,1,0,1,0,Median,Median,4,4,1343000,164380,1178600,605050,164380,440670,737960,0,737960,,,,716,2743,TRUE,2827,4562;4563,6683;6684,6684,,
sp|Q08179|MDM38_YEAST,sp|Q08179|MDM38_YEAST,1,1,1,,1,1,1,1,0,1,0,1,0,1,2.6,2.6,2.6,65.004,573,573,0,2.9344,NaN,NaN,NaN,0,0,Median,NaN,NaN,NaN,NaN,NaN,NaN,0,0,0,0,Median,Median,0,2.6,936900,0,936900,0,0,0,936900,0,936900,,,,717,3371,TRUE,3477,5610,8143,8143,,
sp|Q08193|GAS5_YEAST,sp|Q08193|GAS5_YEAST,1,1,1,,1,1,1,1,1,1,1,1,1,1,2.7,2.7,2.7,51.869,484,484,0,2.322,NaN,NaN,NaN,0,0,Median,NaN,NaN,NaN,NaN,NaN,NaN,0,0,0,0,Median,Median,2.7,2.7,1675100,0,1675100,1675100,0,1675100,0,0,0,,,,718,2335,TRUE,2394,3834;3835,5575;5576,5575,,
sp|Q08208|NOP12_YEAST,sp|Q08208|NOP12_YEAST,3,3,3,,1,3,3,3,2,3,2,3,2,3,10.5,10.5,10.5,51.941,459,459,0,6.2456,NaN,NaN,NaN,0,0,Median,NaN,NaN,NaN,NaN,NaN,NaN,0,0,0,0,Median,Median,6.5,10.5,4751200,0,4751200,2463400,0,2463400,2287900,0,2287900,,,,719,71;2163;3561,True;True;True,71;2220;3671,121;3560;3561;5953;5954,167;5203;5204;8680;8681,167;5204;8680,,
sp|Q08245|ZEO1_YEAST,sp|Q08245|ZEO1_YEAST,17,17,17,,1,17,17,17,16,15,16,15,16,15,61.1,61.1,61.1,12.589,113,113,0,323.31,9.902,11.054,25.421,2,2,Median,NaN,NaN,NaN,NaN,NaN,NaN,1,1,1,1,Median,Median,61.1,61.1,207280000,420690,206860000,115410000,295260,115110000,91875000,125430,91750000,,,,720,108;109;827;828;920;921;922;934;1736;1737;2004;2005;2564;2565;2566;3141;3142,True;True;True;True;True;True;True;True;True;True;True;True;True;True;True;True;True,109;110;847;848;944;945;946;958;1777;1778;2055;2056;2642;2643;2644;3236;3237;3238,179;180;181;182;1364;1365;1366;1367;1514;1515;1516;1517;1518;1519;1534;2841;2842;2843;3278;3279;3280;4261;4262;4263;4264;4265;4266;5209;5210;5211;5212;5213;5214,258;259;260;261;262;263;264;1943;1944;1945;1946;1947;1948;1949;1950;1951;2133;2134;2135;2136;2137;2138;2139;2140;2141;2142;2161;4125;4126;4127;4128;4767;4768;4769;4770;6222;6223;6224;6225;6226;6227;6228;6229;6230;6231;7561;7562;7563;7564;7565;7566;7567;7568;7569,262;264;1946;1950;2133;2137;2142;2161;4125;4128;4767;4768;6222;6227;6230;7564;7568,,
sp|Q08421|ETT1_YEAST,sp|Q08421|ETT1_YEAST,1,1,1,,1,1,1,1,1,1,1,1,1,1,2.4,2.4,2.4,47.351,412,412,0,2.2003,3.9637,2.3957,18.807,2,2,Median,NaN,NaN,NaN,NaN,NaN,NaN,1,1,1,1,Median,Median,2.4,2.4,3055900,228510,2827400,1413100,119440,1293600,1642900,109070,1533800,,,,721,2141,TRUE,2197,3524;3525,5157;5158,5157,,
sp|Q08444|NOB1_YEAST,sp|Q08444|NOB1_YEAST,1,1,1,,1,1,1,1,0,1,0,1,0,1,2,2,2,51.741,459,459,0.0041725,1.5534,NaN,NaN,NaN,0,0,Median,NaN,NaN,NaN,NaN,NaN,NaN,0,0,0,0,Median,Median,0,2,1341900,0,1341900,0,0,0,1341900,0,1341900,,,,722,3573,TRUE,3683,5971,8706,8706,,
sp|Q08647|PUS7_YEAST,sp|Q08647|PUS7_YEAST,2,2,2,,1,2,2,2,1,1,1,1,1,1,5.6,5.6,5.6,77.001,676,676,0,9.0151,NaN,NaN,NaN,0,0,Median,NaN,NaN,NaN,NaN,NaN,NaN,0,0,0,0,Median,Median,2.1,3.6,4361300,0,4361300,915390,0,915390,3445900,0,3445900,,,,723,2570;3118,True;True,2648;3211,4271;5166,6238;7507,6238;7507,,
sp|Q08685|CLP1_YEAST,sp|Q08685|CLP1_YEAST,1,1,1,,1,1,1,1,1,1,1,1,1,1,1.8,1.8,1.8,50.225,445,445,0.0092838,1.135,NaN,NaN,NaN,0,0,Median,NaN,NaN,NaN,NaN,NaN,NaN,0,0,0,0,Median,Median,1.8,1.8,661380,0,661380,661380,0,661380,0,0,0,,,,724,92,TRUE,93,155;156,223;224,223,,
sp|Q08971|YP225_YEAST,sp|Q08971|YP225_YEAST,1,1,1,,1,1,1,1,0,1,0,1,0,1,4.8,4.8,4.8,17.445,146,146,0.0041436,1.4998,NaN,NaN,NaN,0,0,Median,NaN,NaN,NaN,NaN,NaN,NaN,0,0,0,0,Median,Median,0,4.8,1111800,0,1111800,0,0,0,1111800,0,1111800,,,,725,1051,TRUE,1077,1731,2456,2456,,
sp|Q08972|NEW1_YEAST,sp|Q08972|NEW1_YEAST,7,7,7,,1,7,7,7,4,6,4,6,4,6,9.6,9.6,9.6,134.33,1196,1196,0,25.89,3.7307,3.0194,100.64,4,4,Median,3.9016,3.7307,3.2529,3.0194,137.41,107.01,2,2,2,2,Median,Median,4.8,8.7,22313000,1435200,20877000,9365300,949510,8415800,12947000,485680,12462000,,,,726,64;746;1851;1954;2122;2510;3821,True;True;True;True;True;True;True,64;764;1894;2004;2177;2585;3942,109;110;1239;1240;3022;3195;3493;3494;4165;6443,154;155;1778;1779;4383;4658;5118;5119;6080;9604,154;1779;4383;4658;5118;6080;9604,,
sp|Q08977|YP260_YEAST,sp|Q08977|YP260_YEAST,1,1,1,,1,1,1,1,1,0,1,0,1,0,2.2,2.2,2.2,62.779,551,551,0.0028694,1.9891,NaN,NaN,NaN,0,0,Median,NaN,NaN,NaN,NaN,NaN,NaN,0,0,0,0,Median,Median,2.2,0,841160,0,841160,841160,0,841160,0,0,0,,,,727,2133,TRUE,2188,3508,5138,5138,,
sp|Q12009|TRMB_YEAST,sp|Q12009|TRMB_YEAST,1,1,1,,1,1,1,1,0,1,0,1,0,1,4.5,4.5,4.5,33.391,286,286,0,2.3731,NaN,NaN,NaN,0,0,Median,NaN,NaN,NaN,NaN,NaN,NaN,0,0,0,0,Median,Median,0,4.5,611020,0,611020,0,0,0,611020,0,611020,,,,728,2468,TRUE,2535,4083,5964,5964,,
sp|Q12040|YO283_YEAST,sp|Q12040|YO283_YEAST,1,1,1,,1,1,1,1,0,1,0,1,0,1,6.5,6.5,6.5,26.176,230,230,0,2.7129,NaN,NaN,NaN,0,0,Median,NaN,NaN,NaN,NaN,NaN,NaN,0,0,0,0,Median,Median,0,6.5,1159400,0,1159400,0,0,0,1159400,0,1159400,,,,729,2774,TRUE,2859,4614,6757,6757,,
sp|Q12074|SPEE_YEAST,sp|Q12074|SPEE_YEAST,4,4,4,,1,4,4,4,3,3,3,3,3,3,24.2,24.2,24.2,33.324,293,293,0,27.444,5.658,6.3165,35.223,2,2,Median,NaN,NaN,NaN,NaN,NaN,NaN,1,1,1,1,Median,Median,18.1,13,17024000,938800,16085000,9987600,377330,9610200,7036100,561480,6474600,,,,730,356;776;1786;3260,True;True;True;True,366;795;1827;3362,601;1286;1287;2920;5425;5426,873;1849;1850;4237;7889;7890,873;1849;4237;7890,,
sp|Q12109|SYWC_YEAST,sp|Q12109|SYWC_YEAST,2,2,2,,1,2,2,2,2,0,2,0,2,0,5.8,5.8,5.8,49.35,432,432,0.0014514,2.0942,NaN,NaN,NaN,0,0,Median,NaN,NaN,NaN,NaN,NaN,NaN,0,0,0,0,Median,Median,5.8,0,5681000,0,5681000,5681000,0,5681000,0,0,0,,,,731,1797;2779,True;True,1838;2864,2939;4620,4257;6763,4257;6763,,
sp|Q12118|SGT2_YEAST,sp|Q12118|SGT2_YEAST,11,11,11,,1,11,11,11,8,8,8,8,8,8,44.2,44.2,44.2,37.218,346,346,0,49.631,NaN,NaN,NaN,1,1,Median,NaN,NaN,NaN,NaN,NaN,NaN,0,1,0,1,Median,Median,35.8,28.9,41958000,535120,41423000,16848000,0,16848000,25110000,535120,24575000,,,,732,85;579;605;821;1254;1876;2486;3910;4006;4040;4269,True;True;True;True;True;True;True;True;True;True;True,86;593;619;841;1286;1920;2558;2559;4035;4137;4172;4407,145;969;1011;1012;1355;2055;3058;4123;4124;4125;6597;6598;6770;6771;6827;7218;7219;7220,209;1386;1444;1445;1934;2920;4436;6021;6022;6023;9823;9824;10102;10103;10104;10206;10793;10794;10795,209;1386;1444;1934;2920;4436;6021;9823;10104;10206;10793,130;131,276;277
sp|Q12122|HOSM_YEAST;sp|P48570|HOSC_YEAST,sp|Q12122|HOSM_YEAST;sp|P48570|HOSC_YEAST,6;4,6;4,6;4,;,2,6,6,6,5,3,5,3,5,3,23,23,23,48.594,440,440;428,0,30.498,3.1817,3.7201,177.36,3,3,Median,8.3863,NaN,13.511,NaN,182.4,NaN,2,1,2,1,Median,Median,17.3,11.8,23507000,2419000,21089000,12022000,361150,11661000,11485000,2057800,9427200,,,,733,216;715;1480;2052;2467;3850,True;True;True;True;True;True,220;732;1515;2105;2534;3973,365;366;1182;1183;2420;3374;4082;6492,506;507;1673;1674;3482;4952;4953;5963;9676,506;1673;3482;4952;5963;9676,,
sp|Q12125|GET4_YEAST,sp|Q12125|GET4_YEAST,2,2,2,,1,2,2,2,2,2,2,2,2,2,3.8,3.8,3.8,36.28,312,312,0,5.5792,1.861,1.1248,5.2679,2,2,Median,NaN,NaN,NaN,NaN,NaN,NaN,1,1,1,1,Median,Median,3.8,3.8,3820600,485480,3335100,1969600,248820,1720800,1851000,236660,1614300,,,,734,2524;4078,True;True,2602;4211,4192;4193;6897;6898,6118;6119;10322;10323,6119;10322,,
sp|Q12154|GET3_YEAST,sp|Q12154|GET3_YEAST,2,2,2,,1,2,2,2,2,2,2,2,2,2,11,11,11,39.353,354,354,0,16.59,NaN,NaN,NaN,1,1,Median,NaN,NaN,NaN,NaN,NaN,NaN,0,1,0,1,Median,Median,11,11,19311000,1100900,18211000,8566500,0,8566500,10745000,1100900,9644100,,,,735,2426;2783,True;True,2485;2868,3991;3992;4625;4626,5825;5826;5827;6768;6769;6770,5827;6770,,
sp|Q12159|YRA1_YEAST,sp|Q12159|YRA1_YEAST,6,6,6,,1,6,6,6,3,4,3,4,3,4,29.2,29.2,29.2,24.955,226,226,0,10.018,NaN,NaN,NaN,0,0,Median,NaN,NaN,NaN,NaN,NaN,NaN,0,0,0,0,Median,Median,11.5,20.8,12025000,0,12025000,4978500,0,4978500,7046500,0,7046500,,,,736,330;911;2251;2709;3261;3267,True;True;True;True;True;True,336;935;2309;2793;3363;3369,549;1502;3705;4504;5427;5428;5437,794;2120;5417;6592;7891;7892;7904,794;2120;5417;6592;7891;7904,,
sp|Q12160|YP063_YEAST,sp|Q12160|YP063_YEAST,1,1,1,,1,1,1,1,0,1,0,1,0,1,11.4,11.4,11.4,15.441,140,140,0.0068493,1.4347,NaN,NaN,NaN,0,0,Median,NaN,NaN,NaN,NaN,NaN,NaN,0,0,0,0,Median,Median,0,11.4,1334200,0,1334200,0,0,0,1334200,0,1334200,,,,737,3680,TRUE,3795,6198,9208,9208,,
sp|Q12176|MAK21_YEAST,sp|Q12176|MAK21_YEAST,1,1,1,,1,1,1,1,1,1,1,1,1,1,1.7,1.7,1.7,116.68,1025,1025,0,9.2665,NaN,NaN,NaN,0,0,Median,NaN,NaN,NaN,NaN,NaN,NaN,0,0,0,0,Median,Median,1.7,1.7,3285200,0,3285200,1434300,0,1434300,1850900,0,1850900,,,,738,1589,TRUE,1627,2613;2614,3792;3793,3792,,
sp|Q12178|FCY1_YEAST,sp|Q12178|FCY1_YEAST,1,1,1,,1,1,1,1,1,0,1,0,1,0,13.3,13.3,13.3,17.507,158,158,0,3.9074,NaN,NaN,NaN,0,0,Median,NaN,NaN,NaN,NaN,NaN,NaN,0,0,0,0,Median,Median,13.3,0,2915100,0,2915100,2915100,0,2915100,0,0,0,,,,739,1270,TRUE,1302,2077,2954,2954,,
sp|Q12189|RPIA_YEAST,sp|Q12189|RPIA_YEAST,2,2,2,,1,2,2,2,2,1,2,1,2,1,15.5,15.5,15.5,28.258,258,258,0,5.8579,NaN,NaN,NaN,0,0,Median,NaN,NaN,NaN,NaN,NaN,NaN,0,0,0,0,Median,Median,15.5,5.8,3544400,0,3544400,2895300,0,2895300,649070,0,649070,,,,740,519;1495,True;True,533;1530,867;868;2446,1246;1247;3525;3526,1246;3525,,
sp|Q12211|PUS1_YEAST,sp|Q12211|PUS1_YEAST,1,1,1,,1,1,1,1,1,0,1,0,1,0,3.3,3.3,3.3,62.142,544,544,0,2.9574,NaN,NaN,NaN,0,0,Median,NaN,NaN,NaN,NaN,NaN,NaN,0,0,0,0,Median,Median,3.3,0,1338100,0,1338100,1338100,0,1338100,0,0,0,,,,741,136,TRUE,138,229,320,320,,
sp|Q12213|RL7B_YEAST,sp|Q12213|RL7B_YEAST,17,1,1,,1,17,1,1,12,13,1,1,1,1,72.5,5.3,5.3,27.696,244,244,0,2.9827,NaN,NaN,NaN,0,0,Median,NaN,NaN,NaN,NaN,NaN,NaN,0,0,0,0,Median,Median,63.9,50,7936000,0,7936000,3718200,0,3718200,4217700,0,4217700,,,,742,23;975;1326;1327;1540;1541;1556;1562;2098;2300;2301;2759;2760;2890;2891;3520;4316,False;False;False;False;False;False;False;False;False;False;False;False;False;False;False;True;False,23;1000;1360;1361;1575;1576;1592;1598;2153;2359;2360;2843;2844;2975;2976;3630;4455,44;1606;1607;2171;2172;2173;2174;2175;2519;2520;2521;2546;2553;3451;3780;3781;3782;4587;4588;4589;4795;4796;4797;5877;5878;7303;7304;7305,63;2267;2268;2269;2270;3089;3090;3091;3092;3093;3094;3095;3096;3097;3098;3099;3623;3624;3625;3626;3627;3671;3672;3679;5060;5061;5062;5509;5510;5511;6721;6722;6723;6987;6988;6989;6990;6991;8546;8547;10928;10929;10930;10931;10932;10933,63;2267;3089;3096;3625;3627;3671;3679;5061;5509;5511;6722;6723;6987;6988;8546;10928,,
sp|Q12230|LSP1_YEAST,sp|Q12230|LSP1_YEAST,3,3,3,,1,3,3,3,2,2,2,2,2,2,11.7,11.7,11.7,38.071,341,341,0,12.479,23.006,30.777,95.479,2,2,Median,NaN,NaN,NaN,NaN,NaN,NaN,1,1,1,1,Median,Median,6.5,9.1,11846000,119470,11726000,5802800,30402,5772400,6043000,89069,5953900,,,,743,999;2125;2529,True;True;True,1025;2180;2607,1645;3498;4201;4202,2322;5123;5124;6128;6129;6130;6131,2322;5123;6128,,
sp|Q12250|RPN5_YEAST,sp|Q12250|RPN5_YEAST,2,2,2,,1,2,2,2,2,1,2,1,2,1,5.4,5.4,5.4,51.768,445,445,0,4.792,NaN,NaN,NaN,0,0,Median,NaN,NaN,NaN,NaN,NaN,NaN,0,0,0,0,Median,Median,5.4,2,3451400,0,3451400,2595200,0,2595200,856210,0,856210,,,,744,2023;2044,True;True,2074;2095,3310;3311;3343,4814;4815;4870,4814;4870,,
sp|Q12285|MDY2_YEAST,sp|Q12285|MDY2_YEAST,2,2,2,,1,2,2,2,2,1,2,1,2,1,18.9,18.9,18.9,23.732,212,212,0,11.373,NaN,NaN,NaN,0,0,Median,NaN,NaN,NaN,NaN,NaN,NaN,0,0,0,0,Median,Median,18.9,6.6,4711100,0,4711100,3403600,0,3403600,1307500,0,1307500,,,,745,3450;4162,True;True,3558;4296,5737;5738;7034,8317;8318;8319;8320;10515,8318;10515,,
sp|Q12305|RDL1_YEAST,sp|Q12305|RDL1_YEAST,1,1,1,,1,1,1,1,1,0,1,0,1,0,21.6,21.6,21.6,15.413,139,139,0.0067659,1.3214,NaN,NaN,NaN,0,0,Median,NaN,NaN,NaN,NaN,NaN,NaN,0,0,0,0,Median,Median,21.6,0,3596800,0,3596800,3596800,0,3596800,0,0,0,,,,746,3844,TRUE,3967,6484,9663,9663,,
sp|Q12306|SMT3_YEAST,sp|Q12306|SMT3_YEAST,1,1,1,,1,1,1,1,1,0,1,0,1,0,12.9,12.9,12.9,11.597,101,101,0.0041899,1.5999,NaN,NaN,NaN,0,0,Median,NaN,NaN,NaN,NaN,NaN,NaN,0,0,0,0,Median,Median,12.9,0,2148100,0,2148100,2148100,0,2148100,0,0,0,,,,747,3762,TRUE,3877,6328,9411;9412,9412,,
sp|Q12314|SFM1_YEAST,sp|Q12314|SFM1_YEAST,2,2,2,,1,2,2,2,2,1,2,1,2,1,10.3,10.3,10.3,24.743,213,213,0,3.6101,NaN,NaN,NaN,0,0,Median,NaN,NaN,NaN,NaN,NaN,NaN,0,0,0,0,Median,Median,10.3,3.8,5958400,0,5958400,3962100,0,3962100,1996300,0,1996300,,,,748,672;2563,True;True,688;2641,1116;1117;4260,1594;1595;6221,1594;6221,,
sp|Q12335|PST2_YEAST,sp|Q12335|PST2_YEAST,2,2,2,,1,2,2,2,2,1,2,1,2,1,18.7,18.7,18.7,20.965,198,198,0,2.9233,NaN,NaN,NaN,0,0,Median,NaN,NaN,NaN,NaN,NaN,NaN,0,0,0,0,Median,Median,18.7,6.1,8315700,0,8315700,5796100,0,5796100,2519600,0,2519600,,,,749,137;1771,True;True,139;1812,230;231;2898,321;322;4207,322;4207,,
sp|Q12363|WTM1_YEAST,sp|Q12363|WTM1_YEAST,3,3,3,,1,3,3,3,2,3,2,3,2,3,8.9,8.9,8.9,48.382,437,437,0,4.1685,NaN,NaN,NaN,1,1,Median,NaN,NaN,NaN,NaN,NaN,NaN,0,1,0,1,Median,Median,5.9,8.9,10257000,237910,10019000,2509700,0,2509700,7747200,237910,7509200,,,,750,1157;1160;3402,True;True;True,1187;1190;3509,1899;1902;1903;5662;5663,2720;2723;2724;8218;8219,2720;2723;8219,,
sp|Q12402|YOP1_YEAST,sp|Q12402|YOP1_YEAST,4,4,4,,1,4,4,4,3,4,3,4,3,4,23.9,23.9,23.9,20.269,180,180,0,42.688,NaN,NaN,NaN,1,1,Median,NaN,NaN,NaN,NaN,NaN,NaN,0,1,0,1,Median,Median,22.2,23.9,35529000,364850,35164000,15575000,0,15575000,19954000,364850,19589000,,,,751,621;1638;3160;3570,True;True;True;True,635;1676;3257;3258;3680,1038;1039;2689;2690;2691;5248;5249;5250;5251;5967,1479;1480;3899;3900;3901;7623;7624;7625;7626;8702,1480;3901;7625;8702,132,12
sp|Q12447|PAA1_YEAST,sp|Q12447|PAA1_YEAST,2,2,2,,1,2,2,2,2,1,2,1,2,1,13.6,13.6,13.6,21.947,191,191,0,4.8693,NaN,NaN,NaN,0,0,Median,NaN,NaN,NaN,NaN,NaN,NaN,0,0,0,0,Median,Median,13.6,6.3,2600900,0,2600900,1999500,0,1999500,601440,0,601440,,,,752,1490;1824,True;True,1525;1867,2435;2436;2982,3503;3504;3505;4334,3504;4334,,
sp|Q12458|YPR1_YEAST,sp|Q12458|YPR1_YEAST,2,2,2,,1,2,2,2,1,1,1,1,1,1,7.1,7.1,7.1,34.755,312,312,0,5.8406,NaN,NaN,NaN,1,1,Median,NaN,NaN,NaN,NaN,NaN,NaN,1,0,1,0,Median,Median,2.9,7.1,3425200,86128,3339100,813090,86128,726960,2612100,0,2612100,,,,753,482;897,True;True,496;918,812;1474,1168;2083,1168;2083,,
sp|Q12460|NOP56_YEAST,sp|Q12460|NOP56_YEAST,9,9,9,,1,9,9,9,5,9,5,9,5,9,27.8,27.8,27.8,56.863,504,504,0,37.002,19.912,11.715,43.181,2,2,Median,NaN,19.912,NaN,11.715,NaN,43.181,0,2,0,2,Median,Median,13.5,27.8,57734000,356490,57377000,15749000,0,15749000,41985000,356490,41628000,,,,754,217;349;570;2036;2118;2381;2750;2869;4317,True;True;True;True;True;True;True;True;True,221;356;584;2087;2173;2440;2834;2954;4456,367;368;579;956;957;3330;3488;3489;3912;3913;4573;4574;4761;7306,508;509;841;1370;1371;1372;1373;4843;5112;5113;5694;5695;5696;6698;6699;6948;10934,509;841;1371;4843;5112;5694;6699;6948;10934,,
sp|Q12464|RUVB2_YEAST,sp|Q12464|RUVB2_YEAST,3,3,3,,1,3,3,3,2,1,2,1,2,1,7,7,7,51.611,471,471,0,3.2572,NaN,NaN,NaN,1,1,Median,NaN,NaN,NaN,NaN,NaN,NaN,1,0,1,0,Median,Median,7,2.5,2909100,34550,2874600,2133500,34550,2099000,775640,0,775640,,,,755,493;2526;4001,True;True;True,507;2604;4132,825;4197;6764,1185;6124;10096,1185;6124;10096,,
sp|Q12466|TCB1_YEAST,sp|Q12466|TCB1_YEAST,1,1,1,,1,1,1,1,1,0,1,0,1,0,0.8,0.8,0.8,133.57,1186,1186,0.0042493,1.7384,NaN,NaN,NaN,0,0,Median,NaN,NaN,NaN,NaN,NaN,NaN,0,0,0,0,Median,Median,0.8,0,312830,0,312830,312830,0,312830,0,0,0,,,,756,1068,TRUE,1094,1755,2490,2490,,
sp|Q12496|YO098_YEAST,sp|Q12496|YO098_YEAST,2,2,2,,1,2,2,2,0,2,0,2,0,2,2.9,2.9,2.9,118.39,1037,1037,0.0079893,1.1577,NaN,NaN,NaN,1,0,Median,NaN,NaN,NaN,NaN,NaN,NaN,0,1,0,0,Median,Median,0,2.9,10459000,2904200,7554700,0,0,0,10459000,2904200,7554700,,,,757,2386;4014,True;True,2445;4145,3920;6783,5703;10124,5703;10124,,
sp|Q12499|NOP58_YEAST,sp|Q12499|NOP58_YEAST,10,10,10,,1,10,10,10,8,7,8,7,8,7,24.3,24.3,24.3,56.956,511,511,0,66.506,18.006,11.927,123.48,4,4,Linear,9.9421,3.9725,15.673,3.7635,31.67,156.16,2,2,2,2,Median,Median,21.7,16.6,45590000,1003100,44587000,25988000,375740,25612000,19602000,627320,18975000,,,,758,541;1106;1384;1853;1870;2065;2086;3399;3439;3908,True;True;True;True;True;True;True;True;True;True,555;1133;1419;1896;1914;2118;2140;3506;3547;4033,905;906;1816;1817;2275;2276;3024;3025;3047;3394;3426;5657;5658;5719;6594,1294;1295;2579;2580;2581;3272;3273;4385;4386;4387;4421;4985;5025;8213;8214;8296;9819,1295;2579;3272;4387;4421;4985;5025;8214;8296;9819,,
sp|Q12514|NOT5_YEAST,sp|Q12514|NOT5_YEAST,1,1,1,,1,1,1,1,1,0,1,0,1,0,2.5,2.5,2.5,65.854,560,560,0.0014451,2.056,NaN,NaN,NaN,0,0,Median,NaN,NaN,NaN,NaN,NaN,NaN,0,0,0,0,Median,Median,2.5,0,0,0,0,0,0,0,0,0,0,,,,759,1112,TRUE,1139,1826,2599,2599,,
sp|Q12515|PAR32_YEAST,sp|Q12515|PAR32_YEAST,1,1,1,,1,1,1,1,0,1,0,1,0,1,5.8,5.8,5.8,31.886,295,295,0,4.7483,NaN,NaN,NaN,0,0,Median,NaN,NaN,NaN,NaN,NaN,NaN,0,0,0,0,Median,Median,0,5.8,873710,0,873710,0,0,0,873710,0,873710,,,,760,3774,TRUE,3889,6347,9438;9439,9438,,
sp|Q12522|IF6_YEAST,sp|Q12522|IF6_YEAST,2,2,2,,1,2,2,2,1,2,1,2,1,2,17.1,17.1,17.1,26.457,245,245,0,15.529,NaN,NaN,NaN,0,0,Median,NaN,NaN,NaN,NaN,NaN,NaN,0,0,0,0,Median,Median,6.9,17.1,8053400,0,8053400,1860600,0,1860600,6192900,0,6192900,,,,761,447;1232,True;True,461;1263,757;758;2024,1089;1090;2885,1090;2885,,
sp|Q12532|RQC2_YEAST,sp|Q12532|RQC2_YEAST,1,1,1,,1,1,1,1,1,0,1,0,1,0,0.9,0.9,0.9,119.07,1038,1038,0,2.3207,NaN,NaN,NaN,0,0,Median,NaN,NaN,NaN,NaN,NaN,NaN,0,0,0,0,Median,Median,0.9,0,0,0,0,0,0,0,0,0,0,,,,762,3000,TRUE,3087,4967,7238,7238,,
sp|Q12672|RL21B_YEAST,sp|Q12672|RL21B_YEAST,12,1,1,,1,12,1,1,9,12,1,1,1,1,63.1,6.9,6.9,18.274,160,160,0,3.5554,NaN,NaN,NaN,1,1,Median,NaN,NaN,NaN,NaN,NaN,NaN,1,0,1,0,Median,Median,50.6,63.1,16325000,37078,16288000,7939600,37078,7902500,8385000,0,8385000,,,,763,361;566;567;1242;1331;2518;2988;3404;3405;3629;3931;4371,False;False;False;False;True;False;False;False;False;False;False;False,371;580;581;1273;1365;2594;2595;3075;3511;3512;3513;3743;4056;4510,607;608;951;952;2036;2037;2183;2184;2185;4181;4182;4948;5665;5666;5667;5668;5669;5670;6109;6110;6627;6628;6629;7390;7391,879;880;881;882;1362;1363;1364;1365;2900;2901;3121;3122;3123;3124;3125;3126;6105;6106;6107;7209;7210;8221;8222;8223;8224;8225;8226;8227;8228;8229;9073;9074;9075;9076;9077;9078;9861;9862;9863;11045;11046;11047,879;1362;1364;2900;3126;6106;7209;8221;8229;9073;9862;11046,129,79
sp|Q12754|RRP12_YEAST,sp|Q12754|RRP12_YEAST,1,1,1,,1,1,1,1,1,0,1,0,1,0,2.3,2.3,2.3,137.51,1228,1228,0,6.3513,NaN,NaN,NaN,0,0,Median,NaN,NaN,NaN,NaN,NaN,NaN,0,0,0,0,Median,Median,2.3,0,1868700,0,1868700,1868700,0,1868700,0,0,0,,,,764,2781,TRUE,2866,4623,6766,6766,,
sp|Q3E754|RS21B_YEAST,sp|Q3E754|RS21B_YEAST,8,8,1,,1,8,8,1,5,7,5,7,1,1,100,100,25.3,9.7597,87,87,0,55.704,38.802,32.712,127.54,4,4,Median,32.314,49.61,37.782,32.616,165.52,145.56,2,2,2,2,Median,Median,92,100,396240000,1915700,394330000,150880000,1004400,149870000,245370000,911290,244450000,,,,765,62;568;569;1256;2438;2731;3363;3862,True;True;True;True;True;True;True;True,62;582;583;1288;2502;2503;2815;3469;3986,105;106;953;954;955;2058;4029;4030;4031;4032;4033;4034;4035;4036;4546;5595;5596;6516;6517,150;151;1366;1367;1368;1369;2927;2928;5890;5891;5892;5893;5894;5895;5896;5897;5898;5899;5900;5901;5902;5903;5904;5905;5906;5907;5908;5909;6666;8123;8124;8125;9704;9705;9706;9707;9708;9709,150;1366;1368;2928;5901;6666;8124;9704,57,1
sp|Q3E757|RL11B_YEAST;sp|P0C0W9|RL11A_YEAST,sp|Q3E757|RL11B_YEAST;sp|P0C0W9|RL11A_YEAST,16;15,16;15,16;15,;,2,16,16,16,9,15,9,15,9,15,52.9,52.9,52.9,19.749,174,174;174,0,104.6,26.838,17.508,90.631,6,6,Median,NaN,39.369,NaN,24.513,NaN,84.257,1,5,1,5,Median,Median,48.3,52.9,424240000,4601900,419640000,146040000,163230,145880000,278200000,4438700,273760000,,,,766,86;87;88;365;390;812;813;2376;2377;2815;3431;3759;4017;4018;4019;4274,True;True;True;True;True;True;True;True;True;True;True;True;True;True;True;True,87;88;89;375;376;403;832;833;2435;2436;2900;3539;3874;4149;4150;4151;4412,146;147;148;149;613;614;615;660;1341;1342;1343;1344;1345;3904;3905;3906;4670;5708;6321;6322;6323;6790;6791;6792;6793;6794;6795;6796;7229,210;211;212;213;214;889;890;891;892;893;955;1915;1916;1917;1918;1919;1920;1921;1922;1923;5673;5674;5675;5676;5677;5678;5679;5680;6821;8274;9403;9404;9405;10149;10150;10151;10152;10153;10154;10155;10156;10157;10158;10159;10160;10161;10162;10163;10164;10165;10815,210;211;213;891;955;1915;1920;5673;5679;6821;8274;9404;10150;10163;10164;10815,133,9
sp|Q3E772|YG169_YEAST,sp|Q3E772|YG169_YEAST,1,1,1,,1,1,1,1,1,1,1,1,1,1,17.4,17.4,17.4,10.495,92,92,0,2.6964,NaN,NaN,NaN,0,0,Median,NaN,NaN,NaN,NaN,NaN,NaN,0,0,0,0,Median,Median,17.4,17.4,2458700,0,2458700,1134700,0,1134700,1324000,0,1324000,,,,767,1748,TRUE,1789,2861;2862,4152;4153,4153,,
sp|Q3E792|RS25A_YEAST,sp|Q3E792|RS25A_YEAST,11,11,1,,1,11,11,1,7,9,7,9,1,1,72.2,72.2,10.2,12.039,108,108,0,56.99,47.646,105.78,223.96,5,4,Median,47.646,46.22,105.78,43.788,272.41,223.48,3,2,2,2,Median,Median,50,63,198220000,2099800,196120000,108130000,1794600,106330000,90092000,305200,89787000,,,,768,362;731;846;847;965;1373;1452;2756;3310;4282;4412,True;True;True;True;True;True;True;True;True;True;True,372;749;866;867;990;1408;1487;2840;3414;4421;4552,609;1214;1215;1394;1395;1396;1591;2257;2258;2375;4582;4583;5506;5507;5508;7246;7458,883;1735;1736;1737;1738;1739;1740;1981;1982;1983;1984;1985;1986;1987;2247;3253;3254;3255;3412;3413;6709;6710;6711;6712;6713;6714;6715;6716;6717;8004;8005;8006;8007;8008;10840;11144,883;1740;1982;1986;2247;3254;3413;6709;8005;10840;11144,,
sp|Q3E7X9|RS28A_YEAST,sp|Q3E7X9|RS28A_YEAST,1,1,1,,1,1,1,1,1,1,1,1,1,1,16.4,16.4,16.4,7.5917,67,67,0,11.109,NaN,NaN,NaN,0,0,Median,NaN,NaN,NaN,NaN,NaN,NaN,0,0,0,0,Median,Median,16.4,16.4,144460000,0,144460000,69630000,0,69630000,74830000,0,74830000,,,,769,2428,TRUE,2487;2488,3994;3995;3996;3997;3998;3999;4000;4001,5829;5830;5831;5832;5833;5834;5835;5836;5837;5838;5839;5840;5841;5842,5841,134,1
sp|Q3E7Y3|RS22B_YEAST;sp|P0C0W1|RS22A_YEAST,sp|Q3E7Y3|RS22B_YEAST;sp|P0C0W1|RS22A_YEAST,8;7,8;7,8;7,;,2,8,8,8,7,7,7,7,7,7,63.8,63.8,63.8,14.626,130,130;130,0,46.384,85.241,51.521,202.88,4,4,Median,108.85,17.794,127.8,9.9945,111.36,214.8,2,2,2,2,Median,Median,63.8,63.8,264850000,634050,264220000,90582000,289410,90292000,174270000,344640,173930000,,,,770,555;556;1096;1336;1661;3009;3730;3731,True;True;True;True;True;True;True;True,569;570;1122;1123;1370;1699;3096;3845;3846,930;931;932;1797;1798;1799;2190;2191;2725;2726;2727;4978;4979;6279;6280;6281,1335;1336;1337;1338;1339;2551;2552;2553;2554;2555;2556;2557;2558;2559;2560;3136;3137;3955;3956;3957;7254;7255;7256;7257;7258;7259;9325;9326;9327;9328;9329;9330;9331;9332;9333,1336;1339;2552;3137;3955;7254;9325;9333,135,41
sp|Q6Q547|NOP10_YEAST,sp|Q6Q547|NOP10_YEAST,3,3,3,,1,3,3,3,2,1,2,1,2,1,50,50,50,6.6356,58,58,0,3.1077,5.5686,0.89583,203.72,2,2,Median,NaN,NaN,NaN,NaN,NaN,NaN,1,1,1,1,Median,Median,34.5,15.5,7942100,1182500,6759600,3289300,166890,3122400,4652800,1015600,3637200,,,,771,2918;3058;4148,True;True;True,3003;3146;4281,4836;5064;7005,7051;7373;10475;10476,7051;7373;10475,,
sp|Q99297|ODC2_YEAST,sp|Q99297|ODC2_YEAST,1,1,1,,1,1,1,1,1,0,1,0,1,0,3.6,3.6,3.6,34.007,307,307,0,2.8151,NaN,NaN,NaN,0,0,Median,NaN,NaN,NaN,NaN,NaN,NaN,0,0,0,0,Median,Median,3.6,0,673110,0,673110,673110,0,673110,0,0,0,,,,772,2626,TRUE,2706,4361,6365,6365,,
sp|Q99383|HRP1_YEAST,sp|Q99383|HRP1_YEAST,1,1,1,,1,1,1,1,1,1,1,1,1,1,1.5,1.5,1.5,59.649,534,534,0.0042553,1.7418,NaN,NaN,NaN,0,0,Median,NaN,NaN,NaN,NaN,NaN,NaN,0,0,0,0,Median,Median,1.5,1.5,1871200,0,1871200,759050,0,759050,1112200,0,1112200,,,,773,4331,TRUE,4470,7325;7326,10957;10958,10957,,